date,station,hour,day_of_week,holiday,train_frequency,passenger_count,entry_count,exit_count,crowd_level
104,2,9,1,0,3,139,106,31,1
180,6,2,0,0,8,667,386,394,1
45,3,0,5,0,7,1312,723,664,2
286,7,15,1,0,12,1390,1045,461,2
261,9,9,4,0,4,975,395,209,2
319,7,10,6,0,2,918,660,439,2
102,3,22,6,0,11,1462,874,868,0
162,7,1,3,0,10,944,547,246,2
332,8,7,5,0,12,1416,694,408,0
121,8,4,4,0,13,704,505,175,2
110,1,3,0,0,2,1472,1005,822,2
14,4,13,2,1,2,641,327,334,2
133,6,18,2,0,11,1413,645,573,0
198,5,22,4,0,9,1002,473,269,2
162,5,4,3,0,9,141,63,76,1
255,6,6,5,0,6,192,89,85,1
164,0,5,5,0,14,326,186,182,2
342,5,17,1,0,14,1273,885,642,0
280,6,0,2,0,9,264,134,66,1
323,5,5,3,0,8,392,249,82,1
153,5,22,1,0,3,145,98,70,1
286,7,6,1,0,14,1048,513,471,2
168,2,7,2,0,14,921,443,402,0
194,4,22,0,0,14,1334,1013,338,0
25,4,20,6,0,10,542,251,254,0
186,1,8,6,1,12,165,71,40,0
264,9,23,0,0,6,406,223,183,1
91,0,16,2,0,9,1301,750,506,2
77,8,2,2,0,13,351,185,123,1
162,6,19,3,0,12,1228,528,428,0
219,0,20,4,0,4,398,290,236,2
93,0,4,4,0,5,478,311,261,1
190,3,1,3,0,14,106,77,56,1
47,3,22,0,0,11,1459,939,541,2
140,8,18,2,0,5,356,227,119,2
361,8,9,6,0,3,1012,409,423,2
332,2,19,5,0,10,220,96,62,2
94,1,1,5,0,12,1033,480,310,2
174,5,13,1,0,13,230,130,88,1
66,7,16,5,0,2,740,370,299,1
295,2,0,3,0,7,1078,617,345,2
126,8,20,2,0,12,1122,529,351,0
35,1,11,2,0,10,1078,499,624,2
277,2,7,6,0,9,283,117,63,2
63,0,17,2,0,4,872,681,213,2
109,1,11,6,0,3,1338,765,315,2
185,0,16,5,0,8,1201,518,347,2
137,2,6,6,0,5,557,420,234,1
339,6,21,5,0,11,1122,780,628,0
278,9,18,0,0,10,310,185,147,2
355,5,22,0,0,2,411,298,105,1
236,4,7,0,0,5,286,222,144,1
13,3,9,1,0,2,1421,824,378,2
354,5,1,6,0,2,236,111,119,1
198,5,2,4,0,6,892,653,499,1
265,5,15,1,0,11,705,321,247,2
232,1,4,3,0,13,1195,645,257,2
257,6,13,0,1,8,1431,579,410,0
159,1,12,0,0,3,1497,1111,717,2
200,4,12,6,0,9,1007,645,576,2
354,3,3,6,0,7,1011,658,431,2
127,4,13,3,1,7,161,73,86,2
351,4,3,3,0,3,815,633,204,1
23,6,6,4,0,13,1264,961,538,2
71,5,18,3,0,9,201,104,46,2
328,9,20,1,1,7,1284,635,626,0
109,1,0,6,0,7,1060,571,315,2
17,5,15,5,0,11,646,284,160,2
279,0,4,1,0,7,257,128,128,1
281,6,2,3,0,6,844,582,435,1
329,6,10,2,0,3,1157,500,508,2
337,5,9,3,0,6,356,219,155,2
190,6,3,3,0,4,350,216,130,1
244,5,21,1,0,4,222,102,97,1
68,8,11,0,0,5,760,342,395,1
231,2,16,2,0,4,1354,657,304,2
312,9,3,6,0,7,1410,723,822,2
174,0,10,1,0,4,1033,477,586,2
310,4,11,4,0,13,648,504,218,2
321,8,22,1,0,3,887,383,362,1
280,0,11,2,0,4,160,91,77,1
155,0,14,3,0,6,999,608,570,2
72,3,2,4,0,2,548,241,262,1
95,9,11,6,0,5,1476,759,642,2
354,9,13,6,0,10,984,679,263,2
252,4,6,2,0,12,168,88,74,1
25,2,18,6,0,14,1084,719,439,0
188,7,2,1,0,14,1158,900,369,2
132,2,20,1,0,11,325,183,116,2
167,8,14,1,0,5,341,254,112,1
219,5,20,4,0,14,304,235,73,2
52,4,14,5,0,3,581,371,169,1
341,4,19,0,0,2,1196,641,393,2
116,5,15,6,0,12,557,353,125,2
98,7,3,2,1,7,135,85,63,1
10,3,0,5,1,3,626,442,211,2
329,6,18,2,0,14,1453,980,455,0
24,7,8,5,1,8,237,129,135,0
61,6,0,0,0,4,1327,786,639,2
273,5,8,2,0,10,415,241,167,2
64,0,19,3,0,4,573,420,151,2
46,5,18,6,0,13,191,80,80,0
27,4,11,1,0,11,964,623,317,2
74,8,8,6,0,5,148,94,82,2
363,0,8,1,0,5,736,404,364,2
168,7,15,2,0,10,725,363,149,2
322,6,11,2,0,2,1474,1002,439,2
23,8,22,4,0,4,336,202,111,1
240,2,20,4,1,3,236,134,62,2
354,4,20,6,0,4,190,118,61,2
238,3,22,2,0,2,1368,922,299,2
96,5,16,0,0,4,740,378,163,1
306,4,15,0,0,13,583,240,179,2
31,9,0,5,0,9,712,331,325,2
184,5,11,4,0,4,216,86,118,1
111,7,0,1,0,13,778,529,323,2
182,4,18,2,0,8,782,364,217,2
248,4,10,5,0,5,137,64,70,2
305,8,5,6,0,10,166,73,78,1
201,4,0,0,0,8,804,515,397,2
94,6,2,5,0,6,1281,1002,626,2
274,9,12,3,1,6,337,173,175,2
238,1,9,2,0,3,563,362,201,2
203,3,20,2,0,8,545,394,262,2
69,2,6,1,0,5,981,555,507,1
163,0,10,4,1,6,303,141,80,2
220,4,21,5,0,7,932,632,208,0
352,2,7,4,0,4,671,481,293,2
164,8,5,5,0,14,1436,589,560,0
190,8,13,3,0,11,480,327,137,1
164,7,10,5,0,4,1315,971,508,0
351,8,3,3,0,3,959,585,229,1
168,9,9,2,0,14,1303,763,600,0
203,9,18,2,0,13,281,189,140,2
18,4,0,6,1,13,131,68,28,2
29,4,16,3,0,4,674,372,226,1
31,2,4,5,0,9,424,185,233,2
162,5,6,3,0,3,237,186,138,1
303,3,12,4,0,7,143,93,70,1
129,0,6,5,0,8,691,425,389,2
21,8,3,2,0,5,177,121,96,1
79,5,11,4,0,4,1397,758,555,2
302,7,22,3,0,5,1254,515,719,2
151,8,11,6,0,14,773,310,416,2
263,4,5,6,0,14,1344,1057,705,0
253,7,21,3,0,12,973,753,432,0
273,9,5,2,0,5,945,743,552,1
39,4,20,6,0,6,1120,633,540,0
76,4,15,1,0,10,1042,578,519,2
117,9,23,0,0,10,730,355,240,2
207,6,5,6,0,7,307,167,70,1
172,6,1,6,0,9,1233,788,597,2
341,2,7,0,0,13,789,346,296,0
226,9,5,4,0,4,1481,847,394,2
229,9,21,0,0,11,475,255,102,2
251,1,18,1,1,9,1020,609,610,0
246,9,19,3,0,5,883,591,176,2
152,4,6,0,1,10,1441,1089,312,0
153,8,1,1,0,14,933,594,526,2
252,5,14,2,0,12,1217,852,479,2
225,2,14,3,0,11,1454,596,335,2
126,0,11,2,1,4,692,283,253,2
173,2,1,0,0,13,948,741,412,2
50,8,11,3,0,2,176,130,80,1
96,4,12,0,0,9,1111,613,340,2
266,0,8,2,0,12,1467,1146,740,0
227,9,1,5,0,14,495,376,197,2
200,3,2,6,1,5,393,255,211,2
243,1,19,0,0,12,449,203,136,2
52,8,17,5,1,7,1053,805,390,0
127,6,16,3,0,9,357,146,95,1
143,0,16,5,0,13,1193,627,263,0
269,3,13,5,0,9,1388,582,615,0
228,8,8,6,0,11,1208,523,293,0
210,5,8,2,0,10,959,499,279,2
58,7,7,4,0,2,1197,853,414,2
81,8,14,6,0,14,1486,601,861,0
238,6,2,2,0,3,424,240,225,1
232,8,8,3,0,7,1021,656,513,2
128,2,20,4,0,2,972,391,417,2
221,1,11,6,1,10,1252,975,717,0
313,9,19,0,0,9,514,229,278,2
323,3,3,3,0,12,1133,807,653,2
269,5,17,5,0,13,1176,610,531,0
96,1,11,0,1,13,1057,800,630,0
229,6,17,0,0,6,406,166,240,2
156,9,1,4,0,4,1285,825,320,2
145,0,17,0,0,9,763,412,282,2
228,8,0,6,0,10,781,433,398,2
185,8,4,5,0,3,996,751,214,2
133,5,3,2,0,10,698,538,319,2
186,7,18,6,0,11,617,433,357,0
186,2,6,6,0,4,160,65,81,1
182,5,3,2,0,6,1480,1003,491,2
259,4,9,2,1,9,805,583,213,0
22,2,7,3,1,2,678,474,163,2
314,4,1,1,0,13,602,387,202,2
358,9,19,3,0,14,1195,911,267,0
324,9,1,4,0,3,366,231,127,1
17,8,17,5,0,13,1060,738,265,0
68,6,10,0,0,14,220,149,130,2
190,9,12,3,0,12,1081,614,306,2
229,6,16,0,0,11,473,207,161,1
115,2,20,5,0,11,1394,977,288,0
354,3,3,6,0,12,268,205,119,2
22,7,13,3,1,3,1215,850,697,2
194,3,18,0,0,6,1487,631,460,0
138,3,9,0,0,9,1079,697,289,2
346,6,22,5,0,12,1128,712,580,0
364,1,11,2,1,9,1443,761,662,0
224,4,6,2,0,3,1371,970,663,2
310,9,20,4,0,12,212,105,126,2
192,3,10,5,0,7,927,549,532,0
291,3,22,6,0,12,909,453,431,2
207,2,21,6,0,11,530,382,305,0
24,7,2,5,0,7,400,210,82,1
33,2,9,0,0,10,229,94,92,2
28,3,6,2,0,12,280,201,84,1
147,3,15,2,1,4,740,538,178,2
247,2,0,4,1,9,567,401,319,2
313,3,22,0,0,5,1213,601,328,2
93,9,9,4,0,13,967,547,218,0
223,7,17,1,0,4,1327,684,338,0
80,6,17,5,0,10,182,96,50,2
94,7,22,5,0,9,697,471,211,2
76,4,0,1,0,14,1495,640,613,0
234,7,13,5,0,12,1092,585,403,0
265,4,4,1,0,6,327,196,187,1
94,8,12,5,0,9,1411,682,314,0
186,5,2,6,1,4,268,172,59,2
63,0,10,2,0,6,1280,808,685,2
166,6,7,0,0,3,611,323,271,2
284,9,22,6,0,9,1204,832,618,2
139,8,20,1,0,5,102,52,61,1
287,1,7,2,0,4,538,282,163,2
15,7,23,3,0,12,1406,756,418,2
253,9,5,3,0,4,1031,617,519,1
206,5,0,5,0,6,214,168,49,1
155,9,16,3,0,14,171,86,53,1
29,3,4,3,0,10,564,440,253,1
298,8,6,6,0,11,1331,771,345,0
9,0,1,4,0,3,304,193,72,1
214,3,3,6,1,3,1078,483,268,0
17,4,10,5,0,6,863,632,455,2
334,6,4,0,0,2,892,486,344,1
282,3,7,4,0,10,653,409,160,2
221,1,21,6,1,8,653,308,294,0
13,4,7,1,0,4,1309,668,409,2
90,6,13,1,0,7,1423,612,353,2
255,6,11,5,0,7,711,330,155,2
227,3,22,5,0,9,359,153,155,2
340,4,8,6,0,7,1336,712,411,0
138,9,15,0,0,3,225,173,95,1
98,0,15,2,0,14,1038,671,408,2
334,7,15,0,0,10,808,544,263,2
205,4,13,4,0,14,158,73,91,1
251,0,6,1,0,7,1229,524,404,2
240,7,13,4,0,14,1152,714,341,2
65,4,0,4,0,3,1233,654,256,2
348,5,21,0,0,3,833,619,487,2
93,3,20,4,0,7,733,466,181,2
87,2,1,5,0,11,1219,793,558,0
259,3,5,2,0,8,619,423,364,1
96,6,9,0,0,4,180,100,67,1
293,2,21,1,0,6,775,419,157,2
61,5,10,0,0,4,490,228,180,2
25,1,10,6,0,7,1190,580,635,0
179,1,10,6,0,6,227,122,118,2
317,7,19,4,0,14,950,515,454,0
44,1,3,4,1,2,839,585,463,2
27,1,13,1,0,6,374,152,114,1
281,6,15,3,0,9,1216,497,628,2
8,6,12,3,0,5,968,582,529,1
311,6,19,5,0,6,781,567,170,0
23,8,22,4,0,6,183,106,39,1
32,2,5,6,0,9,1003,636,440,2
116,2,8,6,0,11,114,56,25,2
146,9,21,1,0,8,1252,998,669,0
239,5,8,3,0,8,777,545,264,2
106,9,4,3,0,14,157,122,46,1
315,0,4,2,0,4,1119,787,292,2
7,9,19,2,0,5,1149,549,331,2
106,5,14,3,0,11,172,116,102,1
156,4,16,4,0,6,1359,661,588,2
213,9,22,5,0,5,114,74,40,1
223,6,6,1,0,4,152,108,55,1
98,6,1,2,0,12,502,212,105,2
155,1,11,3,0,8,1338,577,423,2
23,9,16,4,0,14,767,500,447,2
197,6,3,3,0,11,929,498,444,2
225,2,22,3,0,7,629,300,222,1
33,5,14,0,0,12,1175,595,608,2
192,1,14,5,0,7,828,550,476,2
134,9,4,3,0,4,600,267,156,1
238,7,7,2,0,14,1126,847,276,0
161,7,6,2,0,13,1023,691,539,2
216,3,1,1,0,13,590,454,273,2
72,3,21,4,0,3,1115,650,589,2
150,1,0,5,1,8,767,540,371,0
238,6,14,2,1,6,986,429,328,2
224,8,2,2,0,13,812,444,358,2
354,9,0,6,0,10,1122,859,574,2
242,7,10,6,0,2,1218,940,246,2
306,8,17,0,0,7,1413,929,730,0
63,5,21,2,0,3,604,437,291,2
151,1,8,6,0,12,1129,898,669,0
43,3,4,3,0,9,445,283,249,1
353,2,18,5,0,9,317,145,65,2
60,5,11,6,0,7,1240,556,303,2
311,5,11,5,0,2,1075,490,428,2
82,1,19,0,0,9,1326,1038,463,0
301,2,22,2,1,2,585,294,204,2
282,9,13,4,0,14,187,105,81,1
207,2,15,6,0,4,243,192,96,1
248,0,6,5,0,3,871,452,348,2
123,8,1,6,0,5,837,382,310,2
238,1,19,2,0,7,1147,492,582,0
12,8,5,0,0,5,712,470,317,1
325,4,5,5,0,9,1236,605,547,2
9,9,14,4,0,12,292,139,174,1
217,1,6,2,0,5,1398,1057,450,2
236,2,16,0,0,11,199,113,46,1
100,0,7,4,0,3,443,314,243,1
184,8,19,4,0,10,638,256,305,2
364,1,3,2,0,3,1257,776,411,2
105,6,22,2,0,13,190,120,96,1
256,7,4,6,0,9,1055,509,304,2
86,6,14,4,0,12,778,389,286,2
260,5,7,3,0,14,1419,736,701,0
243,0,8,0,0,10,862,569,515,2
252,9,21,2,0,2,941,421,422,2
86,5,14,4,0,12,1307,567,743,2
339,1,0,5,0,2,1091,444,554,2
155,9,1,3,0,13,1271,669,439,2
80,9,16,5,0,8,1459,884,330,0
23,3,7,4,0,6,1010,786,349,2
230,5,11,1,0,9,155,87,66,1
203,7,16,2,0,12,1420,965,681,2
248,1,10,5,0,10,990,586,501,0
312,6,1,6,0,13,1408,875,348,0
185,7,8,5,1,10,1121,743,567,0
223,0,4,1,0,6,1079,492,600,2
299,0,4,0,0,2,522,228,111,1
335,5,14,1,0,3,1239,826,518,2
217,8,4,2,0,7,1112,474,229,2
351,4,4,3,0,12,1157,644,283,2
72,4,2,4,1,9,860,666,251,2
19,5,7,0,0,12,1284,887,317,0
219,5,20,4,0,12,633,277,284,2
207,2,19,6,0,13,642,473,270,0
133,8,17,2,0,5,1003,596,411,2
346,4,11,5,0,13,1364,594,451,0
128,4,21,4,0,8,357,219,177,2
319,9,23,6,0,14,420,310,211,2
77,0,14,2,1,10,989,701,271,0
282,6,8,4,0,13,1245,971,494,0
6,1,14,1,0,6,938,611,532,2
189,7,6,2,0,13,940,557,363,2
208,0,11,0,0,10,914,551,303,2
311,3,10,5,0,5,523,363,180,2
264,9,21,0,0,4,866,499,312,2
6,0,4,1,0,5,676,394,302,1
228,8,10,6,0,9,1179,862,700,0
324,0,3,4,0,6,776,457,265,1
183,9,21,3,0,13,845,354,276,0
345,7,10,4,0,8,1371,684,455,0
171,6,19,5,0,7,974,537,422,0
100,9,7,4,0,9,1002,656,258,2
5,7,0,0,0,7,347,219,126,1
238,9,2,2,0,4,120,85,62,1
135,4,15,4,0,7,1134,825,652,2
358,8,16,3,0,3,625,333,182,1
255,9,23,5,0,7,1263,520,542,2
67,7,2,6,0,11,314,167,152,2
198,8,22,4,0,10,1280,981,441,2
49,2,19,2,0,10,1288,576,663,0
154,5,18,2,0,14,418,252,209,2
290,8,10,5,0,6,1089,517,513,0
83,8,16,1,0,3,1466,987,480,2
67,5,6,6,0,12,1347,637,366,0
324,8,4,4,0,5,171,101,55,1
261,2,18,4,0,11,616,338,322,2
332,2,23,5,1,14,1448,1138,331,0
210,9,12,2,0,5,1491,839,782,2
150,1,2,5,1,7,203,99,69,2
37,4,13,4,0,2,570,390,167,1
223,2,23,1,0,2,419,310,130,1
131,8,18,0,0,4,292,228,101,2
37,2,11,4,0,14,702,559,406,2
49,0,21,2,0,12,219,161,52,2
60,0,22,6,0,14,905,536,360,0
22,3,20,3,0,6,365,192,155,2
57,9,1,3,0,3,319,161,118,1
193,6,4,6,0,3,441,265,180,1
340,0,0,6,0,12,150,97,42,2
87,2,0,5,0,14,156,110,70,2
46,8,4,6,0,4,547,360,173,1
1,6,14,3,0,9,1377,968,723,2
91,1,14,2,0,13,999,419,579,2
54,0,7,0,0,14,1347,583,330,0
93,8,7,4,0,10,1185,719,330,0
56,7,10,2,0,6,927,644,491,2
111,0,1,1,0,12,954,649,199,2
288,3,13,3,0,5,1343,878,582,2
256,9,5,6,0,11,1140,897,266,0
165,2,11,6,0,13,1398,837,448,0
47,1,7,0,0,13,1399,673,502,0
26,3,13,0,1,11,189,150,111,2
311,4,8,5,0,3,1358,765,741,0
188,8,3,1,0,7,109,74,61,1
127,7,7,3,0,5,389,157,225,1
45,4,1,5,0,4,905,448,533,2
339,5,4,5,0,10,190,119,56,1
193,1,9,6,0,13,565,301,173,0
35,0,5,2,0,12,944,715,258,2
51,1,10,4,0,6,153,97,83,1
301,9,18,2,0,7,354,249,172,2
275,1,1,4,0,13,1047,479,397,2
339,9,20,5,0,5,745,501,213,2
57,3,16,3,0,11,519,309,302,1
31,4,9,5,0,5,1208,669,636,0
73,0,18,5,0,7,502,266,220,2
16,7,20,4,1,11,694,321,302,0
363,5,3,1,1,5,939,421,456,2
13,3,0,1,1,4,419,226,156,2
112,6,6,2,0,13,1220,901,312,2
3,3,13,5,0,11,1494,1041,849,0
347,7,21,6,0,7,175,123,44,2
274,2,12,3,0,2,721,292,298,1
348,1,17,0,0,7,477,346,115,2
298,0,17,6,0,10,1411,882,282,0
165,4,13,6,0,8,1208,484,666,2
73,7,11,5,0,6,366,185,117,1
113,8,11,3,0,10,1310,1027,334,2
192,0,16,5,0,2,436,246,188,1
347,8,23,6,0,5,1221,635,250,2
181,8,20,1,1,12,586,236,298,0
157,7,15,5,0,3,120,69,26,1
24,3,5,5,0,14,1368,763,737,0
259,5,13,2,0,13,1268,998,717,2
272,1,15,1,0,2,1315,931,481,2
176,9,10,3,0,11,1296,742,529,0
33,0,1,0,0,6,741,364,327,1
346,3,20,5,0,3,534,326,265,2
200,2,0,6,0,3,135,90,61,1
330,9,15,3,1,9,1287,1027,374,0
230,1,17,1,0,11,328,222,126,2
171,5,11,5,0,6,1479,752,436,2
210,6,18,2,0,5,104,83,52,1
307,3,11,1,0,4,337,260,171,1
97,5,12,1,0,9,1176,586,299,2
182,8,20,2,0,11,419,176,204,2
97,2,12,1,1,2,823,533,402,2
196,8,13,2,0,3,1157,768,609,1
167,8,2,1,0,3,837,451,440,1
333,3,1,6,0,6,701,504,140,2
141,4,6,3,0,14,739,355,162,2
87,6,7,5,1,6,188,88,100,2
298,0,13,6,0,13,499,314,221,2
85,2,11,3,0,4,1404,679,719,2
134,2,0,3,1,7,1351,719,521,0
196,7,4,2,0,11,961,532,324,2
183,5,16,3,0,4,246,168,138,1
328,6,16,1,0,7,1084,555,435,2
191,8,21,4,0,8,767,308,453,2
213,3,8,5,0,11,1090,726,267,0
146,9,4,1,0,4,676,396,302,1
315,7,13,2,0,14,1453,1101,799,0
295,1,6,3,0,14,688,329,191,2
282,3,14,4,0,11,209,86,93,1
10,8,5,5,0,7,490,251,285,2
176,0,9,3,0,8,461,366,215,2
120,7,13,3,0,12,1186,495,507,2
29,5,4,3,0,14,1311,914,625,0
182,3,7,2,1,3,322,170,158,2
138,5,21,0,0,7,1286,782,339,0
135,2,22,4,0,3,796,366,249,1
160,6,15,1,0,14,451,184,123,2
167,7,12,1,1,12,812,533,321,0
175,6,11,2,0,5,198,99,84,1
39,9,0,6,0,14,582,428,267,2
189,4,19,2,0,14,1000,521,461,0
8,9,3,3,0,13,112,52,61,1
35,0,4,2,1,11,400,244,130,2
297,6,23,5,0,14,1098,444,467,0
279,6,0,1,0,8,530,367,204,1
296,7,15,4,0,3,1352,878,546,2
133,9,17,2,0,8,411,165,204,2
94,0,18,5,0,8,699,438,158,0
156,0,1,4,0,13,142,56,68,1
1,8,21,3,0,13,873,544,198,0
90,8,3,1,0,7,406,174,204,1
311,9,12,5,1,12,219,147,121,2
199,5,23,5,0,5,1115,881,225,2
123,6,13,6,0,7,927,614,292,2
145,0,10,0,0,13,1202,852,649,0
195,0,8,1,0,5,1494,1014,863,0
320,0,7,0,0,13,971,611,259,0
75,9,23,0,0,14,1159,834,337,2
49,9,20,2,0,12,987,414,397,0
227,0,15,5,0,6,1089,810,347,2
22,1,14,3,0,14,1472,601,306,0
187,9,1,0,0,3,423,214,179,1
339,8,6,5,0,6,1185,945,579,2
225,4,12,3,0,11,1133,815,524,2
290,4,1,5,0,13,908,485,214,2
224,4,3,2,0,7,116,78,47,1
100,7,18,4,0,10,777,487,445,2
111,5,20,1,0,2,752,431,419,2
89,0,19,0,0,11,669,330,322,2
208,8,23,0,0,7,559,414,311,1
244,4,12,1,0,3,147,91,43,1
181,7,3,1,0,7,997,537,250,2
213,8,13,5,0,11,1375,607,718,0
2,4,4,4,0,12,610,387,342,2
321,9,7,1,0,11,825,403,421,2
213,5,1,5,0,13,1046,678,515,0
296,0,21,4,0,9,654,363,210,2
237,0,11,1,0,5,1351,660,744,2
283,3,17,5,0,4,1453,1131,673,0
213,1,12,5,0,9,357,267,196,2
75,0,21,0,0,10,1101,878,436,0
157,0,19,5,0,6,449,204,168,2
277,9,13,6,0,9,477,358,214,2
129,2,21,5,1,9,983,586,575,0
27,6,13,1,0,9,1484,862,790,2
10,6,17,5,0,6,198,151,58,2
341,4,5,0,0,5,1007,761,260,2
213,9,1,5,0,6,1423,1111,576,2
146,5,1,1,0,5,1202,641,685,2
137,5,17,6,0,4,1235,540,575,0
201,6,19,0,0,6,808,576,420,2
53,4,20,6,0,4,1099,827,555,0
196,3,23,2,0,9,328,167,118,1
160,6,2,1,0,10,1143,902,420,2
32,3,11,6,1,7,1228,828,254,0
20,3,21,1,0,10,1027,776,503,0
250,8,8,0,0,10,1003,568,504,0
161,5,22,2,0,8,386,302,216,1
242,2,3,6,0,2,492,205,171,1
253,3,1,3,0,4,1009,646,586,1
27,7,19,1,0,12,1455,685,495,0
172,6,22,6,0,3,1481,653,882,2
316,5,19,3,0,5,608,430,364,2
119,4,19,2,0,14,755,344,306,0
359,8,6,4,0,12,484,289,174,2
179,1,7,6,0,8,1109,777,277,0
228,5,18,6,1,14,1344,657,416,0
87,3,19,5,0,10,414,167,179,0
223,6,4,1,0,8,1416,852,837,2
201,4,15,0,1,14,1176,880,607,0
19,0,9,0,0,14,1119,648,617,0
318,1,13,5,0,12,140,96,31,2
222,9,20,0,0,6,1126,670,544,0
300,6,6,1,0,5,701,558,306,1
81,2,22,6,0,3,535,280,271,1
307,8,16,1,0,8,1107,689,658,2
186,4,18,6,0,5,1062,550,285,0
107,5,8,4,0,13,936,502,269,0
16,4,9,4,0,6,1079,797,234,2
217,3,10,2,1,12,643,315,333,0
265,0,13,1,0,9,1194,946,601,2
348,4,6,0,0,12,483,269,116,2
242,7,15,6,0,3,1420,736,748,2
38,1,19,5,0,12,809,594,200,0
235,3,22,6,1,14,1268,817,442,0
293,1,14,1,0,6,1242,864,733,2
343,3,10,2,0,6,1246,864,704,2
59,8,1,5,0,14,158,91,47,2
4,5,1,6,0,7,638,427,307,2
216,7,16,1,0,12,158,109,90,1
351,8,20,3,0,3,903,607,250,2
77,9,19,2,0,14,477,274,250,2
141,3,15,3,0,13,1253,788,539,2
220,3,7,5,0,12,1351,751,292,0
177,1,9,4,0,7,186,138,38,1
279,7,20,1,0,6,155,78,92,2
114,3,11,4,0,4,1286,750,535,2
47,5,22,0,0,8,1490,1124,313,2
96,0,16,0,0,6,190,127,91,1
225,0,20,3,0,6,1172,752,498,0
108,8,13,5,0,7,1053,505,541,2
296,5,21,4,0,9,287,177,104,2
221,4,7,6,0,7,602,343,316,2
288,0,7,3,0,11,1155,629,277,0
35,5,0,2,0,13,1153,603,350,2
283,9,8,5,1,9,1050,638,511,0
310,4,17,4,0,8,1061,486,364,0
335,3,8,1,1,13,1073,566,291,0
60,2,22,6,0,2,1077,635,646,2
218,5,5,3,1,10,1239,989,697,0
275,4,15,4,0,8,391,163,167,1
215,0,5,0,0,2,1410,648,792,2
146,8,23,1,0,12,1415,1004,442,2
255,8,20,5,0,5,179,92,93,2
127,0,0,3,0,5,1079,834,522,2
121,7,19,4,1,10,1272,681,384,0
153,5,19,1,0,10,963,588,520,0
183,7,23,3,0,7,861,348,316,2
314,2,22,1,0,12,160,106,66,1
134,0,8,3,0,14,942,643,366,0
331,8,4,4,0,8,1131,579,398,2
90,1,17,1,0,3,355,249,168,1
319,3,10,6,0,14,823,368,214,0
243,7,8,0,1,2,1127,817,428,0
262,6,5,5,0,8,1257,898,718,2
87,8,13,5,0,5,827,400,393,2
6,4,0,1,0,12,283,169,120,1
24,8,11,5,0,11,824,503,236,2
13,2,11,1,0,11,466,243,252,1
99,4,13,3,0,6,1078,570,498,2
223,2,9,1,0,13,1318,593,619,0
328,3,6,1,0,5,179,110,105,1
112,6,20,2,1,14,826,631,214,0
14,8,0,2,0,9,862,600,224,2
234,0,13,5,1,4,600,359,291,2
295,1,12,3,0,8,587,365,259,1
251,5,3,1,1,7,1054,571,414,2
80,5,2,5,0,5,902,496,315,2
262,6,5,5,0,3,496,339,108,1
174,8,11,1,0,12,383,166,218,1
200,3,19,6,0,6,835,487,209,0
54,5,11,0,0,12,943,648,281,2
126,8,15,2,0,4,932,561,361,1
156,9,13,4,0,7,758,553,440,1
57,5,5,3,0,3,864,557,456,1
29,6,8,3,0,5,634,296,128,2
164,9,13,5,1,8,714,434,189,0
250,3,16,0,0,12,924,738,551,2
200,1,10,6,0,13,871,572,466,0
330,2,17,3,0,2,939,732,260,2
259,1,4,2,1,10,920,735,202,0
96,0,4,0,0,5,476,358,103,1
132,4,2,1,0,11,888,373,367,2
46,1,20,6,0,6,115,56,28,2
205,8,8,4,0,13,140,79,41,2
242,3,22,6,0,9,1361,1031,583,0
169,6,5,3,1,8,1152,644,241,0
72,8,13,4,0,12,106,78,52,1
65,0,18,4,0,13,301,218,77,2
97,9,17,1,0,6,216,138,96,2
325,2,6,5,0,5,1260,602,289,2
214,3,11,6,0,3,1281,641,404,2
176,6,1,3,0,5,590,384,130,1
75,1,0,0,0,11,867,678,282,2
15,2,23,3,0,14,273,187,89,1
247,8,10,4,0,12,180,81,93,2
224,8,14,2,1,11,307,143,157,2
285,8,21,0,0,7,210,131,122,2
47,1,23,0,0,6,1257,651,532,2
48,2,13,1,1,14,1085,446,599,0
70,0,2,2,0,9,792,431,339,2
326,2,4,6,0,6,962,710,250,2
29,5,4,3,0,7,846,631,483,2
103,8,1,0,0,7,472,260,244,1
68,4,14,0,0,4,1071,839,340,1
262,9,21,5,0,6,1284,805,588,0
30,2,18,4,0,5,319,181,100,2
138,9,3,0,0,4,440,269,177,1
74,4,2,6,0,12,1209,522,516,0
268,6,18,4,0,4,1130,568,555,2
265,3,5,1,0,4,1317,662,306,2
166,0,19,0,0,13,1024,702,267,0
190,9,7,3,1,7,770,357,415,0
143,4,5,5,0,4,1368,1042,796,2
158,8,6,6,0,7,354,241,181,1
130,2,21,6,0,4,1097,722,325,0
3,7,1,5,0,4,1027,670,501,2
357,0,2,2,0,8,1049,582,610,2
102,4,23,6,0,13,845,441,236,2
321,1,17,1,0,14,607,301,153,0
311,4,15,5,0,9,1430,1110,694,0
359,6,8,4,0,11,1183,722,501,0
45,3,11,5,0,4,783,444,402,2
168,8,18,2,0,8,1479,906,357,0
121,6,21,4,0,3,1080,655,600,2
31,9,13,5,0,8,1147,728,636,2
274,0,18,3,0,12,660,393,279,0
120,6,22,3,0,11,855,573,333,2
111,8,21,1,0,8,182,95,74,2
139,3,10,1,1,14,1232,963,552,0
44,0,1,4,0,14,266,125,56,1
286,0,13,1,0,14,1062,432,514,2
77,5,21,2,1,3,280,218,156,2
310,5,18,4,1,14,1394,906,449,0
106,3,4,3,0,8,1212,925,287,2
30,1,16,4,0,9,1033,791,278,2
14,6,12,2,0,11,1384,858,604,2
136,7,10,5,0,3,866,550,425,2
91,4,21,2,0,11,272,110,146,2
297,8,10,5,1,14,740,412,406,0
127,9,7,3,1,14,1271,903,708,0
127,6,11,3,0,11,711,450,168,2
273,2,4,2,0,13,1034,536,244,2
124,8,17,0,0,12,719,399,248,0
152,6,2,0,0,12,1246,606,657,2
310,0,20,4,0,9,686,389,149,2
208,1,0,0,1,5,526,323,246,2
30,6,4,4,0,8,402,298,221,1
55,9,9,1,0,9,862,398,309,2
320,9,23,0,0,2,1302,593,517,2
179,0,12,6,0,5,1050,500,420,2
7,3,8,2,0,5,263,186,134,1
94,5,1,5,0,5,1001,596,390,2
240,9,13,4,0,8,667,394,325,1
215,3,19,0,0,8,610,296,359,2
54,2,5,0,0,2,1170,609,392,1
28,5,6,2,0,12,321,200,181,1
61,2,12,0,0,7,315,218,103,1
284,3,12,6,0,12,1362,805,456,0
305,7,19,6,0,9,112,62,32,2
349,9,7,1,0,13,370,239,128,2
93,4,16,4,0,9,584,350,158,1
218,3,4,3,0,11,987,753,438,2
121,5,22,4,0,13,1002,425,418,2
154,8,10,2,0,11,1291,653,667,0
268,9,6,4,0,11,571,348,210,2
95,3,23,6,0,14,1059,569,255,0
230,4,14,1,0,12,553,326,262,2
320,3,6,0,0,11,486,250,146,1
226,1,21,4,0,5,812,459,377,2
90,3,10,1,1,7,689,305,175,0
194,5,20,0,0,9,743,373,333,2
13,1,23,1,0,2,1352,1057,444,2
81,9,13,6,1,11,1416,576,363,0
35,3,2,2,0,7,1344,1062,746,2
264,0,11,0,0,14,692,278,185,2
154,8,7,2,0,2,1137,574,327,2
310,5,11,4,0,5,594,305,341,1
295,3,10,3,0,5,1126,521,653,2
363,2,16,1,0,6,549,221,191,1
258,0,19,1,0,6,946,461,345,2
323,9,4,3,0,3,884,661,454,1
97,3,20,1,0,8,634,280,161,2
266,4,3,2,0,13,359,228,108,1
319,1,17,6,0,14,987,505,520,0
269,4,20,5,0,10,140,111,76,2
62,3,10,1,0,13,329,262,138,2
318,8,3,5,0,11,715,469,410,2
35,2,14,2,0,14,316,202,64,2
198,5,6,4,0,9,604,393,268,1
3,3,7,5,0,9,928,441,194,0
44,5,23,4,1,11,905,629,499,0
198,8,14,4,0,2,504,278,261,1
316,3,19,3,0,13,851,544,500,0
150,6,5,5,0,12,1126,838,625,0
196,2,14,2,0,7,251,100,93,1
286,4,11,1,0,14,734,453,238,2
207,6,3,6,0,6,829,351,419,2
67,6,0,6,0,8,1230,504,484,2
6,5,6,1,0,10,399,260,86,1
51,3,2,4,0,5,1422,921,544,2
335,7,8,1,0,11,1190,666,273,0
247,4,21,4,0,14,1056,481,258,0
364,0,20,2,0,13,456,185,157,2
324,5,19,4,0,10,1142,854,550,0
164,6,15,5,0,13,596,447,272,2
124,9,15,0,0,4,941,692,335,1
267,2,21,3,0,2,756,589,392,2
295,4,18,3,0,8,886,604,323,2
24,1,12,5,0,6,1367,880,497,2
146,0,1,1,0,7,440,334,124,1
286,9,11,1,0,12,1213,905,512,2
144,2,17,6,1,11,1289,732,693,0
209,6,7,1,0,11,845,414,395,2
329,8,12,2,0,13,872,354,384,2
300,2,19,1,0,6,604,255,198,2
278,4,16,0,0,7,970,748,574,2
230,7,3,1,0,8,135,91,38,1
79,0,9,4,0,11,468,256,220,2
17,1,14,5,0,13,497,338,100,2
118,4,3,1,0,7,279,205,101,1
138,2,23,0,0,10,1399,903,361,2
242,6,2,6,0,10,1047,590,245,2
127,8,13,3,0,10,1345,1054,519,2
335,8,16,1,0,4,677,372,387,1
315,8,0,2,0,10,596,319,276,1
359,6,4,4,0,3,454,193,134,1
156,8,15,4,0,2,977,780,441,1
85,9,17,3,0,5,207,94,74,2
310,4,3,4,0,13,1316,568,490,2
108,3,9,5,0,11,104,63,51,2
1,1,10,3,0,5,894,421,522,2
283,8,23,5,0,10,937,396,326,2
358,7,2,3,0,7,939,563,212,2
54,8,19,0,0,12,739,526,172,0
279,2,14,1,1,3,1471,797,638,0
62,4,18,1,0,5,566,327,327,2
342,3,21,1,1,11,789,447,404,0
301,1,17,2,0,11,139,103,31,2
186,9,11,6,0,3,1231,956,655,2
152,6,20,0,0,14,1280,982,264,0
46,5,7,6,1,3,549,322,223,0
267,8,14,3,0,4,166,70,73,1
286,7,9,1,0,2,737,470,390,2
131,2,19,0,0,4,744,518,330,2
33,2,4,0,0,13,287,190,95,1
7,4,18,2,0,9,200,148,60,2
321,2,22,1,0,10,1298,949,317,2
296,1,7,4,0,10,433,181,119,2
223,2,14,1,0,3,1026,567,420,1
107,1,11,4,0,9,802,402,396,2
220,6,2,5,0,8,131,60,27,1
18,3,9,6,0,5,1240,599,678,0
297,5,1,5,0,12,388,164,146,2
281,2,0,3,0,2,1189,774,692,1
115,6,3,5,0,12,1004,456,499,2
177,3,20,4,0,11,1033,774,578,0
58,5,7,4,0,5,363,179,189,1
225,0,20,3,0,10,253,149,77,2
2,3,23,4,0,14,1404,1042,327,0
175,0,15,2,0,6,472,288,162,1
359,6,3,4,0,4,568,274,248,1
216,8,19,1,0,9,1029,647,222,0
46,5,3,6,0,6,166,129,73,1
234,9,19,5,1,3,1099,824,484,0
327,2,4,0,0,14,1499,1130,767,0
178,2,9,5,0,10,254,160,137,2
222,8,15,0,0,5,1129,494,423,2
94,4,10,5,0,12,1325,544,643,0
70,2,16,2,0,4,910,617,237,1
359,3,0,4,0,9,1263,800,502,2
71,4,1,3,0,10,799,409,285,2
77,4,5,2,0,13,767,385,456,2
36,3,6,3,0,12,653,402,133,2
145,4,12,0,0,3,1023,682,613,1
22,9,11,3,0,8,536,323,300,1
150,1,6,5,0,10,511,212,205,2
32,9,20,6,0,5,1345,922,794,0
343,4,5,2,0,2,1276,601,585,2
302,0,4,3,0,8,867,652,464,2
330,5,8,3,0,9,1124,677,535,0
171,8,13,5,0,3,1275,901,263,2
255,3,14,5,0,14,632,458,317,2
143,2,22,5,1,4,467,286,249,2
57,6,11,3,0,11,1017,537,341,2
276,3,5,5,1,7,388,263,193,2
26,4,23,0,0,12,1127,572,428,2
11,8,0,6,0,13,1100,590,286,0
230,8,9,1,0,14,439,253,124,2
316,3,13,3,1,11,274,180,96,2
63,2,4,2,0,4,600,322,231,1
58,2,13,4,0,6,394,202,200,1
327,9,9,0,0,8,292,154,89,2
316,7,12,3,0,4,857,668,314,1
11,3,17,6,0,7,1137,756,438,0
240,5,10,4,0,13,774,386,275,0
103,7,1,0,0,11,185,133,88,1
88,8,8,6,0,11,361,191,207,2
157,5,14,5,0,6,128,79,42,1
151,7,11,6,0,5,626,266,243,2
117,2,8,0,0,3,615,342,126,2
157,9,21,5,0,13,137,56,65,2
239,0,4,3,0,4,1089,814,336,2
8,5,13,3,0,9,524,348,108,1
153,8,7,1,0,13,411,174,96,2
261,1,19,4,0,6,1198,739,573,0
141,7,2,3,0,6,281,210,125,1
9,7,15,4,0,9,782,473,410,2
316,9,8,3,0,11,1364,717,514,0
161,5,21,2,0,3,693,357,222,2
189,6,2,2,0,9,963,440,352,2
204,8,11,3,0,12,128,97,44,1
167,6,18,1,0,8,845,442,189,2
327,2,8,0,1,4,1041,426,376,0
327,9,3,0,0,4,1448,832,584,2
90,6,10,1,0,9,213,153,79,2
273,9,4,2,0,2,848,496,290,1
176,9,23,3,0,13,1246,700,528,2
141,3,15,3,0,13,660,356,328,2
167,6,14,1,0,13,309,206,128,1
49,2,2,2,0,9,1413,857,404,2
212,1,2,4,0,2,336,236,176,1
182,9,9,2,0,5,751,592,233,2
224,3,21,2,0,12,1041,588,310,0
208,2,10,0,0,8,1023,456,494,2
257,3,18,0,0,2,767,489,310,2
250,5,8,0,0,6,1145,806,443,2
120,9,2,3,0,8,206,154,122,1
169,3,9,3,0,2,565,353,202,1
87,2,7,5,0,10,134,95,47,2
342,5,11,1,0,5,1400,814,808,2
148,4,14,3,0,7,674,416,394,1
118,2,23,1,0,11,371,165,192,1
229,5,18,0,0,8,797,398,276,2
60,6,15,6,0,4,892,431,462,2
190,0,7,3,0,10,203,95,61,2
13,9,11,1,0,6,941,420,539,2
8,9,8,3,0,9,1375,990,409,0
327,1,9,0,0,11,1119,656,401,0
346,9,8,5,0,4,1171,729,387,0
90,6,0,1,0,6,371,219,170,1
257,9,3,0,0,12,891,382,475,2
209,9,14,1,1,11,1115,580,637,0
17,4,2,5,0,5,1006,414,416,2
327,7,14,0,0,13,815,517,307,2
274,6,15,3,0,5,1428,590,653,2
128,2,1,4,0,9,265,124,103,1
39,0,15,6,1,9,1411,1090,624,0
170,3,8,4,0,3,1483,841,531,2
73,8,10,5,0,14,774,391,253,0
288,0,11,3,0,3,230,123,74,1
159,3,16,0,0,9,1059,549,263,2
183,0,2,3,0,10,1277,990,757,2
81,4,23,6,0,8,1046,437,286,2
325,0,5,5,0,12,221,159,83,2
0,6,15,2,0,4,520,299,145,1
313,2,8,0,0,7,627,356,175,2
355,5,19,0,0,5,190,150,91,1
163,7,8,4,0,11,430,237,135,2
242,6,3,6,0,14,1355,777,322,0
182,6,1,2,0,8,640,405,179,1
111,8,6,1,1,8,1190,678,698,0
188,4,4,1,1,10,351,277,144,2
199,1,5,5,0,5,631,266,359,2
243,7,5,0,0,4,1489,642,372,2
181,5,10,1,0,6,614,454,153,2
299,7,7,0,0,13,625,409,343,2
171,8,18,5,0,14,1368,747,552,0
278,9,15,0,0,8,372,262,205,1
82,6,12,0,0,13,415,326,248,2
341,0,12,0,0,4,1485,937,648,2
319,5,7,6,1,4,116,73,50,2
11,3,18,6,0,13,121,93,41,2
55,2,18,1,0,10,516,337,164,2
101,2,13,5,0,4,841,430,236,2
216,3,8,1,0,13,481,220,136,2
131,5,16,0,0,14,1072,537,266,2
147,6,3,2,0,5,723,355,433,1
288,5,6,3,0,14,611,258,251,2
307,2,2,1,0,11,660,332,372,2
78,5,20,3,0,10,1269,781,634,0
162,4,16,3,0,9,667,400,253,1
121,1,21,4,0,8,1423,1065,394,0
20,7,22,1,0,3,1141,642,552,1
282,9,2,4,0,5,1148,571,666,2
342,0,20,1,0,12,294,187,150,2
265,5,16,1,0,6,1028,441,231,2
311,0,21,5,0,11,1481,1152,440,0
248,7,8,5,0,3,974,429,297,2
152,8,13,0,0,14,522,239,239,2
123,9,18,6,0,8,1185,526,567,0
37,4,0,4,0,4,1245,705,480,2
285,5,5,0,0,6,458,286,187,1
213,0,21,5,0,3,385,260,159,2
362,7,10,0,1,7,339,145,156,2
16,7,17,4,1,9,166,109,49,2
270,2,4,6,0,2,651,328,321,1
248,9,10,5,0,8,192,102,82,2
190,0,4,3,0,6,616,345,201,1
134,4,9,3,0,7,872,672,252,2
185,0,5,5,0,14,480,325,179,2
319,9,3,6,0,11,1123,813,282,0
17,7,1,5,0,7,1093,613,546,2
303,6,10,4,0,7,909,523,234,2
135,3,6,4,0,11,329,197,144,1
49,3,7,2,0,4,1177,805,532,2
97,1,14,1,0,5,789,503,403,1
229,3,11,0,0,13,1260,716,738,2
206,0,9,5,0,11,1165,595,696,0
163,6,9,4,1,9,1353,860,544,0
26,3,21,0,0,12,947,395,283,0
179,0,0,6,1,14,275,178,114,0
229,1,3,0,0,10,325,147,78,1
320,4,20,0,0,5,902,367,330,2
44,8,4,4,0,6,461,340,228,1
131,7,9,0,1,14,511,234,251,0
33,9,12,0,0,2,698,388,187,1
114,2,17,4,0,2,176,81,50,1
298,9,18,6,0,11,1440,912,547,0
176,5,1,3,1,6,782,374,442,2
205,0,13,4,0,6,516,277,226,1
358,6,0,3,0,6,1084,680,454,2
166,5,1,0,0,14,1430,840,576,0
113,6,7,3,0,11,1147,565,611,0
38,7,3,5,0,11,1455,895,462,0
130,8,16,6,0,5,684,493,144,2
183,6,17,3,0,13,1297,884,656,0
285,9,21,0,0,7,476,310,210,2
284,7,18,6,0,3,120,70,55,2
344,8,0,3,0,10,792,340,313,2
289,2,8,4,0,6,789,543,185,2
98,1,14,2,0,5,133,105,77,1
51,7,11,4,0,3,996,520,368,1
114,9,13,4,0,8,1134,570,282,2
207,7,8,6,0,6,1133,867,319,0
25,5,6,6,0,6,1306,793,389,2
43,4,6,3,1,10,938,592,503,0
166,8,12,0,0,4,745,458,270,1
243,9,14,0,0,6,215,113,89,1
355,3,18,0,0,7,173,107,65,2
5,2,17,0,0,6,839,653,230,2
228,8,7,6,0,5,1098,555,546,0
330,8,19,3,0,4,585,283,125,2
162,3,1,3,0,5,807,535,287,1
271,5,11,0,0,9,704,447,346,2
7,9,15,2,0,9,945,520,388,2
116,2,21,6,0,11,235,126,125,2
264,3,10,0,0,9,1427,787,577,0
189,3,7,2,1,10,1022,488,349,0
150,0,7,5,1,10,1313,532,549,0
199,9,22,5,0,3,865,562,191,2
253,6,9,3,0,9,999,576,413,2
25,3,21,6,0,9,1378,586,705,0
193,7,22,6,0,9,1233,908,718,2
109,9,11,6,0,8,1012,441,282,2
151,1,5,6,0,11,943,570,313,2
18,9,6,6,0,5,1204,702,603,2
191,6,21,4,0,14,1088,514,373,0
245,8,23,2,0,4,1125,711,395,2
324,7,11,4,0,7,1190,534,332,2
266,0,19,2,0,13,672,536,220,0
111,1,7,1,0,6,1080,646,399,2
300,7,18,1,0,6,365,213,165,2
116,9,0,6,1,11,695,510,139,0
24,2,5,5,0,9,923,712,208,2
252,7,0,2,0,8,890,677,454,2
137,3,16,6,0,3,866,385,234,2
212,6,0,4,0,14,1276,601,353,2
273,9,8,2,1,3,620,295,309,2
139,3,5,1,0,11,868,540,452,2
291,1,0,6,0,8,1009,623,585,2
72,9,8,4,1,10,582,373,325,0
2,2,4,4,1,6,1123,574,657,2
114,0,18,4,0,8,787,519,211,2
71,1,13,3,0,11,547,231,306,2
160,2,15,1,0,4,1009,649,306,1
81,5,2,6,0,12,111,74,65,2
55,4,0,1,1,9,164,100,49,2
114,6,2,4,0,11,733,478,293,2
239,2,20,3,0,4,494,330,123,2
75,4,9,0,0,10,813,570,274,2
203,2,16,2,1,3,1472,868,387,0
356,7,21,1,0,7,730,499,429,2
304,8,18,5,0,4,580,337,265,2
78,9,22,3,0,6,292,137,79,1
303,8,22,4,0,2,625,280,258,1
169,9,5,3,0,4,719,319,407,1
45,2,7,5,0,14,1004,703,371,0
110,1,17,0,0,9,1098,562,386,0
219,1,5,4,0,13,629,349,164,2
259,9,10,2,0,8,918,385,456,2
241,4,11,5,0,13,375,206,85,2
87,7,21,5,0,7,841,601,288,0
353,1,8,5,0,10,1496,1139,758,0
271,9,10,0,0,10,449,350,188,2
181,5,8,1,0,8,1411,1055,645,0
245,7,6,2,0,13,443,279,212,2
316,2,12,3,0,9,466,339,143,1
194,1,9,0,0,12,1339,901,573,0
128,5,14,4,0,11,1211,728,469,2
168,9,18,2,0,10,997,427,402,0
220,6,14,5,0,12,707,440,331,2
35,7,23,2,1,13,1089,695,284,0
206,7,20,5,0,4,278,184,69,2
127,9,14,3,0,8,196,153,54,1
324,3,20,4,0,7,157,99,93,2
111,9,18,1,0,7,660,373,390,2
274,5,10,3,0,13,439,296,209,2
60,8,0,6,0,12,1015,687,353,2
239,1,15,3,0,12,736,547,323,2
18,1,8,6,0,3,102,67,24,1
210,0,21,2,0,14,108,62,61,2
206,6,8,5,0,8,903,484,521,0
136,4,16,5,0,6,270,209,157,1
325,3,11,5,0,5,971,663,319,2
271,9,19,0,0,7,834,505,269,2
343,1,4,2,0,7,732,305,414,1
339,3,7,5,0,4,728,542,382,2
274,4,19,3,0,12,851,576,200,0
73,8,12,5,0,14,546,435,109,2
36,5,18,3,0,3,228,148,54,1
156,0,18,4,0,9,1067,751,446,0
328,1,16,1,0,11,1394,1051,522,2
265,0,19,1,0,2,910,489,237,2
106,2,17,3,0,12,142,96,80,2
60,7,11,6,0,9,191,101,98,1
212,8,18,4,0,8,130,97,64,2
114,4,18,4,0,14,1154,678,467,0
337,5,6,3,1,4,1244,597,503,2
121,5,20,4,0,13,1184,683,463,0
56,2,12,2,0,6,694,485,338,1
156,0,4,4,0,9,319,209,167,1
29,9,22,3,0,2,549,243,179,1
5,9,9,0,0,7,492,248,269,2
212,7,10,4,1,13,1040,741,580,0
61,0,12,0,0,8,997,433,586,2
293,9,1,1,0,13,1158,875,591,2
342,1,12,1,1,13,1272,831,555,0
63,9,11,2,0,5,258,145,95,1
46,9,20,6,0,6,826,544,485,0
67,4,1,6,0,13,678,419,289,2
208,2,21,0,0,14,654,448,367,0
258,3,13,1,0,10,772,464,210,2
83,4,15,1,0,12,1341,977,284,2
283,2,7,5,0,5,1458,601,623,0
196,7,6,2,0,12,1168,835,548,2
342,5,11,1,0,5,297,185,140,1
256,3,5,6,0,5,872,556,437,2
157,1,14,5,0,5,1049,672,372,2
65,2,7,4,0,4,658,420,343,2
322,1,18,2,0,12,1202,674,282,0
322,8,10,2,0,8,1229,967,346,0
319,0,2,6,1,10,513,368,110,0
267,6,14,3,0,4,1011,606,229,1
192,0,7,5,0,10,535,285,262,2
356,0,0,1,1,5,1063,809,521,2
121,1,19,4,0,10,1123,746,646,0
160,7,19,1,0,2,1196,501,394,2
6,5,17,1,0,8,348,213,137,2
4,6,22,6,0,2,1204,643,365,2
196,6,6,2,0,10,421,196,228,1
132,5,16,1,1,2,959,740,499,2
57,1,10,3,0,3,1178,731,705,2
27,6,4,1,0,6,882,369,434,1
231,7,2,2,0,5,653,406,212,1
64,4,16,3,0,13,703,436,275,2
67,7,14,6,1,13,1409,1035,505,0
177,2,12,4,0,12,1114,572,604,2
157,9,19,5,0,7,1430,640,735,0
273,1,8,2,0,11,1368,601,359,0
354,0,0,6,0,6,1469,839,743,2
248,1,19,5,0,6,577,273,189,2
157,8,3,5,0,14,673,525,328,2
242,7,21,6,0,10,1090,858,447,0
183,5,21,3,1,11,1332,787,557,0
362,6,10,0,0,4,1093,793,583,2
287,1,15,2,0,6,1066,714,311,2
16,4,7,4,0,7,1110,866,280,2
300,9,9,1,0,8,1365,903,692,0
263,0,9,6,1,12,742,454,359,0
278,3,15,0,0,5,134,89,42,1
151,7,1,6,0,10,1421,589,602,0
345,8,23,4,0,6,187,125,107,1
157,0,6,5,0,11,322,220,137,2
229,7,23,0,0,7,456,254,218,1
184,3,23,4,0,9,1278,990,266,2
253,0,6,3,1,6,974,563,301,2
182,0,11,2,0,2,972,657,247,1
359,0,10,4,0,3,532,327,177,1
312,0,23,6,0,8,630,287,319,2
35,5,22,2,0,13,1394,939,536,0
163,4,23,4,0,11,839,493,431,2
308,5,3,2,0,6,722,497,230,1
109,7,1,6,0,12,1197,708,537,0
202,8,3,1,0,7,1127,891,304,2
272,7,16,1,0,7,512,360,284,1
115,1,16,5,0,6,1238,703,313,2
187,2,23,0,0,9,1184,510,534,2
21,8,10,2,0,13,419,221,218,2
79,1,3,4,0,14,366,195,198,2
315,2,19,2,0,7,1105,879,537,0
169,8,15,3,0,9,495,250,141,1
324,6,23,4,0,14,342,186,140,2
211,9,17,3,0,7,687,374,331,2
196,6,1,2,0,11,742,372,300,2
2,7,22,4,0,7,895,557,269,2
249,9,11,6,0,9,976,410,528,2
200,0,14,6,1,8,1263,716,485,0
17,6,0,5,0,5,1280,1011,439,2
314,4,23,1,0,13,356,213,181,1
68,4,0,0,0,7,1153,658,640,2
19,8,3,0,0,2,887,391,486,1
201,6,4,0,0,14,713,421,253,2
264,4,14,0,0,8,432,216,182,1
160,9,15,1,0,6,273,144,89,1
151,5,12,6,0,8,715,376,181,2
144,1,7,6,1,5,1480,869,315,0
233,8,21,4,0,11,1257,660,624,0
255,7,8,5,0,10,1141,749,486,0
4,1,23,6,0,2,947,407,233,2
66,4,18,5,0,9,1041,820,427,0
64,4,19,3,1,3,1191,607,412,0
177,0,17,4,0,7,467,294,204,2
84,9,23,2,1,7,377,242,111,2
317,6,12,4,0,10,742,300,383,2
4,3,18,6,0,2,1422,978,359,0
71,9,5,3,0,5,1470,1044,818,2
294,9,13,2,0,4,1427,961,686,2
2,4,4,4,0,7,711,434,328,1
188,5,20,1,0,5,644,306,350,2
275,9,11,4,0,11,723,370,396,2
138,6,5,0,0,3,1306,691,673,2
254,2,9,4,1,5,432,274,209,2
143,5,6,5,0,9,1203,821,526,2
42,0,3,2,0,7,918,583,230,2
8,2,7,3,0,14,270,188,58,2
144,7,15,6,1,11,115,61,33,2
346,3,4,5,0,9,1156,832,545,2
308,8,8,2,0,11,1476,1030,854,0
336,4,21,2,0,13,758,488,326,0
238,6,12,2,0,2,178,136,46,1
189,6,1,2,0,11,801,548,187,2
323,6,16,3,0,10,1251,851,595,2
150,3,6,5,0,5,158,71,69,1
52,1,11,5,0,11,919,579,226,2
172,6,3,6,0,10,1061,804,356,2
357,5,12,2,0,4,1295,591,338,2
14,0,5,2,0,12,1347,1003,493,2
285,5,1,0,0,12,145,58,30,1
87,5,12,5,0,8,756,582,180,2
153,3,14,1,0,13,437,222,178,2
112,2,13,2,0,4,863,385,405,1
114,9,0,4,0,3,284,160,142,1
344,0,14,3,0,14,965,401,377,2
41,6,8,1,0,8,1011,530,230,2
116,5,9,6,0,2,888,623,191,2
131,5,13,0,0,13,639,340,137,2
93,0,3,4,1,12,804,605,207,0
362,4,13,0,0,4,719,327,427,1
190,2,6,3,0,11,637,482,291,2
21,2,7,2,0,7,383,207,118,2
11,3,23,6,0,14,236,188,84,2
184,1,16,4,0,9,329,223,78,1
339,6,0,5,0,6,106,75,52,1
307,8,13,1,0,5,457,315,128,1
352,6,2,4,0,4,1252,941,396,2
3,0,10,5,0,12,1204,816,355,0
256,0,22,6,0,8,1426,804,716,0
212,2,15,4,0,4,1206,948,258,2
116,1,10,6,0,3,1048,621,220,2
220,4,2,5,0,11,232,175,56,2
116,8,9,6,0,10,592,251,172,2
7,1,8,2,0,14,1080,712,450,0
56,9,0,2,0,11,573,413,130,2
108,7,15,5,0,12,700,423,140,2
112,2,9,2,0,4,974,698,509,2
230,8,16,1,0,12,647,480,159,2
285,5,9,0,0,13,903,494,405,0
305,2,6,6,1,3,1163,752,449,0
110,2,6,0,0,12,668,332,134,2
106,7,8,3,0,3,797,618,398,2
82,4,21,0,0,5,1272,991,456,0
272,2,1,1,0,9,1238,722,563,2
163,4,11,4,1,10,694,446,408,2
200,4,19,6,0,7,518,299,175,2
92,8,14,3,1,12,269,162,135,2
186,8,0,6,0,6,1040,658,233,2
108,0,16,5,1,7,436,225,243,2
114,0,12,4,0,4,388,224,177,1
312,2,19,6,0,3,1449,1093,666,0
301,6,9,2,0,6,837,605,320,2
85,9,18,3,0,7,988,599,385,2
34,5,5,1,0,10,1166,542,445,2
349,9,16,1,0,8,1133,890,400,2
56,7,23,2,0,4,1490,906,641,2
0,8,19,2,0,13,101,76,30,2
134,3,10,3,0,13,1249,612,360,0
85,2,0,3,0,14,1265,557,520,2
358,3,11,3,0,5,1353,1055,701,2
186,1,20,6,0,8,1057,803,570,0
50,5,23,3,0,13,581,336,259,2
49,6,11,2,0,11,264,193,86,1
156,5,3,4,0,8,832,454,421,2
17,7,2,5,0,12,643,457,317,2
98,7,17,2,0,12,1283,863,604,0
255,6,4,5,0,14,559,346,143,2
200,9,6,6,0,6,946,622,271,2
222,9,4,0,0,11,1438,860,479,2
258,0,1,1,0,10,597,365,148,1
276,6,10,5,0,14,1189,709,617,0
328,8,6,1,1,8,619,249,321,2
193,3,1,6,0,10,912,464,467,2
324,5,21,4,0,8,193,88,45,2
91,5,23,2,1,6,983,693,386,2
156,9,4,4,0,5,947,664,299,1
307,9,23,1,0,7,176,78,58,1
294,0,10,2,0,4,932,467,265,2
357,8,18,2,0,2,1247,950,421,2
311,5,17,5,0,4,169,72,98,2
286,4,17,1,1,8,902,718,346,0
179,6,3,6,0,11,593,328,165,2
56,9,0,2,0,5,109,82,60,1
94,3,5,5,0,10,1379,773,717,0
123,0,0,6,0,8,892,700,355,2
80,3,2,5,0,12,764,398,164,2
163,1,3,4,0,13,1267,914,288,2
330,2,4,3,0,3,1079,643,231,1
347,8,5,6,0,10,1136,662,521,2
265,1,9,1,0,11,1370,1043,726,0
134,5,5,3,0,9,516,409,109,1
69,9,18,1,0,9,518,272,210,2
242,0,5,6,0,13,1120,837,303,0
226,5,17,4,0,9,1439,780,714,0
58,9,2,4,0,8,1431,970,571,2
289,1,16,4,0,8,1368,799,527,2
237,4,20,1,0,3,1218,665,434,2
254,6,16,4,0,6,1155,648,594,2
364,7,22,2,0,11,639,409,147,2
116,6,2,6,0,6,662,388,263,2
333,3,5,6,0,5,802,489,234,2
245,0,2,2,0,11,694,443,312,2
231,3,4,2,0,11,867,448,439,2
345,8,11,4,0,8,161,99,72,1
276,3,8,5,0,13,1321,801,779,0
330,5,18,3,0,11,289,203,136,2
252,9,23,2,0,3,345,162,76,1
213,4,14,5,0,14,612,406,287,2
52,2,11,5,0,9,605,251,295,2
26,9,9,0,0,12,471,367,142,2
242,6,23,6,0,4,1454,875,800,2
360,0,4,5,0,6,597,293,290,2
22,4,4,3,0,6,1034,466,516,2
268,5,7,4,0,6,218,120,70,1
167,1,16,1,0,9,708,502,350,2
19,4,22,0,0,10,1215,842,644,2
18,3,4,6,0,10,163,103,80,1
99,5,20,3,0,3,1342,888,746,2
356,9,3,1,0,10,146,116,32,1
301,1,11,2,0,9,354,270,191,1
332,3,14,5,0,12,1185,759,551,0
125,3,23,1,0,7,364,151,109,1
276,7,16,5,0,6,1095,646,490,2
249,8,20,6,1,5,410,276,148,0
5,4,3,0,0,3,569,363,337,1
327,2,7,0,0,9,185,115,106,2
287,4,0,2,0,12,241,135,128,1
160,7,19,1,0,10,125,82,57,2
201,9,19,0,0,5,244,158,144,2
186,1,17,6,0,8,579,313,148,0
242,0,13,6,0,2,1245,808,401,2
208,4,4,0,0,14,767,416,225,2
213,3,1,5,0,6,447,275,134,1
112,3,13,2,0,2,642,446,143,1
319,8,22,6,0,10,1198,784,317,2
362,9,6,0,0,13,1173,756,634,2
250,3,21,0,1,11,264,204,157,0
140,3,10,2,0,8,453,185,220,2
308,0,13,2,0,13,819,604,293,2
140,9,13,2,0,4,660,432,190,1
80,3,21,5,0,13,1121,707,300,0
262,8,11,5,0,13,1029,483,609,0
39,6,18,6,0,3,1286,678,405,0
39,9,11,6,0,2,1047,617,217,2
334,3,1,0,0,6,721,505,315,1
60,8,7,6,0,11,551,387,241,0
183,0,12,3,0,2,783,515,296,1
185,3,12,5,0,7,744,302,266,2
242,5,4,6,0,13,1484,663,386,0
351,7,10,3,0,2,896,518,219,2
335,6,8,1,0,4,1444,751,503,2
304,3,6,5,1,11,342,175,71,2
262,0,14,5,0,8,405,307,102,2
258,1,20,1,0,12,1029,698,502,0
303,4,5,4,0,13,989,577,472,2
361,8,3,6,0,11,870,618,314,2
235,7,15,6,0,9,1142,908,234,2
148,6,11,3,0,3,1329,944,290,2
265,0,22,1,0,13,1141,511,619,2
197,8,23,3,0,13,776,438,258,2
68,0,1,0,0,6,709,297,214,1
269,3,3,5,0,9,355,266,73,2
134,4,12,3,0,7,172,119,79,1
220,1,5,5,0,4,866,600,288,2
18,8,15,6,0,5,242,155,138,1
170,2,8,4,0,13,1136,837,609,0
269,7,19,5,0,12,263,200,132,0
69,1,5,1,0,6,1035,645,540,2
135,0,0,4,0,8,838,432,430,2
279,2,15,1,0,4,1244,640,256,2
259,2,4,2,0,3,1270,827,687,2
174,0,2,1,0,7,956,443,279,2
198,3,18,4,1,11,1139,524,320,0
218,2,2,3,0,10,1446,773,544,2
1,2,2,3,0,2,876,607,321,1
46,5,8,6,1,2,1425,621,439,0
286,3,20,1,0,3,1259,634,282,2
159,0,6,0,0,13,1307,898,450,2
154,3,15,2,0,14,767,338,340,2
276,2,23,5,1,12,962,524,457,0
334,1,17,0,1,7,530,335,129,0
171,6,4,5,0,5,511,353,304,1
319,8,6,6,0,4,674,418,158,1
6,3,11,1,0,14,569,403,311,2
181,5,13,1,0,6,1025,695,460,2
242,6,2,6,0,14,540,253,192,2
89,9,19,0,0,13,751,512,410,0
18,0,8,6,0,7,445,304,253,2
118,0,5,1,0,12,1338,602,512,2
304,3,19,5,0,8,328,207,122,2
144,3,22,6,0,2,324,169,120,1
282,9,12,4,0,7,948,614,343,2
352,4,5,4,0,12,709,390,178,2
149,5,13,4,1,8,316,195,141,2
49,4,17,2,0,8,683,469,156,2
281,9,10,3,0,3,813,483,409,2
183,4,3,3,0,6,1492,1002,544,2
309,8,13,3,0,11,368,256,213,1
71,5,6,3,0,4,360,209,85,1
281,0,7,3,0,9,139,72,64,2
219,2,9,4,0,6,1163,705,574,2
172,5,1,6,0,12,310,203,164,2
303,9,23,4,1,14,675,446,233,0
275,0,12,4,0,7,753,567,430,1
122,9,5,5,0,6,1397,965,588,2
280,4,5,2,0,2,1227,665,700,1
341,5,18,0,0,13,1235,547,414,0
10,1,8,5,1,3,802,330,393,0
192,0,15,5,0,9,960,681,541,2
104,7,1,1,0,13,979,463,312,2
189,1,12,2,1,5,1291,706,320,2
63,4,5,2,0,2,164,116,47,1
328,0,17,1,0,14,839,407,248,0
93,1,22,4,0,10,599,301,278,1
20,6,4,1,0,8,357,262,129,1
153,2,5,1,1,7,586,370,144,2
305,2,19,6,0,2,1046,441,351,0
364,7,22,2,0,6,409,188,125,1
327,6,9,0,0,8,360,229,197,2
118,5,16,1,0,6,256,114,114,1
322,9,21,2,0,10,1062,543,389,0
190,8,16,3,0,3,386,165,175,1
242,4,5,6,0,12,584,408,153,2
305,0,1,6,0,2,964,676,310,2
62,4,12,1,0,5,1380,785,437,2
184,6,8,4,0,5,497,315,239,2
155,4,12,3,0,14,907,662,244,2
315,1,0,2,0,13,1019,577,499,2
264,3,0,0,0,13,739,386,254,2
227,3,13,5,1,7,563,281,241,2
334,1,7,0,0,12,1221,592,311,0
288,1,3,3,0,8,1453,1026,304,2
275,8,21,4,0,5,262,118,127,2
26,7,19,0,0,10,1461,793,808,0
88,6,1,6,0,6,1198,534,702,2
151,1,8,6,0,2,323,253,171,2
171,6,21,5,0,12,495,284,281,0
357,7,11,2,0,6,777,553,441,1
333,4,17,6,0,3,1073,508,318,0
37,5,7,4,0,6,1462,806,485,0
103,9,10,0,0,8,260,201,83,2
45,8,9,5,0,14,992,485,258,0
296,0,9,4,1,5,863,434,412,0
353,2,20,5,0,10,1138,804,305,0
206,1,7,5,0,9,955,483,433,0
49,7,3,2,1,10,988,686,399,0
7,9,0,2,0,11,1346,713,805,2
141,2,4,3,0,4,1369,820,462,2
231,2,15,2,0,10,716,413,184,2
155,1,0,3,0,14,361,169,213,2
360,1,21,5,0,5,259,105,99,2
195,5,22,1,0,10,310,204,185,1
242,2,18,6,0,3,118,77,61,2
151,2,12,6,0,4,1248,927,408,2
323,4,1,3,0,6,465,277,233,1
70,8,3,2,0,13,1325,616,642,2
91,9,4,2,0,5,1321,1024,574,2
74,2,1,6,0,14,930,517,333,0
213,7,22,5,0,14,996,770,320,0
175,1,6,2,0,12,1430,606,579,2
221,7,2,6,0,12,822,562,184,2
153,2,23,1,0,4,558,317,202,1
192,0,1,5,0,7,1002,583,438,2
75,5,0,0,0,2,1252,697,743,2
235,8,15,6,1,9,1107,663,276,0
8,0,0,3,0,9,211,116,122,1
76,7,0,1,0,3,1019,443,469,1
259,2,5,2,0,3,1454,887,319,2
29,9,23,3,1,9,799,429,375,2
269,5,4,5,0,8,936,411,376,2
257,7,11,0,0,11,1027,663,314,2
300,3,0,1,0,2,204,132,112,1
275,1,6,4,1,3,193,118,60,1
342,9,20,1,0,3,545,372,156,2
342,9,11,1,0,11,798,387,302,2
323,9,10,3,0,14,1312,830,359,0
314,7,20,1,0,2,1340,584,600,2
364,6,2,2,0,3,1085,798,534,1
191,6,1,4,0,9,584,261,144,1
131,1,15,0,1,11,1119,550,665,0
186,7,15,6,0,3,464,328,113,1
183,3,4,3,0,2,341,158,142,1
318,8,10,5,0,6,1430,986,297,0
289,1,16,4,0,10,884,448,177,2
207,5,3,6,1,12,943,715,380,0
288,2,17,3,0,12,420,218,208,2
89,8,19,0,0,6,809,583,343,2
81,5,13,6,0,12,1022,494,601,2
269,6,23,5,0,5,1473,938,304,2
349,5,19,1,0,6,211,146,46,2
241,1,23,5,0,8,441,303,184,2
138,4,10,0,0,6,373,240,89,2
122,7,4,5,0,5,436,295,122,1
121,6,17,4,0,10,517,305,217,2
35,3,10,2,0,5,323,255,76,1
140,4,13,2,0,3,817,468,446,1
125,2,4,1,0,5,1443,762,407,2
57,2,18,3,0,7,1005,566,599,2
301,7,1,2,0,3,222,123,55,1
281,4,18,3,0,7,945,660,198,2
170,0,3,4,0,5,538,385,304,1
319,6,14,6,0,10,670,310,311,2
227,6,22,5,0,12,1007,586,520,2
91,3,19,2,0,5,1030,413,328,2
60,3,3,6,0,12,639,334,239,2
330,0,18,3,0,8,1134,858,470,0
306,4,12,0,0,5,1241,754,258,2
157,5,5,5,0,5,566,289,311,1
113,6,8,3,0,9,285,177,83,2
266,8,22,2,0,7,776,390,452,1
208,0,20,0,0,2,817,578,370,2
216,0,12,1,0,2,923,709,264,1
220,4,18,5,0,12,458,240,111,0
54,3,21,0,0,8,1200,512,298,0
166,4,18,0,0,13,1164,808,515,0
362,4,18,0,0,6,334,221,179,2
247,9,15,4,0,4,531,212,149,1
86,1,12,4,1,3,777,479,234,2
135,7,12,4,1,13,698,323,327,0
364,9,0,2,0,6,1410,1000,719,2
155,5,21,3,0,13,1248,723,465,0
131,4,14,0,0,14,627,323,209,2
255,7,23,5,0,13,1486,925,831,0
156,0,17,4,1,6,344,229,170,2
108,7,22,5,0,6,641,316,175,2
192,4,22,5,0,11,995,606,414,2
39,7,2,6,0,8,924,664,234,2
134,8,15,3,0,6,1207,757,716,2
343,4,18,2,0,2,641,364,285,2
118,0,17,1,0,8,1396,695,286,0
56,0,6,2,0,3,767,473,349,1
245,5,8,2,0,2,398,168,103,1
236,1,15,0,0,7,493,268,116,1
246,3,1,3,1,9,1209,888,454,0
205,5,20,4,1,5,1297,605,460,0
95,5,12,6,0,14,446,184,149,2
17,3,21,5,0,5,203,160,83,2
202,5,21,1,0,10,974,670,378,0
230,6,14,1,0,14,538,383,225,2
196,5,10,2,1,7,944,620,194,0
93,4,21,4,0,10,792,485,432,2
340,7,2,6,0,11,1222,797,390,0
347,1,23,6,0,9,556,318,173,2
182,5,0,2,1,10,263,199,103,2
199,0,3,5,0,13,145,78,30,2
45,8,11,5,0,10,1073,614,535,2
190,2,1,3,0,9,592,464,202,1
347,9,4,6,0,9,1238,920,295,2
59,7,16,5,0,12,1028,786,410,2
237,7,18,1,0,10,376,260,218,2
90,4,7,1,0,6,378,212,113,2
241,0,1,5,0,2,391,252,169,1
24,5,3,5,0,5,1133,508,259,2
258,7,9,1,0,8,366,210,130,2
46,4,12,6,0,9,965,495,303,2
291,0,23,6,0,14,259,167,91,2
55,3,11,1,1,11,847,398,483,0
204,6,3,3,0,6,394,309,230,1
145,0,5,0,0,8,556,265,282,1
304,4,18,5,0,8,1277,627,543,0
56,3,10,2,0,3,602,452,248,2
167,4,18,1,0,2,817,481,270,2
99,3,5,3,0,10,853,557,366,2
223,9,11,1,0,7,292,189,86,1
236,8,12,0,0,3,848,463,472,1
221,9,7,6,0,11,1483,809,821,0
263,0,16,6,0,10,1113,747,467,2
72,4,17,4,0,6,1278,927,700,0
216,8,8,1,0,2,1007,604,267,2
289,5,16,4,0,11,1359,694,668,2
138,1,23,0,0,6,936,708,296,2
100,6,5,4,0,2,348,155,181,1
277,8,18,6,0,8,639,436,256,0
122,1,8,5,0,8,1191,658,269,0
31,6,12,5,0,7,434,333,153,1
48,4,14,1,0,13,939,423,553,2
302,8,7,3,0,7,444,241,146,2
159,6,22,0,0,12,258,129,110,1
188,9,15,1,0,2,592,376,301,1
290,4,14,5,0,12,1321,758,280,0
335,0,5,1,0,12,1061,636,586,2
138,0,15,0,0,8,884,374,256,2
149,6,0,4,0,13,906,658,252,2
171,8,23,5,0,14,106,50,49,2
51,8,11,4,1,7,852,356,275,2
194,5,23,0,0,3,905,439,454,1
305,5,20,6,0,11,1098,496,492,0
262,1,12,5,0,12,1053,485,331,0
50,0,12,3,1,2,568,345,175,2
93,2,20,4,0,6,582,456,211,2
262,3,11,5,0,7,794,333,431,2
130,7,16,6,0,13,599,297,269,2
251,7,12,1,1,14,985,770,213,0
207,6,4,6,0,5,585,323,343,1
329,4,7,2,1,5,480,305,191,2
277,5,10,6,0,11,1084,498,297,0
247,8,21,4,0,10,1189,726,504,0
126,4,20,2,0,8,370,273,206,2
76,0,4,1,0,12,1150,806,331,2
16,2,1,4,0,8,299,226,157,1
195,3,9,1,0,5,853,458,316,2
340,7,18,6,0,4,897,369,260,0
89,1,16,0,0,6,1350,608,363,2
230,5,15,1,0,5,834,430,463,1
8,5,16,3,0,5,1299,793,436,2
179,5,19,6,0,3,130,101,47,2
113,7,4,3,0,14,375,213,173,2
120,3,14,3,0,13,977,594,573,2
113,0,6,3,0,12,1055,613,398,2
357,7,21,2,0,3,497,344,184,2
223,6,3,1,0,5,1423,725,588,2
118,4,23,1,1,10,611,313,235,2
134,1,14,3,0,6,237,142,61,1
73,3,21,5,0,9,1066,463,291,0
152,1,9,0,0,4,125,84,64,1
266,0,20,2,0,14,1303,521,544,0
175,4,16,2,0,7,806,571,214,1
227,5,14,5,0,6,1345,988,549,2
315,5,5,2,0,10,567,280,204,1
302,0,21,3,0,8,773,322,181,2
346,7,21,5,1,6,1150,486,598,0
27,0,7,1,1,14,390,220,106,0
46,9,3,6,0,6,334,172,80,1
247,6,19,4,0,3,1356,1053,774,2
227,1,15,5,0,5,558,290,125,1
97,5,5,1,0,12,770,322,412,2
201,8,1,0,0,11,1358,930,283,2
251,8,8,1,0,14,1129,686,368,0
145,0,11,0,0,10,694,349,266,2
179,3,11,6,0,12,1012,524,292,2
101,7,23,5,0,8,526,231,195,2
33,2,14,0,0,2,610,283,213,1
101,3,19,5,1,4,899,611,472,0
199,7,22,5,1,2,248,137,94,2
297,0,1,5,1,2,593,468,133,2
174,2,15,1,0,11,1111,611,572,2
195,6,2,1,0,7,845,411,381,2
323,4,8,3,0,5,386,179,199,1
297,7,3,5,0,4,1470,1154,303,2
354,8,12,6,0,14,1162,871,591,0
178,0,21,5,0,14,1279,638,730,0
165,4,2,6,0,10,709,513,337,2
282,2,21,4,0,8,592,429,286,2
32,1,15,6,1,6,374,237,131,2
67,3,3,6,0,11,312,128,136,2
79,4,18,4,0,4,364,185,201,2
292,5,8,0,0,10,1148,827,535,0
44,7,9,4,0,14,476,349,261,2
164,8,7,5,0,9,542,224,187,2
138,5,20,0,0,3,1242,577,556,2
186,7,2,6,0,10,358,221,113,2
111,8,21,1,0,8,585,308,295,2
363,4,21,1,0,10,487,289,249,2
267,9,19,3,0,13,1152,736,628,0
89,7,15,0,0,5,930,641,550,1
310,6,12,4,0,6,1360,876,482,2
154,1,9,2,0,7,213,165,53,1
363,9,9,1,0,8,1165,690,455,0
266,2,9,2,1,13,1268,956,708,0
143,9,5,5,0,3,475,299,273,1
238,6,4,2,0,6,1197,503,401,2
137,6,17,6,0,4,1360,835,644,0
79,4,2,4,0,4,817,379,230,1
68,5,3,0,0,2,823,506,444,1
211,6,20,3,0,8,512,400,111,2
178,5,6,5,0,3,1312,905,519,2
271,6,10,0,0,8,1141,540,229,2
221,5,13,6,1,6,509,206,196,2
141,5,10,3,0,3,132,89,55,1
281,8,3,3,1,9,405,166,175,2
175,0,18,2,0,10,1246,625,610,0
351,2,11,3,1,14,892,648,519,0
232,6,5,3,0,11,1459,1047,323,2
195,3,17,1,0,12,1410,1050,828,0
243,6,5,0,0,12,131,57,77,1
280,4,15,2,0,9,847,460,362,2
328,1,5,1,0,2,999,604,559,1
175,8,23,2,0,14,1175,779,273,2
71,2,6,3,0,3,1277,808,708,2
106,6,0,3,0,13,361,237,118,2
141,2,17,3,0,12,711,414,168,0
308,2,0,2,0,13,1162,484,690,2
190,3,11,3,0,4,412,195,108,1
39,8,22,6,1,11,983,559,442,0
22,4,5,3,0,6,809,378,308,1
304,7,16,5,1,7,1050,699,232,0
263,0,17,6,1,2,1319,899,503,0
104,7,4,1,0,7,403,303,97,1
188,1,18,1,0,8,193,118,109,2
218,6,5,3,0,8,234,150,64,1
257,7,23,0,0,4,1391,831,789,2
113,4,14,3,0,2,489,306,106,1
177,7,22,4,0,2,1210,615,307,1
8,7,4,3,1,12,710,312,391,2
109,5,14,6,0,2,1222,501,668,2
264,5,10,0,0,13,310,239,172,2
59,6,22,5,0,7,212,107,101,1
275,0,1,4,0,5,1163,810,322,2
355,7,6,0,0,13,1183,817,479,2
258,7,7,1,0,9,1226,757,323,0
197,0,21,3,0,5,795,480,350,2
18,5,20,6,0,13,1131,720,537,0
19,0,2,0,0,7,1174,859,242,2
183,4,3,3,0,13,722,539,378,2
347,3,16,6,0,7,111,81,65,1
318,4,7,5,1,3,1469,622,371,0
281,1,17,3,0,11,1089,855,550,0
332,5,23,5,0,2,794,399,412,1
163,0,8,4,0,4,867,607,225,2
283,0,14,5,0,5,701,282,365,2
193,2,3,6,1,8,790,570,344,0
34,2,5,1,0,9,871,369,367,2
220,3,16,5,0,4,1173,715,580,2
292,4,2,0,0,10,1177,510,285,2
73,9,14,5,1,3,1113,691,510,0
30,6,0,4,0,12,420,241,217,1
173,5,16,0,0,10,611,452,123,2
10,8,16,5,0,3,1189,913,371,2
145,9,22,0,0,12,166,83,56,1
88,8,14,6,0,8,324,194,68,1
80,1,10,5,0,10,1448,877,467,0
6,1,0,1,0,10,1224,719,558,2
36,9,1,3,0,8,598,347,270,1
226,4,22,4,1,12,295,176,93,2
337,9,6,3,0,5,940,743,317,1
359,5,13,4,0,14,724,326,205,2
361,5,19,6,0,9,380,289,168,2
32,8,17,6,0,14,215,121,70,0
9,9,22,4,0,2,1032,789,515,1
164,5,17,5,1,2,215,168,49,2
305,8,22,6,1,14,1123,668,463,0
333,1,0,6,0,8,951,680,225,2
162,0,7,3,1,2,845,645,242,2
76,3,21,1,0,9,1431,1043,751,0
282,9,18,4,0,12,669,405,362,0
78,4,0,3,0,11,1332,910,432,2
175,3,13,2,0,12,325,143,87,1
342,1,15,1,0,13,602,314,271,2
129,5,19,5,0,4,953,635,299,0
44,4,16,4,0,3,118,53,49,1
292,6,20,0,0,12,1018,467,253,0
31,0,12,5,0,2,627,476,148,1
102,3,7,6,0,12,579,424,316,0
275,6,6,4,0,12,1326,533,272,2
276,4,0,5,0,9,991,596,353,2
146,8,13,1,0,8,1326,760,646,2
288,2,13,3,1,6,667,285,179,2
162,5,5,3,0,9,1108,773,475,2
361,3,20,6,0,2,1051,595,304,0
53,7,23,6,0,10,1245,858,442,0
141,2,10,3,0,5,1269,527,435,2
276,3,17,5,0,8,764,604,268,0
42,4,16,2,1,13,816,646,196,0
305,8,21,6,0,14,499,338,241,0
57,4,22,3,0,2,387,179,98,1
140,3,19,2,0,9,120,62,47,2
22,3,13,3,0,2,1204,837,430,1
91,9,7,2,0,8,1438,801,296,0
121,9,23,4,0,8,1282,831,478,2
228,9,12,6,0,10,581,282,243,2
78,6,8,3,0,13,637,401,331,2
108,7,5,5,0,8,373,188,166,2
248,5,21,5,0,11,177,119,65,2
134,2,19,3,0,9,1460,969,839,0
174,1,9,1,0,12,304,131,62,2
22,5,0,3,0,8,763,380,233,2
58,1,3,4,0,11,119,89,59,1
284,7,18,6,0,12,971,682,392,0
174,0,0,1,0,6,1109,868,513,2
85,3,1,3,0,10,1454,700,495,2
223,6,11,1,0,3,212,123,88,1
8,7,18,3,0,9,1164,678,270,0
10,9,1,5,0,8,235,136,125,1
152,2,4,0,0,6,681,416,293,1
355,3,17,0,0,8,1160,596,345,0
72,7,8,4,0,2,1159,845,385,2
22,5,0,3,0,5,853,477,509,1
211,2,3,3,0,6,675,470,299,1
318,9,5,5,0,7,1165,693,657,2
64,9,21,3,0,12,306,237,174,2
170,4,6,4,0,14,1219,795,268,2
102,5,17,6,0,13,1021,615,272,0
162,1,19,3,0,6,355,266,93,2
114,5,17,4,0,12,255,188,69,2
205,0,1,4,0,14,593,268,175,2
83,3,1,1,0,8,562,295,278,1
68,2,19,0,0,10,666,350,137,2
299,9,8,0,1,9,976,727,568,0
321,0,7,1,1,7,1149,823,288,0
308,1,22,2,0,4,1205,704,592,2
58,9,10,4,0,7,246,172,67,2
118,7,6,1,0,11,739,333,314,2
115,8,9,5,0,11,1067,716,297,0
99,8,6,3,0,8,743,487,433,1
86,2,22,4,0,12,292,166,98,1
53,5,11,6,0,14,453,222,101,2
167,4,2,1,0,6,591,286,197,1
245,3,8,2,0,9,1388,880,651,0
170,6,20,4,0,14,843,441,281,0
177,6,4,4,0,14,1122,508,499,2
43,1,22,3,0,12,664,434,392,2
143,8,12,5,0,10,423,328,229,2
257,9,23,0,0,9,292,212,169,1
270,3,19,6,0,8,426,192,159,2
363,3,9,1,0,10,122,71,33,2
163,5,16,4,0,2,295,128,142,1
100,4,13,4,0,8,396,292,94,1
163,6,6,4,0,2,1357,772,332,2
44,4,14,4,0,12,636,493,265,2
114,7,9,4,0,4,932,715,280,2
195,6,17,1,1,3,325,132,185,2
263,3,12,6,0,12,371,296,169,2
191,8,14,4,0,8,1158,555,345,2
299,3,3,0,0,4,440,322,190,1
262,7,22,5,0,10,226,160,120,2
99,6,17,3,0,7,1395,1069,539,0
300,0,17,1,0,5,681,442,180,2
167,9,20,1,0,2,329,157,162,1
266,4,7,2,0,11,747,430,312,2
188,8,14,1,0,4,648,455,203,1
213,9,9,5,0,3,1033,490,502,2
94,1,0,5,0,9,1199,572,601,2
166,7,4,0,0,9,692,388,182,2
143,4,4,5,0,6,420,329,179,1
262,9,4,5,0,13,848,372,469,2
162,0,12,3,1,9,951,518,479,2
115,9,14,5,0,12,510,327,282,2
351,0,2,3,0,13,1130,660,439,2
113,3,13,3,0,4,1499,1013,388,2
101,0,12,5,0,6,847,533,395,2
245,7,17,2,0,14,322,217,133,2
300,1,2,1,0,3,1174,601,685,2
198,7,14,4,0,14,155,79,41,1
97,0,19,1,0,14,155,116,88,2
235,9,0,6,0,4,927,659,310,2
118,5,23,1,0,4,1091,757,382,2
248,9,23,5,0,11,474,367,158,2
264,5,2,0,0,3,1424,831,594,2
281,9,7,3,0,8,461,311,171,2
351,1,14,3,1,10,1192,629,683,0
84,7,16,2,0,11,706,465,378,2
231,5,3,2,0,5,1351,881,346,2
136,5,8,5,0,4,1097,490,426,0
39,8,16,6,1,12,1218,637,642,0
324,9,20,4,1,7,187,88,65,2
14,6,5,2,0,2,613,276,249,1
34,9,12,1,0,11,323,251,138,1
111,4,9,1,0,13,867,526,209,0
137,8,16,6,0,14,140,66,35,2
116,2,1,6,0,2,694,529,210,1
276,2,21,5,0,11,1159,893,426,0
162,7,12,3,0,14,955,486,359,2
203,1,16,2,1,10,1483,864,885,0
213,7,13,5,0,7,1007,478,509,2
261,9,14,4,0,8,743,372,419,1
150,6,13,5,0,2,621,376,324,1
199,1,2,5,1,13,1437,689,702,0
341,2,4,0,1,10,996,717,234,0
337,4,17,3,0,11,574,320,139,2
64,0,10,3,0,10,642,319,238,2
82,6,6,0,0,4,1184,498,498,2
207,0,14,6,0,14,977,529,383,0
284,6,22,6,0,9,735,505,385,2
351,9,19,3,0,11,533,388,284,2
5,7,16,0,1,11,1478,902,586,0
182,8,23,2,0,14,1141,704,427,2
260,5,7,3,0,12,180,88,100,2
54,6,14,0,0,7,717,486,391,1
34,8,17,1,0,8,1284,1014,495,0
68,8,20,0,0,6,481,308,133,2
80,4,21,5,0,9,632,371,366,0
169,3,21,3,0,8,361,256,196,2
285,3,2,0,0,3,882,509,189,1
7,2,5,2,0,2,1412,1024,413,2
14,3,17,2,0,5,1477,1059,355,0
66,6,9,5,0,6,539,307,197,2
68,6,0,0,0,6,1014,641,228,2
214,9,5,6,0,8,685,489,334,2
279,9,9,1,0,14,594,269,136,2
168,1,3,2,0,6,148,85,46,1
12,8,15,0,0,7,681,471,310,1
263,2,0,6,0,4,485,321,228,1
197,9,3,3,0,8,1445,859,766,2
329,1,8,2,0,5,590,327,193,2
233,1,3,4,0,5,403,192,87,1
88,1,9,6,0,4,1450,1055,726,0
323,3,16,3,0,2,348,192,194,1
148,2,16,3,0,4,735,441,292,1
97,7,6,1,0,4,1377,849,777,2
163,6,13,4,0,14,877,557,383,2
151,9,3,6,0,7,1482,819,438,0
194,0,14,0,0,2,621,487,181,1
172,4,16,6,0,6,1227,825,518,2
145,0,21,0,0,4,1254,958,378,2
159,2,8,0,0,12,627,322,150,2
48,7,4,1,0,14,234,140,125,1
305,7,2,6,0,10,855,349,342,2
288,6,22,3,0,7,1302,809,578,2
331,7,3,4,0,7,982,511,554,2
330,1,23,3,0,12,950,643,477,2
90,6,22,1,0,10,1191,675,536,2
235,2,16,6,1,2,1457,694,394,0
55,7,22,1,0,11,1300,1029,444,2
55,7,6,1,0,9,983,632,440,2
41,8,16,1,0,8,604,324,240,1
258,2,19,1,0,3,525,370,114,2
182,0,4,2,0,9,1212,542,267,2
159,2,8,0,0,4,248,104,84,1
90,8,4,1,0,4,1463,1125,745,2
3,4,10,5,0,7,1285,955,542,0
255,1,8,5,0,13,1011,749,579,0
121,5,15,4,1,10,154,93,40,2
214,4,17,6,1,2,706,329,413,0
13,9,16,1,0,7,727,366,395,1
85,5,12,3,0,9,440,270,246,1
43,0,15,3,0,10,1162,863,632,2
0,4,10,2,0,10,277,132,106,2
37,4,14,4,0,4,781,609,179,1
72,8,17,4,1,14,423,300,103,0
358,9,8,3,1,14,1027,736,238,0
204,2,6,3,0,7,503,246,286,1
114,3,22,4,1,8,1232,819,603,0
91,3,1,2,1,9,709,370,240,2
166,4,9,0,0,6,596,462,159,2
64,4,5,3,0,10,1132,779,528,2
232,2,20,3,0,2,1319,556,268,2
231,2,23,2,0,8,1332,643,617,2
99,1,1,3,0,13,677,395,374,2
274,5,19,3,0,10,670,492,165,2
45,9,7,5,0,3,937,493,435,2
243,4,1,0,0,2,609,261,125,1
168,3,1,2,0,8,1342,663,795,2
190,8,15,3,1,9,604,477,233,2
128,1,18,4,0,14,1006,697,474,0
290,0,21,5,0,8,777,559,312,0
350,3,11,2,0,2,1184,854,310,1
243,5,12,0,1,7,937,617,527,2
30,9,10,4,0,5,100,40,37,1
133,8,10,2,0,14,570,413,334,2
302,8,2,3,0,3,1145,883,553,1
124,9,20,0,0,11,1112,840,400,0
249,6,19,6,1,7,997,496,369,0
109,0,8,6,1,8,302,208,66,0
132,3,9,1,0,2,357,259,191,1
163,2,13,4,0,3,674,428,354,1
215,8,3,0,0,4,740,362,204,1
269,5,14,5,0,12,1266,531,736,0
291,5,19,6,0,13,484,211,99,0
289,9,8,4,0,14,1054,646,266,0
23,7,14,4,0,6,538,239,217,1
301,6,7,2,0,7,1484,896,777,0
98,0,23,2,0,7,1042,467,218,2
344,1,15,3,0,3,324,187,141,1
117,8,11,0,0,5,787,434,199,1
301,7,0,2,0,8,1302,808,446,2
148,4,0,3,0,13,1429,902,690,0
109,8,18,6,0,2,1372,1003,397,0
338,5,6,4,0,3,621,337,203,1
287,8,12,2,0,14,1371,863,750,0
264,4,23,0,0,8,698,303,139,1
354,1,1,6,0,13,1494,1107,509,0
203,7,14,2,0,4,490,256,248,1
86,5,19,4,1,3,1203,745,501,0
358,3,6,3,0,10,841,388,454,2
310,8,10,4,0,10,171,109,72,2
101,6,4,5,0,12,224,160,81,2
64,2,7,3,0,11,985,398,449,0
29,9,18,3,0,2,835,582,414,2
16,0,13,4,0,8,1174,924,701,2
265,1,15,1,0,10,169,87,64,1
189,9,5,2,0,13,323,212,88,1
235,5,8,6,0,3,1406,655,484,0
42,9,23,2,0,13,1130,468,663,2
26,3,17,0,0,2,333,263,68,1
289,5,0,4,0,14,255,180,77,1
160,5,1,1,0,12,274,203,114,1
289,1,6,4,0,7,1100,473,288,2
23,5,20,4,0,14,459,219,115,2
177,8,8,4,0,12,1300,831,309,0
334,0,22,0,0,5,907,704,511,1
177,4,0,4,0,8,239,112,139,1
47,6,14,0,0,7,1048,806,613,2
15,3,23,3,0,10,1017,749,226,2
44,2,10,4,0,6,812,387,246,2
157,3,19,5,0,13,725,502,294,0
352,9,17,4,0,11,1093,584,305,0
127,9,10,3,0,13,1474,1063,449,0
240,1,7,4,0,11,153,99,75,2
141,7,19,3,0,8,1189,904,452,0
334,9,11,0,0,8,143,112,51,1
130,0,1,6,0,10,221,153,82,2
266,7,15,2,0,12,1274,939,437,2
76,7,23,1,0,10,176,104,104,1
6,9,22,1,0,12,905,388,238,2
141,7,8,3,0,5,1284,823,450,2
79,9,21,4,0,10,1113,550,488,0
57,1,20,3,0,4,990,522,423,2
49,5,18,2,0,10,1125,514,418,0
13,4,17,1,1,2,1102,840,527,0
287,5,14,2,0,11,984,759,356,2
77,5,21,2,0,9,1063,712,388,0
251,5,1,1,0,4,595,387,306,1
218,9,20,3,0,3,1237,547,360,2
62,4,2,1,0,12,614,288,199,2
28,2,16,2,0,11,777,430,254,2
77,9,3,2,0,3,129,85,26,1
316,8,5,3,0,11,1427,881,490,2
5,5,3,0,1,5,1376,697,384,0
21,1,3,2,0,7,388,278,198,1
122,9,19,5,0,14,833,434,451,0
262,6,21,5,0,9,846,654,343,0
178,0,20,5,0,4,401,193,150,2
304,3,17,5,1,14,1024,663,351,0
337,9,11,3,0,4,964,617,275,1
89,6,7,0,0,6,1441,951,459,0
171,4,13,5,0,3,1216,899,426,2
297,7,10,5,1,11,983,448,435,0
238,1,20,2,0,2,654,431,390,2
148,7,6,3,0,6,391,295,138,1
211,0,10,3,0,13,119,54,66,2
222,1,2,0,0,9,1040,495,375,2
162,9,22,3,0,3,831,637,242,1
348,4,22,0,0,3,461,195,249,1
347,1,21,6,0,5,340,222,147,2
309,8,15,3,0,5,763,526,321,1
182,5,23,2,0,7,277,115,145,1
187,8,1,0,0,4,1332,739,716,2
38,1,12,5,0,14,1196,749,593,0
41,0,21,1,0,13,1156,812,494,0
67,0,13,6,0,4,989,754,389,2
339,5,17,5,0,9,633,295,289,0
307,3,17,1,0,7,572,329,335,2
304,5,3,5,1,12,1260,547,716,0
169,8,2,3,0,14,220,108,82,1
102,4,9,6,0,8,1467,666,567,0
128,7,3,4,0,11,144,76,73,1
112,9,0,2,0,8,651,422,283,1
209,5,20,1,0,9,1037,440,421,0
299,7,13,0,0,12,434,246,94,1
199,4,14,5,0,14,1341,957,486,0
313,5,17,0,0,7,1263,751,387,0
198,3,22,4,0,11,1291,895,486,2
21,0,20,2,0,13,232,175,78,2
150,4,6,5,0,4,374,176,174,1
102,7,1,6,0,8,518,305,242,2
324,8,20,4,1,10,516,288,279,0
121,6,17,4,1,11,807,563,348,0
320,3,2,0,0,3,456,216,194,1
9,2,8,4,0,5,1291,553,667,2
94,5,1,5,0,11,1047,438,450,2
280,7,7,2,0,14,720,546,398,0
346,8,20,5,0,8,272,170,78,2
111,9,6,1,0,12,685,301,339,2
336,8,1,2,0,6,1038,612,210,2
7,7,16,2,0,8,209,111,52,1
243,0,15,0,0,8,427,234,126,1
0,0,10,2,0,3,900,669,524,2
101,5,21,5,0,4,1328,649,620,0
301,5,4,2,0,7,113,65,45,1
194,1,7,0,0,6,1306,684,317,2
136,6,17,5,0,11,1448,834,738,0
294,6,16,2,1,7,1385,1012,430,0
317,5,11,4,0,4,159,103,52,1
324,7,13,4,0,5,711,510,332,1
22,6,22,3,0,8,1138,540,258,2
222,8,22,0,0,11,1023,519,562,2
6,7,20,1,0,4,1077,499,413,2
313,8,14,0,0,10,295,126,143,1
90,0,1,1,0,13,613,341,161,2
50,0,22,3,0,11,842,419,290,2
105,1,18,2,0,9,1495,1102,568,0
119,3,4,2,0,14,1097,650,521,2
331,2,2,4,0,13,1053,553,535,2
262,9,14,5,0,10,1180,587,662,2
223,9,7,1,0,7,934,469,496,2
15,9,17,3,0,10,357,233,151,2
334,5,17,0,0,13,768,601,205,0
262,0,5,5,0,7,506,217,170,2
160,3,14,1,0,10,697,385,316,2
167,0,17,1,0,4,285,221,121,2
332,6,17,5,0,10,890,502,226,0
267,5,13,3,0,3,1420,578,649,2
18,5,0,6,0,10,400,232,122,2
361,1,22,6,0,13,814,446,314,2
209,0,10,1,0,10,1053,669,514,0
172,2,9,6,0,10,671,430,365,0
222,0,15,0,0,4,343,264,181,1
260,1,10,3,0,3,1335,717,462,2
99,9,7,3,0,7,1013,731,283,2
167,1,1,1,0,13,182,84,43,1
72,7,14,4,0,12,1312,930,523,2
157,0,5,5,0,10,1281,724,447,0
12,5,7,0,0,5,226,127,87,1
52,3,11,5,0,2,117,52,47,1
37,3,18,4,0,5,812,634,339,2
32,5,4,6,1,6,278,114,116,2
217,5,21,2,0,5,119,51,50,1
325,1,12,5,0,10,1341,873,775,0
81,3,14,6,0,8,478,232,130,2
56,5,13,2,0,3,275,126,110,1
298,1,15,6,0,13,713,558,385,2
69,0,15,1,0,6,1367,1054,731,2
272,8,15,1,0,10,1497,1056,614,2
298,7,19,6,0,10,529,235,237,0
187,6,20,0,0,5,1035,444,375,2
307,1,8,1,0,12,1456,1005,429,0
302,1,9,3,0,3,388,253,130,1
324,0,8,4,0,3,1457,1048,557,2
230,3,16,1,0,14,249,107,146,1
181,9,14,1,0,3,1191,887,486,2
233,2,17,4,0,5,820,642,328,2
57,8,9,3,0,9,970,669,365,2
271,3,6,0,0,10,334,184,137,1
357,0,23,2,0,3,665,331,339,1
234,0,10,5,0,9,605,275,243,2
100,7,15,4,0,11,281,166,149,1
192,0,23,5,0,2,1444,605,437,2
140,2,18,2,0,14,290,127,73,2
253,4,0,3,0,7,775,418,288,1
98,8,4,2,0,4,827,391,393,1
163,5,20,4,0,2,854,590,472,2
56,4,13,2,1,13,1142,780,676,0
273,2,21,2,0,4,559,434,148,2
37,4,8,4,0,5,1045,640,361,2
303,8,22,4,0,11,1468,1132,856,2
355,1,16,0,0,2,1478,1059,719,2
360,4,4,5,0,13,659,362,220,2
363,2,23,1,0,3,1442,833,662,2
230,2,8,1,0,10,690,323,397,2
22,5,20,3,0,4,357,195,212,2
312,2,1,6,0,8,677,421,202,2
246,2,3,3,0,2,851,673,285,1
163,7,6,4,0,6,467,343,261,1
329,7,10,2,0,12,828,582,277,2
268,8,4,4,0,11,645,400,214,2
224,8,11,2,0,10,1289,1027,634,2
194,8,4,0,0,3,197,108,115,1
341,7,1,0,0,10,1082,505,533,2
313,3,15,0,0,13,324,203,133,1
10,8,20,5,0,5,1013,534,364,0
355,7,18,0,0,7,733,562,344,2
354,4,0,6,0,4,961,451,452,2
302,3,12,3,0,8,683,299,302,1
338,1,21,4,0,2,477,264,223,2
350,5,15,2,0,3,1262,907,666,2
49,7,2,2,0,11,677,539,193,2
99,3,13,3,0,12,1378,958,332,2
150,4,4,5,0,9,539,422,307,2
203,8,5,2,0,13,1459,919,433,0
315,6,12,2,0,13,1029,553,464,2
267,2,14,3,0,14,193,150,81,1
20,2,13,1,0,13,1488,893,560,0
44,8,11,4,0,11,317,178,107,1
137,7,5,6,0,4,495,350,171,1
153,1,9,1,0,4,577,241,204,2
336,6,13,2,0,2,1259,607,654,2
263,9,23,6,1,14,1456,958,456,0
107,9,2,4,1,7,560,349,275,2
28,2,8,2,0,10,104,73,50,2
189,2,7,2,0,4,403,200,131,1
223,8,17,1,0,8,854,359,289,2
122,7,8,5,1,14,538,329,141,0
175,3,6,2,0,4,714,513,197,1
8,5,12,3,0,14,682,400,298,2
86,5,7,4,0,4,823,386,173,2
253,3,6,3,0,4,368,228,121,1
328,6,23,1,0,7,127,92,66,1
298,4,19,6,0,12,393,209,195,0
101,5,11,5,1,11,1162,547,445,0
289,6,1,4,0,13,453,300,254,2
300,5,19,1,0,8,264,171,53,2
134,9,3,3,0,5,100,73,42,1
235,3,19,6,0,8,286,150,145,2
214,2,3,6,0,4,284,214,100,1
299,0,5,0,0,8,1439,844,599,2
249,4,1,6,0,9,1129,479,663,2
261,3,7,4,0,10,1175,735,516,0
105,4,0,2,0,6,1120,758,344,2
7,5,12,2,0,8,1440,662,848,2
26,0,16,0,0,11,1135,689,655,2
72,5,22,4,0,13,1139,746,452,2
229,8,5,0,0,5,1057,497,326,2
303,9,4,4,0,10,1103,683,374,2
96,3,14,0,0,12,682,453,233,2
75,4,8,0,1,9,936,624,278,0
292,1,17,0,0,3,197,147,117,1
172,8,6,6,0,8,987,711,208,2
200,8,20,6,0,10,737,495,261,0
275,7,15,4,0,3,572,354,303,1
157,4,15,5,0,8,1419,724,746,0
292,6,12,0,0,10,1303,772,295,2
358,0,11,3,0,9,869,454,459,2
144,1,5,6,0,5,1249,739,738,2
66,0,23,5,1,4,302,235,179,2
264,4,0,0,0,9,316,251,130,1
50,7,8,3,0,8,1391,593,386,0
170,6,0,4,0,13,183,91,69,1
332,6,0,5,0,9,788,468,456,2
350,4,12,2,0,13,633,422,295,2
42,9,9,2,0,11,526,262,177,2
179,2,12,6,0,12,510,310,131,2
195,1,0,1,1,8,1371,740,752,0
108,0,13,5,0,2,967,550,382,2
188,6,1,1,0,11,1269,588,296,2
260,4,12,3,0,4,1281,845,493,2
321,8,11,1,0,7,1064,711,560,2
129,1,3,5,0,6,1104,678,638,2
162,8,0,3,0,4,1379,772,625,2
308,7,21,2,0,8,294,200,166,2
137,8,2,6,0,9,1146,797,403,2
3,6,6,5,0,8,1369,835,448,0
65,3,11,4,0,6,308,133,97,1
232,4,14,3,1,3,784,370,207,2
47,4,11,0,1,8,1012,588,316,2
117,6,22,0,0,12,977,529,439,2
310,5,21,4,0,6,523,418,221,2
55,4,17,1,0,3,904,529,429,2
316,2,12,3,0,7,911,520,416,2
203,6,19,2,1,10,1014,762,283,0
53,7,10,6,0,10,411,273,93,2
304,4,19,5,0,13,1304,734,636,0
331,8,18,4,0,4,451,207,183,2
86,7,15,4,0,8,531,244,312,1
148,0,21,3,0,2,573,278,302,2
285,4,18,0,0,12,185,123,74,2
27,2,4,1,0,8,1306,610,687,2
42,7,7,2,0,9,1024,735,333,2
95,8,13,6,0,5,1186,799,603,2
242,8,20,6,0,9,378,165,202,2
184,2,4,4,0,8,1462,1063,675,2
327,6,1,0,0,6,441,253,119,1
259,7,17,2,1,9,1463,733,753,0
132,5,1,1,0,11,1305,828,579,2
7,3,20,2,0,8,1418,1041,525,0
33,6,5,0,0,5,227,165,57,1
139,3,4,1,0,7,1486,809,873,2
15,6,19,3,0,4,1206,616,431,2
332,8,6,5,0,10,873,566,263,2
184,2,2,4,0,4,116,80,48,1
24,8,13,5,0,4,605,311,284,1
155,1,15,3,0,13,799,475,232,2
301,8,23,2,0,3,996,525,480,1
152,4,17,0,0,13,933,559,484,0
165,4,19,6,0,9,450,288,199,2
220,1,10,5,0,11,638,481,358,0
63,5,8,2,0,5,360,145,153,1
175,3,2,2,0,3,1195,762,449,2
257,7,4,0,0,2,1415,610,616,2
68,4,10,0,0,12,626,296,150,2
175,7,22,2,0,14,513,314,158,2
205,6,8,4,0,12,1131,590,240,0
241,4,21,5,1,14,863,684,496,0
267,2,5,3,0,13,469,258,239,2
92,4,19,3,0,2,471,283,169,2
6,1,2,1,0,6,311,181,185,1
339,9,4,5,0,2,1251,699,377,2
59,3,4,5,0,6,564,395,135,2
320,3,20,0,0,6,972,488,399,2
258,4,13,1,0,8,180,127,54,1
90,1,12,1,0,12,369,192,219,1
100,1,12,4,0,2,308,141,89,1
56,1,20,2,0,4,1295,953,267,0
220,3,10,5,0,10,831,361,429,0
259,3,15,2,0,4,945,600,292,1
212,2,2,4,0,5,1128,624,489,2
211,4,12,3,0,4,437,282,249,1
227,6,5,5,0,10,1164,592,405,2
137,8,23,6,0,5,843,362,190,2
11,2,16,6,0,7,244,178,70,1
117,1,1,0,0,11,288,133,116,1
230,1,20,1,0,13,717,292,366,0
364,1,9,2,1,8,1232,921,623,0
134,0,7,3,1,10,312,234,86,0
343,2,16,2,0,11,355,255,174,1
178,1,2,5,0,14,167,132,37,2
310,2,17,4,0,5,562,342,334,2
72,8,14,4,0,12,809,531,409,2
222,8,17,0,0,10,787,601,449,2
336,2,2,2,0,12,122,61,68,1
252,4,12,2,0,11,112,60,41,1
124,0,8,0,0,5,282,214,82,1
338,5,8,4,1,10,727,573,431,0
346,2,4,5,0,12,666,386,396,2
287,8,10,2,0,5,1362,960,810,2
246,9,5,3,0,13,1480,847,473,0
82,5,3,0,0,3,161,81,62,1
204,3,17,3,0,8,1422,1043,834,0
339,1,17,5,1,11,751,580,192,0
46,0,3,6,0,9,277,188,94,1
251,7,3,1,0,5,156,69,64,1
354,5,20,6,0,7,397,306,118,2
208,1,10,0,0,5,422,328,202,2
40,7,15,0,1,4,1151,815,342,2
363,3,22,1,1,6,176,87,54,1
67,8,19,6,0,10,733,418,437,0
356,7,20,1,0,12,244,103,81,2
338,5,17,4,0,2,112,78,53,1
316,3,21,3,0,5,413,172,222,2
269,2,14,5,0,11,1346,585,350,0
208,6,19,0,0,14,1314,774,762,0
42,9,7,2,0,8,579,305,329,2
161,0,2,2,0,11,1113,820,256,2
44,5,3,4,0,5,735,364,239,1
106,7,21,3,0,10,1207,507,437,0
282,9,19,4,0,6,307,195,105,2
154,8,8,2,0,9,1399,877,457,0
183,5,14,3,0,2,401,305,158,1
78,7,19,3,1,3,701,510,400,0
232,6,18,3,0,3,480,367,136,2
248,4,5,5,0,8,394,233,192,2
37,7,18,4,0,12,987,592,581,0
306,4,16,0,0,7,1370,986,544,2
247,5,12,4,0,12,518,280,292,2
179,6,4,6,0,7,264,115,86,1
106,9,3,3,0,7,822,549,337,1
346,4,6,5,0,6,156,67,56,1
325,2,16,5,0,4,1321,648,602,2
167,8,18,1,0,5,997,527,213,2
68,2,12,0,0,13,630,482,184,2
217,1,2,2,0,10,1126,894,246,2
253,4,6,3,0,9,729,398,320,2
333,3,2,6,0,2,1032,667,325,2
92,5,4,3,0,2,677,481,299,1
37,6,3,4,1,9,916,387,508,2
334,4,18,0,0,4,891,508,399,2
289,2,19,4,0,14,478,270,239,2
345,3,5,4,0,11,1144,705,366,2
36,7,16,3,0,13,256,109,141,1
125,1,3,1,0,5,879,666,303,1
118,5,2,1,0,14,1144,691,571,2
75,4,9,0,0,4,1395,1092,590,2
354,7,4,6,0,8,625,444,276,2
229,6,3,0,0,10,1286,722,561,2
8,3,21,3,0,7,1087,480,476,0
189,2,8,2,0,5,1110,801,616,2
360,4,8,5,0,2,1268,785,725,0
103,6,4,0,0,7,375,243,195,1
15,7,10,3,0,4,1299,613,711,2
107,1,5,4,1,13,170,101,46,2
295,8,20,3,0,12,739,371,423,0
318,8,10,5,0,12,492,224,244,0
45,1,8,5,0,9,684,435,306,0
268,2,13,4,0,2,581,397,305,1
95,7,5,6,0,4,561,427,219,1
285,1,14,0,0,2,211,87,114,1
265,6,1,1,0,13,442,265,221,2
216,6,4,1,0,7,793,353,171,1
82,6,18,0,0,6,792,598,389,2
127,7,17,3,0,6,1493,914,805,0
69,5,16,1,0,3,649,303,337,1
242,5,21,6,1,11,254,187,148,0
100,4,0,4,0,10,844,465,194,2
317,5,3,4,0,5,614,453,301,1
170,1,7,4,0,7,1260,766,394,0
265,9,22,1,0,6,1231,949,471,2
185,2,16,5,0,12,341,262,197,2
336,9,14,2,1,14,1073,550,558,0
61,2,15,0,0,14,256,181,108,1
256,2,23,6,0,11,1295,762,432,0
112,5,18,2,0,13,261,168,55,2
357,2,15,2,0,8,1245,878,389,2
320,4,8,0,0,14,875,600,347,0
275,0,1,4,0,11,638,435,347,2
278,9,14,0,0,3,668,418,156,1
186,8,18,6,0,2,536,271,215,2
336,8,18,2,1,6,1326,776,451,0
257,8,2,0,0,14,1184,674,604,2
103,0,8,0,0,13,1474,789,790,0
19,8,19,0,0,2,577,247,210,2
186,8,13,6,1,3,929,504,393,2
363,3,12,1,0,10,904,541,405,2
345,6,6,4,0,13,692,523,219,2
354,6,5,6,0,2,1276,578,443,2
227,0,8,5,0,6,914,683,208,2
354,3,6,6,0,6,391,303,130,1
170,7,21,4,0,10,1157,638,478,0
110,8,4,0,0,6,1004,716,355,2
299,7,18,0,0,12,1183,720,511,0
324,9,1,4,0,3,418,326,119,1
128,1,15,4,0,6,558,410,179,1
276,0,2,5,0,3,811,460,433,2
91,6,5,2,1,14,1037,587,299,0
113,8,9,3,0,3,696,356,274,2
203,4,9,2,0,5,1176,875,276,2
111,5,6,1,0,2,1067,756,239,1
313,4,10,0,1,9,970,760,441,0
9,2,5,4,0,12,334,203,150,1
304,0,8,5,0,5,1062,783,568,0
116,9,0,6,0,2,488,365,138,1
136,1,21,5,0,5,588,330,162,2
332,0,4,5,0,3,273,143,99,1
92,0,10,3,0,6,453,333,193,2
287,0,21,2,0,4,911,665,522,2
116,1,10,6,1,2,912,554,186,0
225,2,21,3,0,12,1236,904,499,0
32,3,2,6,0,8,1172,833,558,2
358,7,15,3,0,9,701,372,184,2
151,2,12,6,0,3,1362,974,607,2
313,1,16,0,0,12,430,183,107,1
93,4,12,4,0,5,133,82,78,1
208,3,7,0,0,5,169,125,77,1
189,8,14,2,0,6,1033,474,220,2
294,6,4,2,0,9,974,514,393,2
218,2,16,3,0,14,148,108,47,1
165,9,8,6,0,7,1214,707,566,0
307,2,22,1,0,9,256,182,91,1
215,5,7,0,0,6,950,524,450,2
206,8,0,5,0,3,1306,976,583,2
158,2,17,6,1,9,744,403,410,0
309,1,11,3,1,13,1306,791,371,0
172,7,11,6,0,14,1272,782,304,0
242,2,15,6,0,10,614,360,249,2
342,1,5,1,1,6,513,366,256,2
232,3,5,3,0,2,579,391,244,1
102,4,18,6,0,14,1094,870,300,0
226,4,2,4,0,11,537,344,157,2
80,0,21,5,0,4,1453,839,497,0
105,4,20,2,0,14,351,190,101,2
136,5,13,5,0,8,1207,750,332,2
171,3,4,5,0,14,354,215,166,2
42,0,14,2,0,9,1342,1071,604,2
106,3,18,3,0,2,928,419,438,2
233,4,0,4,0,9,1302,1015,303,2
330,4,22,3,0,5,961,627,274,1
44,3,6,4,1,7,1418,881,608,0
32,9,12,6,0,5,1236,718,703,2
12,8,8,0,1,2,1159,707,295,0
140,8,10,2,1,9,550,424,131,0
345,8,15,4,0,6,655,327,300,1
216,3,12,1,0,14,321,155,161,2
309,7,18,3,1,2,1463,1087,329,0
173,0,3,0,0,9,1073,689,237,2
230,6,22,1,1,11,679,360,318,2
0,4,8,2,0,9,423,329,193,2
317,7,4,4,0,12,300,213,126,1
250,0,3,0,0,11,1478,789,401,2
348,0,13,0,0,3,1219,567,628,2
2,8,5,4,0,11,1268,681,571,2
117,0,0,0,0,12,799,332,272,2
237,7,0,1,0,12,604,334,247,2
293,7,22,1,1,11,755,549,218,2
354,2,22,6,0,3,215,166,56,1
125,1,8,1,0,9,757,406,339,2
357,9,19,2,0,11,149,73,74,2
264,4,15,0,0,4,1099,611,271,2
45,2,15,5,0,3,1078,810,404,2
237,4,6,1,0,14,662,311,317,2
171,4,7,5,1,13,987,707,279,0
252,6,7,2,0,9,384,166,108,2
226,1,21,4,0,10,540,368,175,2
76,1,20,1,0,14,1357,616,758,0
180,1,3,0,0,8,233,163,109,1
50,5,8,3,0,14,205,142,58,2
148,4,21,3,0,7,275,136,146,2
31,1,23,5,0,8,517,216,128,2
147,1,19,2,0,9,485,323,175,2
52,2,10,5,0,8,299,193,170,2
276,8,15,5,0,8,231,152,62,1
176,1,15,3,0,3,492,245,190,1
317,4,5,4,1,2,514,357,156,1
165,3,0,6,0,13,1234,590,577,0
283,3,6,5,0,9,1325,712,590,0
189,4,19,2,0,12,160,72,74,2
174,7,21,1,1,10,1291,957,639,0
234,6,17,5,0,5,600,399,276,2
2,9,22,4,0,2,591,278,336,1
233,2,6,4,0,4,157,101,55,1
123,3,7,6,0,2,1300,577,566,0
252,5,18,2,0,8,1190,602,501,0
67,2,22,6,0,3,355,167,152,1
309,4,12,3,0,12,974,749,418,2
200,9,1,6,0,14,319,143,83,2
346,2,18,5,0,5,490,267,168,2
342,0,7,1,0,7,1216,919,283,2
226,0,9,4,0,6,485,216,158,2
364,3,9,2,0,10,1351,639,652,0
229,2,16,0,0,12,1309,878,649,2
54,2,23,0,1,8,489,364,157,2
204,4,21,3,0,2,774,450,336,2
27,7,22,1,0,3,1161,875,275,2
106,3,5,3,0,8,169,98,85,1
312,7,2,6,0,13,1330,1048,297,0
171,6,5,5,0,7,592,331,172,2
146,9,1,1,0,13,761,565,246,2
41,9,13,1,0,4,761,316,259,1
46,2,1,6,0,9,316,212,86,2
40,6,10,0,0,7,1468,1173,574,0
77,7,20,2,0,5,837,623,429,2
284,2,14,6,0,7,986,703,258,2
323,7,7,3,0,8,1435,1037,779,0
40,4,6,0,0,13,1467,1046,726,0
22,1,6,3,0,2,1476,695,360,2
101,8,5,5,0,14,393,222,221,2
119,1,17,2,0,13,926,722,490,0
345,2,13,4,1,6,244,104,130,2
114,2,1,4,0,3,211,160,86,1
118,1,22,1,0,3,422,298,158,1
75,4,20,0,0,2,1491,895,425,0
243,5,19,0,1,10,106,63,53,0
163,4,1,4,0,7,215,130,127,1
251,5,21,1,1,13,956,540,191,0
100,7,4,4,0,10,968,472,306,2
215,8,19,0,0,2,191,117,95,1
350,6,19,2,0,14,202,118,99,2
53,7,21,6,0,8,625,414,245,0
7,7,11,2,0,10,168,111,98,1
98,5,4,2,0,11,1293,771,479,2
100,3,11,4,0,3,1192,760,335,2
288,7,13,3,0,8,1431,804,740,2
178,3,8,5,0,14,503,279,122,0
275,2,10,4,0,10,1462,838,409,0
0,4,17,2,0,9,1306,735,696,0
252,3,13,2,0,5,458,339,98,1
7,2,3,2,0,8,370,182,159,1
63,5,23,2,0,7,1295,786,398,2
147,9,20,2,0,10,1245,708,615,0
21,6,2,2,1,2,178,125,42,1
162,5,4,3,1,7,853,349,198,2
312,5,14,6,0,4,272,159,67,1
326,3,15,6,0,9,351,197,132,2
213,1,16,5,0,5,1125,835,402,2
118,1,15,1,0,14,1455,1060,773,0
256,8,15,6,0,5,1004,550,474,2
44,4,21,4,0,13,1172,835,359,0
142,7,20,4,0,9,1058,434,579,0
166,9,9,0,0,5,705,296,402,2
9,2,11,4,0,10,1271,801,699,2
149,7,23,4,1,11,754,378,321,2
291,4,23,6,1,4,809,502,389,2
116,2,21,6,0,12,1481,673,394,0
280,5,20,2,0,6,882,395,222,2
150,2,3,5,0,13,370,222,85,2
243,3,6,0,0,7,828,567,187,1
186,8,23,6,0,11,1319,738,719,0
163,7,7,4,1,10,562,244,262,0
188,3,5,1,0,13,1022,643,455,2
247,6,5,4,0,8,728,294,294,1
220,8,15,5,0,3,374,220,161,1
93,6,21,4,0,4,355,157,207,2
304,4,15,5,0,11,1093,691,481,2
163,2,19,4,0,8,478,316,194,2
20,4,8,1,0,7,956,572,411,2
166,3,11,0,0,12,499,212,128,2
309,8,12,3,0,9,1371,699,704,2
150,4,1,5,1,9,1229,556,736,0
326,3,16,6,0,10,775,419,246,2
340,8,1,6,0,10,849,615,345,2
263,1,5,6,0,12,1393,784,726,0
251,5,13,1,0,3,415,222,206,1
114,6,23,4,0,4,1094,748,545,2
19,9,15,0,0,13,565,397,197,2
220,9,19,5,0,3,164,114,41,2
206,6,20,5,0,6,1471,1080,677,0
22,0,11,3,0,2,893,422,259,1
295,3,1,3,0,2,1081,735,352,1
240,0,5,4,0,8,1421,790,802,2
345,8,22,4,0,2,445,318,121,1
311,7,23,5,0,5,669,426,204,2
287,3,7,2,0,4,1305,666,485,2
351,8,23,3,0,5,777,368,349,1
40,6,9,0,0,5,1305,603,670,2
65,6,13,4,0,13,1221,700,731,2
69,8,6,1,0,11,120,87,28,1
32,2,20,6,0,11,941,717,217,0
113,6,8,3,0,9,513,243,186,2
46,1,16,6,0,2,847,589,478,2
40,5,9,0,0,7,756,478,323,2
144,2,23,6,0,14,1022,701,418,0
71,4,3,3,0,7,421,170,95,1
160,7,21,1,0,6,758,445,417,2
286,7,10,1,0,4,951,657,402,2
53,2,23,6,0,13,211,149,123,2
181,8,9,1,0,11,1344,927,532,0
123,5,20,6,0,12,296,162,90,0
276,5,12,5,0,14,225,121,106,2
41,2,5,1,1,2,796,601,450,2
110,9,14,0,0,8,1107,876,254,2
44,8,5,4,0,5,845,546,283,1
13,3,15,1,0,10,314,178,106,1
164,5,12,5,0,6,295,153,66,1
223,6,19,1,0,8,413,247,238,2
166,1,6,0,0,13,1078,847,470,2
174,9,5,1,1,8,817,602,297,2
278,3,15,0,0,7,1407,876,372,2
173,2,23,0,0,11,206,160,85,1
131,1,4,0,0,4,709,556,194,1
65,2,0,4,0,11,629,364,273,2
78,6,14,3,0,9,870,349,357,2
172,5,14,6,0,3,869,640,275,2
21,2,6,2,0,6,637,489,328,1
323,3,14,3,0,11,1084,783,449,2
146,8,15,1,0,3,788,465,171,1
212,3,9,4,0,6,881,501,471,2
104,8,8,1,0,6,739,458,393,2
159,8,0,0,0,12,299,141,126,1
141,2,10,3,0,9,268,175,71,2
104,8,16,1,0,3,695,424,353,1
247,0,4,4,0,4,1487,798,771,2
281,3,19,3,0,13,243,100,97,2
106,4,23,3,1,7,328,171,172,2
232,9,8,3,1,4,849,579,497,0
323,9,7,3,1,4,1252,565,618,0
174,0,13,1,0,11,800,479,221,2
120,4,2,3,1,12,1043,549,536,0
176,4,14,3,0,7,686,495,246,1
63,7,11,2,0,10,1197,802,323,2
94,2,11,5,0,2,1027,703,520,2
127,3,11,3,0,10,423,272,120,1
242,6,16,6,0,2,1003,772,556,2
301,3,16,2,0,7,362,164,181,1
259,1,23,2,0,7,128,100,30,1
174,1,17,1,0,6,509,276,279,2
84,7,21,2,0,6,986,541,204,2
181,1,7,1,0,7,1156,783,435,2
277,6,10,6,1,2,979,589,316,0
115,6,8,5,0,10,293,230,79,2
172,7,0,6,0,4,949,431,214,2
93,0,16,4,0,4,1045,542,294,1
75,6,2,0,0,11,466,202,158,1
70,3,7,2,0,12,1098,451,548,0
80,3,7,5,0,13,542,382,261,0
202,7,14,1,1,11,274,125,158,2
30,9,18,4,0,12,1384,916,666,0
210,5,18,2,1,4,772,397,251,0
115,5,5,5,0,7,1126,530,279,2
221,2,11,6,0,13,116,50,60,2
265,3,16,1,0,9,562,263,325,1
363,5,8,1,0,10,116,82,28,2
212,7,23,4,0,9,1293,562,529,2
165,4,21,6,1,4,513,379,104,0
267,0,23,3,0,12,1365,1022,777,2
142,1,17,4,0,14,483,209,223,0
39,2,6,6,0,9,699,363,171,2
282,3,10,4,0,6,1233,719,486,2
241,8,5,5,0,8,382,163,143,2
160,1,11,1,0,11,1239,849,453,2
335,6,1,1,0,9,135,57,38,1
239,9,15,3,0,7,1427,601,728,2
282,3,4,4,0,11,1251,529,452,2
338,5,4,4,0,11,241,128,83,1
158,9,3,6,1,13,672,287,238,0
242,9,0,6,0,5,307,242,126,1
300,7,12,1,0,11,1254,795,315,2
63,2,20,2,0,4,1382,674,601,0
304,6,3,5,0,4,1187,578,623,2
171,4,17,5,1,10,1091,752,551,0
156,8,4,4,0,6,745,355,381,1
64,9,22,3,0,14,528,403,173,2
252,1,16,2,0,5,1429,716,463,2
85,2,4,3,0,4,730,435,324,1
74,4,2,6,1,8,491,325,244,2
61,4,20,0,0,12,992,500,373,0
261,7,15,4,0,14,1032,485,519,2
40,1,0,0,0,3,117,48,65,1
90,7,19,1,0,13,293,130,107,2
158,6,13,6,0,3,828,656,355,2
355,5,23,0,0,3,1092,842,459,1
12,3,12,0,0,13,843,434,397,2
344,7,8,3,1,8,887,586,512,0
282,4,9,4,0,4,1078,445,490,2
286,1,19,1,0,7,861,669,493,2
177,8,12,4,0,7,715,426,210,1
103,9,18,0,0,14,574,347,179,0
132,9,5,1,0,12,203,91,105,1
22,7,2,3,0,13,1157,805,463,2
283,9,0,5,0,6,1254,797,342,2
153,3,15,1,1,14,1122,830,320,0
60,5,6,6,0,13,1200,776,285,0
123,9,7,6,0,13,156,65,57,2
189,0,20,2,0,8,978,514,384,0
321,4,1,1,0,3,1470,1053,348,2
21,7,9,2,1,2,1476,704,589,0
29,8,0,3,0,11,1185,677,439,2
236,1,18,0,1,11,1327,537,630,0
55,2,11,1,1,10,507,355,204,2
144,6,5,6,0,3,533,407,248,1
250,0,14,0,0,8,1169,568,650,2
242,0,5,6,0,5,690,477,396,2
212,1,11,4,0,10,1325,913,457,2
358,9,12,3,0,12,1448,811,433,0
72,4,6,4,0,7,1267,721,754,2
131,2,3,0,0,3,1451,773,596,2
239,0,2,3,0,12,1051,457,480,2
309,8,5,3,0,7,162,76,55,1
255,7,6,5,0,10,558,438,140,2
9,8,11,4,0,2,1453,776,783,2
289,4,16,4,0,2,648,336,311,1
333,3,16,6,0,6,595,304,220,2
273,8,18,2,1,14,1446,758,415,0
142,7,17,4,0,4,256,137,72,1
286,9,20,1,1,13,583,294,184,0
78,3,2,3,0,5,1121,649,331,2
25,5,14,6,0,2,1466,1142,861,2
20,0,21,1,0,8,1417,762,597,0
169,8,1,3,0,8,1363,986,599,2
3,3,20,5,0,6,177,75,76,2
117,7,17,0,0,3,1461,1064,317,0
315,4,9,2,0,9,402,299,178,2
96,4,12,0,0,8,1431,949,361,2
23,6,16,4,0,10,974,501,459,2
155,9,7,3,0,2,1378,841,333,2
324,8,21,4,0,12,119,94,61,2
23,6,3,4,0,14,1166,660,551,2
17,6,12,5,0,6,651,300,348,2
327,9,21,0,0,3,1399,566,445,0
58,5,13,4,0,13,829,412,217,2
93,5,5,4,0,4,989,785,399,1
133,4,21,2,0,7,362,218,204,2
197,2,21,3,0,9,1004,438,301,0
151,3,13,6,0,9,1039,636,598,2
27,4,8,1,0,13,421,227,93,2
155,0,22,3,1,8,1111,575,300,0
293,1,6,1,0,4,130,83,33,1
127,2,7,3,0,4,1012,646,492,2
345,2,23,4,0,8,1284,937,765,2
135,9,5,4,1,3,963,709,216,2
12,3,9,0,0,5,499,347,274,2
177,5,11,4,0,12,694,327,387,2
233,9,20,4,0,6,745,469,371,2
352,8,3,4,0,2,1433,1030,318,2
100,0,13,4,0,5,925,545,186,1
124,3,11,0,0,10,962,430,356,2
199,3,16,5,0,10,1479,1020,855,0
242,1,2,6,0,14,1032,573,571,0
67,4,7,6,0,13,909,553,201,0
254,0,11,4,1,14,465,231,94,2
4,3,21,6,1,5,498,208,201,0
241,1,16,5,0,3,1039,729,492,2
91,1,3,2,0,7,254,129,119,1
162,9,17,3,0,5,943,381,393,2
214,1,14,6,0,6,1397,1040,714,2
110,5,5,0,0,2,102,72,33,1
296,6,3,4,1,12,638,371,348,2
187,4,9,0,0,8,212,144,93,2
254,9,3,4,0,14,317,184,65,2
280,6,22,2,1,6,423,213,231,2
199,2,10,5,0,13,612,372,268,0
154,1,11,2,0,9,576,418,151,1
46,1,10,6,0,6,1089,553,230,0
221,3,15,6,0,7,882,451,316,2
128,4,15,4,0,6,748,483,430,1
77,2,22,2,0,12,280,147,142,1
269,6,7,5,0,2,336,200,94,2
290,3,11,5,0,2,1016,792,357,2
241,6,17,5,0,4,209,163,114,2
298,4,10,6,0,7,939,698,469,0
100,9,16,4,0,11,1424,620,745,2
318,6,8,5,0,14,1272,920,509,0
25,4,8,6,0,12,891,516,337,0
173,7,12,0,0,4,587,283,249,1
32,5,14,6,0,5,1434,665,384,2
250,7,2,0,0,6,890,394,467,1
68,8,15,0,0,8,623,408,328,1
303,3,19,4,0,4,753,541,153,2
270,6,9,6,0,7,582,288,176,2
267,3,2,3,0,2,1317,979,405,2
207,7,16,6,0,2,494,244,158,1
293,1,18,1,0,2,928,445,496,2
121,0,5,4,0,5,1116,798,441,2
54,8,1,0,0,6,775,531,340,1
345,9,20,4,0,2,905,581,253,2
285,0,8,0,0,9,180,76,99,2
331,9,5,4,0,6,223,169,73,1
156,9,2,4,0,13,1313,646,562,2
41,6,14,1,0,7,1233,702,696,2
200,7,18,6,0,14,743,317,381,0
317,1,23,4,0,14,1024,649,373,2
46,2,16,6,0,6,1003,748,532,2
236,5,13,0,0,12,526,380,254,2
254,2,2,4,0,5,1359,902,298,2
116,4,1,6,0,4,684,383,286,2
91,3,12,2,0,11,223,127,109,1
227,1,23,5,0,14,1386,914,369,0
205,5,6,4,0,2,1282,776,673,2
322,6,2,2,0,12,141,62,50,1
234,3,12,5,0,2,922,520,301,2
262,0,1,5,0,14,616,262,132,2
358,5,5,3,0,11,616,478,256,2
316,1,1,3,0,11,935,640,210,2
97,9,11,1,0,12,578,418,176,2
277,2,12,6,0,2,155,89,60,1
169,4,16,3,0,8,1386,788,278,2
364,4,3,2,0,10,946,637,446,2
12,0,0,0,0,14,290,142,167,2
184,6,5,4,0,10,433,288,125,1
337,7,11,3,0,7,680,348,144,1
13,4,23,1,0,4,748,330,150,1
140,7,4,2,0,11,1203,485,526,2
192,1,1,5,0,4,249,178,91,1
270,6,3,6,0,3,965,705,249,2
150,4,2,5,0,3,933,508,399,2
220,2,8,5,0,14,512,338,202,0
15,7,20,3,0,10,543,263,262,2
283,2,15,5,0,12,892,562,231,2
74,4,11,6,1,2,226,180,46,2
289,0,18,4,0,14,523,229,117,0
263,4,11,6,0,4,344,140,185,1
261,3,15,4,0,11,733,493,273,2
338,8,23,4,0,10,934,428,231,2
41,1,7,1,0,14,315,224,116,2
110,2,20,0,0,10,1350,949,289,0
122,0,12,5,0,14,1392,1069,476,0
20,4,1,1,0,13,572,330,308,2
91,3,16,2,0,9,277,221,130,1
32,8,9,6,0,3,1238,612,727,0
318,4,6,5,0,7,510,280,183,2
283,7,3,5,0,7,1280,622,329,2
347,1,19,6,0,4,234,131,60,2
18,9,9,6,0,6,1103,745,324,0
106,9,7,3,0,3,930,381,497,2
312,3,14,6,0,7,115,76,60,1
176,3,9,3,1,3,174,99,87,2
345,8,13,4,0,2,692,295,244,1
221,1,5,6,0,8,1169,537,597,2
190,7,17,3,0,5,635,329,299,2
127,0,1,3,0,7,1246,545,315,2
65,3,12,4,0,4,1285,868,261,2
40,6,13,0,0,9,984,655,198,2
334,6,13,0,0,4,1325,591,602,2
227,2,12,5,0,14,921,475,525,0
100,2,10,4,0,7,1342,763,608,0
345,9,20,4,1,14,1304,715,480,0
97,2,22,1,1,4,1457,1000,693,0
50,3,5,3,0,14,1054,635,508,2
118,5,3,1,0,2,720,458,336,1
309,3,11,3,0,12,785,626,326,2
185,6,1,5,0,2,1272,799,630,2
24,2,18,5,1,14,314,180,138,0
162,9,2,3,0,7,529,422,308,1
246,5,0,3,0,3,1407,637,761,2
307,0,8,1,0,7,345,169,96,2
289,0,7,4,0,3,798,548,384,2
345,9,15,4,1,4,539,412,257,2
102,7,21,6,0,8,1446,595,451,0
239,9,14,3,0,2,362,170,87,1
208,5,22,0,0,8,1279,619,476,2
281,8,20,3,0,5,907,605,407,2
356,4,22,1,0,8,234,137,107,1
289,4,23,4,0,12,112,46,31,1
319,0,21,6,0,6,332,143,79,2
299,6,4,0,0,8,966,667,412,2
320,4,12,0,1,13,1467,620,727,0
75,8,4,0,0,7,966,641,213,2
112,2,8,2,0,13,522,411,289,2
193,4,11,6,1,8,669,273,185,0
103,1,5,0,0,8,484,343,143,1
148,9,7,3,0,3,149,71,35,1
215,0,18,0,0,4,316,138,72,2
36,6,11,3,0,5,750,354,188,1
157,4,13,5,0,6,1322,889,365,2
44,8,14,4,0,4,572,451,258,1
203,8,1,2,0,8,550,311,213,1
297,7,17,5,0,10,459,226,254,0
17,7,8,5,0,4,242,187,124,2
108,7,3,5,0,14,1434,806,788,0
264,7,9,0,0,6,229,116,90,1
266,9,6,2,0,3,215,151,87,1
246,3,18,3,0,9,1225,815,733,0
359,6,18,4,0,11,1447,1037,862,0
208,1,3,0,0,3,1368,695,359,2
295,2,9,3,0,14,1056,836,504,0
218,3,6,3,0,8,1452,1048,300,2
159,9,1,0,0,5,1435,757,524,2
69,7,7,1,0,11,512,371,156,2
315,8,3,2,0,2,1289,989,496,2
69,3,14,1,0,2,1046,444,505,1
278,8,16,0,1,12,935,434,373,0
41,0,15,1,0,2,1290,884,537,2
148,3,16,3,0,5,608,359,154,1
93,1,5,4,0,14,1140,876,407,2
175,1,3,2,0,12,1433,623,407,2
234,0,23,5,0,10,577,301,269,2
61,6,12,0,1,3,541,301,160,2
285,1,9,0,0,11,874,686,509,2
351,0,11,3,0,13,1075,708,380,2
153,9,19,1,0,10,388,167,136,2
76,6,6,1,1,7,722,350,292,2
219,3,18,4,0,13,957,742,431,0
219,0,6,4,0,12,906,550,281,2
303,4,18,4,0,8,541,309,156,2
296,2,16,4,0,6,471,334,185,1
11,2,10,6,0,5,197,115,78,2
282,2,6,4,0,11,1022,715,493,2
191,2,13,4,0,13,574,359,340,2
64,5,11,3,0,8,1430,724,403,2
318,9,10,5,0,7,559,250,185,2
318,2,6,5,0,12,1447,1015,440,0
169,6,23,3,0,8,472,350,147,1
188,1,11,1,0,14,1314,859,718,0
302,1,19,3,1,11,1240,972,370,0
1,1,18,3,0,6,162,74,37,2
170,9,11,4,0,9,196,124,78,1
38,6,3,5,1,3,546,411,120,2
359,3,16,4,0,14,336,210,150,2
231,7,14,2,0,2,618,265,311,1
256,8,21,6,0,12,1303,1018,773,0
88,7,13,6,0,6,423,205,90,1
78,8,4,3,0,8,697,363,197,1
89,6,15,0,0,9,840,628,264,2
97,7,1,1,0,9,845,440,473,2
54,0,11,0,0,8,873,487,253,2
59,9,17,5,0,6,531,313,253,2
362,4,21,0,0,12,488,250,166,2
92,5,6,3,1,11,962,440,383,0
261,9,5,4,1,2,1291,827,746,2
208,8,22,0,0,14,930,649,338,2
79,9,9,4,0,5,577,289,121,2
82,8,22,0,0,11,317,144,187,1
176,8,6,3,0,6,482,202,245,1
153,5,9,1,0,12,877,597,255,0
207,5,6,6,0,12,1328,708,521,0
319,1,9,6,0,6,309,127,139,2
58,5,1,4,0,9,1289,622,349,2
163,1,21,4,0,10,113,67,60,2
15,3,9,3,0,6,1493,910,306,0
88,1,11,6,0,8,654,306,194,2
359,0,12,4,0,13,1309,905,439,2
323,1,13,3,0,4,1474,905,676,2
14,7,4,2,0,3,1334,702,495,2
300,7,2,1,1,6,1478,808,826,0
78,9,8,3,0,11,1472,1002,671,0
98,3,0,2,0,8,1388,818,304,2
253,1,9,3,0,8,894,538,368,2
285,3,5,0,0,4,1104,586,487,2
102,6,6,6,0,3,1017,665,390,2
121,8,18,4,0,5,1322,889,379,0
156,0,18,4,0,4,1223,503,542,2
298,2,7,6,1,4,156,97,79,2
359,8,5,4,0,8,1212,899,342,2
108,8,17,5,0,14,1013,435,524,0
68,6,9,0,1,8,1481,965,453,0
43,8,18,3,0,8,438,347,148,2
142,5,10,4,0,2,831,356,384,2
327,5,3,0,0,7,118,64,41,1
83,7,18,1,0,10,1048,627,373,0
74,8,22,6,0,4,164,128,77,1
161,5,4,2,0,9,1423,751,739,2
236,9,1,0,0,5,135,63,54,1
325,4,17,5,0,14,1462,619,538,0
53,8,6,6,0,7,342,139,80,1
364,8,21,2,0,3,1351,588,610,2
268,1,14,4,0,9,982,418,214,2
358,3,19,3,0,3,372,212,172,2
226,1,4,4,0,14,1407,759,739,0
208,1,3,0,0,4,511,263,221,1
238,2,23,2,0,3,532,291,153,1
12,1,23,0,0,10,1397,1025,491,2
36,0,8,3,0,13,619,253,302,2
292,7,0,0,0,11,211,161,97,1
242,7,2,6,1,9,1010,416,395,0
312,7,19,6,1,9,1171,773,614,0
141,0,4,3,0,8,743,507,337,1
296,3,19,4,0,4,1481,888,656,0
315,2,15,2,0,6,1231,514,546,2
142,3,9,4,1,12,1014,676,236,0
271,2,5,0,0,5,1435,1101,495,2
321,6,23,1,0,6,701,386,248,1
83,4,17,1,0,13,857,529,386,0
275,1,22,4,0,13,467,222,277,2
169,3,3,3,0,8,919,586,372,2
201,4,12,0,0,5,433,289,201,1
22,9,6,3,0,4,576,402,334,1
306,7,23,0,0,11,1279,932,543,2
55,7,11,1,0,8,404,250,151,1
22,2,15,3,0,13,898,675,387,2
266,3,22,2,0,6,994,629,515,2
145,8,21,0,0,10,245,132,56,2
285,1,12,0,0,3,364,199,146,1
52,4,13,5,0,11,1167,560,467,0
259,2,11,2,0,2,118,83,39,1
153,7,22,1,1,13,1432,1044,316,0
241,5,16,5,0,12,996,788,224,2
27,6,22,1,1,4,1352,1054,381,2
193,3,1,6,0,7,108,78,46,1
246,9,4,3,0,10,472,195,179,1
120,8,15,3,0,9,1005,698,332,2
171,9,0,5,0,3,1081,503,631,2
147,6,23,2,0,10,372,260,78,1
363,0,12,1,0,10,1449,1022,812,2
215,1,14,0,0,4,751,448,408,1
76,1,2,1,0,14,409,304,100,2
214,6,6,6,0,3,1140,519,446,2
35,2,21,2,1,7,1227,857,348,0
165,8,6,6,0,9,1034,773,316,2
9,4,5,4,0,3,944,714,356,1
15,0,2,3,1,9,399,179,117,2
134,2,14,3,0,5,459,236,197,1
191,5,17,4,0,3,1422,759,739,0
145,8,17,0,0,10,1346,674,282,0
250,4,5,0,0,8,1102,601,298,2
142,2,1,4,0,5,1023,755,570,2
350,0,1,2,0,6,334,156,173,1
248,3,23,5,1,14,400,248,110,0
313,1,12,0,0,12,1141,680,662,2
319,1,8,6,0,3,1418,792,823,0
220,8,23,5,0,8,1404,620,402,0
186,6,2,6,1,6,798,634,320,2
211,8,13,3,0,5,418,209,101,1
318,0,14,5,0,12,536,278,149,2
294,4,13,2,0,14,1003,767,400,2
177,1,0,4,0,9,1028,460,356,2
245,9,21,2,0,4,660,290,161,2
335,4,20,1,0,7,467,294,135,2
81,1,9,6,1,11,126,65,47,0
257,7,8,0,0,3,678,327,291,2
58,1,18,4,1,3,1063,747,508,0
10,7,13,5,0,11,692,378,346,2
355,6,4,0,1,5,840,645,404,2
197,7,12,3,0,8,1167,591,573,2
71,5,1,3,1,5,645,290,222,2
250,6,3,0,0,2,433,287,163,1
337,0,10,3,0,11,993,543,278,0
27,6,7,1,0,13,648,320,197,2
262,2,10,5,0,6,1230,616,628,0
275,1,13,4,0,6,1458,830,716,2
310,6,4,4,0,12,101,42,20,1
237,2,20,1,0,4,642,370,327,2
53,7,13,6,0,14,387,286,185,2
264,1,22,0,1,12,1174,799,660,0
205,2,6,4,0,4,410,220,235,1
74,5,4,6,0,2,170,130,58,1
5,7,19,0,0,12,1458,599,368,0
139,4,12,1,0,5,519,291,255,1
46,8,9,6,0,7,1074,654,412,0
97,0,14,1,0,11,1290,966,393,2
85,1,1,3,0,5,1433,1039,750,2
328,9,1,1,1,2,437,192,178,1
146,3,19,1,0,8,1372,652,564,0
14,2,4,2,0,5,429,204,255,1
294,2,19,2,0,14,749,424,194,0
201,7,18,0,0,5,1165,823,378,2
321,4,20,1,0,10,468,227,133,2
51,7,1,4,0,12,1004,432,230,2
358,5,1,3,0,12,1195,590,642,2
172,2,6,6,0,8,653,263,280,2
355,4,15,0,0,12,579,456,345,2
241,1,20,5,1,12,592,460,136,0
359,6,2,4,0,12,1053,625,466,2
90,1,21,1,0,3,208,100,117,1
245,5,3,2,0,9,1490,796,610,2
323,6,5,3,0,5,894,545,259,1
78,4,10,3,0,6,1020,512,324,2
5,2,9,0,0,8,905,667,437,2
282,1,20,4,0,6,817,340,420,2
99,9,8,3,0,8,1289,530,356,0
74,8,7,6,0,4,1158,903,477,0
55,8,22,1,0,13,292,137,101,1
5,6,17,0,0,5,1181,865,524,2
28,8,1,2,0,4,336,248,116,1
324,0,16,4,1,3,1343,867,450,2
216,7,10,1,0,13,1040,686,516,0
259,7,4,2,0,14,161,65,82,1
350,7,7,2,0,12,691,436,155,2
206,8,6,5,0,3,1199,922,359,2
18,7,11,6,1,10,661,401,362,0
117,0,1,0,1,2,1140,701,487,2
116,5,9,6,0,13,740,485,201,0
144,1,19,6,0,8,1392,834,604,0
204,4,9,3,1,4,425,280,200,2
335,2,0,1,0,13,455,187,144,2
152,5,10,0,0,7,435,332,139,2
218,8,21,3,0,6,1161,489,556,0
180,6,10,0,0,2,483,302,259,1
170,8,0,4,0,14,1082,457,323,2
135,9,13,4,1,5,585,451,244,2
298,3,4,6,0,14,249,110,127,2
170,0,13,4,0,13,1127,633,263,2
346,8,13,5,0,13,1278,636,319,0
241,1,5,5,0,10,864,400,283,2
340,6,1,6,0,12,672,381,230,2
317,6,22,4,0,2,319,251,130,1
204,9,22,3,0,2,1104,580,247,1
233,1,23,4,0,8,1247,989,343,2
155,7,1,3,0,9,1205,687,259,2
108,2,8,5,0,9,1187,936,273,0
68,1,3,0,0,5,1362,592,583,2
108,4,1,5,0,10,819,593,382,2
270,0,0,6,0,11,538,294,293,2
296,4,12,4,0,13,483,325,222,2
155,1,0,3,1,2,168,72,90,1
330,0,11,3,0,10,763,312,295,2
189,2,7,2,0,12,1424,630,445,0
210,6,22,2,1,9,312,152,156,2
41,2,3,1,1,5,785,435,351,2
79,7,20,4,0,6,265,109,110,2
189,3,3,2,0,14,476,287,227,2
137,5,2,6,1,14,569,385,316,0
53,9,10,6,0,6,210,100,53,2
191,2,7,4,0,3,1352,927,670,2
279,8,13,1,0,11,1246,573,296,2
258,0,2,1,1,6,177,101,45,1
65,6,11,4,0,5,1283,807,704,2
238,8,3,2,0,10,1273,978,473,2
184,3,16,4,0,11,419,286,155,1
275,4,12,4,0,13,1134,901,528,2
157,9,7,5,0,7,848,655,442,0
119,5,17,2,0,2,738,575,192,2
101,0,8,5,0,9,825,588,182,0
348,7,11,0,0,9,1011,434,512,2
89,3,19,0,0,3,144,66,71,1
192,6,14,5,0,4,100,62,42,1
29,5,4,3,0,6,899,686,370,1
306,8,14,0,0,5,879,652,454,1
44,5,5,4,0,6,1160,816,433,2
201,9,1,0,0,11,1463,738,445,2
357,5,4,2,0,3,1035,819,602,1
278,8,22,0,0,14,1284,683,417,0
104,4,8,1,0,14,468,216,117,2
39,9,5,6,0,7,1202,688,456,2
118,7,13,1,1,3,393,237,204,1
214,2,22,6,1,10,547,400,280,0
62,7,10,1,0,6,528,335,172,2
288,7,7,3,0,14,1156,785,677,0
33,7,9,0,0,12,104,56,59,2
153,9,6,1,0,2,1452,976,314,2
158,5,19,6,0,10,1378,887,725,0
1,8,1,3,0,7,1191,695,279,2
31,4,20,5,0,4,1265,606,341,0
340,4,4,6,1,5,1427,727,358,0
196,6,13,2,0,2,522,361,161,1
174,7,12,1,0,2,421,201,200,1
174,2,1,1,0,5,1383,797,361,2
123,3,18,6,0,8,1461,937,501,0
124,2,9,0,0,6,680,382,167,2
223,4,23,1,0,11,832,446,300,2
195,1,7,1,1,5,1057,805,573,0
111,4,6,1,1,4,903,638,276,2
211,1,9,3,0,13,1374,839,532,0
183,7,21,3,0,4,429,201,246,2
121,3,16,4,0,7,277,144,96,1
77,8,2,2,0,10,1076,502,454,2
232,3,23,3,0,2,1120,730,463,1
29,6,4,3,0,5,1425,941,509,2
126,2,18,2,0,9,123,96,61,2
111,5,5,1,0,12,283,173,94,1
28,4,11,2,0,12,1316,867,426,2
232,2,6,3,0,10,933,497,266,2
8,3,6,3,0,14,147,106,32,1
317,2,3,4,0,2,1127,851,471,1
114,4,23,4,0,9,660,395,141,1
358,2,3,3,0,14,123,95,59,1
77,8,6,2,0,10,519,311,232,1
146,9,10,1,0,13,788,343,245,0
260,4,18,3,0,2,629,424,361,2
256,5,19,6,0,14,994,550,461,0
121,1,20,4,0,5,928,465,332,2
353,4,14,5,0,7,232,132,76,1
132,4,1,1,0,11,1427,682,834,2
282,9,19,4,0,8,1285,742,483,0
30,8,19,4,0,3,376,265,209,2
107,3,18,4,1,4,487,377,290,2
127,5,11,3,0,11,544,317,168,2
12,7,13,0,0,8,207,127,112,1
210,2,12,2,0,7,145,86,73,1
20,0,22,1,0,5,115,76,62,1
48,3,15,1,0,9,1094,847,385,2
323,2,8,3,0,13,1045,549,550,0
166,9,13,0,0,8,505,217,238,1
115,2,8,5,1,7,187,148,101,0
13,4,12,1,0,9,778,510,334,2
267,3,22,3,0,4,468,274,116,1
34,2,12,1,0,9,494,343,287,1
106,5,15,3,0,9,122,51,48,1
150,8,5,5,0,13,1469,1102,577,0
196,2,3,2,0,12,640,477,178,2
233,6,9,4,0,11,1044,709,449,0
286,8,7,1,0,4,624,462,154,2
176,9,14,3,0,7,176,95,46,1
292,4,12,0,1,10,483,280,123,2
299,8,23,0,0,8,610,297,328,1
32,5,20,6,0,12,1363,842,642,0
295,0,9,3,0,7,940,540,289,2
144,1,14,6,0,7,977,392,226,2
149,3,14,4,0,5,1311,998,634,2
30,6,23,4,0,14,341,139,148,2
196,1,2,2,0,14,322,164,174,2
240,8,15,4,0,6,1439,894,813,2
45,6,21,5,0,3,190,126,82,2
225,2,13,3,0,8,1424,1010,389,2
320,1,7,0,0,9,620,434,184,2
171,4,5,5,1,9,739,412,435,0
235,5,11,6,0,5,107,69,25,1
272,4,9,1,0,2,686,354,398,2
40,8,8,0,0,2,511,321,205,1
338,1,2,4,0,4,604,339,336,1
135,9,14,4,0,12,1072,549,233,2
183,9,10,3,0,7,1020,525,337,2
79,4,20,4,0,11,111,63,57,2
151,5,9,6,0,10,1136,734,250,0
21,5,19,2,0,13,288,135,77,2
22,8,18,3,0,2,610,261,234,2
305,9,0,6,0,8,359,275,73,1
311,9,20,5,0,11,1484,610,665,0
354,5,8,6,0,6,477,259,247,2
318,6,18,5,0,2,295,215,68,2
200,3,18,6,1,8,921,478,365,0
299,6,18,0,0,2,575,438,147,2
182,8,20,2,0,7,841,499,403,2
249,4,23,6,0,14,1135,540,607,0
159,7,19,0,0,11,1082,713,509,0
275,8,0,4,0,3,882,411,300,1
127,2,0,3,0,10,683,409,260,2
115,1,16,5,0,13,761,330,418,2
225,5,14,3,0,8,1420,840,475,2
170,5,8,4,0,7,908,416,408,2
169,5,3,3,0,12,178,76,76,1
224,1,1,2,0,7,852,573,372,2
259,9,18,2,0,11,543,279,242,2
332,7,21,5,0,11,540,244,263,0
27,1,14,1,0,6,152,81,35,1
321,5,4,1,0,6,726,347,357,1
308,5,4,2,0,13,856,390,402,2
204,6,16,3,0,2,494,353,146,1
21,6,15,2,0,5,688,512,335,1
62,0,10,1,0,5,573,407,258,2
361,2,4,6,0,4,535,397,157,1
9,1,19,4,0,13,537,370,209,2
163,7,16,4,1,2,565,263,220,2
175,1,22,2,0,11,968,476,487,2
105,4,0,2,0,7,208,140,53,1
169,7,0,3,0,10,1411,853,708,2
332,5,20,5,1,5,1166,623,559,0
274,9,7,3,1,7,1386,981,358,0
232,4,17,3,0,9,468,209,224,2
34,1,2,1,0,5,1367,628,323,2
165,2,4,6,0,13,575,276,260,2
116,8,19,6,0,11,1287,754,744,0
346,1,22,5,0,7,989,484,275,2
150,0,0,5,0,3,187,130,61,1
43,8,19,3,0,10,170,120,99,2
338,9,22,4,0,2,1360,640,323,2
42,1,1,2,0,2,1277,595,563,2
167,7,3,1,0,3,128,63,73,1
90,0,16,1,0,8,708,458,418,1
303,7,21,4,0,2,1450,683,605,0
343,3,10,2,0,13,526,383,204,2
183,7,16,3,1,3,838,419,395,2
276,6,1,5,0,11,575,305,151,2
115,0,7,5,0,13,1022,563,397,0
201,2,23,0,0,10,540,375,312,1
204,4,15,3,0,14,893,479,518,2
321,1,12,1,0,14,198,150,60,1
319,8,10,6,0,2,1233,560,419,2
19,7,9,0,0,7,489,318,143,2
364,1,7,2,0,4,1421,1057,324,2
331,5,15,4,0,4,975,512,545,1
277,8,8,6,0,9,1213,542,702,0
221,0,15,6,0,13,653,295,199,2
122,0,20,5,0,13,1162,630,615,0
289,5,1,4,0,13,195,114,109,1
163,5,11,4,0,8,932,673,189,2
210,8,15,2,0,6,1326,1004,453,2
5,7,8,0,0,11,725,309,191,2
163,7,18,4,0,5,117,82,50,1
24,9,9,5,0,14,624,314,191,0
19,8,23,0,1,4,162,120,37,1
146,3,13,1,0,3,455,305,135,1
189,7,22,2,0,6,702,303,420,1
160,7,20,1,0,3,945,638,504,2
219,4,13,4,0,9,1113,704,228,2
267,7,20,3,0,7,742,546,249,2
73,7,9,5,0,7,292,167,128,2
4,6,23,6,0,11,539,362,218,2
344,7,12,3,0,10,866,689,402,2
286,6,8,1,0,3,417,303,137,1
188,9,2,1,0,3,280,147,73,1
289,4,21,4,0,9,1241,517,670,0
168,5,22,2,0,7,219,109,95,1
15,5,15,3,0,6,612,333,184,1
299,0,6,0,0,5,769,517,157,1
138,6,4,0,0,4,994,710,228,1
192,4,21,5,0,3,1246,573,729,0
0,9,6,2,0,14,940,541,527,2
144,9,18,6,0,12,1105,811,601,0
72,6,10,4,0,2,656,426,267,2
178,7,8,5,0,13,829,374,399,0
228,7,15,6,0,5,657,497,177,2
175,5,7,2,0,2,369,219,114,1
1,3,1,3,1,10,900,715,275,0
163,1,16,4,0,9,1111,517,480,2
319,6,7,6,0,14,954,508,448,0
276,4,10,5,0,6,1252,555,710,0
0,7,2,2,0,10,643,417,375,2
158,5,13,6,0,9,1147,558,425,2
217,0,15,2,0,4,664,357,135,1
205,4,17,4,0,5,1316,972,513,0
24,8,19,5,0,10,225,136,98,2
41,3,15,1,0,2,1466,716,525,2
364,7,16,2,0,13,977,413,235,2
60,8,16,6,0,8,604,362,162,2
72,3,13,4,0,5,717,442,410,1
279,8,5,1,0,11,928,720,343,2
132,2,15,1,1,2,583,268,217,2
28,7,7,2,1,10,1147,611,293,0
197,2,2,3,0,13,1237,650,436,2
197,8,0,3,0,6,1199,567,503,2
248,0,18,5,0,13,1429,771,539,0
194,9,0,0,0,9,1443,703,745,2
259,9,13,2,0,9,426,226,88,1
108,4,5,5,0,6,471,216,177,1
353,5,17,5,0,5,1009,678,357,0
358,6,18,3,0,8,549,380,261,2
270,7,13,6,0,4,738,447,433,2
85,5,11,3,0,7,945,733,263,2
34,8,3,1,0,11,1434,593,343,2
142,5,16,4,0,4,1337,709,392,2
323,9,18,3,0,6,975,658,231,2
276,8,10,5,0,3,741,302,433,2
102,3,22,6,1,11,770,407,319,0
251,7,17,1,0,2,1464,961,567,0
139,7,3,1,0,7,122,88,41,1
269,8,7,5,0,3,320,155,184,2
19,0,3,0,1,10,985,530,279,0
231,3,6,2,1,14,932,550,216,0
1,2,12,3,0,13,1360,1011,617,0
62,3,2,1,0,2,892,478,185,1
33,8,6,0,0,8,1416,738,644,2
113,9,3,3,0,8,845,588,273,2
76,5,0,1,0,6,426,276,206,1
331,7,14,4,0,14,1105,749,503,2
252,3,4,2,0,4,303,233,169,1
318,2,6,5,0,7,340,257,127,1
189,9,9,2,0,13,236,159,56,2
37,6,4,4,0,12,1224,763,616,2
172,9,13,6,0,2,724,442,193,1
233,2,16,4,0,13,1145,669,379,2
286,0,17,1,0,3,1307,973,541,2
207,5,11,6,0,8,933,658,301,2
91,3,19,2,0,4,298,143,62,2
42,9,1,2,0,5,1173,523,591,2
353,6,13,5,0,2,569,341,177,1
361,0,5,6,0,6,392,205,233,1
149,8,7,4,0,9,890,687,178,2
252,2,6,2,0,13,1030,461,304,2
362,2,20,0,0,12,1376,952,690,0
100,6,9,4,0,7,330,176,102,2
324,8,18,4,0,7,135,102,76,2
195,0,23,1,0,14,1257,752,406,2
15,9,20,3,0,14,1315,635,567,0
19,0,8,0,0,3,986,422,343,2
245,4,1,2,1,14,910,631,528,0
213,8,5,5,0,11,952,652,375,2
0,1,14,2,0,4,935,465,240,1
283,9,8,5,0,5,1151,482,662,0
273,3,12,2,0,5,974,478,357,1
147,2,18,2,1,8,389,270,179,0
112,0,2,2,1,10,887,679,318,2
248,1,12,5,0,2,433,292,126,1
93,2,2,4,0,6,1186,474,634,2
258,5,6,1,0,5,1331,638,594,2
36,1,2,3,0,10,419,332,162,1
340,9,16,6,0,4,1254,772,296,2
57,4,21,3,0,4,642,463,218,2
350,5,8,2,0,12,1400,597,321,0
191,2,11,4,0,5,520,249,215,1
64,6,4,3,1,8,176,102,35,2
18,5,13,6,0,12,760,374,358,2
16,6,9,4,1,5,859,371,348,0
37,9,7,4,0,8,865,511,325,2
149,7,14,4,0,13,171,108,83,1
60,4,21,6,1,5,313,166,110,0
25,0,2,6,0,8,309,157,117,1
22,7,12,3,0,12,614,264,331,2
242,3,16,6,0,5,322,241,188,1
24,9,20,5,0,10,1009,626,486,0
275,5,14,4,0,14,1169,873,552,2
49,0,10,2,0,4,243,189,138,1
206,9,21,5,0,4,1231,593,454,0
147,5,5,2,0,5,230,177,111,1
315,7,6,2,0,9,517,354,129,1
36,9,15,3,1,8,809,425,329,2
16,4,13,4,1,5,1369,554,671,0
49,2,8,2,0,3,941,682,337,2
276,9,15,5,0,6,106,47,30,1
89,4,20,0,0,14,355,164,124,2
270,0,9,6,0,13,204,160,98,2
310,0,18,4,0,8,259,119,139,2
10,3,11,5,0,5,124,94,50,1
326,6,21,6,0,4,1139,671,551,0
18,8,1,6,1,14,809,504,319,0
356,4,0,1,0,11,1252,662,516,2
232,7,0,3,0,13,445,286,146,2
54,1,9,0,0,2,1404,787,463,2
293,9,6,1,0,14,649,480,307,2
138,9,21,0,0,13,1133,546,267,0
354,5,13,6,0,8,597,390,226,2
266,7,23,2,0,8,870,430,395,2
46,1,21,6,0,14,1103,451,512,0
110,7,9,0,0,8,927,699,285,2
317,6,3,4,1,9,857,372,405,2
357,9,3,2,0,4,494,269,191,1
218,6,18,3,0,3,1410,620,816,0
56,5,10,2,0,13,604,385,263,2
303,0,1,4,0,14,685,277,303,2
62,5,13,1,0,11,125,94,52,1
212,9,14,4,0,11,539,315,219,2
146,4,2,1,0,12,212,145,98,1
283,6,15,5,0,7,1377,1081,575,2
271,9,17,0,0,13,1138,847,673,0
275,9,22,4,0,9,474,249,256,1
209,9,1,1,0,8,721,346,378,1
13,9,21,1,0,3,370,152,205,2
105,2,20,2,1,12,644,296,270,0
22,9,6,3,0,8,631,313,173,1
161,0,18,2,0,12,579,235,205,2
217,0,3,2,0,2,1066,604,560,1
350,3,7,2,0,5,817,356,196,2
234,1,4,5,0,13,575,449,256,2
24,4,5,5,0,2,241,146,73,1
302,9,22,3,0,5,861,582,270,1
175,4,8,2,0,10,1302,960,751,0
132,5,21,1,0,4,1340,909,730,0
203,0,12,2,0,10,807,515,240,2
347,8,21,6,0,9,835,572,350,0
204,3,11,3,0,2,163,123,79,1
344,3,18,3,0,10,1125,459,302,0
63,5,2,2,0,7,1172,830,502,2
43,8,12,3,0,4,1302,808,568,2
165,0,7,6,0,11,661,343,295,0
64,2,17,3,0,3,456,219,216,2
290,8,9,5,0,5,156,109,80,2
302,3,4,3,1,14,591,417,198,0
91,9,21,2,0,3,276,132,158,1
56,4,21,2,0,3,1205,562,338,2
317,2,21,4,0,3,1490,1021,797,0
217,1,18,2,1,7,101,54,22,2
90,0,8,1,0,10,1160,598,501,0
293,9,13,1,0,9,1364,1088,632,2
1,0,1,3,0,2,981,650,497,1
282,5,2,4,0,4,1389,1072,538,2
156,9,11,4,0,14,337,189,162,2
268,2,22,4,0,7,1114,620,582,2
0,8,9,2,0,10,916,702,472,2
185,5,12,5,0,4,918,629,247,2
94,3,6,5,0,3,376,257,179,1
115,9,23,5,0,8,849,547,248,2
176,4,0,3,0,4,646,367,241,1
52,3,3,5,0,8,1356,1036,689,2
227,8,14,5,0,5,762,331,430,2
124,7,1,0,0,6,164,76,84,1
27,1,12,1,0,13,277,116,146,1
180,9,15,0,0,10,343,267,80,1
308,6,20,2,0,6,694,434,235,2
119,2,4,2,0,5,365,171,140,1
117,5,19,0,0,4,422,265,137,2
184,3,21,4,0,11,974,525,215,0
36,6,7,3,0,4,932,405,530,2
80,8,10,5,0,5,907,468,281,2
297,7,16,5,1,11,1164,725,406,0
57,0,8,3,0,14,722,425,344,0
206,5,7,5,0,9,567,288,321,2
160,5,12,1,0,12,940,555,374,2
116,8,15,6,0,8,870,603,496,2
153,4,18,1,0,4,1183,773,297,2
34,2,4,1,0,3,773,523,351,1
137,3,3,6,0,12,1067,644,570,0
249,4,1,6,0,14,1444,1142,658,0
117,4,1,0,1,11,983,584,231,0
118,6,4,1,0,7,1263,530,595,2
327,1,23,0,0,8,304,172,79,1
245,8,1,2,0,10,1242,568,455,2
226,2,16,4,0,2,1135,596,647,1
70,6,2,2,1,8,443,277,191,2
291,4,12,6,0,8,526,308,154,2
162,6,13,3,0,14,1014,617,385,2
354,7,4,6,0,13,639,262,217,2
153,3,1,1,0,2,1109,646,389,1
243,4,16,0,0,14,592,354,328,2
229,3,9,0,0,5,911,412,265,2
294,4,11,2,0,7,1083,619,335,2
94,8,18,5,0,3,1178,831,299,0
282,6,4,4,1,2,850,651,471,2
154,8,9,2,0,6,752,568,437,2
176,2,23,3,0,9,784,417,210,2
288,7,7,3,1,7,1191,749,701,0
253,5,20,3,0,10,337,235,199,2
153,3,20,1,0,12,611,332,196,2
73,6,7,5,0,14,1490,1061,793,0
36,4,11,3,0,6,1105,455,498,2
70,4,10,2,0,7,839,482,405,2
98,4,8,2,0,5,397,286,208,1
253,1,16,3,0,10,1071,667,280,2
115,3,3,5,0,7,348,213,142,1
102,5,3,6,0,13,1472,1097,701,0
307,4,19,1,0,6,157,83,75,2
352,9,20,4,0,5,101,62,41,1
47,0,2,0,0,6,700,438,159,1
352,7,16,4,0,2,1227,674,713,1
14,2,15,2,0,8,654,489,266,1
325,1,21,5,0,11,646,276,253,0
196,8,6,2,0,10,442,227,96,1
303,9,16,4,0,8,552,274,183,1
329,7,20,2,0,7,1142,465,561,0
41,6,1,1,0,12,988,630,334,2
35,4,4,2,0,10,148,65,34,1
4,9,3,6,0,7,1115,694,578,2
218,6,23,3,0,4,476,228,237,1
324,4,18,4,0,6,753,325,437,2
156,7,7,4,0,11,1198,659,255,0
4,3,18,6,0,10,1474,858,421,0
283,8,5,5,0,6,1324,1049,469,2
82,9,4,0,0,7,1420,1075,423,2
33,8,18,0,0,4,536,255,288,2
155,0,19,3,0,10,1219,510,585,0
220,9,6,5,0,2,1382,579,308,2
252,4,16,2,0,12,113,86,56,1
87,3,10,5,0,6,317,249,188,2
262,7,22,5,0,10,837,638,259,2
118,8,18,1,0,9,1119,780,285,0
116,1,10,6,0,11,960,615,309,0
303,1,7,4,0,11,1082,583,614,0
164,5,18,5,1,5,949,663,277,0
110,7,4,0,0,9,982,658,537,2
118,0,3,1,0,7,520,320,221,1
13,1,18,1,0,10,183,97,46,2
292,8,8,0,0,11,897,686,378,2
155,3,7,3,0,11,920,434,253,0
352,9,2,4,0,3,110,61,54,1
154,0,13,2,0,4,700,371,191,1
303,6,3,4,0,11,246,136,123,1
47,8,17,0,0,13,583,462,258,0
262,5,14,5,0,10,326,180,141,2
355,8,9,0,0,8,968,404,451,2
120,4,10,3,0,4,844,666,261,2
43,6,0,3,0,13,445,274,218,2
138,0,14,0,0,13,404,211,176,2
28,4,2,2,0,3,592,276,185,1
317,9,11,4,0,13,1173,884,607,2
268,2,9,4,0,13,1267,960,326,0
36,9,2,3,0,12,421,240,189,1
255,7,5,5,0,8,1125,879,587,2
127,1,17,3,1,8,1087,641,233,0
222,3,18,0,0,13,117,78,38,2
242,3,21,6,0,7,1472,886,811,0
47,0,14,0,0,5,1181,606,636,2
48,3,22,1,0,9,1296,710,740,2
19,9,13,0,0,5,1342,581,550,2
144,7,14,6,0,8,916,414,251,2
305,1,0,6,1,4,1114,525,439,0
330,1,21,3,0,8,989,674,531,0
202,0,1,1,0,8,556,400,328,1
228,8,15,6,0,10,1056,702,632,2
300,0,9,1,0,8,999,655,580,2
195,6,11,1,0,3,1107,871,565,1
286,3,6,1,0,14,419,299,195,2
88,2,12,6,0,4,1300,1039,751,2
3,5,9,5,0,4,1241,694,353,0
120,6,22,3,0,8,812,502,398,2
163,3,16,4,0,6,781,568,439,1
7,3,17,2,0,10,1296,692,495,0
286,7,11,1,0,12,1123,838,347,2
364,1,1,2,0,3,1459,1127,315,2
43,3,3,3,0,11,133,103,31,1
68,0,23,0,0,5,423,264,113,1
226,9,6,4,0,2,1073,541,546,1
288,9,3,3,0,7,104,71,25,1
185,9,18,5,0,9,141,61,83,2
356,9,15,1,0,10,889,674,433,2
44,8,22,4,0,14,720,294,247,2
139,7,2,1,0,2,720,511,161,1
266,3,8,2,0,3,277,205,165,1
267,0,14,3,0,12,779,604,167,2
105,7,9,2,0,11,789,473,185,2
7,9,1,2,0,2,779,485,165,1
322,9,19,2,0,7,971,700,375,2
174,4,17,1,0,13,1038,555,476,0
64,2,15,3,0,9,1072,504,583,2
235,7,14,6,1,5,337,214,192,2
104,5,6,1,0,12,921,408,440,2
292,3,21,0,0,13,231,183,123,2
289,2,14,4,0,4,1468,1131,699,2
281,2,7,3,0,8,130,77,45,1
240,5,8,4,0,9,121,54,24,2
289,9,3,4,0,14,943,722,436,2
294,1,10,2,0,5,569,261,256,2
249,3,9,6,1,3,994,575,402,0
124,1,18,0,0,8,733,557,378,2
25,7,10,6,0,10,1193,739,474,0
312,5,19,6,0,3,1117,673,639,0
341,7,4,0,0,11,964,487,576,2
237,7,14,1,0,14,296,177,87,2
224,6,1,2,0,8,485,342,271,1
327,1,5,0,0,13,835,659,387,2
160,1,4,1,0,4,1413,843,490,2
344,4,7,3,0,9,398,306,232,2
96,2,8,0,0,6,1091,627,632,2
324,0,22,4,0,9,1127,755,673,2
256,7,16,6,0,3,1445,992,558,2
134,5,0,3,0,3,777,500,328,1
252,8,9,2,0,2,1130,719,227,2
104,7,3,1,0,8,1198,491,349,2
223,3,11,1,1,4,987,552,309,2
274,3,17,3,0,3,173,120,102,1
282,3,10,4,0,2,1335,712,797,2
217,6,14,2,0,11,1226,827,622,2
252,0,1,2,0,7,427,302,143,1
170,9,0,4,0,12,133,100,77,1
44,9,2,4,1,11,923,538,291,0
183,8,18,3,0,14,1212,942,499,0
137,4,14,6,0,7,1350,927,328,2
146,5,15,1,0,14,103,67,52,1
232,8,6,3,1,8,1174,621,558,0
325,4,10,5,0,2,1221,548,388,2
52,8,17,5,0,14,1435,787,379,0
217,8,0,2,0,7,513,382,283,1
148,5,5,3,0,6,179,83,65,1
288,8,17,3,0,14,418,322,216,2
257,3,13,0,0,13,1472,826,588,0
250,0,14,0,0,11,1387,793,730,2
179,4,3,6,0,7,878,417,179,2
235,2,16,6,1,11,954,528,477,0
31,6,14,5,0,7,336,237,162,1
350,3,16,2,0,12,1117,714,587,2
346,3,15,5,0,2,706,297,152,1
357,7,8,2,0,3,545,414,222,1
97,8,13,1,0,3,508,296,171,1
69,7,9,1,0,6,1297,865,519,2
312,4,18,6,0,3,257,181,53,2
150,1,4,5,0,2,666,413,338,1
122,6,18,5,0,3,992,735,512,0
150,7,17,5,0,8,897,580,478,0
121,1,12,4,0,2,1038,467,450,1
187,1,20,0,0,6,1167,506,363,0
156,1,23,4,0,8,761,532,237,2
197,1,13,3,0,6,265,164,155,1
52,1,12,5,0,8,1004,775,344,2
274,7,6,3,0,6,603,269,293,1
154,9,22,2,0,14,581,309,318,2
0,0,2,2,0,11,595,470,249,2
1,9,20,3,1,10,1395,1043,812,0
269,2,23,5,0,3,521,412,106,1
339,3,7,5,0,5,1116,490,499,0
87,3,14,5,0,5,272,174,109,1
37,6,1,4,0,5,1353,848,751,2
248,2,3,5,0,10,870,604,339,2
331,5,9,4,0,10,692,416,203,2
165,7,5,6,0,8,335,139,176,1
364,1,20,2,0,9,657,402,329,2
306,2,11,0,0,14,274,164,77,1
217,9,5,2,0,2,501,399,229,1
280,0,14,2,0,10,889,391,196,2
321,7,15,1,0,13,1064,483,437,2
0,1,21,2,0,8,1316,1052,748,0
343,2,18,2,0,8,854,473,484,2
43,5,1,3,0,3,807,572,277,1
190,2,14,3,0,5,1293,833,762,2
291,5,17,6,0,3,341,188,126,2
193,7,16,6,0,5,1491,754,641,2
121,7,21,4,0,13,198,108,107,2
97,2,17,1,0,9,1166,663,363,0
17,7,23,5,0,13,1486,1152,707,0
281,5,2,3,0,8,1014,772,340,2
364,5,13,2,0,4,548,300,158,1
160,2,6,1,0,13,143,103,42,1
87,5,23,5,1,4,1358,585,787,0
337,6,21,3,0,14,1425,1024,580,0
262,1,23,5,0,12,717,314,151,2
110,4,6,0,0,13,1128,857,266,2
37,0,23,4,0,14,1092,457,310,2
336,9,8,2,0,9,1145,890,410,0
308,9,16,2,0,11,602,349,144,2
343,5,4,2,0,11,1108,621,556,2
184,2,4,4,0,3,358,224,188,1
220,9,15,5,0,12,895,363,286,2
22,8,23,3,0,11,1482,824,481,2
223,6,5,1,0,10,1295,704,447,2
43,9,13,3,0,14,722,338,371,2
130,8,3,6,0,2,1454,936,641,2
258,2,6,1,0,8,1458,954,750,2
274,0,0,3,0,14,1234,750,507,2
92,1,5,3,0,11,1483,992,557,2
7,8,15,2,0,13,824,620,324,2
287,1,2,2,0,2,175,119,103,1
143,3,19,5,0,7,162,105,82,2
91,6,0,2,0,8,156,102,48,1
230,1,4,1,0,11,746,373,394,2
226,5,23,4,0,11,980,676,343,2
146,9,22,1,0,7,464,358,236,1
14,8,20,2,0,4,892,517,328,2
43,0,9,3,0,10,648,490,192,2
177,9,9,4,0,10,1125,590,580,0
261,0,10,4,1,6,829,529,392,0
355,2,8,0,1,6,1216,717,376,0
146,5,2,1,1,6,837,542,322,2
140,1,23,2,0,4,1290,644,279,2
210,2,9,2,0,11,992,661,443,0
62,8,1,1,0,8,1313,943,576,2
46,4,21,6,0,8,157,112,68,2
185,9,22,5,0,9,644,448,368,2
159,3,12,0,0,2,1340,540,452,2
235,8,5,6,0,10,454,229,149,2
174,4,18,1,1,8,603,472,246,0
329,8,18,2,0,11,1270,594,318,0
33,8,11,0,0,7,1442,605,585,2
315,5,12,2,0,7,452,316,110,1
286,2,14,1,0,7,761,443,303,1
107,4,9,4,1,4,642,324,239,2
255,0,11,5,0,9,817,594,382,2
110,9,16,0,0,14,900,474,443,2
212,2,12,4,1,11,179,127,59,2
192,4,4,5,1,13,749,307,256,0
90,6,14,1,0,9,1116,597,431,2
197,3,9,3,0,9,980,576,209,2
337,0,22,3,0,8,468,346,258,1
23,8,16,4,0,5,611,326,141,1
203,9,16,2,0,10,1459,883,347,2
322,8,13,2,0,8,911,564,268,2
361,4,8,6,0,5,1022,482,389,0
364,2,9,2,0,14,224,170,113,2
72,5,4,4,0,2,648,415,309,1
302,5,22,3,0,14,808,588,372,2
261,7,17,4,0,6,656,412,172,2
203,4,15,2,0,2,818,602,278,1
45,0,17,5,0,12,1421,957,439,0
168,9,23,2,0,6,817,463,169,1
180,2,15,0,0,3,348,275,107,1
292,4,22,0,0,3,492,204,288,1
286,9,20,1,0,3,1015,769,356,2
279,7,20,1,0,3,677,512,188,2
211,8,14,3,0,2,363,249,140,1
45,7,8,5,0,6,125,73,27,2
242,2,9,6,1,11,831,631,194,0
22,9,11,3,0,14,862,664,515,2
337,4,19,3,0,6,743,526,435,2
5,9,8,0,1,10,1132,776,669,0
151,2,21,6,0,11,1296,786,706,0
251,2,3,1,0,9,1461,838,494,2
174,4,21,1,0,5,238,182,92,2
146,8,7,1,0,9,1354,828,620,0
231,4,4,2,0,8,568,297,198,1
141,0,7,3,0,8,478,243,172,2
361,8,16,6,0,6,713,519,410,2
262,8,1,5,0,9,733,358,248,2
268,8,5,4,0,13,605,438,275,2
336,4,23,2,1,8,1302,565,636,0
198,8,9,4,0,4,1283,572,390,2
107,1,14,4,0,8,111,63,64,1
72,6,21,4,0,3,1234,793,699,2
140,5,8,2,0,7,1035,730,398,2
211,7,12,3,0,12,360,236,158,1
27,5,13,1,0,4,867,547,203,1
127,6,21,3,0,12,1203,588,269,0
235,1,0,6,0,4,1469,852,651,2
314,1,20,1,0,7,157,87,40,2
192,5,4,5,0,13,408,323,82,2
129,0,5,5,0,13,862,532,297,2
310,9,21,4,0,6,1190,553,327,0
172,1,11,6,0,5,800,473,403,2
316,4,3,3,0,2,248,111,103,1
208,8,14,0,0,9,346,225,169,1
35,1,11,2,0,3,843,356,337,1
109,5,10,6,0,10,576,256,152,2
204,1,16,3,0,2,565,343,284,1
181,0,0,1,1,6,675,353,163,2
129,4,19,5,0,13,916,386,433,0
318,0,0,5,0,5,496,260,143,1
299,0,12,0,0,3,392,203,99,1
9,4,14,4,0,12,728,479,399,2
127,3,13,3,0,2,1273,702,356,2
177,4,22,4,0,4,1040,727,440,1
76,1,17,1,0,3,691,285,410,2
61,2,19,0,0,8,455,308,156,2
322,1,8,2,0,10,805,358,321,2
81,5,10,6,0,2,642,359,165,2
242,0,20,6,0,9,1477,761,651,0
159,9,0,0,0,13,1246,809,513,2
192,2,12,5,0,9,789,404,213,2
99,9,5,3,0,3,1195,632,539,2
236,6,4,0,0,6,1328,901,485,2
175,8,19,2,0,10,1415,691,309,0
48,4,5,1,0,4,1108,824,577,2
19,0,22,0,0,8,1456,1003,655,2
208,8,17,0,0,13,903,508,404,0
240,5,13,4,0,8,1225,903,664,2
80,5,4,5,0,12,1449,1120,676,0
346,1,6,5,0,4,135,66,62,1
320,9,3,0,0,9,652,481,377,1
251,1,19,1,0,8,408,312,148,2
176,9,9,3,0,2,1379,914,509,2
193,0,0,6,0,2,879,611,521,2
39,8,9,6,0,7,1231,846,442,0
64,3,3,3,0,11,693,533,286,2
257,0,3,0,0,8,704,351,202,1
185,0,15,5,0,13,624,413,220,2
258,4,14,1,0,3,154,111,34,1
42,4,5,2,0,14,1419,892,500,0
317,4,21,4,0,3,913,386,307,2
249,6,17,6,0,8,650,341,294,0
186,3,10,6,0,6,535,331,250,2
112,9,13,2,0,6,705,517,227,1
114,0,18,4,0,13,1322,538,757,0
141,5,11,3,0,12,211,136,47,1
207,6,2,6,0,9,464,326,107,2
280,2,18,2,0,3,318,219,182,1
229,9,4,0,0,9,639,305,175,1
20,5,20,1,0,7,847,573,507,2
364,4,13,2,1,5,793,468,466,2
162,8,7,3,0,2,771,502,259,2
206,8,2,5,0,3,1166,918,270,2
41,1,8,1,0,7,1021,688,457,2
309,4,20,3,1,9,1090,471,314,0
233,6,3,4,0,8,452,279,214,1
92,5,13,3,0,11,722,443,394,2
82,6,5,0,0,8,1492,762,517,2
3,5,20,5,0,14,1289,597,633,0
122,7,23,5,0,12,930,375,527,2
258,4,22,1,0,11,362,207,117,1
142,7,23,4,0,7,1050,552,242,2
33,1,15,0,0,10,1099,580,634,2
144,8,4,6,0,7,885,666,287,2
263,0,17,6,0,10,722,322,415,0
20,6,15,1,1,3,346,175,132,1
150,0,0,5,0,8,1498,1003,381,0
115,5,21,5,0,3,1122,548,514,0
299,0,21,0,0,8,1087,578,581,0
12,4,12,0,0,4,1483,743,657,2
347,2,5,6,0,5,1382,972,391,2
269,2,14,5,0,2,227,167,86,1
75,0,11,0,0,9,345,170,199,1
63,5,0,2,0,5,730,463,364,1
55,6,0,1,0,4,231,150,73,1
310,3,7,4,0,5,355,212,72,1
306,1,1,0,0,7,282,129,151,1
287,3,14,2,0,10,439,227,89,1
207,8,14,6,1,5,1472,956,758,0
245,4,19,2,0,11,510,322,120,2
99,4,5,3,0,14,1161,919,639,2
176,1,22,3,0,10,377,206,101,1
141,7,18,3,0,11,117,89,38,2
143,1,3,5,0,13,166,129,81,2
197,4,16,3,0,7,1403,1109,617,2
141,2,3,3,0,10,1217,861,306,2
247,2,14,4,0,9,146,92,71,1
32,3,17,6,0,4,1010,750,542,0
172,1,18,6,0,10,507,360,116,0
347,0,13,6,0,9,1259,927,678,2
8,1,2,3,0,8,375,168,108,1
110,9,16,0,0,10,177,89,64,1
154,4,20,2,0,3,201,105,102,1
4,6,21,6,0,5,1407,645,587,0
32,3,4,6,0,12,675,441,373,2
309,0,7,3,0,14,1255,759,698,0
279,0,12,1,0,11,537,356,271,2
150,9,11,5,0,7,1198,518,332,2
197,8,1,3,0,8,168,105,98,1
54,9,21,0,0,4,556,325,320,2
163,5,0,4,0,11,713,506,202,2
348,1,3,0,0,14,221,176,130,1
259,9,15,2,1,4,269,109,156,1
187,9,20,0,0,5,1336,841,314,0
349,0,10,1,0,4,320,137,122,1
307,2,2,1,0,2,871,621,371,1
42,2,19,2,0,11,1283,987,637,0
262,2,15,5,0,2,990,589,449,2
255,3,15,5,0,13,906,549,497,2
240,4,16,4,0,8,352,158,98,1
5,7,5,0,0,2,1401,562,442,2
357,1,19,2,0,11,287,145,114,2
23,4,13,4,0,8,1366,1057,811,2
280,2,13,2,0,11,616,312,189,2
282,8,20,4,0,12,287,165,92,2
164,5,5,5,0,3,421,240,231,1
351,1,20,3,1,7,1233,570,727,0
54,6,18,0,0,4,711,471,149,2
193,3,9,6,0,6,1324,624,753,0
312,7,13,6,0,14,503,331,237,2
237,1,23,1,1,11,453,215,199,2
363,1,9,1,0,11,1037,663,595,0
281,3,13,3,1,2,359,241,155,1
250,4,7,0,0,9,239,141,94,2
353,6,19,5,0,3,133,53,55,2
185,8,21,5,0,6,383,289,220,2
131,7,6,0,0,7,228,104,59,1
55,0,13,1,0,13,672,486,358,2
252,0,18,2,0,8,1187,900,320,0
145,8,15,0,0,11,328,239,147,1
135,5,11,4,0,12,514,411,163,2
235,6,10,6,0,2,556,327,312,2
44,2,7,4,0,13,519,221,220,2
175,0,1,2,0,6,1458,904,321,2
301,4,8,2,0,8,1053,595,249,2
177,8,11,4,0,10,825,624,358,2
223,2,2,1,0,11,1189,519,600,2
191,4,13,4,0,8,530,225,151,1
222,4,19,0,0,2,545,397,139,2
130,4,4,6,0,2,219,126,60,1
124,1,9,0,0,10,253,182,139,2
343,9,0,2,0,13,486,224,138,2
160,4,23,1,0,11,1147,841,514,2
322,8,11,2,0,2,1329,591,545,2
34,2,12,1,0,5,470,259,100,1
337,5,1,3,0,3,470,366,153,1
51,7,12,4,0,10,538,260,114,1
233,6,13,4,0,8,1044,753,364,2
236,5,14,0,1,7,1239,933,486,0
40,4,4,0,0,13,738,548,354,2
155,6,9,3,0,5,1392,681,363,2
217,5,23,2,0,4,1204,755,325,2
205,7,16,4,0,8,642,266,352,1
53,2,9,6,0,6,1014,781,343,0
323,3,23,3,0,4,766,595,458,1
233,5,21,4,0,5,1231,793,662,0
19,4,14,0,0,4,179,93,50,1
318,3,17,5,0,10,324,236,168,2
308,3,3,2,0,14,457,267,145,2
206,2,15,5,0,4,755,374,284,2
114,9,6,4,0,4,1464,1053,551,2
149,0,7,4,0,3,862,420,395,2
168,9,21,2,0,13,756,390,171,0
220,2,17,5,0,13,643,336,199,0
358,4,21,3,0,10,239,185,88,2
64,8,4,3,0,6,622,431,252,1
90,0,13,1,0,2,528,287,162,1
348,2,22,0,0,14,601,266,286,2
31,2,2,5,0,4,1021,423,395,2
48,6,15,1,0,2,588,337,332,1
51,3,11,4,0,14,1491,959,720,0
223,8,22,1,0,4,836,615,429,1
292,4,3,0,0,2,1015,577,267,1
164,0,0,5,0,9,981,519,258,2
283,1,6,5,0,3,605,337,130,1
150,8,11,5,0,8,863,477,296,2
255,7,14,5,1,6,720,379,418,2
36,5,23,3,0,9,1448,1047,737,2
130,5,17,6,0,3,287,225,88,2
24,8,14,5,0,7,1441,1075,423,0
38,7,23,5,0,4,349,222,177,1
189,0,4,2,0,12,581,329,325,2
230,4,7,1,0,12,1156,582,257,0
302,5,17,3,1,14,1209,837,650,0
177,0,2,4,0,12,1384,1002,541,2
5,8,18,0,0,14,923,587,231,0
93,8,3,4,0,3,1408,972,585,2
163,0,3,4,0,4,1093,764,298,2
213,9,0,5,0,11,219,145,109,2
133,4,15,2,0,2,398,309,176,1
211,9,10,3,0,11,1368,710,440,0
203,9,10,2,1,6,1110,649,602,0
332,0,12,5,0,9,1013,533,214,2
18,9,11,6,0,7,810,549,319,2
14,9,10,2,0,10,605,262,181,2
225,2,2,3,0,4,718,514,164,1
78,6,15,3,0,6,1347,638,584,2
95,5,12,6,0,5,141,94,83,1
211,7,19,3,0,12,355,190,88,2
258,9,16,1,0,11,268,208,71,1
11,9,15,6,0,9,234,187,79,1
0,6,13,2,0,2,714,349,368,1
354,6,19,6,0,10,915,432,540,0
360,2,12,5,0,5,504,295,153,1
330,3,8,3,0,4,1271,589,676,2
18,4,21,6,0,9,599,461,270,0
218,8,4,3,0,11,320,157,107,1
298,5,17,6,0,2,373,283,92,2
317,1,17,4,0,14,676,487,300,0
343,7,22,2,0,7,1464,676,600,2
358,5,20,3,0,14,642,305,150,0
139,1,1,1,0,2,1068,632,384,1
132,5,12,1,0,6,479,220,160,1
21,0,7,2,0,13,464,236,176,2
139,4,13,1,1,8,608,349,166,2
158,3,14,6,0,12,1041,739,381,0
216,7,9,1,0,2,1315,926,427,2
215,1,2,0,0,6,1027,804,366,2
58,9,10,4,0,3,722,546,237,2
194,2,5,0,0,5,1113,598,457,2
68,5,10,0,0,13,138,102,40,2
212,2,17,4,0,12,238,108,141,2
138,6,4,0,0,6,954,465,542,2
15,7,16,3,0,14,624,273,273,2
14,4,17,2,0,10,341,246,154,2
90,3,14,1,0,12,1159,914,292,2
351,6,23,3,0,6,1118,575,305,2
255,9,18,5,0,4,1180,590,483,0
328,1,20,1,0,12,437,333,251,2
358,6,2,3,0,10,543,307,133,1
213,8,2,5,1,3,299,207,168,2
206,5,1,5,0,8,936,376,478,2
11,6,6,6,0,8,190,150,102,1
266,4,6,2,0,11,483,348,230,1
290,4,9,5,0,6,504,379,215,2
205,1,18,4,0,7,1224,731,320,0
320,5,15,0,0,13,650,304,242,2
151,8,21,6,0,4,1183,746,438,0
52,5,17,5,0,3,476,350,253,2
327,0,5,0,0,8,712,469,400,1
104,4,10,1,0,3,997,408,534,2
310,5,8,4,0,2,626,274,267,1
274,2,21,3,0,13,865,498,433,0
133,2,5,2,0,5,475,203,156,1
44,6,8,4,0,10,596,467,354,2
85,1,19,3,0,3,1303,770,351,2
104,3,22,1,0,11,484,377,286,1
248,8,1,5,0,4,911,695,457,2
245,0,20,2,0,7,941,622,476,2
144,9,1,6,0,13,1266,986,280,0
47,2,23,0,0,6,1041,536,538,2
49,7,16,2,0,8,1457,706,636,2
18,1,17,6,0,12,939,531,482,0
173,6,21,0,0,2,971,736,416,2
117,3,16,0,0,2,393,189,100,1
217,7,18,2,0,6,637,428,353,2
108,9,17,5,0,7,247,192,118,2
76,7,0,1,0,8,1404,704,774,2
297,8,3,5,0,5,829,497,213,2
253,3,4,3,0,10,348,148,135,1
312,2,9,6,0,3,512,239,301,2
103,7,5,0,0,12,233,96,106,1
78,8,22,3,0,13,988,581,558,2
145,9,0,0,0,12,809,371,177,2
258,4,19,1,0,8,1075,684,362,0
363,4,0,1,0,11,451,306,210,1
90,9,0,1,0,4,384,170,113,1
138,5,20,0,0,8,646,318,267,2
22,2,17,3,1,13,516,317,274,0
52,0,17,5,0,11,937,644,240,0
301,5,7,2,0,7,1438,778,801,0
114,7,2,4,0,13,1021,764,360,2
173,7,12,0,0,12,1363,1051,498,2
280,3,17,2,0,14,233,161,66,2
310,9,12,4,0,11,596,327,182,2
10,0,13,5,0,3,1327,819,566,2
348,2,0,0,1,7,1049,720,259,2
99,0,15,3,0,2,1457,961,728,2
14,5,0,2,0,13,429,297,97,2
80,2,22,5,0,9,892,598,467,2
10,3,2,5,0,11,1126,817,523,0
256,2,16,6,0,8,308,232,156,1
289,8,3,4,0,12,906,503,413,2
279,8,14,1,0,10,844,382,367,2
254,1,6,4,0,2,725,444,201,1
277,3,1,6,0,14,513,247,189,2
356,8,20,1,0,6,769,465,176,2
183,9,3,3,0,8,436,338,170,1
298,5,4,6,0,10,457,243,273,2
356,3,19,1,0,2,1362,1033,480,2
285,4,15,0,0,3,914,573,263,1
326,5,11,6,0,14,892,391,212,0
46,0,17,6,0,11,1146,905,348,0
314,3,4,1,0,3,854,423,301,1
82,7,16,0,0,12,1259,544,520,2
304,1,2,5,0,14,179,129,42,2
182,9,7,2,0,8,292,184,167,2
154,4,23,2,0,8,191,102,42,1
92,1,21,3,0,3,1369,868,704,0
31,7,6,5,0,2,114,78,30,1
108,1,10,5,0,10,971,422,410,0
135,8,10,4,1,11,621,279,205,0
309,3,4,3,0,11,1277,839,337,2
58,1,9,4,0,4,968,572,325,2
342,7,5,1,1,2,569,421,210,2
326,7,16,6,0,7,606,415,304,2
280,9,18,2,0,11,1256,988,307,0
44,2,1,4,0,6,492,309,250,1
169,7,7,3,0,14,1477,899,646,0
217,5,15,2,0,11,1192,493,673,2
358,3,17,3,0,11,1224,973,467,0
237,4,19,1,1,6,1345,984,719,0
240,2,16,4,0,2,1457,1062,561,2
2,5,3,4,0,13,1499,903,346,0
143,9,5,5,1,12,439,306,163,0
126,9,5,2,0,12,1319,899,608,2
210,2,16,2,0,4,944,586,565,1
8,1,1,3,0,10,217,136,106,1
161,6,16,2,0,5,379,244,165,1
343,0,8,2,0,2,1178,744,338,2
199,0,13,5,0,5,965,604,319,2
211,5,3,3,0,2,874,624,408,1
296,2,18,4,0,8,423,327,122,2
257,5,19,0,1,13,1338,702,374,0
172,9,16,6,0,8,1247,896,661,2
183,6,3,3,0,14,978,501,222,2
281,1,20,3,0,8,1346,751,569,0
270,7,0,6,0,3,178,105,60,1
23,9,23,4,0,7,763,572,196,1
18,8,10,6,0,6,1237,758,670,0
266,5,2,2,0,5,937,627,558,1
10,4,14,5,0,13,132,69,71,2
243,8,11,0,0,10,1031,613,438,2
156,9,4,4,0,10,1110,758,635,2
305,0,23,6,0,11,1078,538,545,2
176,5,14,3,0,12,1382,659,790,2
143,5,21,5,0,11,599,383,145,0
30,0,20,4,0,5,1409,967,477,0
259,8,23,2,0,2,621,473,217,1
213,1,22,5,0,8,905,511,489,2
74,7,8,6,0,9,857,374,336,0
323,5,21,3,0,11,939,526,240,0
236,1,0,0,0,5,741,390,327,1
222,1,16,0,0,6,334,258,198,1
345,9,1,4,0,13,105,82,54,1
264,5,3,0,0,13,1317,1043,321,2
311,2,18,5,0,7,899,384,390,0
291,4,7,6,0,2,936,747,340,2
296,2,20,4,0,10,1295,810,412,0
67,7,19,6,0,8,274,153,124,2
334,6,22,0,1,11,915,494,290,0
118,4,6,1,1,9,1338,1006,667,0
17,8,21,5,0,8,463,296,147,2
281,2,11,3,0,5,898,376,269,1
42,5,7,2,0,13,643,479,225,2
254,8,12,4,0,3,1164,670,613,2
69,3,18,1,0,9,317,155,89,2
192,5,11,5,0,14,1223,603,700,0
127,9,6,3,0,8,812,482,469,2
156,7,9,4,1,7,853,605,366,0
270,5,15,6,0,14,256,116,149,2
180,2,7,0,0,9,599,389,246,2
142,5,11,4,0,11,202,88,55,1
46,8,3,6,0,6,1415,823,678,2
6,1,1,1,0,13,1330,976,299,2
169,1,1,3,0,13,938,667,252,2
280,3,14,2,0,8,1244,684,649,2
43,2,6,3,0,8,616,366,224,1
176,4,5,3,0,13,746,299,226,2
342,7,22,1,0,8,1044,456,591,2
210,0,22,2,1,5,1459,739,720,0
248,3,6,5,0,2,652,295,282,1
241,8,6,5,1,11,793,618,288,0
262,2,4,5,0,5,301,212,99,1
326,6,11,6,1,11,1291,618,521,0
238,4,15,2,0,10,356,193,142,1
253,6,4,3,0,7,241,165,68,1
133,6,15,2,0,7,610,320,263,1
224,1,6,2,0,3,1143,653,358,1
270,7,3,6,0,10,245,155,144,2
178,0,6,5,0,10,1237,849,349,0
241,4,9,5,1,14,810,433,370,0
49,1,8,2,0,11,924,553,203,0
250,2,7,0,0,6,1443,990,585,0
211,2,1,3,0,8,661,483,226,1
299,0,17,0,0,7,948,536,323,2
248,0,14,5,0,5,874,564,469,2
100,8,23,4,0,10,764,465,209,2
133,5,0,2,0,13,302,133,93,1
100,3,5,4,0,13,1065,526,278,2
273,2,14,2,0,10,1238,782,678,2
34,4,23,1,0,8,1039,663,457,2
41,4,23,1,0,5,452,224,153,1
300,1,17,1,0,14,701,496,255,0
210,1,14,2,0,4,1138,565,333,2
305,7,12,6,0,4,248,111,128,1
210,5,5,2,0,7,211,91,105,1
275,5,23,4,0,11,354,214,169,1
88,9,20,6,0,2,263,165,81,2
180,1,19,0,0,5,363,225,188,2
115,0,22,5,0,3,1045,428,253,2
113,7,22,3,0,8,1103,536,346,2
83,6,12,1,0,7,360,148,100,1
80,0,18,5,0,5,147,103,86,2
58,6,18,4,0,12,1053,699,466,0
169,7,9,3,1,10,950,569,459,0
173,9,18,0,0,2,281,170,89,1
253,3,11,3,1,14,495,325,116,2
308,2,17,2,0,13,501,399,269,2
325,6,20,5,0,13,1241,789,734,0
285,2,18,0,0,14,1168,494,438,0
245,7,9,2,0,14,1100,599,612,0
17,4,0,5,0,10,734,340,329,2
231,2,6,2,0,4,738,544,168,1
181,3,13,1,0,7,353,170,204,1
149,0,18,4,0,12,669,337,243,0
224,0,22,2,0,7,1241,647,574,2
217,7,12,2,0,8,1407,665,751,2
183,7,15,3,0,8,272,150,109,1
52,0,1,5,0,12,649,459,205,2
94,3,19,5,0,7,1106,806,551,0
227,3,12,5,0,6,872,408,450,2
258,0,0,1,0,3,977,703,464,1
133,1,0,2,0,3,797,372,370,1
267,9,3,3,0,13,933,453,263,2
9,8,18,4,0,7,1341,543,695,0
242,0,22,6,0,8,1369,1007,789,0
30,5,19,4,0,14,1253,844,454,0
328,1,6,1,0,10,1354,1051,533,2
109,4,16,6,1,8,611,256,348,2
306,1,23,0,0,5,967,756,307,1
283,9,3,5,0,9,774,310,352,2
313,5,10,0,0,13,573,360,228,2
78,2,17,3,0,7,519,384,208,2
134,4,4,3,0,14,683,354,138,2
254,1,9,4,0,8,1032,814,572,2
80,0,9,5,1,9,488,215,251,0
14,7,9,2,0,12,551,422,248,2
350,3,1,2,0,11,795,551,395,2
160,0,5,1,0,10,553,320,220,1
4,0,14,6,0,3,701,535,220,1
86,6,23,4,0,3,605,313,324,1
231,1,22,2,0,2,528,406,129,1
301,4,0,2,1,11,240,128,53,2
199,3,3,5,0,3,479,283,115,1
209,9,20,1,0,5,1321,974,711,0
142,1,4,4,0,2,1194,780,682,1
204,9,13,3,1,5,1390,712,527,0
142,9,6,4,0,5,560,255,117,1
237,4,6,1,1,7,264,121,54,2
139,3,0,1,0,10,941,516,457,2
293,9,7,1,0,14,585,343,161,2
69,0,9,1,0,9,353,188,190,2
282,4,4,4,0,14,207,97,78,1
140,9,14,2,0,4,278,189,107,1
264,8,8,0,0,14,250,168,106,2
197,6,21,3,0,8,1269,874,323,0
164,5,11,5,0,5,212,152,121,1
161,4,13,2,0,13,559,403,278,2
196,6,23,2,0,11,1035,755,224,2
179,6,13,6,1,9,996,494,303,0
1,7,5,3,0,8,887,402,374,2
172,2,19,6,1,3,1078,592,597,0
23,2,3,4,0,7,1485,1117,450,2
352,1,4,4,0,10,168,103,94,1
124,9,18,0,0,4,1196,570,696,2
226,6,17,4,0,8,1171,909,343,0
137,3,19,6,0,3,575,386,339,2
159,5,21,0,0,6,1059,763,604,2
355,8,17,0,0,9,398,247,227,2
242,9,16,6,0,14,410,264,192,2
175,8,2,2,0,13,1111,660,378,2
105,0,18,2,0,8,1242,760,429,0
303,9,6,4,0,3,1249,699,315,2
327,8,2,0,0,2,734,421,279,1
156,8,9,4,0,8,845,627,448,2
176,2,1,3,0,3,1253,751,652,2
163,6,17,4,0,8,930,638,328,2
139,3,1,1,0,14,686,307,410,2
166,4,18,0,0,7,241,136,111,2
107,5,9,4,0,4,604,245,158,2
213,3,13,5,0,9,1095,863,318,2
153,8,6,1,0,7,1080,789,326,2
44,0,7,4,1,7,205,86,55,2
296,8,6,4,0,10,1497,1189,785,2
57,8,9,3,0,3,1093,612,294,2
363,4,12,1,0,10,1439,773,449,2
209,7,4,1,0,10,707,447,339,2
40,0,15,0,0,14,785,540,387,2
103,7,1,0,0,11,1139,523,615,2
293,0,1,1,0,7,1493,668,705,2
358,1,12,3,0,2,229,138,56,1
123,2,2,6,0,2,757,398,260,1
120,9,19,3,0,5,1013,438,497,2
304,4,0,5,0,9,622,451,292,2
341,6,23,0,0,6,734,341,212,1
248,7,19,5,0,4,1015,715,414,0
139,4,11,1,0,10,608,437,234,2
21,5,9,2,0,5,322,204,139,1
282,5,13,4,0,2,1475,766,420,2
278,1,15,0,0,12,440,234,103,2
17,5,14,5,0,6,787,500,395,2
189,2,11,2,0,6,247,135,122,1
353,8,19,5,0,14,1265,974,586,0
25,5,21,6,0,7,1163,626,496,0
344,1,17,3,0,10,1130,574,581,0
161,0,14,2,0,14,915,562,528,2
233,3,8,4,0,3,1390,664,561,2
189,7,22,2,0,12,639,391,213,2
57,3,4,3,0,5,642,429,232,1
177,9,1,4,0,12,566,228,288,2
177,2,6,4,0,3,1108,676,361,1
140,0,5,2,0,4,731,536,377,1
332,4,14,5,0,5,843,643,181,2
58,6,6,4,0,8,1126,643,289,2
100,9,9,4,0,4,574,452,224,2
157,8,16,5,0,8,1218,779,508,2
0,4,6,2,0,4,255,179,110,1
226,4,1,4,0,7,129,90,43,1
80,4,15,5,1,6,459,260,145,2
232,3,0,3,0,7,680,402,188,1
206,7,15,5,0,9,1292,724,376,0
3,3,13,5,0,10,360,199,171,2
191,1,6,4,0,9,1405,589,639,2
328,5,23,1,0,8,1476,1024,391,2
7,1,7,2,0,5,1409,1107,594,0
239,2,19,3,1,3,807,602,395,0
333,3,12,6,0,5,675,509,394,2
311,3,4,5,0,13,1393,1067,414,0
2,4,6,4,0,12,1407,775,819,2
138,0,23,0,1,10,711,390,339,2
219,8,4,4,0,6,1350,942,507,2
36,4,9,3,0,11,1315,666,482,0
312,0,1,6,0,9,217,104,119,1
119,8,12,2,0,3,707,334,318,1
181,3,7,1,0,8,1368,691,400,0
7,7,12,2,0,10,587,434,302,1
227,8,7,5,0,12,391,269,85,2
163,9,22,4,0,14,335,144,167,2
333,7,3,6,1,12,333,192,167,2
64,2,18,3,0,2,1310,874,649,2
363,6,20,1,0,9,1323,822,360,0
24,0,11,5,1,14,848,562,448,0
352,6,2,4,0,4,1192,699,536,2
170,6,7,4,0,14,1165,489,320,0
137,5,19,6,0,8,1422,724,528,0
205,8,21,4,0,11,1458,834,844,0
32,5,14,6,0,7,1099,741,462,2
261,8,15,4,0,10,947,546,440,2
231,1,15,2,0,12,651,283,318,2
123,3,16,6,0,6,423,184,141,1
48,0,19,1,1,12,931,606,299,0
332,5,4,5,0,4,292,121,69,1
266,4,16,2,1,14,1040,717,511,0
355,0,18,0,0,5,424,245,87,2
263,7,19,6,0,3,157,90,33,2
275,6,1,4,1,8,369,174,129,2
185,5,20,5,0,11,1068,737,553,0
284,7,21,6,0,13,1268,508,604,0
252,5,20,2,0,6,215,94,121,2
25,7,14,6,0,13,852,391,446,2
217,9,16,2,0,3,1277,723,256,2
52,4,8,5,0,8,803,394,333,0
268,3,11,4,0,9,1064,586,622,2
200,4,20,6,0,4,429,308,119,2
346,9,21,5,0,13,222,171,54,0
138,6,13,0,0,12,326,143,132,1
139,7,6,1,0,11,910,364,254,2
346,2,9,5,0,8,394,214,112,2
130,3,0,6,0,12,1441,770,548,0
224,8,16,2,0,4,125,72,41,1
252,9,3,2,0,13,501,298,117,2
343,4,13,2,1,10,447,215,244,2
326,6,10,6,0,8,816,492,419,0
37,6,4,4,1,8,369,227,187,2
45,2,7,5,0,4,269,159,102,2
245,1,3,2,0,9,1003,780,472,2
126,6,13,2,1,11,1383,833,642,0
232,0,8,3,0,2,363,234,85,1
9,1,13,4,1,13,1405,879,296,0
218,0,4,3,0,11,1301,908,716,2
263,2,20,6,0,11,478,341,143,0
193,5,11,6,0,6,1211,655,259,2
259,1,3,2,1,6,141,57,45,1
309,5,18,3,0,10,1304,573,461,0
118,7,9,1,0,12,769,505,262,2
130,5,4,6,0,7,754,392,353,2
248,8,7,5,0,13,334,246,80,2
76,0,15,1,0,3,1436,959,394,2
293,6,17,1,0,8,1023,479,264,0
169,8,18,3,0,14,1422,833,732,0
281,7,23,3,1,11,1213,503,581,0
168,9,16,2,0,9,1040,747,398,2
229,0,10,0,0,13,748,303,316,2
59,4,18,5,0,13,363,150,204,0
210,6,21,2,1,10,923,711,491,0
287,0,21,2,0,4,664,498,303,2
257,2,0,0,0,13,549,350,322,2
85,1,3,3,1,10,1089,845,592,0
126,5,15,2,0,10,375,259,178,1
31,6,16,5,0,12,458,280,178,2
139,3,22,1,0,5,402,309,236,1
109,9,18,6,0,5,1191,531,286,0
66,1,11,5,1,5,418,167,196,2
263,5,21,6,0,10,652,416,180,0
210,9,13,2,0,5,1463,1019,328,2
361,3,23,6,0,2,196,78,46,1
121,2,21,4,0,9,143,98,29,2
357,9,22,2,1,11,453,324,209,2
272,2,23,1,0,10,934,673,511,2
65,9,12,4,0,11,664,374,175,2
118,1,7,1,0,6,1074,462,548,2
141,7,23,3,0,14,1050,528,428,2
111,2,19,1,0,12,159,76,59,2
33,5,22,0,1,7,694,305,397,2
150,5,18,5,0,8,1066,476,326,0
180,8,7,0,0,8,1490,896,829,0
95,6,22,6,0,6,1369,928,285,2
123,4,20,6,0,11,744,544,315,0
63,7,0,2,0,12,1352,627,481,2
93,2,14,4,0,3,973,462,510,1
299,7,21,0,0,11,236,123,102,2
37,6,5,4,0,2,1354,1049,773,2
171,0,21,5,0,13,1057,568,221,0
78,0,4,3,0,2,1072,494,520,1
63,4,6,2,0,7,1310,882,320,2
285,5,2,0,0,5,627,317,135,1
55,3,16,1,0,3,845,582,498,1
248,4,15,5,0,13,1219,512,460,0
74,8,11,6,0,5,792,554,212,2
162,8,17,3,0,10,457,192,109,2
213,1,21,5,0,3,393,196,192,2
242,4,14,6,1,6,1448,806,815,0
364,3,19,2,0,4,317,161,84,2
24,7,8,5,0,4,957,672,372,2
38,9,19,5,0,12,506,348,146,0
306,0,22,0,0,8,413,239,141,1
343,1,5,2,0,5,275,133,135,1
34,8,2,1,0,8,1244,686,469,2
161,8,4,2,0,4,467,265,193,1
141,9,13,3,0,5,1493,888,493,2
27,1,18,1,0,4,1315,723,577,0
198,9,21,4,0,14,389,160,182,2
353,6,3,5,0,7,200,152,60,1
66,4,23,5,0,6,369,260,140,1
334,8,21,0,0,14,406,197,125,2
271,4,17,0,0,14,1062,645,518,0
31,5,0,5,0,4,183,116,58,1
133,0,8,2,0,5,322,213,192,1
354,3,1,6,0,13,345,256,183,2
228,6,0,6,0,10,221,167,107,2
164,8,1,5,0,12,748,447,175,2
330,6,21,3,0,2,359,151,117,1
270,0,6,6,0,13,327,221,194,2
136,4,14,5,0,12,1016,627,406,2
152,6,13,0,0,13,885,362,311,2
339,3,4,5,0,8,1028,555,422,2
137,6,5,6,0,4,1220,867,279,2
70,0,22,2,0,4,1182,556,460,2
321,6,10,1,0,3,1401,599,807,2
146,5,3,1,0,8,276,163,91,1
45,4,14,5,1,4,1031,570,416,0
148,3,18,3,0,2,1026,697,208,2
147,4,23,2,0,5,589,336,230,1
323,3,10,3,1,5,508,258,180,2
197,4,1,3,0,4,984,523,302,1
133,5,8,2,1,6,378,154,214,2
73,6,7,5,0,2,1306,657,651,0
146,2,9,1,0,10,1062,521,245,0
262,1,18,5,0,3,1407,631,289,0
339,9,19,5,1,12,1176,875,392,0
302,5,17,3,0,14,465,196,267,2
359,7,18,4,0,12,822,600,466,0
168,7,4,2,0,3,1108,821,455,1
332,3,0,5,0,5,1297,571,771,2
268,6,3,4,0,12,1432,611,587,2
145,5,9,0,0,2,541,352,122,1
121,9,1,4,0,12,880,430,370,2
125,1,17,1,0,3,179,82,82,1
151,1,18,6,0,7,923,441,399,0
139,9,10,1,1,12,124,64,61,2
226,0,23,4,0,6,114,78,67,1
113,2,23,3,0,4,149,103,68,1
313,9,22,0,0,4,150,63,82,1
362,7,13,0,0,5,930,640,391,1
154,9,18,2,1,6,736,464,153,0
209,5,1,1,0,9,1448,625,818,2
279,6,0,1,0,2,1442,726,651,2
213,6,20,5,0,13,175,78,77,0
229,8,3,0,0,13,485,282,216,2
335,5,7,1,0,6,244,132,120,1
327,4,11,0,0,8,1368,1092,620,2
70,3,14,2,0,3,1118,529,246,1
150,4,8,5,0,7,1294,855,736,0
1,8,18,3,0,3,416,300,126,2
49,8,15,2,0,8,1174,477,688,2
264,3,11,0,0,4,318,190,166,1
271,7,15,0,0,13,1485,748,792,0
361,6,21,6,1,10,1163,531,502,0
214,3,10,6,0,13,292,158,151,2
319,5,2,6,1,10,1479,762,512,0
110,4,21,0,0,14,659,482,241,0
279,9,13,1,0,12,1104,779,586,2
108,0,4,5,0,7,1387,1064,577,2
170,5,9,4,0,10,672,332,343,2
15,1,12,3,1,5,1489,1143,681,0
293,4,13,1,0,2,904,648,282,1
45,9,7,5,0,9,416,214,235,2
112,8,10,2,0,9,1104,569,573,0
327,7,0,0,0,8,108,83,44,1
258,6,8,1,0,5,910,442,334,2
331,3,20,4,0,4,908,652,400,2
153,6,0,1,0,2,826,531,189,1
95,6,9,6,0,6,174,123,66,2
76,1,2,1,0,13,1128,862,663,2
141,4,21,3,0,11,967,615,291,0
40,7,3,0,0,6,605,348,245,1
118,8,0,1,0,5,270,182,151,1
132,3,13,1,0,7,1023,475,323,2
215,5,12,0,0,7,979,506,541,2
136,4,3,5,0,5,164,71,79,1
104,0,17,1,0,5,315,133,174,2
314,4,5,1,0,11,661,432,315,2
348,0,14,0,0,8,549,394,221,1
136,8,1,5,0,4,809,504,434,2
221,6,1,6,0,8,561,368,273,2
88,8,5,6,0,14,913,419,187,0
145,6,9,0,0,5,817,465,457,2
111,6,10,1,0,2,922,721,383,2
120,5,5,3,1,3,1238,626,463,2
184,0,12,4,0,8,1454,641,717,2
47,8,18,0,0,10,736,358,310,2
102,7,14,6,1,10,1322,535,432,0
121,3,19,4,0,3,361,273,162,2
198,2,15,4,0,12,779,553,348,2
115,8,3,5,0,8,212,119,76,1
274,2,12,3,0,3,208,136,85,1
166,9,1,0,0,10,447,324,116,1
53,4,20,6,0,14,1243,606,282,0
238,3,2,2,0,2,789,408,266,1
52,1,6,5,0,2,156,117,61,1
69,6,22,1,0,5,1113,692,235,2
131,3,21,0,0,14,1004,668,314,0
109,4,2,6,0,3,1180,791,483,2
250,0,2,0,0,4,842,502,392,1
60,3,22,6,0,3,982,486,456,2
186,4,16,6,0,11,699,529,399,2
112,4,18,2,0,10,318,135,64,2
114,2,5,4,0,10,600,351,251,2
271,2,9,0,0,9,694,485,415,2
350,4,15,2,0,4,383,275,187,1
233,3,11,4,0,3,808,554,385,1
130,4,1,6,0,9,449,299,197,2
212,4,6,4,0,4,604,311,149,1
264,4,23,0,0,9,109,82,29,1
193,8,16,6,0,6,1197,799,690,2
146,4,23,1,0,13,478,357,158,2
267,7,20,3,0,2,749,406,408,2
314,7,13,1,0,8,765,362,346,2
172,0,12,6,0,9,627,381,186,2
343,4,17,2,0,8,924,719,482,2
117,7,5,0,0,13,522,352,174,2
114,0,23,4,0,5,232,123,130,1
135,1,8,4,0,11,778,432,402,2
87,2,19,5,0,8,653,440,220,0
71,6,19,3,0,6,523,264,185,2
294,4,0,2,0,9,571,423,264,1
212,0,6,4,0,3,606,463,124,1
127,4,10,3,0,7,722,302,413,2
196,1,20,2,0,12,1069,434,393,0
225,7,15,3,0,12,1274,800,593,2
302,5,17,3,0,5,1126,778,310,2
286,2,21,1,0,13,767,407,351,0
231,0,17,2,0,8,889,411,389,2
187,9,1,0,0,4,1471,685,653,2
56,9,11,2,0,2,183,113,40,1
26,9,10,0,0,11,1148,893,627,0
142,0,3,4,0,12,1109,479,522,2
24,7,22,5,1,10,1407,860,834,0
62,0,15,1,0,3,930,483,251,1
178,0,0,5,1,5,1017,752,411,0
188,5,2,1,0,14,134,68,78,1
39,0,20,6,0,10,550,350,116,0
120,7,7,3,0,9,140,87,72,2
351,2,9,3,0,9,934,722,283,2
16,3,0,4,0,4,318,130,81,1
13,2,10,1,0,12,1154,695,332,0
55,4,7,1,0,5,899,447,454,2
233,1,13,4,0,7,799,451,266,1
293,7,16,1,0,5,538,274,228,1
164,1,18,5,0,13,1255,737,523,0
105,9,0,2,0,5,613,471,193,1
266,0,12,2,0,4,228,168,63,1
53,8,0,6,0,5,1474,682,850,2
83,2,23,1,0,12,189,86,68,1
314,4,11,1,0,2,221,166,100,1
126,8,3,2,0,5,863,405,494,1
326,0,17,6,0,13,916,645,188,0
65,1,20,4,0,9,656,473,323,2
285,4,20,0,1,5,1148,653,313,0
330,0,19,3,0,3,1132,605,593,2
274,7,21,3,0,4,226,152,74,1
28,2,2,2,0,13,358,265,180,1
257,4,0,0,0,6,1426,683,437,2
315,3,22,2,0,4,769,345,452,1
146,5,12,1,0,9,1302,1019,294,2
114,2,15,4,0,5,214,165,122,1
27,7,4,1,1,10,957,456,375,0
202,9,19,1,0,10,214,142,47,2
68,6,11,0,0,6,951,691,438,2
85,7,6,3,0,7,471,264,106,1
100,5,9,4,0,7,1170,894,299,2
39,7,9,6,1,6,1407,811,300,0
39,8,10,6,0,14,682,500,144,0
247,1,1,4,0,3,1388,726,640,2
349,7,13,1,0,4,696,511,154,1
3,8,4,5,0,11,268,203,140,2
288,6,11,3,0,13,1275,647,327,2
94,3,16,5,0,4,1482,623,863,2
245,2,10,2,0,11,793,575,239,2
251,4,10,1,0,11,343,175,193,2
218,2,20,3,0,13,201,80,80,2
108,9,4,5,0,14,962,747,250,0
342,9,7,1,0,3,358,229,213,1
103,2,6,0,0,9,387,270,180,1
244,3,17,1,0,7,1095,551,324,0
56,8,0,2,1,13,505,349,239,2
158,2,9,6,0,4,838,658,342,2
45,1,7,5,0,8,665,363,257,2
228,8,12,6,0,11,1055,635,443,2
52,4,18,5,0,4,1005,773,265,0
252,3,20,2,0,12,1020,772,442,0
35,4,6,2,0,3,374,206,177,1
76,7,21,1,0,7,541,413,127,2
111,2,3,1,0,5,1075,757,265,2
213,5,15,5,0,13,493,272,188,2
341,8,18,0,0,10,820,387,426,0
229,5,17,0,0,2,1346,1073,306,2
33,5,0,0,0,2,724,543,236,1
82,2,12,0,0,3,1375,800,705,2
152,4,22,0,0,6,960,734,374,2
77,8,8,2,0,4,780,576,417,2
209,7,17,1,1,5,586,340,226,0
228,0,8,6,0,11,247,142,69,2
242,7,17,6,0,10,296,180,112,2
139,4,19,1,0,6,1077,720,218,2
112,3,17,2,0,13,995,516,268,0
201,9,12,0,0,8,1185,834,353,2
307,0,3,1,0,13,1219,797,411,2
232,7,18,3,0,8,236,178,114,2
264,5,21,0,0,4,731,507,211,2
216,6,8,1,0,11,141,68,72,2
34,4,8,1,1,9,379,266,196,2
224,8,14,2,0,11,963,537,301,2
208,3,20,0,0,13,732,383,148,0
42,9,13,2,0,6,154,123,36,1
225,8,8,3,0,12,1196,655,568,0
74,6,9,6,0,7,1488,828,435,0
74,5,6,6,0,8,359,193,89,1
164,3,21,5,0,12,515,265,224,0
251,2,2,1,0,14,174,118,50,1
311,5,14,5,0,11,934,457,451,2
245,8,20,2,0,12,503,249,297,2
297,6,8,5,0,10,807,355,185,0
241,5,13,5,0,3,990,770,421,2
227,0,16,5,0,3,296,236,124,1
162,9,7,3,0,7,637,348,347,2
262,2,13,5,1,13,873,557,362,0
157,7,16,5,0,13,289,163,127,2
215,5,17,0,0,14,619,406,282,0
136,9,3,5,0,8,1182,685,318,2
111,5,22,1,0,11,781,316,409,2
342,4,5,1,0,3,228,129,130,1
223,7,8,1,0,12,152,69,39,2
230,8,9,1,0,3,746,452,157,2
319,0,7,6,0,13,1253,578,583,0
143,2,0,5,0,13,1467,687,415,0
331,4,6,4,0,13,1278,887,476,2
265,1,6,1,0,6,592,468,287,1
300,3,10,1,0,5,246,124,128,1
209,5,7,1,0,13,665,285,295,2
145,0,16,0,0,11,1325,997,278,2
239,1,6,3,0,5,530,273,196,1
217,1,23,2,0,6,1196,560,327,2
213,4,12,5,0,6,1242,897,427,2
301,6,10,2,0,7,826,404,394,2
258,1,23,1,0,8,1442,578,561,2
51,9,11,4,0,8,447,283,148,1
213,1,8,5,0,3,1393,779,750,0
3,3,23,5,0,5,1285,753,286,2
253,9,18,3,0,10,624,380,289,2
142,7,20,4,1,9,1149,463,424,0
106,4,15,3,0,10,620,384,305,2
90,7,4,1,0,6,247,117,86,1
9,9,4,4,1,7,242,147,54,2
226,3,1,4,0,9,435,320,169,1
159,9,16,0,0,12,632,469,297,2
2,8,7,4,0,13,1379,964,548,0
35,7,19,2,0,3,330,155,190,1
335,1,15,1,0,10,1236,734,621,2
194,9,9,0,0,4,887,509,267,2
270,8,0,6,0,5,1141,644,249,2
280,7,2,2,0,3,128,79,67,1
298,6,6,6,1,3,214,99,49,2
146,1,9,1,0,2,1496,866,693,2
226,7,10,4,1,13,848,580,298,0
127,3,23,3,0,11,535,346,137,2
87,0,5,5,0,3,436,229,185,1
14,6,9,2,0,2,1017,791,230,2
146,0,11,1,0,8,780,487,300,2
349,0,4,1,0,11,520,257,210,2
101,9,2,5,0,5,469,261,220,1
93,7,21,4,0,13,948,689,317,0
266,6,4,2,0,3,1077,432,359,1
272,2,3,1,0,3,468,303,222,1
124,5,7,0,0,8,477,282,157,2
171,5,11,5,0,13,1347,923,575,0
20,3,14,1,0,11,960,423,256,2
306,7,8,0,0,14,565,243,166,2
148,3,22,3,0,6,917,505,237,1
268,0,20,4,0,14,917,369,407,0
79,9,23,4,0,8,258,159,124,1
167,5,10,1,0,6,375,230,120,2
24,2,20,5,0,6,595,442,354,2
245,9,16,2,0,13,1358,1060,520,2
216,9,4,1,0,11,919,545,369,2
147,0,3,2,0,7,702,440,307,1
296,4,18,4,1,8,1099,724,414,0
188,8,18,1,0,11,1415,662,519,0
25,5,21,6,0,5,747,515,151,2
164,4,4,5,0,5,334,251,138,1
138,8,2,0,0,7,933,460,395,2
327,9,12,0,0,5,1219,556,710,2
343,0,19,2,1,9,690,383,300,0
198,7,20,4,0,11,1424,769,400,0
142,2,21,4,0,7,381,272,79,2
228,6,22,6,0,5,441,187,238,1
100,5,9,4,0,2,583,408,247,1
44,7,0,4,0,6,303,154,91,1
269,2,21,5,1,10,1195,939,629,0
161,2,20,2,0,7,935,519,402,2
326,1,3,6,0,5,689,539,233,2
329,5,5,2,0,10,881,494,277,2
271,9,0,0,0,8,653,280,221,1
265,1,22,1,0,9,228,150,94,1
256,8,3,6,0,2,521,353,307,1
175,2,4,2,0,6,1321,882,562,2
137,0,2,6,0,2,401,196,136,1
50,9,9,3,0,13,1340,1065,802,0
195,9,4,1,0,10,1467,741,689,2
202,5,10,1,0,13,1256,975,744,0
41,4,23,1,0,2,736,474,173,1
269,4,7,5,0,3,1484,1025,798,0
322,1,2,2,0,13,970,455,269,2
242,8,16,6,0,12,437,336,110,2
122,2,14,5,0,6,1332,1063,479,2
303,5,9,4,0,4,580,303,168,2
217,5,5,2,0,6,637,269,205,1
121,6,19,4,0,5,995,535,456,2
301,8,2,2,0,11,283,203,140,1
97,3,14,1,0,12,1024,669,568,2
223,7,19,1,1,13,755,559,226,0
210,1,16,2,0,14,923,499,298,2
93,2,7,4,0,11,913,502,289,2
285,3,1,0,0,13,1354,704,665,2
250,9,21,0,0,3,1353,750,770,2
274,7,11,3,0,10,1031,518,577,2
314,3,21,1,0,10,339,221,93,2
316,3,2,3,0,8,649,375,193,1
45,7,21,5,0,2,1186,928,396,0
339,6,13,5,0,6,543,352,303,2
312,1,6,6,0,4,1173,796,605,2
210,6,23,2,0,3,181,120,67,1
296,9,7,4,0,2,1253,923,504,2
134,5,21,3,0,11,985,601,481,0
177,6,0,4,1,11,1415,678,285,0
20,5,6,1,0,8,1035,565,478,2
116,2,3,6,0,11,140,106,42,2
68,6,11,0,1,11,616,442,242,2
143,9,6,5,0,5,220,145,96,1
361,6,15,6,0,7,455,292,205,2
77,1,6,2,0,9,1076,847,581,2
243,4,6,0,0,13,1223,600,453,2
317,3,18,4,0,11,378,163,106,2
233,7,1,4,0,11,1403,950,528,2
238,2,20,2,0,3,1280,555,616,2
279,6,21,1,0,12,1172,516,664,0
60,5,14,6,0,9,1394,1081,600,0
250,2,7,0,0,8,1270,998,589,0
91,9,19,2,0,4,613,334,350,2
15,2,11,3,0,5,1078,774,393,2
297,9,15,5,0,4,867,440,174,2
215,9,13,0,0,9,670,381,146,1
83,3,13,1,0,13,1297,1001,569,2
169,9,14,3,0,6,1345,1033,662,2
211,7,13,3,0,11,118,50,35,1
213,0,21,5,0,3,533,284,210,2
198,5,0,4,0,4,714,507,154,1
361,7,9,6,0,5,480,354,125,2
222,3,5,0,0,4,745,349,429,1
36,4,5,3,0,2,389,216,89,1
63,0,10,2,1,8,1340,942,415,0
147,2,15,2,0,12,244,107,73,1
301,8,3,2,0,2,1156,495,404,1
101,0,17,5,0,11,555,268,120,0
53,8,13,6,0,14,642,280,215,2
17,3,6,5,0,3,1450,875,662,2
65,0,8,4,0,3,142,105,39,1
285,8,22,0,1,3,1153,656,537,2
111,1,23,1,0,10,1298,920,681,2
105,8,18,2,0,2,1167,835,557,2
239,3,2,3,0,11,1453,963,725,2
61,0,0,0,0,12,1120,860,450,2
101,7,7,5,0,5,312,248,161,2
219,1,15,4,0,12,675,323,293,2
75,3,2,0,0,14,729,459,181,2
300,6,21,1,0,13,447,262,195,2
174,4,22,1,0,13,1185,560,597,2
289,5,10,4,0,13,562,433,197,2
299,8,12,0,0,7,171,90,74,1
231,4,11,2,0,11,827,390,247,2
255,8,7,5,0,12,1360,548,462,0
158,5,2,6,0,4,1329,840,585,2
166,4,8,0,0,6,247,171,110,1
117,2,14,0,0,12,908,480,190,2
123,2,16,6,0,14,678,308,356,2
110,7,17,0,0,9,307,214,105,2
241,7,0,5,0,6,200,144,51,1
32,8,2,6,0,6,786,449,212,2
273,3,13,2,0,13,1455,696,578,0
296,6,2,4,0,3,1479,674,803,2
277,7,13,6,0,8,283,200,99,1
111,0,10,1,0,10,1461,937,463,0
344,6,15,3,1,13,1102,694,293,0
186,1,1,6,0,2,529,327,144,1
223,9,4,1,0,2,1453,785,509,2
79,1,18,4,0,5,871,414,203,2
166,7,10,0,0,2,150,67,66,1
75,8,5,0,0,10,417,235,85,1
305,2,17,6,0,8,1471,713,817,0
213,6,18,5,1,14,671,337,260,0
306,8,23,0,1,2,481,379,116,1
175,0,18,2,1,10,1283,729,457,0
262,0,22,5,0,11,1307,1041,415,0
326,4,21,6,0,13,1313,619,333,0
193,6,19,6,0,2,1237,983,257,0
9,2,22,4,0,2,1256,670,288,2
364,5,21,2,0,10,452,252,172,2
317,0,18,4,0,7,833,478,437,2
221,1,6,6,0,12,548,361,323,2
213,6,14,5,0,14,802,397,454,2
175,4,5,2,0,13,662,478,227,2
111,5,16,1,0,7,489,381,183,1
347,4,1,6,0,7,1104,675,349,2
141,9,22,3,0,4,455,290,103,1
250,7,20,0,0,8,737,370,303,2
135,0,13,4,0,2,353,184,109,1
103,3,13,0,0,14,1427,688,692,0
140,7,13,2,0,2,647,435,252,1
127,9,1,3,0,8,312,204,105,1
16,9,15,4,0,10,274,182,159,1
167,9,19,1,0,7,1278,512,283,0
39,2,13,6,0,11,224,102,65,2
132,9,16,1,0,8,672,495,253,1
261,1,14,4,0,7,103,65,21,1
278,8,1,0,0,3,1101,478,373,1
79,0,3,4,0,13,1314,984,642,2
53,4,0,6,0,6,1482,725,370,2
16,7,9,4,0,5,884,494,420,2
213,8,19,5,0,11,654,490,362,0
272,3,14,1,0,2,1142,898,465,1
65,8,23,4,1,5,1407,755,580,0
259,2,9,2,0,10,1361,809,440,0
51,8,23,4,0,2,397,313,179,1
235,0,16,6,0,13,1089,749,613,0
131,2,23,0,0,6,728,532,210,1
13,8,9,1,0,6,367,253,212,2
154,6,16,2,0,13,929,535,424,2
104,3,5,1,0,8,532,218,263,1
281,1,0,3,0,3,118,66,48,1
193,7,16,6,0,6,1078,806,438,2
286,2,21,1,0,3,226,158,120,1
121,2,20,4,0,3,913,644,363,2
140,6,11,2,0,4,1497,885,483,2
319,6,9,6,0,9,624,254,330,2
208,7,14,0,0,2,362,168,114,1
91,7,3,2,0,8,229,124,48,1
268,5,20,4,0,7,1227,846,286,0
205,8,20,4,0,8,1322,535,299,0
210,7,18,2,0,3,245,152,119,1
224,7,21,2,0,11,1153,594,538,0
82,3,20,0,0,12,160,66,56,2
197,8,18,3,0,11,626,256,187,2
163,7,1,4,0,8,199,146,112,1
333,4,21,6,0,9,1095,845,522,0
90,4,10,1,0,13,465,301,245,2
1,8,6,3,0,12,213,139,113,1
151,0,10,6,0,11,1294,799,740,0
36,9,19,3,0,7,1428,1012,610,0
124,0,3,0,0,3,625,411,150,1
32,6,8,6,0,7,778,377,212,2
76,3,8,1,0,5,1257,836,292,2
67,3,3,6,0,4,972,725,344,2
44,0,2,4,0,6,500,389,163,1
185,6,6,5,0,11,830,462,238,2
195,7,19,1,0,14,927,732,408,0
348,8,14,0,0,2,221,128,71,1
134,7,18,3,0,8,1097,639,612,0
116,7,5,6,1,6,1037,687,338,0
362,7,7,0,0,13,1235,723,257,0
214,6,10,6,0,2,867,586,418,2
265,3,0,1,0,3,945,511,519,1
267,9,8,3,0,2,745,373,344,2
92,0,15,3,0,5,861,469,463,1
323,1,14,3,1,9,1122,816,619,0
12,4,9,0,0,10,198,133,74,2
233,3,15,4,0,9,1357,929,627,2
32,7,19,6,0,13,267,136,86,0
345,2,21,4,0,3,1300,899,670,2
246,2,8,3,0,14,1144,843,517,0
162,8,13,3,0,9,405,233,94,1
202,7,20,1,0,4,1425,791,692,0
171,3,10,5,0,9,275,132,62,2
229,1,10,0,0,5,597,398,304,2
207,4,0,6,0,12,1305,854,298,0
83,6,17,1,0,9,238,112,97,2
109,0,22,6,0,11,790,425,309,2
234,6,23,5,0,6,938,655,239,2
194,0,13,0,0,4,696,517,147,1
106,4,10,3,0,7,323,135,80,2
109,8,12,6,0,2,436,191,190,1
222,3,22,0,0,4,752,486,189,1
279,1,13,1,0,6,781,483,293,1
297,2,20,5,0,13,891,416,218,0
171,1,12,5,0,9,1091,714,633,2
124,6,4,0,0,10,825,374,377,2
106,6,22,3,0,11,846,361,245,2
184,6,21,4,0,3,784,560,321,2
259,8,20,2,0,5,184,146,41,1
155,0,19,3,0,6,1098,665,467,2
358,8,11,3,0,3,298,197,68,1
250,0,10,0,0,13,1375,1025,459,0
68,2,11,0,0,4,730,477,170,1
11,0,12,6,1,11,964,602,299,0
324,1,15,4,0,6,923,455,384,2
28,4,20,2,0,5,483,231,214,2
26,4,23,0,0,7,437,260,161,1
62,9,3,1,0,11,439,267,173,1
233,9,17,4,0,6,803,519,382,2
331,6,18,4,1,10,948,457,295,0
159,8,5,0,0,13,1252,587,391,2
70,0,11,2,1,9,1006,750,477,0
150,1,22,5,0,14,782,613,193,2
106,8,10,3,0,2,1453,822,622,2
328,5,19,1,0,6,1225,638,359,0
74,2,22,6,1,4,1482,806,552,0
330,7,20,3,0,2,1244,532,297,2
42,0,19,2,0,11,406,270,158,2
302,2,18,3,1,3,1135,537,675,0
125,1,4,1,0,14,399,271,167,2
110,3,20,0,0,3,692,542,214,2
151,2,12,6,1,11,285,120,71,2
307,0,9,1,0,11,1346,625,453,0
7,6,7,2,0,13,648,302,388,2
12,3,23,0,0,6,823,383,422,1
29,2,8,3,0,7,423,275,185,2
160,0,4,1,1,11,1141,740,315,0
232,6,15,3,1,8,927,596,365,2
305,2,15,6,0,3,1217,507,570,2
218,8,13,3,0,7,1170,886,365,2
274,5,1,3,0,11,342,261,82,1
41,7,10,1,0,10,419,238,200,2
182,4,4,2,0,8,588,345,345,1
239,7,20,3,0,2,1287,746,368,2
85,6,3,3,0,6,887,516,230,1
255,5,11,5,0,3,375,226,82,1
182,5,11,2,0,6,984,444,579,2
211,6,19,3,0,8,253,115,121,2
136,6,6,5,0,4,676,354,330,1
277,7,21,6,0,5,743,545,283,2
328,0,9,1,0,3,1356,956,539,2
145,1,23,0,0,9,605,306,336,1
253,0,19,3,0,10,427,303,236,2
346,5,18,5,0,12,334,221,170,0
51,5,21,4,0,6,658,283,297,2
148,0,5,3,0,6,866,356,180,1
39,3,13,6,1,11,119,56,52,2
141,7,3,3,0,13,287,150,158,1
127,8,1,3,0,4,294,223,74,1
72,2,12,4,1,12,174,104,103,2
165,7,11,6,0,9,1400,831,730,0
262,8,1,5,0,14,1032,451,388,0
326,8,16,6,0,9,1108,444,287,2
108,1,11,5,1,8,1073,462,317,0
253,7,13,3,0,5,793,362,251,1
47,1,18,0,0,11,551,299,221,2
341,1,15,0,0,14,964,617,195,2
181,2,0,1,0,14,754,396,450,2
31,1,18,5,1,4,148,99,67,2
51,6,5,4,0,7,1102,596,648,2
28,4,12,2,0,5,1098,557,519,2
217,7,23,2,0,7,270,191,142,1
1,7,13,3,0,4,1457,910,580,2
255,2,0,5,1,13,1117,501,513,0
347,8,21,6,0,5,126,99,63,2
5,9,17,0,0,11,655,482,287,2
144,7,10,6,0,5,379,213,142,2
2,2,20,4,0,5,1068,555,639,2
46,2,23,6,0,10,1477,726,336,0
321,8,19,1,0,6,734,305,299,2
25,3,12,6,1,7,788,546,175,0
219,4,21,4,0,6,902,423,434,2
98,8,1,2,0,6,1322,875,685,2
81,0,23,6,1,10,157,91,92,2
264,3,2,0,0,14,399,204,179,2
302,1,1,3,1,8,723,413,205,2
182,8,9,2,0,4,828,344,201,2
107,9,22,4,0,2,1024,658,448,1
97,4,6,1,0,9,726,507,307,2
250,7,19,0,0,9,207,143,84,2
159,0,8,0,0,12,954,403,561,0
243,9,15,0,0,11,831,636,338,2
70,0,11,2,0,9,368,209,218,1
253,1,7,3,0,14,489,343,188,2
357,5,20,2,0,9,1197,807,265,0
83,6,19,1,0,14,1117,689,463,0
3,0,8,5,0,5,657,302,382,2
36,1,19,3,0,13,428,229,182,2
346,5,6,5,0,12,1230,522,418,0
313,7,10,0,0,5,125,81,70,1
122,1,3,5,0,3,403,274,142,1
95,4,18,6,1,12,1076,578,260,0
125,9,3,1,1,9,1203,839,629,0
213,2,7,5,0,13,404,257,123,0
153,6,9,1,0,14,1408,1076,369,0
286,2,9,1,0,9,1226,836,326,0
329,3,19,2,0,10,449,321,268,2
273,1,6,2,0,14,125,86,41,1
148,3,8,3,0,4,758,567,352,2
84,6,12,2,0,8,293,200,159,1
110,0,14,0,0,12,996,474,295,2
312,5,9,6,0,8,272,163,156,2
246,2,8,3,0,9,661,276,281,2
219,5,23,4,0,4,1105,873,361,2
293,5,23,1,0,10,313,181,118,1
162,2,5,3,0,14,1236,560,316,2
61,2,9,0,0,9,551,324,188,2
326,2,18,6,0,10,411,220,231,0
103,9,5,0,0,2,841,637,318,1
234,4,7,5,0,6,1281,640,555,0
348,4,13,0,0,2,1067,704,353,1
104,3,0,1,0,9,415,214,123,1
53,7,6,6,0,11,1052,668,628,2
54,3,9,0,0,10,1292,917,513,0
112,1,20,2,0,13,961,572,410,0
340,5,19,6,0,14,140,73,82,0
169,5,5,3,0,4,649,271,356,1
2,6,16,4,0,7,822,485,392,1
357,3,2,2,0,10,1276,995,661,2
12,5,21,0,0,6,1090,553,249,2
26,9,6,0,0,7,196,124,46,1
117,1,17,0,0,13,1408,770,309,0
249,8,16,6,1,5,1388,1039,497,0
113,1,8,3,0,14,618,480,360,2
