date,station,hour,day_of_week,holiday,train_frequency,passenger_count,entry_count,exit_count,crowd_level
2025-04-15,Kurnool,9,1,0,3,139,106,31,Low
2025-06-30,Tirupati,2,0,0,8,667,386,394,Low
2025-02-15,Nellore,0,5,0,7,1312,723,664,Medium
2025-10-14,Vijayawada,15,1,0,12,1390,1045,461,Medium
2025-09-19,Warangal,9,4,0,4,975,395,209,Medium
2025-11-16,Vijayawada,10,6,0,2,918,660,439,Medium
2025-04-13,Nellore,22,6,0,11,1462,874,868,High
2025-06-12,Vijayawada,1,3,0,10,944,547,246,Medium
2025-11-29,Visakhapatnam,7,5,0,12,1416,694,408,High
2025-05-02,Visakhapatnam,4,4,0,13,704,505,175,Medium
2025-04-21,Hyderabad,3,0,0,2,1472,1005,822,Medium
2025-01-15,Nizamabad,13,2,1,2,641,327,334,Medium
2025-05-14,Tirupati,18,2,0,11,1413,645,573,High
2025-07-18,Secunderabad,22,4,0,9,1002,473,269,Medium
2025-06-12,Secunderabad,4,3,0,9,141,63,76,Low
2025-09-13,Tirupati,6,5,0,6,192,89,85,Low
2025-06-14,Guntur,5,5,0,14,326,186,182,Medium
2025-12-09,Secunderabad,17,1,0,14,1273,885,642,High
2025-10-08,Tirupati,0,2,0,9,264,134,66,Low
2025-11-20,Secunderabad,5,3,0,8,392,249,82,Low
2025-06-03,Secunderabad,22,1,0,3,145,98,70,Low
2025-10-14,Vijayawada,6,1,0,14,1048,513,471,Medium
2025-06-18,Kurnool,7,2,0,14,921,443,402,High
2025-07-14,Nizamabad,22,0,0,14,1334,1013,338,High
2025-01-26,Nizamabad,20,6,0,10,542,251,254,High
2025-07-06,Hyderabad,8,6,1,12,165,71,40,High
2025-09-22,Warangal,23,0,0,6,406,223,183,Low
2025-04-02,Guntur,16,2,0,9,1301,750,506,Medium
2025-03-19,Visakhapatnam,2,2,0,13,351,185,123,Low
2025-06-12,Tirupati,19,3,0,12,1228,528,428,High
2025-08-08,Guntur,20,4,0,4,398,290,236,Medium
2025-04-04,Guntur,4,4,0,5,478,311,261,Low
2025-07-10,Nellore,1,3,0,14,106,77,56,Low
2025-02-17,Nellore,22,0,0,11,1459,939,541,Medium
2025-05-21,Visakhapatnam,18,2,0,5,356,227,119,Medium
2025-12-28,Visakhapatnam,9,6,0,3,1012,409,423,Medium
2025-11-29,Kurnool,19,5,0,10,220,96,62,Medium
2025-04-05,Hyderabad,1,5,0,12,1033,480,310,Medium
2025-06-24,Secunderabad,13,1,0,13,230,130,88,Low
2025-03-08,Vijayawada,16,5,0,2,740,370,299,Low
2025-10-23,Kurnool,0,3,0,7,1078,617,345,Medium
2025-05-07,Visakhapatnam,20,2,0,12,1122,529,351,High
2025-02-05,Hyderabad,11,2,0,10,1078,499,624,Medium
2025-10-05,Kurnool,7,6,0,9,283,117,63,Medium
2025-03-05,Guntur,17,2,0,4,872,681,213,Medium
2025-04-20,Hyderabad,11,6,0,3,1338,765,315,Medium
2025-07-05,Guntur,16,5,0,8,1201,518,347,Medium
2025-05-18,Kurnool,6,6,0,5,557,420,234,Low
2025-12-06,Tirupati,21,5,0,11,1122,780,628,High
2025-10-06,Warangal,18,0,0,10,310,185,147,Medium
2025-12-22,Secunderabad,22,0,0,2,411,298,105,Low
2025-08-25,Nizamabad,7,0,0,5,286,222,144,Low
2025-01-14,Nellore,9,1,0,2,1421,824,378,Medium
2025-12-21,Secunderabad,1,6,0,2,236,111,119,Low
2025-07-18,Secunderabad,2,4,0,6,892,653,499,Low
2025-09-23,Secunderabad,15,1,0,11,705,321,247,Medium
2025-08-21,Hyderabad,4,3,0,13,1195,645,257,Medium
2025-09-15,Tirupati,13,0,1,8,1431,579,410,High
2025-06-09,Hyderabad,12,0,0,3,1497,1111,717,Medium
2025-07-20,Nizamabad,12,6,0,9,1007,645,576,Medium
2025-12-21,Nellore,3,6,0,7,1011,658,431,Medium
2025-05-08,Nizamabad,13,3,1,7,161,73,86,Medium
2025-12-18,Nizamabad,3,3,0,3,815,633,204,Low
2025-01-24,Tirupati,6,4,0,13,1264,961,538,Medium
2025-03-13,Secunderabad,18,3,0,9,201,104,46,Medium
2025-11-25,Warangal,20,1,1,7,1284,635,626,High
2025-04-20,Hyderabad,0,6,0,7,1060,571,315,Medium
2025-01-18,Secunderabad,15,5,0,11,646,284,160,Medium
2025-10-07,Guntur,4,1,0,7,257,128,128,Low
2025-10-09,Tirupati,2,3,0,6,844,582,435,Low
2025-11-26,Tirupati,10,2,0,3,1157,500,508,Medium
2025-12-04,Secunderabad,9,3,0,6,356,219,155,Medium
2025-07-10,Tirupati,3,3,0,4,350,216,130,Low
2025-09-02,Secunderabad,21,1,0,4,222,102,97,Low
2025-03-10,Visakhapatnam,11,0,0,5,760,342,395,Low
2025-08-20,Kurnool,16,2,0,4,1354,657,304,Medium
2025-11-09,Warangal,3,6,0,7,1410,723,822,Medium
2025-06-24,Guntur,10,1,0,4,1033,477,586,Medium
2025-11-07,Nizamabad,11,4,0,13,648,504,218,Medium
2025-11-18,Visakhapatnam,22,1,0,3,887,383,362,Low
2025-10-08,Guntur,11,2,0,4,160,91,77,Low
2025-06-05,Guntur,14,3,0,6,999,608,570,Medium
2025-03-14,Nellore,2,4,0,2,548,241,262,Low
2025-04-06,Warangal,11,6,0,5,1476,759,642,Medium
2025-12-21,Warangal,13,6,0,10,984,679,263,Medium
2025-09-10,Nizamabad,6,2,0,12,168,88,74,Low
2025-01-26,Kurnool,18,6,0,14,1084,719,439,High
2025-07-08,Vijayawada,2,1,0,14,1158,900,369,Medium
2025-05-13,Kurnool,20,1,0,11,325,183,116,Medium
2025-06-17,Visakhapatnam,14,1,0,5,341,254,112,Low
2025-08-08,Secunderabad,20,4,0,14,304,235,73,Medium
2025-02-22,Nizamabad,14,5,0,3,581,371,169,Low
2025-12-08,Nizamabad,19,0,0,2,1196,641,393,Medium
2025-04-27,Secunderabad,15,6,0,12,557,353,125,Medium
2025-04-09,Vijayawada,3,2,1,7,135,85,63,Low
2025-01-11,Nellore,0,5,1,3,626,442,211,Medium
2025-11-26,Tirupati,18,2,0,14,1453,980,455,High
2025-01-25,Vijayawada,8,5,1,8,237,129,135,High
2025-03-03,Tirupati,0,0,0,4,1327,786,639,Medium
2025-10-01,Secunderabad,8,2,0,10,415,241,167,Medium
2025-03-06,Guntur,19,3,0,4,573,420,151,Medium
2025-02-16,Secunderabad,18,6,0,13,191,80,80,High
2025-01-28,Nizamabad,11,1,0,11,964,623,317,Medium
2025-03-16,Visakhapatnam,8,6,0,5,148,94,82,Medium
2025-12-30,Guntur,8,1,0,5,736,404,364,Medium
2025-06-18,Vijayawada,15,2,0,10,725,363,149,Medium
2025-11-19,Tirupati,11,2,0,2,1474,1002,439,Medium
2025-01-24,Visakhapatnam,22,4,0,4,336,202,111,Low
2025-08-29,Kurnool,20,4,1,3,236,134,62,Medium
2025-12-21,Nizamabad,20,6,0,4,190,118,61,Medium
2025-08-27,Nellore,22,2,0,2,1368,922,299,Medium
2025-04-07,Secunderabad,16,0,0,4,740,378,163,Low
2025-11-03,Nizamabad,15,0,0,13,583,240,179,Medium
2025-02-01,Warangal,0,5,0,9,712,331,325,Medium
2025-07-04,Secunderabad,11,4,0,4,216,86,118,Low
2025-04-22,Vijayawada,0,1,0,13,778,529,323,Medium
2025-07-02,Nizamabad,18,2,0,8,782,364,217,Medium
2025-09-06,Nizamabad,10,5,0,5,137,64,70,Medium
2025-11-02,Visakhapatnam,5,6,0,10,166,73,78,Low
2025-07-21,Nizamabad,0,0,0,8,804,515,397,Medium
2025-04-05,Tirupati,2,5,0,6,1281,1002,626,Medium
2025-10-02,Warangal,12,3,1,6,337,173,175,Medium
2025-08-27,Hyderabad,9,2,0,3,563,362,201,Medium
2025-07-23,Nellore,20,2,0,8,545,394,262,Medium
2025-03-11,Kurnool,6,1,0,5,981,555,507,Low
2025-06-13,Guntur,10,4,1,6,303,141,80,Medium
2025-08-09,Nizamabad,21,5,0,7,932,632,208,High
2025-12-19,Kurnool,7,4,0,4,671,481,293,Medium
2025-06-14,Visakhapatnam,5,5,0,14,1436,589,560,High
2025-07-10,Visakhapatnam,13,3,0,11,480,327,137,Low
2025-06-14,Vijayawada,10,5,0,4,1315,971,508,High
2025-12-18,Visakhapatnam,3,3,0,3,959,585,229,Low
2025-06-18,Warangal,9,2,0,14,1303,763,600,High
2025-07-23,Warangal,18,2,0,13,281,189,140,Medium
2025-01-19,Nizamabad,0,6,1,13,131,68,28,Medium
2025-01-30,Nizamabad,16,3,0,4,674,372,226,Low
2025-02-01,Kurnool,4,5,0,9,424,185,233,Medium
2025-06-12,Secunderabad,6,3,0,3,237,186,138,Low
2025-10-31,Nellore,12,4,0,7,143,93,70,Low
2025-05-10,Guntur,6,5,0,8,691,425,389,Medium
2025-01-22,Visakhapatnam,3,2,0,5,177,121,96,Low
2025-03-21,Secunderabad,11,4,0,4,1397,758,555,Medium
2025-10-30,Vijayawada,22,3,0,5,1254,515,719,Medium
2025-06-01,Visakhapatnam,11,6,0,14,773,310,416,Medium
2025-09-21,Nizamabad,5,6,0,14,1344,1057,705,High
2025-09-11,Vijayawada,21,3,0,12,973,753,432,High
2025-10-01,Warangal,5,2,0,5,945,743,552,Low
2025-02-09,Nizamabad,20,6,0,6,1120,633,540,High
2025-03-18,Nizamabad,15,1,0,10,1042,578,519,Medium
2025-04-28,Warangal,23,0,0,10,730,355,240,Medium
2025-07-27,Tirupati,5,6,0,7,307,167,70,Low
2025-06-22,Tirupati,1,6,0,9,1233,788,597,Medium
2025-12-08,Kurnool,7,0,0,13,789,346,296,High
2025-08-15,Warangal,5,4,0,4,1481,847,394,Medium
2025-08-18,Warangal,21,0,0,11,475,255,102,Medium
2025-09-09,Hyderabad,18,1,1,9,1020,609,610,High
2025-09-04,Warangal,19,3,0,5,883,591,176,Medium
2025-06-02,Nizamabad,6,0,1,10,1441,1089,312,High
2025-06-03,Visakhapatnam,1,1,0,14,933,594,526,Medium
2025-09-10,Secunderabad,14,2,0,12,1217,852,479,Medium
2025-08-14,Kurnool,14,3,0,11,1454,596,335,Medium
2025-05-07,Guntur,11,2,1,4,692,283,253,Medium
2025-06-23,Kurnool,1,0,0,13,948,741,412,Medium
2025-02-20,Visakhapatnam,11,3,0,2,176,130,80,Low
2025-04-07,Nizamabad,12,0,0,9,1111,613,340,Medium
2025-09-24,Guntur,8,2,0,12,1467,1146,740,High
2025-08-16,Warangal,1,5,0,14,495,376,197,Medium
2025-07-20,Nellore,2,6,1,5,393,255,211,Medium
2025-09-01,Hyderabad,19,0,0,12,449,203,136,Medium
2025-02-22,Visakhapatnam,17,5,1,7,1053,805,390,High
2025-05-08,Tirupati,16,3,0,9,357,146,95,Low
2025-05-24,Guntur,16,5,0,13,1193,627,263,High
2025-09-27,Nellore,13,5,0,9,1388,582,615,High
2025-08-17,Visakhapatnam,8,6,0,11,1208,523,293,High
2025-07-30,Secunderabad,8,2,0,10,959,499,279,Medium
2025-02-28,Vijayawada,7,4,0,2,1197,853,414,Medium
2025-03-23,Visakhapatnam,14,6,0,14,1486,601,861,High
2025-08-27,Tirupati,2,2,0,3,424,240,225,Low
2025-08-21,Visakhapatnam,8,3,0,7,1021,656,513,Medium
2025-05-09,Kurnool,20,4,0,2,972,391,417,Medium
2025-08-10,Hyderabad,11,6,1,10,1252,975,717,High
2025-11-10,Warangal,19,0,0,9,514,229,278,Medium
2025-11-20,Nellore,3,3,0,12,1133,807,653,Medium
2025-09-27,Secunderabad,17,5,0,13,1176,610,531,High
2025-04-07,Hyderabad,11,0,1,13,1057,800,630,High
2025-08-18,Tirupati,17,0,0,6,406,166,240,Medium
2025-06-06,Warangal,1,4,0,4,1285,825,320,Medium
2025-05-26,Guntur,17,0,0,9,763,412,282,Medium
2025-08-17,Visakhapatnam,0,6,0,10,781,433,398,Medium
2025-07-05,Visakhapatnam,4,5,0,3,996,751,214,Medium
2025-05-14,Secunderabad,3,2,0,10,698,538,319,Medium
2025-07-06,Vijayawada,18,6,0,11,617,433,357,High
2025-07-06,Kurnool,6,6,0,4,160,65,81,Low
2025-07-02,Secunderabad,3,2,0,6,1480,1003,491,Medium
2025-09-17,Nizamabad,9,2,1,9,805,583,213,High
2025-01-23,Kurnool,7,3,1,2,678,474,163,Medium
2025-11-11,Nizamabad,1,1,0,13,602,387,202,Medium
2025-12-25,Warangal,19,3,0,14,1195,911,267,High
2025-11-21,Warangal,1,4,0,3,366,231,127,Low
2025-01-18,Visakhapatnam,17,5,0,13,1060,738,265,High
2025-03-10,Tirupati,10,0,0,14,220,149,130,Medium
2025-07-10,Warangal,12,3,0,12,1081,614,306,Medium
2025-08-18,Tirupati,16,0,0,11,473,207,161,Low
2025-04-26,Kurnool,20,5,0,11,1394,977,288,High
2025-12-21,Nellore,3,6,0,12,268,205,119,Medium
2025-01-23,Vijayawada,13,3,1,3,1215,850,697,Medium
2025-07-14,Nellore,18,0,0,6,1487,631,460,High
2025-05-19,Nellore,9,0,0,9,1079,697,289,Medium
2025-12-13,Tirupati,22,5,0,12,1128,712,580,High
2025-12-31,Hyderabad,11,2,1,9,1443,761,662,High
2025-08-13,Nizamabad,6,2,0,3,1371,970,663,Medium
2025-11-07,Warangal,20,4,0,12,212,105,126,Medium
2025-07-12,Nellore,10,5,0,7,927,549,532,High
2025-10-19,Nellore,22,6,0,12,909,453,431,Medium
2025-07-27,Kurnool,21,6,0,11,530,382,305,High
2025-01-25,Vijayawada,2,5,0,7,400,210,82,Low
2025-02-03,Kurnool,9,0,0,10,229,94,92,Medium
2025-01-29,Nellore,6,2,0,12,280,201,84,Low
2025-05-28,Nellore,15,2,1,4,740,538,178,Medium
2025-09-05,Kurnool,0,4,1,9,567,401,319,Medium
2025-11-10,Nellore,22,0,0,5,1213,601,328,Medium
2025-04-04,Warangal,9,4,0,13,967,547,218,High
2025-08-12,Vijayawada,17,1,0,4,1327,684,338,High
2025-03-22,Tirupati,17,5,0,10,182,96,50,Medium
2025-04-05,Vijayawada,22,5,0,9,697,471,211,Medium
2025-03-18,Nizamabad,0,1,0,14,1495,640,613,High
2025-08-23,Vijayawada,13,5,0,12,1092,585,403,High
2025-09-23,Nizamabad,4,1,0,6,327,196,187,Low
2025-04-05,Visakhapatnam,12,5,0,9,1411,682,314,High
2025-07-06,Secunderabad,2,6,1,4,268,172,59,Medium
2025-03-05,Guntur,10,2,0,6,1280,808,685,Medium
2025-06-16,Tirupati,7,0,0,3,611,323,271,Medium
2025-10-12,Warangal,22,6,0,9,1204,832,618,Medium
2025-05-20,Visakhapatnam,20,1,0,5,102,52,61,Low
2025-10-15,Hyderabad,7,2,0,4,538,282,163,Medium
2025-01-16,Vijayawada,23,3,0,12,1406,756,418,Medium
2025-09-11,Warangal,5,3,0,4,1031,617,519,Low
2025-07-26,Secunderabad,0,5,0,6,214,168,49,Low
2025-06-05,Warangal,16,3,0,14,171,86,53,Low
2025-01-30,Nellore,4,3,0,10,564,440,253,Low
2025-10-26,Visakhapatnam,6,6,0,11,1331,771,345,High
2025-01-10,Guntur,1,4,0,3,304,193,72,Low
2025-08-03,Nellore,3,6,1,3,1078,483,268,High
2025-01-18,Nizamabad,10,5,0,6,863,632,455,Medium
2025-12-01,Tirupati,4,0,0,2,892,486,344,Low
2025-10-10,Nellore,7,4,0,10,653,409,160,Medium
2025-08-10,Hyderabad,21,6,1,8,653,308,294,High
2025-01-14,Nizamabad,7,1,0,4,1309,668,409,Medium
2025-04-01,Tirupati,13,1,0,7,1423,612,353,Medium
2025-09-13,Tirupati,11,5,0,7,711,330,155,Medium
2025-08-16,Nellore,22,5,0,9,359,153,155,Medium
2025-12-07,Nizamabad,8,6,0,7,1336,712,411,High
2025-05-19,Warangal,15,0,0,3,225,173,95,Low
2025-04-09,Guntur,15,2,0,14,1038,671,408,Medium
2025-12-01,Vijayawada,15,0,0,10,808,544,263,Medium
2025-07-25,Nizamabad,13,4,0,14,158,73,91,Low
2025-09-09,Guntur,6,1,0,7,1229,524,404,Medium
2025-08-29,Vijayawada,13,4,0,14,1152,714,341,Medium
2025-03-07,Nizamabad,0,4,0,3,1233,654,256,Medium
2025-12-15,Secunderabad,21,0,0,3,833,619,487,Medium
2025-04-04,Nellore,20,4,0,7,733,466,181,Medium
2025-03-29,Kurnool,1,5,0,11,1219,793,558,High
2025-09-17,Nellore,5,2,0,8,619,423,364,Low
2025-04-07,Tirupati,9,0,0,4,180,100,67,Low
2025-10-21,Kurnool,21,1,0,6,775,419,157,Medium
2025-03-03,Secunderabad,10,0,0,4,490,228,180,Medium
2025-01-26,Hyderabad,10,6,0,7,1190,580,635,High
2025-06-29,Hyderabad,10,6,0,6,227,122,118,Medium
2025-11-14,Vijayawada,19,4,0,14,950,515,454,High
2025-02-14,Hyderabad,3,4,1,2,839,585,463,Medium
2025-01-28,Hyderabad,13,1,0,6,374,152,114,Low
2025-10-09,Tirupati,15,3,0,9,1216,497,628,Medium
2025-01-09,Tirupati,12,3,0,5,968,582,529,Low
2025-11-08,Tirupati,19,5,0,6,781,567,170,High
2025-01-24,Visakhapatnam,22,4,0,6,183,106,39,Low
2025-02-02,Kurnool,5,6,0,9,1003,636,440,Medium
2025-04-27,Kurnool,8,6,0,11,114,56,25,Medium
2025-05-27,Warangal,21,1,0,8,1252,998,669,High
2025-08-28,Secunderabad,8,3,0,8,777,545,264,Medium
2025-04-17,Warangal,4,3,0,14,157,122,46,Low
2025-11-12,Guntur,4,2,0,4,1119,787,292,Medium
2025-01-08,Warangal,19,2,0,5,1149,549,331,Medium
2025-04-17,Secunderabad,14,3,0,11,172,116,102,Low
2025-06-06,Nizamabad,16,4,0,6,1359,661,588,Medium
2025-08-02,Warangal,22,5,0,5,114,74,40,Low
2025-08-12,Tirupati,6,1,0,4,152,108,55,Low
2025-04-09,Tirupati,1,2,0,12,502,212,105,Medium
2025-06-05,Hyderabad,11,3,0,8,1338,577,423,Medium
2025-01-24,Warangal,16,4,0,14,767,500,447,Medium
2025-07-17,Tirupati,3,3,0,11,929,498,444,Medium
2025-08-14,Kurnool,22,3,0,7,629,300,222,Low
2025-02-03,Secunderabad,14,0,0,12,1175,595,608,Medium
2025-07-12,Hyderabad,14,5,0,7,828,550,476,Medium
2025-05-15,Warangal,4,3,0,4,600,267,156,Low
2025-08-27,Vijayawada,7,2,0,14,1126,847,276,High
2025-06-11,Vijayawada,6,2,0,13,1023,691,539,Medium
2025-08-05,Nellore,1,1,0,13,590,454,273,Medium
2025-03-14,Nellore,21,4,0,3,1115,650,589,Medium
2025-05-31,Hyderabad,0,5,1,8,767,540,371,High
2025-08-27,Tirupati,14,2,1,6,986,429,328,Medium
2025-08-13,Visakhapatnam,2,2,0,13,812,444,358,Medium
2025-12-21,Warangal,0,6,0,10,1122,859,574,Medium
2025-08-31,Vijayawada,10,6,0,2,1218,940,246,Medium
2025-11-03,Visakhapatnam,17,0,0,7,1413,929,730,High
2025-03-05,Secunderabad,21,2,0,3,604,437,291,Medium
2025-06-01,Hyderabad,8,6,0,12,1129,898,669,High
2025-02-13,Nellore,4,3,0,9,445,283,249,Low
2025-12-20,Kurnool,18,5,0,9,317,145,65,Medium
2025-03-02,Secunderabad,11,6,0,7,1240,556,303,Medium
2025-11-08,Secunderabad,11,5,0,2,1075,490,428,Medium
2025-03-24,Hyderabad,19,0,0,9,1326,1038,463,High
2025-10-29,Kurnool,22,2,1,2,585,294,204,Medium
2025-10-10,Warangal,13,4,0,14,187,105,81,Low
2025-07-27,Kurnool,15,6,0,4,243,192,96,Low
2025-09-06,Guntur,6,5,0,3,871,452,348,Medium
2025-05-04,Visakhapatnam,1,6,0,5,837,382,310,Medium
2025-08-27,Hyderabad,19,2,0,7,1147,492,582,High
2025-01-13,Visakhapatnam,5,0,0,5,712,470,317,Low
2025-11-22,Nizamabad,5,5,0,9,1236,605,547,Medium
2025-01-10,Warangal,14,4,0,12,292,139,174,Low
2025-08-06,Hyderabad,6,2,0,5,1398,1057,450,Medium
2025-08-25,Kurnool,16,0,0,11,199,113,46,Low
2025-04-11,Guntur,7,4,0,3,443,314,243,Low
2025-07-04,Visakhapatnam,19,4,0,10,638,256,305,Medium
2025-12-31,Hyderabad,3,2,0,3,1257,776,411,Medium
2025-04-16,Tirupati,22,2,0,13,190,120,96,Low
2025-09-14,Vijayawada,4,6,0,9,1055,509,304,Medium
2025-03-28,Tirupati,14,4,0,12,778,389,286,Medium
2025-09-18,Secunderabad,7,3,0,14,1419,736,701,High
2025-09-01,Guntur,8,0,0,10,862,569,515,Medium
2025-09-10,Warangal,21,2,0,2,941,421,422,Medium
2025-03-28,Secunderabad,14,4,0,12,1307,567,743,Medium
2025-12-06,Hyderabad,0,5,0,2,1091,444,554,Medium
2025-06-05,Warangal,1,3,0,13,1271,669,439,Medium
2025-03-22,Warangal,16,5,0,8,1459,884,330,High
2025-01-24,Nellore,7,4,0,6,1010,786,349,Medium
2025-08-19,Secunderabad,11,1,0,9,155,87,66,Low
2025-07-23,Vijayawada,16,2,0,12,1420,965,681,Medium
2025-09-06,Hyderabad,10,5,0,10,990,586,501,High
2025-11-09,Tirupati,1,6,0,13,1408,875,348,High
2025-07-05,Vijayawada,8,5,1,10,1121,743,567,High
2025-08-12,Guntur,4,1,0,6,1079,492,600,Medium
2025-10-27,Guntur,4,0,0,2,522,228,111,Low
2025-12-02,Secunderabad,14,1,0,3,1239,826,518,Medium
2025-08-06,Visakhapatnam,4,2,0,7,1112,474,229,Medium
2025-12-18,Nizamabad,4,3,0,12,1157,644,283,Medium
2025-03-14,Nizamabad,2,4,1,9,860,666,251,Medium
2025-01-20,Secunderabad,7,0,0,12,1284,887,317,High
2025-08-08,Secunderabad,20,4,0,12,633,277,284,Medium
2025-07-27,Kurnool,19,6,0,13,642,473,270,High
2025-05-14,Visakhapatnam,17,2,0,5,1003,596,411,Medium
2025-12-13,Nizamabad,11,5,0,13,1364,594,451,High
2025-05-09,Nizamabad,21,4,0,8,357,219,177,Medium
2025-11-16,Warangal,23,6,0,14,420,310,211,Medium
2025-03-19,Guntur,14,2,1,10,989,701,271,High
2025-10-10,Tirupati,8,4,0,13,1245,971,494,High
2025-01-07,Hyderabad,14,1,0,6,938,611,532,Medium
2025-07-09,Vijayawada,6,2,0,13,940,557,363,Medium
2025-07-28,Guntur,11,0,0,10,914,551,303,Medium
2025-11-08,Nellore,10,5,0,5,523,363,180,Medium
2025-09-22,Warangal,21,0,0,4,866,499,312,Medium
2025-01-07,Guntur,4,1,0,5,676,394,302,Low
2025-08-17,Visakhapatnam,10,6,0,9,1179,862,700,High
2025-11-21,Guntur,3,4,0,6,776,457,265,Low
2025-07-03,Warangal,21,3,0,13,845,354,276,High
2025-12-12,Vijayawada,10,4,0,8,1371,684,455,High
2025-06-21,Tirupati,19,5,0,7,974,537,422,High
2025-04-11,Warangal,7,4,0,9,1002,656,258,Medium
2025-01-06,Vijayawada,0,0,0,7,347,219,126,Low
2025-08-27,Warangal,2,2,0,4,120,85,62,Low
2025-05-16,Nizamabad,15,4,0,7,1134,825,652,Medium
2025-12-25,Visakhapatnam,16,3,0,3,625,333,182,Low
2025-09-13,Warangal,23,5,0,7,1263,520,542,Medium
2025-03-09,Vijayawada,2,6,0,11,314,167,152,Medium
2025-07-18,Visakhapatnam,22,4,0,10,1280,981,441,Medium
2025-02-19,Kurnool,19,2,0,10,1288,576,663,High
2025-06-04,Secunderabad,18,2,0,14,418,252,209,Medium
2025-10-18,Visakhapatnam,10,5,0,6,1089,517,513,High
2025-03-25,Visakhapatnam,16,1,0,3,1466,987,480,Medium
2025-03-09,Secunderabad,6,6,0,12,1347,637,366,High
2025-11-21,Visakhapatnam,4,4,0,5,171,101,55,Low
2025-09-19,Kurnool,18,4,0,11,616,338,322,Medium
2025-11-29,Kurnool,23,5,1,14,1448,1138,331,High
2025-07-30,Warangal,12,2,0,5,1491,839,782,Medium
2025-05-31,Hyderabad,2,5,1,7,203,99,69,Medium
2025-02-07,Nizamabad,13,4,0,2,570,390,167,Low
2025-08-12,Kurnool,23,1,0,2,419,310,130,Low
2025-05-12,Visakhapatnam,18,0,0,4,292,228,101,Medium
2025-02-07,Kurnool,11,4,0,14,702,559,406,Medium
2025-02-19,Guntur,21,2,0,12,219,161,52,Medium
2025-03-02,Guntur,22,6,0,14,905,536,360,High
2025-01-23,Nellore,20,3,0,6,365,192,155,Medium
2025-02-27,Warangal,1,3,0,3,319,161,118,Low
2025-07-13,Tirupati,4,6,0,3,441,265,180,Low
2025-12-07,Guntur,0,6,0,12,150,97,42,Medium
2025-03-29,Kurnool,0,5,0,14,156,110,70,Medium
2025-02-16,Visakhapatnam,4,6,0,4,547,360,173,Low
2025-01-02,Tirupati,14,3,0,9,1377,968,723,Medium
2025-04-02,Hyderabad,14,2,0,13,999,419,579,Medium
2025-02-24,Guntur,7,0,0,14,1347,583,330,High
2025-04-04,Visakhapatnam,7,4,0,10,1185,719,330,High
2025-02-26,Vijayawada,10,2,0,6,927,644,491,Medium
2025-04-22,Guntur,1,1,0,12,954,649,199,Medium
2025-10-16,Nellore,13,3,0,5,1343,878,582,Medium
2025-09-14,Warangal,5,6,0,11,1140,897,266,High
2025-06-15,Kurnool,11,6,0,13,1398,837,448,High
2025-02-17,Hyderabad,7,0,0,13,1399,673,502,High
2025-01-27,Nellore,13,0,1,11,189,150,111,Medium
2025-11-08,Nizamabad,8,5,0,3,1358,765,741,High
2025-07-08,Visakhapatnam,3,1,0,7,109,74,61,Low
2025-05-08,Vijayawada,7,3,0,5,389,157,225,Low
2025-02-15,Nizamabad,1,5,0,4,905,448,533,Medium
2025-12-06,Secunderabad,4,5,0,10,190,119,56,Low
2025-07-13,Hyderabad,9,6,0,13,565,301,173,High
2025-02-05,Guntur,5,2,0,12,944,715,258,Medium
2025-02-21,Hyderabad,10,4,0,6,153,97,83,Low
2025-10-29,Warangal,18,2,0,7,354,249,172,Medium
2025-10-03,Hyderabad,1,4,0,13,1047,479,397,Medium
2025-12-06,Warangal,20,5,0,5,745,501,213,Medium
2025-02-27,Nellore,16,3,0,11,519,309,302,Low
2025-02-01,Nizamabad,9,5,0,5,1208,669,636,High
2025-03-15,Guntur,18,5,0,7,502,266,220,Medium
2025-01-17,Vijayawada,20,4,1,11,694,321,302,High
2025-12-30,Secunderabad,3,1,1,5,939,421,456,Medium
2025-01-14,Nellore,0,1,1,4,419,226,156,Medium
2025-04-23,Tirupati,6,2,0,13,1220,901,312,Medium
2025-01-04,Nellore,13,5,0,11,1494,1041,849,High
2025-12-14,Vijayawada,21,6,0,7,175,123,44,Medium
2025-10-02,Kurnool,12,3,0,2,721,292,298,Low
2025-12-15,Hyderabad,17,0,0,7,477,346,115,Medium
2025-10-26,Guntur,17,6,0,10,1411,882,282,High
2025-06-15,Nizamabad,13,6,0,8,1208,484,666,Medium
2025-03-15,Vijayawada,11,5,0,6,366,185,117,Low
2025-04-24,Visakhapatnam,11,3,0,10,1310,1027,334,Medium
2025-07-12,Guntur,16,5,0,2,436,246,188,Low
2025-12-14,Visakhapatnam,23,6,0,5,1221,635,250,Medium
2025-07-01,Visakhapatnam,20,1,1,12,586,236,298,High
2025-06-07,Vijayawada,15,5,0,3,120,69,26,Low
2025-01-25,Nellore,5,5,0,14,1368,763,737,High
2025-09-17,Secunderabad,13,2,0,13,1268,998,717,Medium
2025-09-30,Hyderabad,15,1,0,2,1315,931,481,Medium
2025-06-26,Warangal,10,3,0,11,1296,742,529,High
2025-02-03,Guntur,1,0,0,6,741,364,327,Low
2025-12-13,Nellore,20,5,0,3,534,326,265,Medium
2025-07-20,Kurnool,0,6,0,3,135,90,61,Low
2025-11-27,Warangal,15,3,1,9,1287,1027,374,High
2025-08-19,Hyderabad,17,1,0,11,328,222,126,Medium
2025-06-21,Secunderabad,11,5,0,6,1479,752,436,Medium
2025-07-30,Tirupati,18,2,0,5,104,83,52,Low
2025-11-04,Nellore,11,1,0,4,337,260,171,Low
2025-04-08,Secunderabad,12,1,0,9,1176,586,299,Medium
2025-07-02,Visakhapatnam,20,2,0,11,419,176,204,Medium
2025-04-08,Kurnool,12,1,1,2,823,533,402,Medium
2025-07-16,Visakhapatnam,13,2,0,3,1157,768,609,Low
2025-06-17,Visakhapatnam,2,1,0,3,837,451,440,Low
2025-11-30,Nellore,1,6,0,6,701,504,140,Medium
2025-05-22,Nizamabad,6,3,0,14,739,355,162,Medium
2025-03-29,Tirupati,7,5,1,6,188,88,100,Medium
2025-10-26,Guntur,13,6,0,13,499,314,221,Medium
2025-03-27,Kurnool,11,3,0,4,1404,679,719,Medium
2025-05-15,Kurnool,0,3,1,7,1351,719,521,High
2025-07-16,Vijayawada,4,2,0,11,961,532,324,Medium
2025-07-03,Secunderabad,16,3,0,4,246,168,138,Low
2025-11-25,Tirupati,16,1,0,7,1084,555,435,Medium
2025-07-11,Visakhapatnam,21,4,0,8,767,308,453,Medium
2025-08-02,Nellore,8,5,0,11,1090,726,267,High
2025-05-27,Warangal,4,1,0,4,676,396,302,Low
2025-11-12,Vijayawada,13,2,0,14,1453,1101,799,High
2025-10-23,Hyderabad,6,3,0,14,688,329,191,Medium
2025-10-10,Nellore,14,4,0,11,209,86,93,Low
2025-01-11,Visakhapatnam,5,5,0,7,490,251,285,Medium
2025-06-26,Guntur,9,3,0,8,461,366,215,Medium
2025-05-01,Vijayawada,13,3,0,12,1186,495,507,Medium
2025-01-30,Secunderabad,4,3,0,14,1311,914,625,High
2025-07-02,Nellore,7,2,1,3,322,170,158,Medium
2025-05-19,Secunderabad,21,0,0,7,1286,782,339,High
2025-05-16,Kurnool,22,4,0,3,796,366,249,Low
2025-06-10,Tirupati,15,1,0,14,451,184,123,Medium
2025-06-17,Vijayawada,12,1,1,12,812,533,321,High
2025-06-25,Tirupati,11,2,0,5,198,99,84,Low
2025-02-09,Warangal,0,6,0,14,582,428,267,Medium
2025-07-09,Nizamabad,19,2,0,14,1000,521,461,High
2025-01-09,Warangal,3,3,0,13,112,52,61,Low
2025-02-05,Guntur,4,2,1,11,400,244,130,Medium
2025-10-25,Tirupati,23,5,0,14,1098,444,467,High
2025-10-07,Tirupati,0,1,0,8,530,367,204,Low
2025-10-24,Vijayawada,15,4,0,3,1352,878,546,Medium
2025-05-14,Warangal,17,2,0,8,411,165,204,Medium
2025-04-05,Guntur,18,5,0,8,699,438,158,High
2025-06-06,Guntur,1,4,0,13,142,56,68,Low
2025-01-02,Visakhapatnam,21,3,0,13,873,544,198,High
2025-04-01,Visakhapatnam,3,1,0,7,406,174,204,Low
2025-11-08,Warangal,12,5,1,12,219,147,121,Medium
2025-07-19,Secunderabad,23,5,0,5,1115,881,225,Medium
2025-05-04,Tirupati,13,6,0,7,927,614,292,Medium
2025-05-26,Guntur,10,0,0,13,1202,852,649,High
2025-07-15,Guntur,8,1,0,5,1494,1014,863,High
2025-11-17,Guntur,7,0,0,13,971,611,259,High
2025-03-17,Warangal,23,0,0,14,1159,834,337,Medium
2025-02-19,Warangal,20,2,0,12,987,414,397,High
2025-08-16,Guntur,15,5,0,6,1089,810,347,Medium
2025-01-23,Hyderabad,14,3,0,14,1472,601,306,High
2025-07-07,Warangal,1,0,0,3,423,214,179,Low
2025-12-06,Visakhapatnam,6,5,0,6,1185,945,579,Medium
2025-08-14,Nizamabad,12,3,0,11,1133,815,524,Medium
2025-10-18,Nizamabad,1,5,0,13,908,485,214,Medium
2025-08-13,Nizamabad,3,2,0,7,116,78,47,Low
2025-04-11,Vijayawada,18,4,0,10,777,487,445,Medium
2025-04-22,Secunderabad,20,1,0,2,752,431,419,Medium
2025-03-31,Guntur,19,0,0,11,669,330,322,Medium
2025-07-28,Visakhapatnam,23,0,0,7,559,414,311,Low
2025-09-02,Nizamabad,12,1,0,3,147,91,43,Low
2025-07-01,Vijayawada,3,1,0,7,997,537,250,Medium
2025-08-02,Visakhapatnam,13,5,0,11,1375,607,718,High
2025-01-03,Nizamabad,4,4,0,12,610,387,342,Medium
2025-11-18,Warangal,7,1,0,11,825,403,421,Medium
2025-08-02,Secunderabad,1,5,0,13,1046,678,515,High
2025-10-24,Guntur,21,4,0,9,654,363,210,Medium
2025-08-26,Guntur,11,1,0,5,1351,660,744,Medium
2025-10-11,Nellore,17,5,0,4,1453,1131,673,High
2025-08-02,Hyderabad,12,5,0,9,357,267,196,Medium
2025-03-17,Guntur,21,0,0,10,1101,878,436,High
2025-06-07,Guntur,19,5,0,6,449,204,168,Medium
2025-10-05,Warangal,13,6,0,9,477,358,214,Medium
2025-05-10,Kurnool,21,5,1,9,983,586,575,High
2025-01-28,Tirupati,13,1,0,9,1484,862,790,Medium
2025-01-11,Tirupati,17,5,0,6,198,151,58,Medium
2025-12-08,Nizamabad,5,0,0,5,1007,761,260,Medium
2025-08-02,Warangal,1,5,0,6,1423,1111,576,Medium
2025-05-27,Secunderabad,1,1,0,5,1202,641,685,Medium
2025-05-18,Secunderabad,17,6,0,4,1235,540,575,High
2025-07-21,Tirupati,19,0,0,6,808,576,420,Medium
2025-02-23,Nizamabad,20,6,0,4,1099,827,555,High
2025-07-16,Nellore,23,2,0,9,328,167,118,Low
2025-06-10,Tirupati,2,1,0,10,1143,902,420,Medium
2025-02-02,Nellore,11,6,1,7,1228,828,254,High
2025-01-21,Nellore,21,1,0,10,1027,776,503,High
2025-09-08,Visakhapatnam,8,0,0,10,1003,568,504,High
2025-06-11,Secunderabad,22,2,0,8,386,302,216,Low
2025-08-31,Kurnool,3,6,0,2,492,205,171,Low
2025-09-11,Nellore,1,3,0,4,1009,646,586,Low
2025-01-28,Vijayawada,19,1,0,12,1455,685,495,High
2025-06-22,Tirupati,22,6,0,3,1481,653,882,Medium
2025-11-13,Secunderabad,19,3,0,5,608,430,364,Medium
2025-04-30,Nizamabad,19,2,0,14,755,344,306,High
2025-12-26,Visakhapatnam,6,4,0,12,484,289,174,Medium
2025-06-29,Hyderabad,7,6,0,8,1109,777,277,High
2025-08-17,Secunderabad,18,6,1,14,1344,657,416,High
2025-03-29,Nellore,19,5,0,10,414,167,179,High
2025-08-12,Tirupati,4,1,0,8,1416,852,837,Medium
2025-07-21,Nizamabad,15,0,1,14,1176,880,607,High
2025-01-20,Guntur,9,0,0,14,1119,648,617,High
2025-11-15,Hyderabad,13,5,0,12,140,96,31,Medium
2025-08-11,Warangal,20,0,0,6,1126,670,544,High
2025-10-28,Tirupati,6,1,0,5,701,558,306,Low
2025-03-23,Kurnool,22,6,0,3,535,280,271,Low
2025-11-04,Visakhapatnam,16,1,0,8,1107,689,658,Medium
2025-07-06,Nizamabad,18,6,0,5,1062,550,285,High
2025-04-18,Secunderabad,8,4,0,13,936,502,269,High
2025-01-17,Nizamabad,9,4,0,6,1079,797,234,Medium
2025-08-06,Nellore,10,2,1,12,643,315,333,High
2025-09-23,Guntur,13,1,0,9,1194,946,601,Medium
2025-12-15,Nizamabad,6,0,0,12,483,269,116,Medium
2025-08-31,Vijayawada,15,6,0,3,1420,736,748,Medium
2025-02-08,Hyderabad,19,5,0,12,809,594,200,High
2025-08-24,Nellore,22,6,1,14,1268,817,442,High
2025-10-21,Hyderabad,14,1,0,6,1242,864,733,Medium
2025-12-10,Nellore,10,2,0,6,1246,864,704,Medium
2025-03-01,Visakhapatnam,1,5,0,14,158,91,47,Medium
2025-01-05,Secunderabad,1,6,0,7,638,427,307,Medium
2025-08-05,Vijayawada,16,1,0,12,158,109,90,Low
2025-12-18,Visakhapatnam,20,3,0,3,903,607,250,Medium
2025-03-19,Warangal,19,2,0,14,477,274,250,Medium
2025-05-22,Nellore,15,3,0,13,1253,788,539,Medium
2025-08-09,Nellore,7,5,0,12,1351,751,292,High
2025-06-27,Hyderabad,9,4,0,7,186,138,38,Low
2025-10-07,Vijayawada,20,1,0,6,155,78,92,Medium
2025-04-25,Nellore,11,4,0,4,1286,750,535,Medium
2025-02-17,Secunderabad,22,0,0,8,1490,1124,313,Medium
2025-04-07,Guntur,16,0,0,6,190,127,91,Low
2025-08-14,Guntur,20,3,0,6,1172,752,498,High
2025-04-19,Visakhapatnam,13,5,0,7,1053,505,541,Medium
2025-10-24,Secunderabad,21,4,0,9,287,177,104,Medium
2025-08-10,Nizamabad,7,6,0,7,602,343,316,Medium
2025-10-16,Guntur,7,3,0,11,1155,629,277,High
2025-02-05,Secunderabad,0,2,0,13,1153,603,350,Medium
2025-10-11,Warangal,8,5,1,9,1050,638,511,High
2025-11-07,Nizamabad,17,4,0,8,1061,486,364,High
2025-12-02,Nellore,8,1,1,13,1073,566,291,High
2025-03-02,Kurnool,22,6,0,2,1077,635,646,Medium
2025-08-07,Secunderabad,5,3,1,10,1239,989,697,High
2025-10-03,Nizamabad,15,4,0,8,391,163,167,Low
2025-08-04,Guntur,5,0,0,2,1410,648,792,Medium
2025-05-27,Visakhapatnam,23,1,0,12,1415,1004,442,Medium
2025-09-13,Visakhapatnam,20,5,0,5,179,92,93,Medium
2025-05-08,Guntur,0,3,0,5,1079,834,522,Medium
2025-05-02,Vijayawada,19,4,1,10,1272,681,384,High
2025-06-03,Secunderabad,19,1,0,10,963,588,520,High
2025-07-03,Vijayawada,23,3,0,7,861,348,316,Medium
2025-11-11,Kurnool,22,1,0,12,160,106,66,Low
2025-05-15,Guntur,8,3,0,14,942,643,366,High
2025-11-28,Visakhapatnam,4,4,0,8,1131,579,398,Medium
2025-04-01,Hyderabad,17,1,0,3,355,249,168,Low
2025-11-16,Nellore,10,6,0,14,823,368,214,High
2025-09-01,Vijayawada,8,0,1,2,1127,817,428,High
2025-09-20,Tirupati,5,5,0,8,1257,898,718,Medium
2025-03-29,Visakhapatnam,13,5,0,5,827,400,393,Medium
2025-01-07,Nizamabad,0,1,0,12,283,169,120,Low
2025-01-25,Visakhapatnam,11,5,0,11,824,503,236,Medium
2025-01-14,Kurnool,11,1,0,11,466,243,252,Low
2025-04-10,Nizamabad,13,3,0,6,1078,570,498,Medium
2025-08-12,Kurnool,9,1,0,13,1318,593,619,High
2025-11-25,Nellore,6,1,0,5,179,110,105,Low
2025-04-23,Tirupati,20,2,1,14,826,631,214,High
2025-01-15,Visakhapatnam,0,2,0,9,862,600,224,Medium
2025-08-23,Guntur,13,5,1,4,600,359,291,Medium
2025-10-23,Hyderabad,12,3,0,8,587,365,259,Low
2025-09-09,Secunderabad,3,1,1,7,1054,571,414,Medium
2025-03-22,Secunderabad,2,5,0,5,902,496,315,Medium
2025-09-20,Tirupati,5,5,0,3,496,339,108,Low
2025-06-24,Visakhapatnam,11,1,0,12,383,166,218,Low
2025-07-20,Nellore,19,6,0,6,835,487,209,High
2025-02-24,Secunderabad,11,0,0,12,943,648,281,Medium
2025-05-07,Visakhapatnam,15,2,0,4,932,561,361,Low
2025-06-06,Warangal,13,4,0,7,758,553,440,Low
2025-02-27,Secunderabad,5,3,0,3,864,557,456,Low
2025-01-30,Tirupati,8,3,0,5,634,296,128,Medium
2025-06-14,Warangal,13,5,1,8,714,434,189,High
2025-09-08,Nellore,16,0,0,12,924,738,551,Medium
2025-07-20,Hyderabad,10,6,0,13,871,572,466,High
2025-11-27,Kurnool,17,3,0,2,939,732,260,Medium
2025-09-17,Hyderabad,4,2,1,10,920,735,202,High
2025-04-07,Guntur,4,0,0,5,476,358,103,Low
2025-05-13,Nizamabad,2,1,0,11,888,373,367,Medium
2025-02-16,Hyderabad,20,6,0,6,115,56,28,Medium
2025-07-25,Visakhapatnam,8,4,0,13,140,79,41,Medium
2025-08-31,Nellore,22,6,0,9,1361,1031,583,High
2025-06-19,Tirupati,5,3,1,8,1152,644,241,High
2025-03-14,Visakhapatnam,13,4,0,12,106,78,52,Low
2025-03-07,Guntur,18,4,0,13,301,218,77,Medium
2025-04-08,Warangal,17,1,0,6,216,138,96,Medium
2025-11-22,Kurnool,6,5,0,5,1260,602,289,Medium
2025-08-03,Nellore,11,6,0,3,1281,641,404,Medium
2025-06-26,Tirupati,1,3,0,5,590,384,130,Low
2025-03-17,Hyderabad,0,0,0,11,867,678,282,Medium
2025-01-16,Kurnool,23,3,0,14,273,187,89,Low
2025-09-05,Visakhapatnam,10,4,0,12,180,81,93,Medium
2025-08-13,Visakhapatnam,14,2,1,11,307,143,157,Medium
2025-10-13,Visakhapatnam,21,0,0,7,210,131,122,Medium
2025-02-17,Hyderabad,23,0,0,6,1257,651,532,Medium
2025-02-18,Kurnool,13,1,1,14,1085,446,599,High
2025-03-12,Guntur,2,2,0,9,792,431,339,Medium
2025-11-23,Kurnool,4,6,0,6,962,710,250,Medium
2025-01-30,Secunderabad,4,3,0,7,846,631,483,Medium
2025-04-14,Visakhapatnam,1,0,0,7,472,260,244,Low
2025-03-10,Nizamabad,14,0,0,4,1071,839,340,Low
2025-09-20,Warangal,21,5,0,6,1284,805,588,High
2025-01-31,Kurnool,18,4,0,5,319,181,100,Medium
2025-05-19,Warangal,3,0,0,4,440,269,177,Low
2025-03-16,Nizamabad,2,6,0,12,1209,522,516,High
2025-09-26,Tirupati,18,4,0,4,1130,568,555,Medium
2025-09-23,Nellore,5,1,0,4,1317,662,306,Medium
2025-06-16,Guntur,19,0,0,13,1024,702,267,High
2025-07-10,Warangal,7,3,1,7,770,357,415,High
2025-05-24,Nizamabad,5,5,0,4,1368,1042,796,Medium
2025-06-08,Visakhapatnam,6,6,0,7,354,241,181,Low
2025-05-11,Kurnool,21,6,0,4,1097,722,325,High
2025-01-04,Vijayawada,1,5,0,4,1027,670,501,Medium
2025-12-24,Guntur,2,2,0,8,1049,582,610,Medium
2025-04-13,Nizamabad,23,6,0,13,845,441,236,Medium
2025-11-18,Hyderabad,17,1,0,14,607,301,153,High
2025-11-08,Nizamabad,15,5,0,9,1430,1110,694,High
2025-12-26,Tirupati,8,4,0,11,1183,722,501,High
2025-02-15,Nellore,11,5,0,4,783,444,402,Medium
2025-06-18,Visakhapatnam,18,2,0,8,1479,906,357,High
2025-05-02,Tirupati,21,4,0,3,1080,655,600,Medium
2025-02-01,Warangal,13,5,0,8,1147,728,636,Medium
2025-10-02,Guntur,18,3,0,12,660,393,279,High
2025-05-01,Tirupati,22,3,0,11,855,573,333,Medium
2025-04-22,Visakhapatnam,21,1,0,8,182,95,74,Medium
2025-05-20,Nellore,10,1,1,14,1232,963,552,High
2025-02-14,Guntur,1,4,0,14,266,125,56,Low
2025-10-14,Guntur,13,1,0,14,1062,432,514,Medium
2025-03-19,Secunderabad,21,2,1,3,280,218,156,Medium
2025-11-07,Secunderabad,18,4,1,14,1394,906,449,High
2025-04-17,Nellore,4,3,0,8,1212,925,287,Medium
2025-01-31,Hyderabad,16,4,0,9,1033,791,278,Medium
2025-01-15,Tirupati,12,2,0,11,1384,858,604,Medium
2025-05-17,Vijayawada,10,5,0,3,866,550,425,Medium
2025-04-02,Nizamabad,21,2,0,11,272,110,146,Medium
2025-10-25,Visakhapatnam,10,5,1,14,740,412,406,High
2025-05-08,Warangal,7,3,1,14,1271,903,708,High
2025-05-08,Tirupati,11,3,0,11,711,450,168,Medium
2025-10-01,Kurnool,4,2,0,13,1034,536,244,Medium
2025-05-05,Visakhapatnam,17,0,0,12,719,399,248,High
2025-06-02,Tirupati,2,0,0,12,1246,606,657,Medium
2025-11-07,Guntur,20,4,0,9,686,389,149,Medium
2025-07-28,Hyderabad,0,0,1,5,526,323,246,Medium
2025-01-31,Tirupati,4,4,0,8,402,298,221,Low
2025-02-25,Warangal,9,1,0,9,862,398,309,Medium
2025-11-17,Warangal,23,0,0,2,1302,593,517,Medium
2025-06-29,Guntur,12,6,0,5,1050,500,420,Medium
2025-01-08,Nellore,8,2,0,5,263,186,134,Low
2025-04-05,Secunderabad,1,5,0,5,1001,596,390,Medium
2025-08-29,Warangal,13,4,0,8,667,394,325,Low
2025-08-04,Nellore,19,0,0,8,610,296,359,Medium
2025-02-24,Kurnool,5,0,0,2,1170,609,392,Low
2025-01-29,Secunderabad,6,2,0,12,321,200,181,Low
2025-03-03,Kurnool,12,0,0,7,315,218,103,Low
2025-10-12,Nellore,12,6,0,12,1362,805,456,High
2025-11-02,Vijayawada,19,6,0,9,112,62,32,Medium
2025-12-16,Warangal,7,1,0,13,370,239,128,Medium
2025-04-04,Nizamabad,16,4,0,9,584,350,158,Low
2025-08-07,Nellore,4,3,0,11,987,753,438,Medium
2025-05-02,Secunderabad,22,4,0,13,1002,425,418,Medium
2025-06-04,Visakhapatnam,10,2,0,11,1291,653,667,High
2025-09-26,Warangal,6,4,0,11,571,348,210,Medium
2025-04-06,Nellore,23,6,0,14,1059,569,255,High
2025-08-19,Nizamabad,14,1,0,12,553,326,262,Medium
2025-11-17,Nellore,6,0,0,11,486,250,146,Low
2025-08-15,Hyderabad,21,4,0,5,812,459,377,Medium
2025-04-01,Nellore,10,1,1,7,689,305,175,High
2025-07-14,Secunderabad,20,0,0,9,743,373,333,Medium
2025-01-14,Hyderabad,23,1,0,2,1352,1057,444,Medium
2025-03-23,Warangal,13,6,1,11,1416,576,363,High
2025-02-05,Nellore,2,2,0,7,1344,1062,746,Medium
2025-09-22,Guntur,11,0,0,14,692,278,185,Medium
2025-06-04,Visakhapatnam,7,2,0,2,1137,574,327,Medium
2025-11-07,Secunderabad,11,4,0,5,594,305,341,Low
2025-10-23,Nellore,10,3,0,5,1126,521,653,Medium
2025-12-30,Kurnool,16,1,0,6,549,221,191,Low
2025-09-16,Guntur,19,1,0,6,946,461,345,Medium
2025-11-20,Warangal,4,3,0,3,884,661,454,Low
2025-04-08,Nellore,20,1,0,8,634,280,161,Medium
2025-09-24,Nizamabad,3,2,0,13,359,228,108,Low
2025-11-16,Hyderabad,17,6,0,14,987,505,520,High
2025-09-27,Nizamabad,20,5,0,10,140,111,76,Medium
2025-03-04,Nellore,10,1,0,13,329,262,138,Medium
2025-11-15,Visakhapatnam,3,5,0,11,715,469,410,Medium
2025-02-05,Kurnool,14,2,0,14,316,202,64,Medium
2025-07-18,Secunderabad,6,4,0,9,604,393,268,Low
2025-01-04,Nellore,7,5,0,9,928,441,194,High
2025-02-14,Secunderabad,23,4,1,11,905,629,499,High
2025-07-18,Visakhapatnam,14,4,0,2,504,278,261,Low
2025-11-13,Nellore,19,3,0,13,851,544,500,High
2025-05-31,Tirupati,5,5,0,12,1126,838,625,High
2025-07-16,Kurnool,14,2,0,7,251,100,93,Low
2025-10-14,Nizamabad,11,1,0,14,734,453,238,Medium
2025-07-27,Tirupati,3,6,0,6,829,351,419,Medium
2025-03-09,Tirupati,0,6,0,8,1230,504,484,Medium
2025-01-07,Secunderabad,6,1,0,10,399,260,86,Low
2025-02-21,Nellore,2,4,0,5,1422,921,544,Medium
2025-12-02,Vijayawada,8,1,0,11,1190,666,273,High
2025-09-05,Nizamabad,21,4,0,14,1056,481,258,High
2025-12-31,Guntur,20,2,0,13,456,185,157,Medium
2025-11-21,Secunderabad,19,4,0,10,1142,854,550,High
2025-06-14,Tirupati,15,5,0,13,596,447,272,Medium
2025-05-05,Warangal,15,0,0,4,941,692,335,Low
2025-09-25,Kurnool,21,3,0,2,756,589,392,Medium
2025-10-23,Nizamabad,18,3,0,8,886,604,323,Medium
2025-01-25,Hyderabad,12,5,0,6,1367,880,497,Medium
2025-05-27,Guntur,1,1,0,7,440,334,124,Low
2025-10-14,Warangal,11,1,0,12,1213,905,512,Medium
2025-05-25,Kurnool,17,6,1,11,1289,732,693,High
2025-07-29,Tirupati,7,1,0,11,845,414,395,Medium
2025-11-26,Visakhapatnam,12,2,0,13,872,354,384,Medium
2025-10-28,Kurnool,19,1,0,6,604,255,198,Medium
2025-10-06,Nizamabad,16,0,0,7,970,748,574,Medium
2025-08-19,Vijayawada,3,1,0,8,135,91,38,Low
2025-03-21,Guntur,9,4,0,11,468,256,220,Medium
2025-01-18,Hyderabad,14,5,0,13,497,338,100,Medium
2025-04-29,Nizamabad,3,1,0,7,279,205,101,Low
2025-05-19,Kurnool,23,0,0,10,1399,903,361,Medium
2025-08-31,Tirupati,2,6,0,10,1047,590,245,Medium
2025-05-08,Visakhapatnam,13,3,0,10,1345,1054,519,Medium
2025-12-02,Visakhapatnam,16,1,0,4,677,372,387,Low
2025-11-12,Visakhapatnam,0,2,0,10,596,319,276,Low
2025-12-26,Tirupati,4,4,0,3,454,193,134,Low
2025-06-06,Visakhapatnam,15,4,0,2,977,780,441,Low
2025-03-27,Warangal,17,3,0,5,207,94,74,Medium
2025-11-07,Nizamabad,3,4,0,13,1316,568,490,Medium
2025-04-19,Nellore,9,5,0,11,104,63,51,Medium
2025-01-02,Hyderabad,10,3,0,5,894,421,522,Medium
2025-10-11,Visakhapatnam,23,5,0,10,937,396,326,Medium
2025-12-25,Vijayawada,2,3,0,7,939,563,212,Medium
2025-02-24,Visakhapatnam,19,0,0,12,739,526,172,High
2025-10-07,Kurnool,14,1,1,3,1471,797,638,High
2025-03-04,Nizamabad,18,1,0,5,566,327,327,Medium
2025-12-09,Nellore,21,1,1,11,789,447,404,High
2025-10-29,Hyderabad,17,2,0,11,139,103,31,Medium
2025-07-06,Warangal,11,6,0,3,1231,956,655,Medium
2025-06-02,Tirupati,20,0,0,14,1280,982,264,High
2025-02-16,Secunderabad,7,6,1,3,549,322,223,High
2025-09-25,Visakhapatnam,14,3,0,4,166,70,73,Low
2025-10-14,Vijayawada,9,1,0,2,737,470,390,Medium
2025-05-12,Kurnool,19,0,0,4,744,518,330,Medium
2025-02-03,Kurnool,4,0,0,13,287,190,95,Low
2025-01-08,Nizamabad,18,2,0,9,200,148,60,Medium
2025-11-18,Kurnool,22,1,0,10,1298,949,317,Medium
2025-10-24,Hyderabad,7,4,0,10,433,181,119,Medium
2025-08-12,Kurnool,14,1,0,3,1026,567,420,Low
2025-04-18,Hyderabad,11,4,0,9,802,402,396,Medium
2025-08-09,Tirupati,2,5,0,8,131,60,27,Low
2025-01-19,Nellore,9,6,0,5,1240,599,678,High
2025-10-25,Secunderabad,1,5,0,12,388,164,146,Medium
2025-10-09,Kurnool,0,3,0,2,1189,774,692,Low
2025-04-26,Tirupati,3,5,0,12,1004,456,499,Medium
2025-06-27,Nellore,20,4,0,11,1033,774,578,High
2025-02-28,Secunderabad,7,4,0,5,363,179,189,Low
2025-08-14,Guntur,20,3,0,10,253,149,77,Medium
2025-01-03,Nellore,23,4,0,14,1404,1042,327,High
2025-06-25,Guntur,15,2,0,6,472,288,162,Low
2025-12-26,Tirupati,3,4,0,4,568,274,248,Low
2025-08-05,Visakhapatnam,19,1,0,9,1029,647,222,High
2025-02-16,Secunderabad,3,6,0,6,166,129,73,Low
2025-08-23,Warangal,19,5,1,3,1099,824,484,High
2025-11-24,Kurnool,4,0,0,14,1499,1130,767,High
2025-06-28,Kurnool,9,5,0,10,254,160,137,Medium
2025-08-11,Visakhapatnam,15,0,0,5,1129,494,423,Medium
2025-04-05,Nizamabad,10,5,0,12,1325,544,643,High
2025-03-12,Kurnool,16,2,0,4,910,617,237,Low
2025-12-26,Nellore,0,4,0,9,1263,800,502,Medium
2025-03-13,Nizamabad,1,3,0,10,799,409,285,Medium
2025-03-19,Nizamabad,5,2,0,13,767,385,456,Medium
2025-02-06,Nellore,6,3,0,12,653,402,133,Medium
2025-05-26,Nizamabad,12,0,0,3,1023,682,613,Low
2025-01-23,Warangal,11,3,0,8,536,323,300,Low
2025-05-31,Hyderabad,6,5,0,10,511,212,205,Medium
2025-02-02,Warangal,20,6,0,5,1345,922,794,High
2025-12-10,Nizamabad,5,2,0,2,1276,601,585,Medium
2025-10-30,Guntur,4,3,0,8,867,652,464,Medium
2025-11-27,Secunderabad,8,3,0,9,1124,677,535,High
2025-06-21,Visakhapatnam,13,5,0,3,1275,901,263,Medium
2025-09-13,Nellore,14,5,0,14,632,458,317,Medium
2025-05-24,Kurnool,22,5,1,4,467,286,249,Medium
2025-02-27,Tirupati,11,3,0,11,1017,537,341,Medium
2025-10-04,Nellore,5,5,1,7,388,263,193,Medium
2025-01-27,Nizamabad,23,0,0,12,1127,572,428,Medium
2025-01-12,Visakhapatnam,0,6,0,13,1100,590,286,High
2025-08-19,Visakhapatnam,9,1,0,14,439,253,124,Medium
2025-11-13,Nellore,13,3,1,11,274,180,96,Medium
2025-03-05,Kurnool,4,2,0,4,600,322,231,Low
2025-02-28,Kurnool,13,4,0,6,394,202,200,Low
2025-11-24,Warangal,9,0,0,8,292,154,89,Medium
2025-11-13,Vijayawada,12,3,0,4,857,668,314,Low
2025-01-12,Nellore,17,6,0,7,1137,756,438,High
2025-08-29,Secunderabad,10,4,0,13,774,386,275,High
2025-04-14,Vijayawada,1,0,0,11,185,133,88,Low
2025-03-30,Visakhapatnam,8,6,0,11,361,191,207,Medium
2025-06-07,Secunderabad,14,5,0,6,128,79,42,Low
2025-06-01,Vijayawada,11,6,0,5,626,266,243,Medium
2025-04-28,Kurnool,8,0,0,3,615,342,126,Medium
2025-06-07,Warangal,21,5,0,13,137,56,65,Medium
2025-08-28,Guntur,4,3,0,4,1089,814,336,Medium
2025-01-09,Secunderabad,13,3,0,9,524,348,108,Low
2025-06-03,Visakhapatnam,7,1,0,13,411,174,96,Medium
2025-09-19,Hyderabad,19,4,0,6,1198,739,573,High
2025-05-22,Vijayawada,2,3,0,6,281,210,125,Low
2025-01-10,Vijayawada,15,4,0,9,782,473,410,Medium
2025-11-13,Warangal,8,3,0,11,1364,717,514,High
2025-06-11,Secunderabad,21,2,0,3,693,357,222,Medium
2025-07-09,Tirupati,2,2,0,9,963,440,352,Medium
2025-07-24,Visakhapatnam,11,3,0,12,128,97,44,Low
2025-06-17,Tirupati,18,1,0,8,845,442,189,Medium
2025-11-24,Kurnool,8,0,1,4,1041,426,376,High
2025-11-24,Warangal,3,0,0,4,1448,832,584,Medium
2025-04-01,Tirupati,10,1,0,9,213,153,79,Medium
2025-10-01,Warangal,4,2,0,2,848,496,290,Low
2025-06-26,Warangal,23,3,0,13,1246,700,528,Medium
2025-05-22,Nellore,15,3,0,13,660,356,328,Medium
2025-06-17,Tirupati,14,1,0,13,309,206,128,Low
2025-02-19,Kurnool,2,2,0,9,1413,857,404,Medium
2025-08-01,Hyderabad,2,4,0,2,336,236,176,Low
2025-07-02,Warangal,9,2,0,5,751,592,233,Medium
2025-08-13,Nellore,21,2,0,12,1041,588,310,High
2025-07-28,Kurnool,10,0,0,8,1023,456,494,Medium
2025-09-15,Nellore,18,0,0,2,767,489,310,Medium
2025-09-08,Secunderabad,8,0,0,6,1145,806,443,Medium
2025-05-01,Warangal,2,3,0,8,206,154,122,Low
2025-06-19,Nellore,9,3,0,2,565,353,202,Low
2025-03-29,Kurnool,7,5,0,10,134,95,47,Medium
2025-12-09,Secunderabad,11,1,0,5,1400,814,808,Medium
2025-05-29,Nizamabad,14,3,0,7,674,416,394,Low
2025-04-29,Kurnool,23,1,0,11,371,165,192,Low
2025-08-18,Secunderabad,18,0,0,8,797,398,276,Medium
2025-03-02,Tirupati,15,6,0,4,892,431,462,Medium
2025-07-10,Guntur,7,3,0,10,203,95,61,Medium
2025-01-14,Warangal,11,1,0,6,941,420,539,Medium
2025-01-09,Warangal,8,3,0,9,1375,990,409,High
2025-11-24,Hyderabad,9,0,0,11,1119,656,401,High
2025-12-13,Warangal,8,5,0,4,1171,729,387,High
2025-04-01,Tirupati,0,1,0,6,371,219,170,Low
2025-09-15,Warangal,3,0,0,12,891,382,475,Medium
2025-07-29,Warangal,14,1,1,11,1115,580,637,High
2025-01-18,Nizamabad,2,5,0,5,1006,414,416,Medium
2025-11-24,Vijayawada,14,0,0,13,815,517,307,Medium
2025-10-02,Tirupati,15,3,0,5,1428,590,653,Medium
2025-05-09,Kurnool,1,4,0,9,265,124,103,Low
2025-02-09,Guntur,15,6,1,9,1411,1090,624,High
2025-06-20,Nellore,8,4,0,3,1483,841,531,Medium
2025-03-15,Visakhapatnam,10,5,0,14,774,391,253,High
2025-10-16,Guntur,11,3,0,3,230,123,74,Low
2025-06-09,Nellore,16,0,0,9,1059,549,263,Medium
2025-07-03,Guntur,2,3,0,10,1277,990,757,Medium
2025-03-23,Nizamabad,23,6,0,8,1046,437,286,Medium
2025-11-22,Guntur,5,5,0,12,221,159,83,Medium
2025-01-01,Tirupati,15,2,0,4,520,299,145,Low
2025-11-10,Kurnool,8,0,0,7,627,356,175,Medium
2025-12-22,Secunderabad,19,0,0,5,190,150,91,Low
2025-06-13,Vijayawada,8,4,0,11,430,237,135,Medium
2025-08-31,Tirupati,3,6,0,14,1355,777,322,High
2025-07-02,Tirupati,1,2,0,8,640,405,179,Low
2025-04-22,Visakhapatnam,6,1,1,8,1190,678,698,High
2025-07-08,Nizamabad,4,1,1,10,351,277,144,Medium
2025-07-19,Hyderabad,5,5,0,5,631,266,359,Medium
2025-09-01,Vijayawada,5,0,0,4,1489,642,372,Medium
2025-07-01,Secunderabad,10,1,0,6,614,454,153,Medium
2025-10-27,Vijayawada,7,0,0,13,625,409,343,Medium
2025-06-21,Visakhapatnam,18,5,0,14,1368,747,552,High
2025-10-06,Warangal,15,0,0,8,372,262,205,Low
2025-03-24,Tirupati,12,0,0,13,415,326,248,Medium
2025-12-08,Guntur,12,0,0,4,1485,937,648,Medium
2025-11-16,Secunderabad,7,6,1,4,116,73,50,Medium
2025-01-12,Nellore,18,6,0,13,121,93,41,Medium
2025-02-25,Kurnool,18,1,0,10,516,337,164,Medium
2025-04-12,Kurnool,13,5,0,4,841,430,236,Medium
2025-08-05,Nellore,8,1,0,13,481,220,136,Medium
2025-05-12,Secunderabad,16,0,0,14,1072,537,266,Medium
2025-05-28,Tirupati,3,2,0,5,723,355,433,Low
2025-10-16,Secunderabad,6,3,0,14,611,258,251,Medium
2025-11-04,Kurnool,2,1,0,11,660,332,372,Medium
2025-03-20,Secunderabad,20,3,0,10,1269,781,634,High
2025-06-12,Nizamabad,16,3,0,9,667,400,253,Low
2025-05-02,Hyderabad,21,4,0,8,1423,1065,394,High
2025-01-21,Vijayawada,22,1,0,3,1141,642,552,Low
2025-10-10,Warangal,2,4,0,5,1148,571,666,Medium
2025-12-09,Guntur,20,1,0,12,294,187,150,Medium
2025-09-23,Secunderabad,16,1,0,6,1028,441,231,Medium
2025-11-08,Guntur,21,5,0,11,1481,1152,440,High
2025-09-06,Vijayawada,8,5,0,3,974,429,297,Medium
2025-06-02,Visakhapatnam,13,0,0,14,522,239,239,Medium
2025-05-04,Warangal,18,6,0,8,1185,526,567,High
2025-02-07,Nizamabad,0,4,0,4,1245,705,480,Medium
2025-10-13,Secunderabad,5,0,0,6,458,286,187,Low
2025-08-02,Guntur,21,5,0,3,385,260,159,Medium
2025-12-29,Vijayawada,10,0,1,7,339,145,156,Medium
2025-01-17,Vijayawada,17,4,1,9,166,109,49,Medium
2025-09-28,Kurnool,4,6,0,2,651,328,321,Low
2025-09-06,Warangal,10,5,0,8,192,102,82,Medium
2025-07-10,Guntur,4,3,0,6,616,345,201,Low
2025-05-15,Nizamabad,9,3,0,7,872,672,252,Medium
2025-07-05,Guntur,5,5,0,14,480,325,179,Medium
2025-11-16,Warangal,3,6,0,11,1123,813,282,High
2025-01-18,Vijayawada,1,5,0,7,1093,613,546,Medium
2025-10-31,Tirupati,10,4,0,7,909,523,234,Medium
2025-05-16,Nellore,6,4,0,11,329,197,144,Low
2025-02-19,Nellore,7,2,0,4,1177,805,532,Medium
2025-04-08,Hyderabad,14,1,0,5,789,503,403,Low
2025-08-18,Nellore,11,0,0,13,1260,716,738,Medium
2025-07-26,Guntur,9,5,0,11,1165,595,696,High
2025-06-13,Tirupati,9,4,1,9,1353,860,544,High
2025-01-27,Nellore,21,0,0,12,947,395,283,High
2025-06-29,Guntur,0,6,1,14,275,178,114,High
2025-08-18,Hyderabad,3,0,0,10,325,147,78,Low
2025-11-17,Nizamabad,20,0,0,5,902,367,330,Medium
2025-02-14,Visakhapatnam,4,4,0,6,461,340,228,Low
2025-05-12,Vijayawada,9,0,1,14,511,234,251,High
2025-02-03,Warangal,12,0,0,2,698,388,187,Low
2025-04-25,Kurnool,17,4,0,2,176,81,50,Low
2025-10-26,Warangal,18,6,0,11,1440,912,547,High
2025-06-26,Secunderabad,1,3,1,6,782,374,442,Medium
2025-07-25,Guntur,13,4,0,6,516,277,226,Low
2025-12-25,Tirupati,0,3,0,6,1084,680,454,Medium
2025-06-16,Secunderabad,1,0,0,14,1430,840,576,High
2025-04-24,Tirupati,7,3,0,11,1147,565,611,High
2025-02-08,Vijayawada,3,5,0,11,1455,895,462,High
2025-05-11,Visakhapatnam,16,6,0,5,684,493,144,Medium
2025-07-03,Tirupati,17,3,0,13,1297,884,656,High
2025-10-13,Warangal,21,0,0,7,476,310,210,Medium
2025-10-12,Vijayawada,18,6,0,3,120,70,55,Medium
2025-12-11,Visakhapatnam,0,3,0,10,792,340,313,Medium
2025-10-17,Kurnool,8,4,0,6,789,543,185,Medium
2025-04-09,Hyderabad,14,2,0,5,133,105,77,Low
2025-02-21,Vijayawada,11,4,0,3,996,520,368,Low
2025-04-25,Warangal,13,4,0,8,1134,570,282,Medium
2025-07-27,Vijayawada,8,6,0,6,1133,867,319,High
2025-01-26,Secunderabad,6,6,0,6,1306,793,389,Medium
2025-02-13,Nizamabad,6,3,1,10,938,592,503,High
2025-06-16,Visakhapatnam,12,0,0,4,745,458,270,Low
2025-09-01,Warangal,14,0,0,6,215,113,89,Low
2025-12-22,Nellore,18,0,0,7,173,107,65,Medium
2025-01-06,Kurnool,17,0,0,6,839,653,230,Medium
2025-08-17,Visakhapatnam,7,6,0,5,1098,555,546,High
2025-11-27,Visakhapatnam,19,3,0,4,585,283,125,Medium
2025-06-12,Nellore,1,3,0,5,807,535,287,Low
2025-09-29,Secunderabad,11,0,0,9,704,447,346,Medium
2025-01-08,Warangal,15,2,0,9,945,520,388,Medium
2025-04-27,Kurnool,21,6,0,11,235,126,125,Medium
2025-09-22,Nellore,10,0,0,9,1427,787,577,High
2025-07-09,Nellore,7,2,1,10,1022,488,349,High
2025-05-31,Guntur,7,5,1,10,1313,532,549,High
2025-07-19,Warangal,22,5,0,3,865,562,191,Medium
2025-09-11,Tirupati,9,3,0,9,999,576,413,Medium
2025-01-26,Nellore,21,6,0,9,1378,586,705,High
2025-07-13,Vijayawada,22,6,0,9,1233,908,718,Medium
2025-04-20,Warangal,11,6,0,8,1012,441,282,Medium
2025-06-01,Hyderabad,5,6,0,11,943,570,313,Medium
2025-01-19,Warangal,6,6,0,5,1204,702,603,Medium
2025-07-11,Tirupati,21,4,0,14,1088,514,373,High
2025-09-03,Visakhapatnam,23,2,0,4,1125,711,395,Medium
2025-11-21,Vijayawada,11,4,0,7,1190,534,332,Medium
2025-09-24,Guntur,19,2,0,13,672,536,220,High
2025-04-22,Hyderabad,7,1,0,6,1080,646,399,Medium
2025-10-28,Vijayawada,18,1,0,6,365,213,165,Medium
2025-04-27,Warangal,0,6,1,11,695,510,139,High
2025-01-25,Kurnool,5,5,0,9,923,712,208,Medium
2025-09-10,Vijayawada,0,2,0,8,890,677,454,Medium
2025-05-18,Nellore,16,6,0,3,866,385,234,Medium
2025-08-01,Tirupati,0,4,0,14,1276,601,353,Medium
2025-10-01,Warangal,8,2,1,3,620,295,309,Medium
2025-05-20,Nellore,5,1,0,11,868,540,452,Medium
2025-10-19,Hyderabad,0,6,0,8,1009,623,585,Medium
2025-03-14,Warangal,8,4,1,10,582,373,325,High
2025-01-03,Kurnool,4,4,1,6,1123,574,657,Medium
2025-04-25,Guntur,18,4,0,8,787,519,211,Medium
2025-03-13,Hyderabad,13,3,0,11,547,231,306,Medium
2025-06-10,Kurnool,15,1,0,4,1009,649,306,Low
2025-03-23,Secunderabad,2,6,0,12,111,74,65,Medium
2025-02-25,Nizamabad,0,1,1,9,164,100,49,Medium
2025-04-25,Tirupati,2,4,0,11,733,478,293,Medium
2025-08-28,Kurnool,20,3,0,4,494,330,123,Medium
2025-03-17,Nizamabad,9,0,0,10,813,570,274,Medium
2025-07-23,Kurnool,16,2,1,3,1472,868,387,High
2025-12-23,Vijayawada,21,1,0,7,730,499,429,Medium
2025-11-01,Visakhapatnam,18,5,0,4,580,337,265,Medium
2025-03-20,Warangal,22,3,0,6,292,137,79,Low
2025-10-31,Visakhapatnam,22,4,0,2,625,280,258,Low
2025-06-19,Warangal,5,3,0,4,719,319,407,Low
2025-02-15,Kurnool,7,5,0,14,1004,703,371,High
2025-04-21,Hyderabad,17,0,0,9,1098,562,386,High
2025-08-08,Hyderabad,5,4,0,13,629,349,164,Medium
2025-09-17,Warangal,10,2,0,8,918,385,456,Medium
2025-08-30,Nizamabad,11,5,0,13,375,206,85,Medium
2025-03-29,Vijayawada,21,5,0,7,841,601,288,High
2025-12-20,Hyderabad,8,5,0,10,1496,1139,758,High
2025-09-29,Warangal,10,0,0,10,449,350,188,Medium
2025-07-01,Secunderabad,8,1,0,8,1411,1055,645,High
2025-09-03,Vijayawada,6,2,0,13,443,279,212,Medium
2025-11-13,Kurnool,12,3,0,9,466,339,143,Low
2025-07-14,Hyderabad,9,0,0,12,1339,901,573,High
2025-05-09,Secunderabad,14,4,0,11,1211,728,469,Medium
2025-06-18,Warangal,18,2,0,10,997,427,402,High
2025-08-09,Tirupati,14,5,0,12,707,440,331,Medium
2025-02-05,Vijayawada,23,2,1,13,1089,695,284,High
2025-07-26,Vijayawada,20,5,0,4,278,184,69,Medium
2025-05-08,Warangal,14,3,0,8,196,153,54,Low
2025-11-21,Nellore,20,4,0,7,157,99,93,Medium
2025-04-22,Warangal,18,1,0,7,660,373,390,Medium
2025-10-02,Secunderabad,10,3,0,13,439,296,209,Medium
2025-03-02,Visakhapatnam,0,6,0,12,1015,687,353,Medium
2025-08-28,Hyderabad,15,3,0,12,736,547,323,Medium
2025-01-19,Hyderabad,8,6,0,3,102,67,24,Low
2025-07-30,Guntur,21,2,0,14,108,62,61,Medium
2025-07-26,Tirupati,8,5,0,8,903,484,521,High
2025-05-17,Nizamabad,16,5,0,6,270,209,157,Low
2025-11-22,Nellore,11,5,0,5,971,663,319,Medium
2025-09-29,Warangal,19,0,0,7,834,505,269,Medium
2025-12-10,Hyderabad,4,2,0,7,732,305,414,Low
2025-12-06,Nellore,7,5,0,4,728,542,382,Medium
2025-10-02,Nizamabad,19,3,0,12,851,576,200,High
2025-03-15,Visakhapatnam,12,5,0,14,546,435,109,Medium
2025-02-06,Secunderabad,18,3,0,3,228,148,54,Low
2025-06-06,Guntur,18,4,0,9,1067,751,446,High
2025-11-25,Hyderabad,16,1,0,11,1394,1051,522,Medium
2025-09-23,Guntur,19,1,0,2,910,489,237,Medium
2025-04-17,Kurnool,17,3,0,12,142,96,80,Medium
2025-03-02,Vijayawada,11,6,0,9,191,101,98,Low
2025-08-01,Visakhapatnam,18,4,0,8,130,97,64,Medium
2025-04-25,Nizamabad,18,4,0,14,1154,678,467,High
2025-12-04,Secunderabad,6,3,1,4,1244,597,503,Medium
2025-05-02,Secunderabad,20,4,0,13,1184,683,463,High
2025-02-26,Kurnool,12,2,0,6,694,485,338,Low
2025-06-06,Guntur,4,4,0,9,319,209,167,Low
2025-01-30,Warangal,22,3,0,2,549,243,179,Low
2025-01-06,Warangal,9,0,0,7,492,248,269,Medium
2025-08-01,Vijayawada,10,4,1,13,1040,741,580,High
2025-03-03,Guntur,12,0,0,8,997,433,586,Medium
2025-10-21,Warangal,1,1,0,13,1158,875,591,Medium
2025-12-09,Hyderabad,12,1,1,13,1272,831,555,High
2025-03-05,Warangal,11,2,0,5,258,145,95,Low
2025-02-16,Warangal,20,6,0,6,826,544,485,High
2025-03-09,Nizamabad,1,6,0,13,678,419,289,Medium
2025-07-28,Kurnool,21,0,0,14,654,448,367,High
2025-09-16,Nellore,13,1,0,10,772,464,210,Medium
2025-03-25,Nizamabad,15,1,0,12,1341,977,284,Medium
2025-10-11,Kurnool,7,5,0,5,1458,601,623,High
2025-07-16,Vijayawada,6,2,0,12,1168,835,548,Medium
2025-12-09,Secunderabad,11,1,0,5,297,185,140,Low
2025-09-14,Nellore,5,6,0,5,872,556,437,Medium
2025-06-07,Hyderabad,14,5,0,5,1049,672,372,Medium
2025-03-07,Kurnool,7,4,0,4,658,420,343,Medium
2025-11-19,Hyderabad,18,2,0,12,1202,674,282,High
2025-11-19,Visakhapatnam,10,2,0,8,1229,967,346,High
2025-11-16,Guntur,2,6,1,10,513,368,110,High
2025-09-25,Tirupati,14,3,0,4,1011,606,229,Low
2025-07-12,Guntur,7,5,0,10,535,285,262,Medium
2025-12-23,Guntur,0,1,1,5,1063,809,521,Medium
2025-05-02,Hyderabad,19,4,0,10,1123,746,646,High
2025-06-10,Vijayawada,19,1,0,2,1196,501,394,Medium
2025-01-07,Secunderabad,17,1,0,8,348,213,137,Medium
2025-01-05,Tirupati,22,6,0,2,1204,643,365,Medium
2025-07-16,Tirupati,6,2,0,10,421,196,228,Low
2025-05-13,Secunderabad,16,1,1,2,959,740,499,Medium
2025-02-27,Hyderabad,10,3,0,3,1178,731,705,Medium
2025-01-28,Tirupati,4,1,0,6,882,369,434,Low
2025-08-20,Vijayawada,2,2,0,5,653,406,212,Low
2025-03-06,Nizamabad,16,3,0,13,703,436,275,Medium
2025-03-09,Vijayawada,14,6,1,13,1409,1035,505,High
2025-06-27,Kurnool,12,4,0,12,1114,572,604,Medium
2025-06-07,Warangal,19,5,0,7,1430,640,735,High
2025-10-01,Hyderabad,8,2,0,11,1368,601,359,High
2025-12-21,Guntur,0,6,0,6,1469,839,743,Medium
2025-09-06,Hyderabad,19,5,0,6,577,273,189,Medium
2025-06-07,Visakhapatnam,3,5,0,14,673,525,328,Medium
2025-08-31,Vijayawada,21,6,0,10,1090,858,447,High
2025-07-03,Secunderabad,21,3,1,11,1332,787,557,High
2025-12-29,Tirupati,10,0,0,4,1093,793,583,Medium
2025-10-15,Hyderabad,15,2,0,6,1066,714,311,Medium
2025-01-17,Nizamabad,7,4,0,7,1110,866,280,Medium
2025-10-28,Warangal,9,1,0,8,1365,903,692,High
2025-09-21,Guntur,9,6,1,12,742,454,359,High
2025-10-06,Nellore,15,0,0,5,134,89,42,Low
2025-06-01,Vijayawada,1,6,0,10,1421,589,602,High
2025-12-12,Visakhapatnam,23,4,0,6,187,125,107,Low
2025-06-07,Guntur,6,5,0,11,322,220,137,Medium
2025-08-18,Vijayawada,23,0,0,7,456,254,218,Low
2025-07-04,Nellore,23,4,0,9,1278,990,266,Medium
2025-09-11,Guntur,6,3,1,6,974,563,301,Medium
2025-07-02,Guntur,11,2,0,2,972,657,247,Low
2025-12-26,Guntur,10,4,0,3,532,327,177,Low
2025-11-09,Guntur,23,6,0,8,630,287,319,Medium
2025-02-05,Secunderabad,22,2,0,13,1394,939,536,High
2025-06-13,Nizamabad,23,4,0,11,839,493,431,Medium
2025-11-05,Secunderabad,3,2,0,6,722,497,230,Low
2025-04-20,Vijayawada,1,6,0,12,1197,708,537,High
2025-07-22,Visakhapatnam,3,1,0,7,1127,891,304,Medium
2025-09-30,Vijayawada,16,1,0,7,512,360,284,Low
2025-04-26,Hyderabad,16,5,0,6,1238,703,313,Medium
2025-07-07,Kurnool,23,0,0,9,1184,510,534,Medium
2025-01-22,Visakhapatnam,10,2,0,13,419,221,218,Medium
2025-03-21,Hyderabad,3,4,0,14,366,195,198,Medium
2025-11-12,Kurnool,19,2,0,7,1105,879,537,High
2025-06-19,Visakhapatnam,15,3,0,9,495,250,141,Low
2025-11-21,Tirupati,23,4,0,14,342,186,140,Medium
2025-07-31,Warangal,17,3,0,7,687,374,331,Medium
2025-07-16,Tirupati,1,2,0,11,742,372,300,Medium
2025-01-03,Vijayawada,22,4,0,7,895,557,269,Medium
2025-09-07,Warangal,11,6,0,9,976,410,528,Medium
2025-07-20,Guntur,14,6,1,8,1263,716,485,High
2025-01-18,Tirupati,0,5,0,5,1280,1011,439,Medium
2025-11-11,Nizamabad,23,1,0,13,356,213,181,Low
2025-03-10,Nizamabad,0,0,0,7,1153,658,640,Medium
2025-01-20,Visakhapatnam,3,0,0,2,887,391,486,Low
2025-07-21,Tirupati,4,0,0,14,713,421,253,Medium
2025-09-22,Nizamabad,14,0,0,8,432,216,182,Low
2025-06-10,Warangal,15,1,0,6,273,144,89,Low
2025-06-01,Secunderabad,12,6,0,8,715,376,181,Medium
2025-05-25,Hyderabad,7,6,1,5,1480,869,315,High
2025-08-22,Visakhapatnam,21,4,0,11,1257,660,624,High
2025-09-13,Vijayawada,8,5,0,10,1141,749,486,High
2025-01-05,Hyderabad,23,6,0,2,947,407,233,Medium
2025-03-08,Nizamabad,18,5,0,9,1041,820,427,High
2025-03-06,Nizamabad,19,3,1,3,1191,607,412,High
2025-06-27,Guntur,17,4,0,7,467,294,204,Medium
2025-03-26,Warangal,23,2,1,7,377,242,111,Medium
2025-11-14,Tirupati,12,4,0,10,742,300,383,Medium
2025-01-05,Nellore,18,6,0,2,1422,978,359,High
2025-03-13,Warangal,5,3,0,5,1470,1044,818,Medium
2025-10-22,Warangal,13,2,0,4,1427,961,686,Medium
2025-01-03,Nizamabad,4,4,0,7,711,434,328,Low
2025-07-08,Secunderabad,20,1,0,5,644,306,350,Medium
2025-10-03,Warangal,11,4,0,11,723,370,396,Medium
2025-05-19,Tirupati,5,0,0,3,1306,691,673,Medium
2025-09-12,Kurnool,9,4,1,5,432,274,209,Medium
2025-05-24,Secunderabad,6,5,0,9,1203,821,526,Medium
2025-02-12,Guntur,3,2,0,7,918,583,230,Medium
2025-01-09,Kurnool,7,3,0,14,270,188,58,Medium
2025-05-25,Vijayawada,15,6,1,11,115,61,33,Medium
2025-12-13,Nellore,4,5,0,9,1156,832,545,Medium
2025-11-05,Visakhapatnam,8,2,0,11,1476,1030,854,High
2025-12-03,Nizamabad,21,2,0,13,758,488,326,High
2025-08-27,Tirupati,12,2,0,2,178,136,46,Low
2025-07-09,Tirupati,1,2,0,11,801,548,187,Medium
2025-11-20,Tirupati,16,3,0,10,1251,851,595,Medium
2025-05-31,Nellore,6,5,0,5,158,71,69,Low
2025-02-22,Hyderabad,11,5,0,11,919,579,226,Medium
2025-06-22,Tirupati,3,6,0,10,1061,804,356,Medium
2025-12-24,Secunderabad,12,2,0,4,1295,591,338,Medium
2025-01-15,Guntur,5,2,0,12,1347,1003,493,Medium
2025-10-13,Secunderabad,1,0,0,12,145,58,30,Low
2025-03-29,Secunderabad,12,5,0,8,756,582,180,Medium
2025-06-03,Nellore,14,1,0,13,437,222,178,Medium
2025-04-23,Kurnool,13,2,0,4,863,385,405,Low
2025-04-25,Warangal,0,4,0,3,284,160,142,Low
2025-12-11,Guntur,14,3,0,14,965,401,377,Medium
2025-02-11,Tirupati,8,1,0,8,1011,530,230,Medium
2025-04-27,Secunderabad,9,6,0,2,888,623,191,Medium
2025-05-12,Secunderabad,13,0,0,13,639,340,137,Medium
2025-04-04,Guntur,3,4,1,12,804,605,207,High
2025-12-29,Nizamabad,13,0,0,4,719,327,427,Low
2025-07-10,Kurnool,6,3,0,11,637,482,291,Medium
2025-01-22,Kurnool,7,2,0,7,383,207,118,Medium
2025-01-12,Nellore,23,6,0,14,236,188,84,Medium
2025-07-04,Hyderabad,16,4,0,9,329,223,78,Low
2025-12-06,Tirupati,0,5,0,6,106,75,52,Low
2025-11-04,Visakhapatnam,13,1,0,5,457,315,128,Low
2025-12-19,Tirupati,2,4,0,4,1252,941,396,Medium
2025-01-04,Guntur,10,5,0,12,1204,816,355,High
2025-09-14,Guntur,22,6,0,8,1426,804,716,High
2025-08-01,Kurnool,15,4,0,4,1206,948,258,Medium
2025-04-27,Hyderabad,10,6,0,3,1048,621,220,Medium
2025-08-09,Nizamabad,2,5,0,11,232,175,56,Medium
2025-04-27,Visakhapatnam,9,6,0,10,592,251,172,Medium
2025-01-08,Hyderabad,8,2,0,14,1080,712,450,High
2025-02-26,Warangal,0,2,0,11,573,413,130,Medium
2025-04-19,Vijayawada,15,5,0,12,700,423,140,Medium
2025-04-23,Kurnool,9,2,0,4,974,698,509,Medium
2025-08-19,Visakhapatnam,16,1,0,12,647,480,159,Medium
2025-10-13,Secunderabad,9,0,0,13,903,494,405,High
2025-11-02,Kurnool,6,6,1,3,1163,752,449,High
2025-04-21,Kurnool,6,0,0,12,668,332,134,Medium
2025-04-17,Vijayawada,8,3,0,3,797,618,398,Medium
2025-03-24,Nizamabad,21,0,0,5,1272,991,456,High
2025-09-30,Kurnool,1,1,0,9,1238,722,563,Medium
2025-06-13,Nizamabad,11,4,1,10,694,446,408,Medium
2025-07-20,Nizamabad,19,6,0,7,518,299,175,Medium
2025-04-03,Visakhapatnam,14,3,1,12,269,162,135,Medium
2025-07-06,Visakhapatnam,0,6,0,6,1040,658,233,Medium
2025-04-19,Guntur,16,5,1,7,436,225,243,Medium
2025-04-25,Guntur,12,4,0,4,388,224,177,Low
2025-11-09,Kurnool,19,6,0,3,1449,1093,666,High
2025-10-29,Tirupati,9,2,0,6,837,605,320,Medium
2025-03-27,Warangal,18,3,0,7,988,599,385,Medium
2025-02-04,Secunderabad,5,1,0,10,1166,542,445,Medium
2025-12-16,Warangal,16,1,0,8,1133,890,400,Medium
2025-02-26,Vijayawada,23,2,0,4,1490,906,641,Medium
2025-01-01,Visakhapatnam,19,2,0,13,101,76,30,Medium
2025-05-15,Nellore,10,3,0,13,1249,612,360,High
2025-03-27,Kurnool,0,3,0,14,1265,557,520,Medium
2025-12-25,Nellore,11,3,0,5,1353,1055,701,Medium
2025-07-06,Hyderabad,20,6,0,8,1057,803,570,High
2025-02-20,Secunderabad,23,3,0,13,581,336,259,Medium
2025-02-19,Tirupati,11,2,0,11,264,193,86,Low
2025-06-06,Secunderabad,3,4,0,8,832,454,421,Medium
2025-01-18,Vijayawada,2,5,0,12,643,457,317,Medium
2025-04-09,Vijayawada,17,2,0,12,1283,863,604,High
2025-09-13,Tirupati,4,5,0,14,559,346,143,Medium
2025-07-20,Warangal,6,6,0,6,946,622,271,Medium
2025-08-11,Warangal,4,0,0,11,1438,860,479,Medium
2025-09-16,Guntur,1,1,0,10,597,365,148,Low
2025-10-04,Tirupati,10,5,0,14,1189,709,617,High
2025-11-25,Visakhapatnam,6,1,1,8,619,249,321,Medium
2025-07-13,Nellore,1,6,0,10,912,464,467,Medium
2025-11-21,Secunderabad,21,4,0,8,193,88,45,Medium
2025-04-02,Secunderabad,23,2,1,6,983,693,386,Medium
2025-06-06,Warangal,4,4,0,5,947,664,299,Low
2025-11-04,Warangal,23,1,0,7,176,78,58,Low
2025-10-22,Guntur,10,2,0,4,932,467,265,Medium
2025-12-24,Visakhapatnam,18,2,0,2,1247,950,421,Medium
2025-11-08,Secunderabad,17,5,0,4,169,72,98,Medium
2025-10-14,Nizamabad,17,1,1,8,902,718,346,High
2025-06-29,Tirupati,3,6,0,11,593,328,165,Medium
2025-02-26,Warangal,0,2,0,5,109,82,60,Low
2025-04-05,Nellore,5,5,0,10,1379,773,717,High
2025-05-04,Guntur,0,6,0,8,892,700,355,Medium
2025-03-22,Nellore,2,5,0,12,764,398,164,Medium
2025-06-13,Hyderabad,3,4,0,13,1267,914,288,Medium
2025-11-27,Kurnool,4,3,0,3,1079,643,231,Low
2025-12-14,Visakhapatnam,5,6,0,10,1136,662,521,Medium
2025-09-23,Hyderabad,9,1,0,11,1370,1043,726,High
2025-05-15,Secunderabad,5,3,0,9,516,409,109,Low
2025-03-11,Warangal,18,1,0,9,518,272,210,Medium
2025-08-31,Guntur,5,6,0,13,1120,837,303,High
2025-08-15,Secunderabad,17,4,0,9,1439,780,714,High
2025-02-28,Warangal,2,4,0,8,1431,970,571,Medium
2025-10-17,Hyderabad,16,4,0,8,1368,799,527,Medium
2025-08-26,Nizamabad,20,1,0,3,1218,665,434,Medium
2025-09-12,Tirupati,16,4,0,6,1155,648,594,Medium
2025-12-31,Vijayawada,22,2,0,11,639,409,147,Medium
2025-04-27,Tirupati,2,6,0,6,662,388,263,Medium
2025-11-30,Nellore,5,6,0,5,802,489,234,Medium
2025-09-03,Guntur,2,2,0,11,694,443,312,Medium
2025-08-20,Nellore,4,2,0,11,867,448,439,Medium
2025-12-12,Visakhapatnam,11,4,0,8,161,99,72,Low
2025-10-04,Nellore,8,5,0,13,1321,801,779,High
2025-11-27,Secunderabad,18,3,0,11,289,203,136,Medium
2025-09-10,Warangal,23,2,0,3,345,162,76,Low
2025-08-02,Nizamabad,14,5,0,14,612,406,287,Medium
2025-02-22,Kurnool,11,5,0,9,605,251,295,Medium
2025-01-27,Warangal,9,0,0,12,471,367,142,Medium
2025-08-31,Tirupati,23,6,0,4,1454,875,800,Medium
2025-12-27,Guntur,4,5,0,6,597,293,290,Medium
2025-01-23,Nizamabad,4,3,0,6,1034,466,516,Medium
2025-09-26,Secunderabad,7,4,0,6,218,120,70,Low
2025-06-17,Hyderabad,16,1,0,9,708,502,350,Medium
2025-01-20,Nizamabad,22,0,0,10,1215,842,644,Medium
2025-01-19,Nellore,4,6,0,10,163,103,80,Low
2025-04-10,Secunderabad,20,3,0,3,1342,888,746,Medium
2025-12-23,Warangal,3,1,0,10,146,116,32,Low
2025-10-29,Hyderabad,11,2,0,9,354,270,191,Low
2025-11-29,Nellore,14,5,0,12,1185,759,551,High
2025-05-06,Nellore,23,1,0,7,364,151,109,Low
2025-10-04,Vijayawada,16,5,0,6,1095,646,490,Medium
2025-09-07,Visakhapatnam,20,6,1,5,410,276,148,High
2025-01-06,Nizamabad,3,0,0,3,569,363,337,Low
2025-11-24,Kurnool,7,0,0,9,185,115,106,Medium
2025-10-15,Nizamabad,0,2,0,12,241,135,128,Low
2025-06-10,Vijayawada,19,1,0,10,125,82,57,Medium
2025-07-21,Warangal,19,0,0,5,244,158,144,Medium
2025-07-06,Hyderabad,17,6,0,8,579,313,148,High
2025-08-31,Guntur,13,6,0,2,1245,808,401,Medium
2025-07-28,Nizamabad,4,0,0,14,767,416,225,Medium
2025-08-02,Nellore,1,5,0,6,447,275,134,Low
2025-04-23,Nellore,13,2,0,2,642,446,143,Low
2025-11-16,Visakhapatnam,22,6,0,10,1198,784,317,Medium
2025-12-29,Warangal,6,0,0,13,1173,756,634,Medium
2025-09-08,Nellore,21,0,1,11,264,204,157,High
2025-05-21,Nellore,10,2,0,8,453,185,220,Medium
2025-11-05,Guntur,13,2,0,13,819,604,293,Medium
2025-05-21,Warangal,13,2,0,4,660,432,190,Low
2025-03-22,Nellore,21,5,0,13,1121,707,300,High
2025-09-20,Visakhapatnam,11,5,0,13,1029,483,609,High
2025-02-09,Tirupati,18,6,0,3,1286,678,405,High
2025-02-09,Warangal,11,6,0,2,1047,617,217,Medium
2025-12-01,Nellore,1,0,0,6,721,505,315,Low
2025-03-02,Visakhapatnam,7,6,0,11,551,387,241,High
2025-07-03,Guntur,12,3,0,2,783,515,296,Low
2025-07-05,Nellore,12,5,0,7,744,302,266,Medium
2025-08-31,Secunderabad,4,6,0,13,1484,663,386,High
2025-12-18,Vijayawada,10,3,0,2,896,518,219,Medium
2025-12-02,Tirupati,8,1,0,4,1444,751,503,Medium
2025-11-01,Nellore,6,5,1,11,342,175,71,Medium
2025-09-20,Guntur,14,5,0,8,405,307,102,Medium
2025-09-16,Hyderabad,20,1,0,12,1029,698,502,High
2025-10-31,Nizamabad,5,4,0,13,989,577,472,Medium
2025-12-28,Visakhapatnam,3,6,0,11,870,618,314,Medium
2025-08-24,Vijayawada,15,6,0,9,1142,908,234,Medium
2025-05-29,Tirupati,11,3,0,3,1329,944,290,Medium
2025-09-23,Guntur,22,1,0,13,1141,511,619,Medium
2025-07-17,Visakhapatnam,23,3,0,13,776,438,258,Medium
2025-03-10,Guntur,1,0,0,6,709,297,214,Low
2025-09-27,Nellore,3,5,0,9,355,266,73,Medium
2025-05-15,Nizamabad,12,3,0,7,172,119,79,Low
2025-08-09,Hyderabad,5,5,0,4,866,600,288,Medium
2025-01-19,Visakhapatnam,15,6,0,5,242,155,138,Low
2025-06-20,Kurnool,8,4,0,13,1136,837,609,High
2025-09-27,Vijayawada,19,5,0,12,263,200,132,High
2025-03-11,Hyderabad,5,1,0,6,1035,645,540,Medium
2025-05-16,Guntur,0,4,0,8,838,432,430,Medium
2025-10-07,Kurnool,15,1,0,4,1244,640,256,Medium
2025-09-17,Kurnool,4,2,0,3,1270,827,687,Medium
2025-06-24,Guntur,2,1,0,7,956,443,279,Medium
2025-07-18,Nellore,18,4,1,11,1139,524,320,High
2025-08-07,Kurnool,2,3,0,10,1446,773,544,Medium
2025-01-02,Kurnool,2,3,0,2,876,607,321,Low
2025-02-16,Secunderabad,8,6,1,2,1425,621,439,High
2025-10-14,Nellore,20,1,0,3,1259,634,282,Medium
2025-06-09,Guntur,6,0,0,13,1307,898,450,Medium
2025-06-04,Nellore,15,2,0,14,767,338,340,Medium
2025-10-04,Kurnool,23,5,1,12,962,524,457,High
2025-12-01,Hyderabad,17,0,1,7,530,335,129,High
2025-06-21,Tirupati,4,5,0,5,511,353,304,Low
2025-11-16,Visakhapatnam,6,6,0,4,674,418,158,Low
2025-01-07,Nellore,11,1,0,14,569,403,311,Medium
2025-07-01,Secunderabad,13,1,0,6,1025,695,460,Medium
2025-08-31,Tirupati,2,6,0,14,540,253,192,Medium
2025-03-31,Warangal,19,0,0,13,751,512,410,High
2025-01-19,Guntur,8,6,0,7,445,304,253,Medium
2025-04-29,Guntur,5,1,0,12,1338,602,512,Medium
2025-11-01,Nellore,19,5,0,8,328,207,122,Medium
2025-05-25,Nellore,22,6,0,2,324,169,120,Low
2025-10-10,Warangal,12,4,0,7,948,614,343,Medium
2025-12-19,Nizamabad,5,4,0,12,709,390,178,Medium
2025-05-30,Secunderabad,13,4,1,8,316,195,141,Medium
2025-02-19,Nizamabad,17,2,0,8,683,469,156,Medium
2025-10-09,Warangal,10,3,0,3,813,483,409,Medium
2025-07-03,Nizamabad,3,3,0,6,1492,1002,544,Medium
2025-11-06,Visakhapatnam,13,3,0,11,368,256,213,Low
2025-03-13,Secunderabad,6,3,0,4,360,209,85,Low
2025-10-09,Guntur,7,3,0,9,139,72,64,Medium
2025-08-08,Kurnool,9,4,0,6,1163,705,574,Medium
2025-06-22,Secunderabad,1,6,0,12,310,203,164,Medium
2025-10-31,Warangal,23,4,1,14,675,446,233,High
2025-10-03,Guntur,12,4,0,7,753,567,430,Low
2025-05-03,Warangal,5,5,0,6,1397,965,588,Medium
2025-10-08,Nizamabad,5,2,0,2,1227,665,700,Low
2025-12-08,Secunderabad,18,0,0,13,1235,547,414,High
2025-01-11,Hyderabad,8,5,1,3,802,330,393,High
2025-07-12,Guntur,15,5,0,9,960,681,541,Medium
2025-04-15,Vijayawada,1,1,0,13,979,463,312,Medium
2025-07-09,Hyderabad,12,2,1,5,1291,706,320,Medium
2025-03-05,Nizamabad,5,2,0,2,164,116,47,Low
2025-11-25,Guntur,17,1,0,14,839,407,248,High
2025-04-04,Hyderabad,22,4,0,10,599,301,278,Low
2025-01-21,Tirupati,4,1,0,8,357,262,129,Low
2025-06-03,Kurnool,5,1,1,7,586,370,144,Medium
2025-11-02,Kurnool,19,6,0,2,1046,441,351,High
2025-12-31,Vijayawada,22,2,0,6,409,188,125,Low
2025-11-24,Tirupati,9,0,0,8,360,229,197,Medium
2025-04-29,Secunderabad,16,1,0,6,256,114,114,Low
2025-11-19,Warangal,21,2,0,10,1062,543,389,High
2025-07-10,Visakhapatnam,16,3,0,3,386,165,175,Low
2025-08-31,Nizamabad,5,6,0,12,584,408,153,Medium
2025-11-02,Guntur,1,6,0,2,964,676,310,Medium
2025-03-04,Nizamabad,12,1,0,5,1380,785,437,Medium
2025-07-04,Tirupati,8,4,0,5,497,315,239,Medium
2025-06-05,Nizamabad,12,3,0,14,907,662,244,Medium
2025-11-12,Hyderabad,0,2,0,13,1019,577,499,Medium
2025-09-22,Nellore,0,0,0,13,739,386,254,Medium
2025-08-16,Nellore,13,5,1,7,563,281,241,Medium
2025-12-01,Hyderabad,7,0,0,12,1221,592,311,High
2025-10-16,Hyderabad,3,3,0,8,1453,1026,304,Medium
2025-10-03,Visakhapatnam,21,4,0,5,262,118,127,Medium
2025-01-27,Vijayawada,19,0,0,10,1461,793,808,High
2025-03-30,Tirupati,1,6,0,6,1198,534,702,Medium
2025-06-01,Hyderabad,8,6,0,2,323,253,171,Medium
2025-06-21,Tirupati,21,5,0,12,495,284,281,High
2025-12-24,Vijayawada,11,2,0,6,777,553,441,Low
2025-11-30,Nizamabad,17,6,0,3,1073,508,318,High
2025-02-07,Secunderabad,7,4,0,6,1462,806,485,High
2025-04-14,Warangal,10,0,0,8,260,201,83,Medium
2025-02-15,Visakhapatnam,9,5,0,14,992,485,258,High
2025-10-24,Guntur,9,4,1,5,863,434,412,High
2025-12-20,Kurnool,20,5,0,10,1138,804,305,High
2025-07-26,Hyderabad,7,5,0,9,955,483,433,High
2025-02-19,Vijayawada,3,2,1,10,988,686,399,High
2025-01-08,Warangal,0,2,0,11,1346,713,805,Medium
2025-05-22,Kurnool,4,3,0,4,1369,820,462,Medium
2025-08-20,Kurnool,15,2,0,10,716,413,184,Medium
2025-06-05,Hyderabad,0,3,0,14,361,169,213,Medium
2025-12-27,Hyderabad,21,5,0,5,259,105,99,Medium
2025-07-15,Secunderabad,22,1,0,10,310,204,185,Low
2025-08-31,Kurnool,18,6,0,3,118,77,61,Medium
2025-06-01,Kurnool,12,6,0,4,1248,927,408,Medium
2025-11-20,Nizamabad,1,3,0,6,465,277,233,Low
2025-03-12,Visakhapatnam,3,2,0,13,1325,616,642,Medium
2025-04-02,Warangal,4,2,0,5,1321,1024,574,Medium
2025-03-16,Kurnool,1,6,0,14,930,517,333,High
2025-08-02,Vijayawada,22,5,0,14,996,770,320,High
2025-06-25,Hyderabad,6,2,0,12,1430,606,579,Medium
2025-08-10,Vijayawada,2,6,0,12,822,562,184,Medium
2025-06-03,Kurnool,23,1,0,4,558,317,202,Low
2025-07-12,Guntur,1,5,0,7,1002,583,438,Medium
2025-03-17,Secunderabad,0,0,0,2,1252,697,743,Medium
2025-08-24,Visakhapatnam,15,6,1,9,1107,663,276,High
2025-01-09,Guntur,0,3,0,9,211,116,122,Low
2025-03-18,Vijayawada,0,1,0,3,1019,443,469,Low
2025-09-17,Kurnool,5,2,0,3,1454,887,319,Medium
2025-01-30,Warangal,23,3,1,9,799,429,375,Medium
2025-09-27,Secunderabad,4,5,0,8,936,411,376,Medium
2025-09-15,Vijayawada,11,0,0,11,1027,663,314,Medium
2025-10-28,Nellore,0,1,0,2,204,132,112,Low
2025-10-03,Hyderabad,6,4,1,3,193,118,60,Low
2025-12-09,Warangal,20,1,0,3,545,372,156,Medium
2025-12-09,Warangal,11,1,0,11,798,387,302,Medium
2025-11-20,Warangal,10,3,0,14,1312,830,359,High
2025-11-11,Vijayawada,20,1,0,2,1340,584,600,Medium
2025-12-31,Tirupati,2,2,0,3,1085,798,534,Low
2025-07-11,Tirupati,1,4,0,9,584,261,144,Low
2025-05-12,Hyderabad,15,0,1,11,1119,550,665,High
2025-07-06,Vijayawada,15,6,0,3,464,328,113,Low
2025-07-03,Nellore,4,3,0,2,341,158,142,Low
2025-11-15,Visakhapatnam,10,5,0,6,1430,986,297,High
2025-10-17,Hyderabad,16,4,0,10,884,448,177,Medium
2025-07-27,Secunderabad,3,6,1,12,943,715,380,High
2025-10-16,Kurnool,17,3,0,12,420,218,208,Medium
2025-03-31,Visakhapatnam,19,0,0,6,809,583,343,Medium
2025-03-23,Secunderabad,13,6,0,12,1022,494,601,Medium
2025-09-27,Tirupati,23,5,0,5,1473,938,304,Medium
2025-12-16,Secunderabad,19,1,0,6,211,146,46,Medium
2025-08-30,Hyderabad,23,5,0,8,441,303,184,Medium
2025-05-19,Nizamabad,10,0,0,6,373,240,89,Medium
2025-05-03,Vijayawada,4,5,0,5,436,295,122,Low
2025-05-02,Tirupati,17,4,0,10,517,305,217,Medium
2025-02-05,Nellore,10,2,0,5,323,255,76,Low
2025-05-21,Nizamabad,13,2,0,3,817,468,446,Low
2025-05-06,Kurnool,4,1,0,5,1443,762,407,Medium
2025-02-27,Kurnool,18,3,0,7,1005,566,599,Medium
2025-10-29,Vijayawada,1,2,0,3,222,123,55,Low
2025-10-09,Nizamabad,18,3,0,7,945,660,198,Medium
2025-06-20,Guntur,3,4,0,5,538,385,304,Low
2025-11-16,Tirupati,14,6,0,10,670,310,311,Medium
2025-08-16,Tirupati,22,5,0,12,1007,586,520,Medium
2025-04-02,Nellore,19,2,0,5,1030,413,328,Medium
2025-03-02,Nellore,3,6,0,12,639,334,239,Medium
2025-11-27,Guntur,18,3,0,8,1134,858,470,High
2025-11-03,Nizamabad,12,0,0,5,1241,754,258,Medium
2025-06-07,Secunderabad,5,5,0,5,566,289,311,Low
2025-04-24,Tirupati,8,3,0,9,285,177,83,Medium
2025-09-24,Visakhapatnam,22,2,0,7,776,390,452,Low
2025-07-28,Guntur,20,0,0,2,817,578,370,Medium
2025-08-05,Guntur,12,1,0,2,923,709,264,Low
2025-08-09,Nizamabad,18,5,0,12,458,240,111,High
2025-02-24,Nellore,21,0,0,8,1200,512,298,High
2025-06-16,Nizamabad,18,0,0,13,1164,808,515,High
2025-12-29,Nizamabad,18,0,0,6,334,221,179,Medium
2025-09-05,Warangal,15,4,0,4,531,212,149,Low
2025-03-28,Hyderabad,12,4,1,3,777,479,234,Medium
2025-05-16,Vijayawada,12,4,1,13,698,323,327,High
2025-12-31,Warangal,0,2,0,6,1410,1000,719,Medium
2025-06-05,Secunderabad,21,3,0,13,1248,723,465,High
2025-05-12,Nizamabad,14,0,0,14,627,323,209,Medium
2025-09-13,Vijayawada,23,5,0,13,1486,925,831,High
2025-06-06,Guntur,17,4,1,6,344,229,170,Medium
2025-04-19,Vijayawada,22,5,0,6,641,316,175,Medium
2025-07-12,Nizamabad,22,5,0,11,995,606,414,Medium
2025-02-09,Vijayawada,2,6,0,8,924,664,234,Medium
2025-05-15,Visakhapatnam,15,3,0,6,1207,757,716,Medium
2025-12-10,Nizamabad,18,2,0,2,641,364,285,Medium
2025-04-29,Guntur,17,1,0,8,1396,695,286,High
2025-02-26,Guntur,6,2,0,3,767,473,349,Low
2025-09-03,Secunderabad,8,2,0,2,398,168,103,Low
2025-08-25,Hyderabad,15,0,0,7,493,268,116,Low
2025-09-04,Nellore,1,3,1,9,1209,888,454,High
2025-07-25,Secunderabad,20,4,1,5,1297,605,460,High
2025-04-06,Secunderabad,12,6,0,14,446,184,149,Medium
2025-01-18,Nellore,21,5,0,5,203,160,83,Medium
2025-07-22,Secunderabad,21,1,0,10,974,670,378,High
2025-08-19,Tirupati,14,1,0,14,538,383,225,Medium
2025-07-16,Secunderabad,10,2,1,7,944,620,194,High
2025-04-04,Nizamabad,21,4,0,10,792,485,432,Medium
2025-12-07,Vijayawada,2,6,0,11,1222,797,390,High
2025-12-14,Hyderabad,23,6,0,9,556,318,173,Medium
2025-07-02,Secunderabad,0,2,1,10,263,199,103,Medium
2025-07-19,Guntur,3,5,0,13,145,78,30,Medium
2025-02-15,Visakhapatnam,11,5,0,10,1073,614,535,Medium
2025-07-10,Kurnool,1,3,0,9,592,464,202,Low
2025-12-14,Warangal,4,6,0,9,1238,920,295,Medium
2025-03-01,Vijayawada,16,5,0,12,1028,786,410,Medium
2025-08-26,Vijayawada,18,1,0,10,376,260,218,Medium
2025-04-01,Nizamabad,7,1,0,6,378,212,113,Medium
2025-08-30,Guntur,1,5,0,2,391,252,169,Low
2025-01-25,Secunderabad,3,5,0,5,1133,508,259,Medium
2025-09-16,Vijayawada,9,1,0,8,366,210,130,Medium
2025-02-16,Nizamabad,12,6,0,9,965,495,303,Medium
2025-10-19,Guntur,23,6,0,14,259,167,91,Medium
2025-02-25,Nellore,11,1,1,11,847,398,483,High
2025-07-24,Tirupati,3,3,0,6,394,309,230,Low
2025-05-26,Guntur,5,0,0,8,556,265,282,Low
2025-11-01,Nizamabad,18,5,0,8,1277,627,543,High
2025-02-26,Nellore,10,2,0,3,602,452,248,Medium
2025-06-17,Nizamabad,18,1,0,2,817,481,270,Medium
2025-04-10,Nellore,5,3,0,10,853,557,366,Medium
2025-08-12,Warangal,11,1,0,7,292,189,86,Low
2025-08-25,Visakhapatnam,12,0,0,3,848,463,472,Low
2025-08-10,Warangal,7,6,0,11,1483,809,821,High
2025-09-21,Guntur,16,6,0,10,1113,747,467,Medium
2025-03-14,Nizamabad,17,4,0,6,1278,927,700,High
2025-08-05,Visakhapatnam,8,1,0,2,1007,604,267,Medium
2025-10-17,Secunderabad,16,4,0,11,1359,694,668,Medium
2025-05-19,Hyderabad,23,0,0,6,936,708,296,Medium
2025-04-11,Tirupati,5,4,0,2,348,155,181,Low
2025-10-05,Visakhapatnam,18,6,0,8,639,436,256,High
2025-05-03,Hyderabad,8,5,0,8,1191,658,269,High
2025-02-01,Tirupati,12,5,0,7,434,333,153,Low
2025-02-18,Nizamabad,14,1,0,13,939,423,553,Medium
2025-10-30,Visakhapatnam,7,3,0,7,444,241,146,Medium
2025-06-09,Tirupati,22,0,0,12,258,129,110,Low
2025-07-08,Warangal,15,1,0,2,592,376,301,Low
2025-10-18,Nizamabad,14,5,0,12,1321,758,280,High
2025-12-02,Guntur,5,1,0,12,1061,636,586,Medium
2025-05-19,Guntur,15,0,0,8,884,374,256,Medium
2025-05-30,Tirupati,0,4,0,13,906,658,252,Medium
2025-06-21,Visakhapatnam,23,5,0,14,106,50,49,Medium
2025-02-21,Visakhapatnam,11,4,1,7,852,356,275,Medium
2025-07-14,Secunderabad,23,0,0,3,905,439,454,Low
2025-11-02,Secunderabad,20,6,0,11,1098,496,492,High
2025-09-20,Hyderabad,12,5,0,12,1053,485,331,High
2025-02-20,Guntur,12,3,1,2,568,345,175,Medium
2025-04-04,Kurnool,20,4,0,6,582,456,211,Medium
2025-09-20,Nellore,11,5,0,7,794,333,431,Medium
2025-05-11,Vijayawada,16,6,0,13,599,297,269,Medium
2025-09-09,Vijayawada,12,1,1,14,985,770,213,High
2025-07-27,Tirupati,4,6,0,5,585,323,343,Low
2025-11-26,Nizamabad,7,2,1,5,480,305,191,Medium
2025-10-05,Secunderabad,10,6,0,11,1084,498,297,High
2025-09-05,Visakhapatnam,21,4,0,10,1189,726,504,High
2025-05-07,Nizamabad,20,2,0,8,370,273,206,Medium
2025-03-18,Guntur,4,1,0,12,1150,806,331,Medium
2025-01-17,Kurnool,1,4,0,8,299,226,157,Low
2025-07-15,Nellore,9,1,0,5,853,458,316,Medium
2025-12-07,Vijayawada,18,6,0,4,897,369,260,High
2025-03-31,Hyderabad,16,0,0,6,1350,608,363,Medium
2025-08-19,Secunderabad,15,1,0,5,834,430,463,Low
2025-01-09,Secunderabad,16,3,0,5,1299,793,436,Medium
2025-06-29,Secunderabad,19,6,0,3,130,101,47,Medium
2025-04-24,Vijayawada,4,3,0,14,375,213,173,Medium
2025-05-01,Nellore,14,3,0,13,977,594,573,Medium
2025-04-24,Guntur,6,3,0,12,1055,613,398,Medium
2025-12-24,Vijayawada,21,2,0,3,497,344,184,Medium
2025-08-12,Tirupati,3,1,0,5,1423,725,588,Medium
2025-04-29,Nizamabad,23,1,1,10,611,313,235,Medium
2025-05-15,Hyderabad,14,3,0,6,237,142,61,Low
2025-03-15,Nellore,21,5,0,9,1066,463,291,High
2025-06-02,Hyderabad,9,0,0,4,125,84,64,Low
2025-09-24,Guntur,20,2,0,14,1303,521,544,High
2025-06-25,Nizamabad,16,2,0,7,806,571,214,Low
2025-08-16,Secunderabad,14,5,0,6,1345,988,549,Medium
2025-11-12,Secunderabad,5,2,0,10,567,280,204,Low
2025-10-30,Guntur,21,3,0,8,773,322,181,Medium
2025-12-13,Vijayawada,21,5,1,6,1150,486,598,High
2025-01-28,Guntur,7,1,1,14,390,220,106,High
2025-02-16,Warangal,3,6,0,6,334,172,80,Low
2025-09-05,Tirupati,19,4,0,3,1356,1053,774,Medium
2025-08-16,Hyderabad,15,5,0,5,558,290,125,Low
2025-04-08,Secunderabad,5,1,0,12,770,322,412,Medium
2025-07-21,Visakhapatnam,1,0,0,11,1358,930,283,Medium
2025-09-09,Visakhapatnam,8,1,0,14,1129,686,368,High
2025-05-26,Guntur,11,0,0,10,694,349,266,Medium
2025-06-29,Nellore,11,6,0,12,1012,524,292,Medium
2025-04-12,Vijayawada,23,5,0,8,526,231,195,Medium
2025-02-03,Kurnool,14,0,0,2,610,283,213,Low
2025-04-12,Nellore,19,5,1,4,899,611,472,High
2025-07-19,Vijayawada,22,5,1,2,248,137,94,Medium
2025-10-25,Guntur,1,5,1,2,593,468,133,Medium
2025-06-24,Kurnool,15,1,0,11,1111,611,572,Medium
2025-07-15,Tirupati,2,1,0,7,845,411,381,Medium
2025-11-20,Nizamabad,8,3,0,5,386,179,199,Low
2025-10-25,Vijayawada,3,5,0,4,1470,1154,303,Medium
2025-12-21,Visakhapatnam,12,6,0,14,1162,871,591,High
2025-06-28,Guntur,21,5,0,14,1279,638,730,High
2025-06-15,Nizamabad,2,6,0,10,709,513,337,Medium
2025-10-10,Kurnool,21,4,0,8,592,429,286,Medium
2025-02-02,Hyderabad,15,6,1,6,374,237,131,Medium
2025-03-09,Nellore,3,6,0,11,312,128,136,Medium
2025-03-21,Nizamabad,18,4,0,4,364,185,201,Medium
2025-10-20,Secunderabad,8,0,0,10,1148,827,535,High
2025-02-14,Vijayawada,9,4,0,14,476,349,261,Medium
2025-06-14,Visakhapatnam,7,5,0,9,542,224,187,Medium
2025-05-19,Secunderabad,20,0,0,3,1242,577,556,Medium
2025-07-06,Vijayawada,2,6,0,10,358,221,113,Medium
2025-04-22,Visakhapatnam,21,1,0,8,585,308,295,Medium
2025-12-30,Nizamabad,21,1,0,10,487,289,249,Medium
2025-09-25,Warangal,19,3,0,13,1152,736,628,High
2025-03-31,Vijayawada,15,0,0,5,930,641,550,Low
2025-11-07,Tirupati,12,4,0,6,1360,876,482,Medium
2025-06-04,Hyderabad,9,2,0,7,213,165,53,Low
2025-12-30,Warangal,9,1,0,8,1165,690,455,High
2025-09-24,Kurnool,9,2,1,13,1268,956,708,High
2025-05-24,Warangal,5,5,0,3,475,299,273,Low
2025-08-27,Tirupati,4,2,0,6,1197,503,401,Medium
2025-05-18,Tirupati,17,6,0,4,1360,835,644,High
2025-03-21,Nizamabad,2,4,0,4,817,379,230,Low
2025-03-10,Secunderabad,3,0,0,2,823,506,444,Low
2025-07-31,Tirupati,20,3,0,8,512,400,111,Medium
2025-06-28,Secunderabad,6,5,0,3,1312,905,519,Medium
2025-09-29,Tirupati,10,0,0,8,1141,540,229,Medium
2025-08-10,Secunderabad,13,6,1,6,509,206,196,Medium
2025-05-22,Secunderabad,10,3,0,3,132,89,55,Low
2025-10-09,Visakhapatnam,3,3,1,9,405,166,175,Medium
2025-06-25,Guntur,18,2,0,10,1246,625,610,High
2025-12-18,Kurnool,11,3,1,14,892,648,519,High
2025-08-21,Tirupati,5,3,0,11,1459,1047,323,Medium
2025-07-15,Nellore,17,1,0,12,1410,1050,828,High
2025-09-01,Tirupati,5,0,0,12,131,57,77,Low
2025-10-08,Nizamabad,15,2,0,9,847,460,362,Medium
2025-11-25,Hyderabad,5,1,0,2,999,604,559,Low
2025-06-25,Visakhapatnam,23,2,0,14,1175,779,273,Medium
2025-03-13,Kurnool,6,3,0,3,1277,808,708,Medium
2025-04-17,Tirupati,0,3,0,13,361,237,118,Medium
2025-05-22,Kurnool,17,3,0,12,711,414,168,High
2025-11-05,Kurnool,0,2,0,13,1162,484,690,Medium
2025-07-10,Nellore,11,3,0,4,412,195,108,Low
2025-02-09,Visakhapatnam,22,6,1,11,983,559,442,High
2025-01-23,Nizamabad,5,3,0,6,809,378,308,Low
2025-11-01,Vijayawada,16,5,1,7,1050,699,232,High
2025-09-21,Guntur,17,6,1,2,1319,899,503,High
2025-04-15,Vijayawada,4,1,0,7,403,303,97,Low
2025-07-08,Hyderabad,18,1,0,8,193,118,109,Medium
2025-08-07,Tirupati,5,3,0,8,234,150,64,Low
2025-09-15,Vijayawada,23,0,0,4,1391,831,789,Medium
2025-04-24,Nizamabad,14,3,0,2,489,306,106,Low
2025-06-27,Vijayawada,22,4,0,2,1210,615,307,Low
2025-01-09,Vijayawada,4,3,1,12,710,312,391,Medium
2025-04-20,Secunderabad,14,6,0,2,1222,501,668,Medium
2025-09-22,Secunderabad,10,0,0,13,310,239,172,Medium
2025-03-01,Tirupati,22,5,0,7,212,107,101,Low
2025-10-03,Guntur,1,4,0,5,1163,810,322,Medium
2025-12-22,Vijayawada,6,0,0,13,1183,817,479,Medium
2025-09-16,Vijayawada,7,1,0,9,1226,757,323,High
2025-07-17,Guntur,21,3,0,5,795,480,350,Medium
2025-01-19,Secunderabad,20,6,0,13,1131,720,537,High
2025-01-20,Guntur,2,0,0,7,1174,859,242,Medium
2025-07-03,Nizamabad,3,3,0,13,722,539,378,Medium
2025-12-14,Nellore,16,6,0,7,111,81,65,Low
2025-11-15,Nizamabad,7,5,1,3,1469,622,371,High
2025-10-09,Hyderabad,17,3,0,11,1089,855,550,High
2025-11-29,Secunderabad,23,5,0,2,794,399,412,Low
2025-06-13,Guntur,8,4,0,4,867,607,225,Medium
2025-10-11,Guntur,14,5,0,5,701,282,365,Medium
2025-07-13,Kurnool,3,6,1,8,790,570,344,High
2025-02-04,Kurnool,5,1,0,9,871,369,367,Medium
2025-08-09,Nellore,16,5,0,4,1173,715,580,Medium
2025-10-20,Nizamabad,2,0,0,10,1177,510,285,Medium
2025-03-15,Warangal,14,5,1,3,1113,691,510,High
2025-01-31,Tirupati,0,4,0,12,420,241,217,Low
2025-06-23,Secunderabad,16,0,0,10,611,452,123,Medium
2025-01-11,Visakhapatnam,16,5,0,3,1189,913,371,Medium
2025-05-26,Warangal,22,0,0,12,166,83,56,Low
2025-03-30,Visakhapatnam,14,6,0,8,324,194,68,Low
2025-03-22,Hyderabad,10,5,0,10,1448,877,467,High
2025-01-07,Hyderabad,0,1,0,10,1224,719,558,Medium
2025-02-06,Warangal,1,3,0,8,598,347,270,Low
2025-08-15,Nizamabad,22,4,1,12,295,176,93,Medium
2025-12-04,Warangal,6,3,0,5,940,743,317,Low
2025-12-26,Secunderabad,13,4,0,14,724,326,205,Medium
2025-12-28,Secunderabad,19,6,0,9,380,289,168,Medium
2025-02-02,Visakhapatnam,17,6,0,14,215,121,70,High
2025-01-10,Warangal,22,4,0,2,1032,789,515,Low
2025-06-14,Secunderabad,17,5,1,2,215,168,49,Medium
2025-11-02,Visakhapatnam,22,6,1,14,1123,668,463,High
2025-11-30,Hyderabad,0,6,0,8,951,680,225,Medium
2025-06-12,Guntur,7,3,1,2,845,645,242,Medium
2025-03-18,Nellore,21,1,0,9,1431,1043,751,High
2025-10-10,Warangal,18,4,0,12,669,405,362,High
2025-03-20,Nizamabad,0,3,0,11,1332,910,432,Medium
2025-06-25,Nellore,13,2,0,12,325,143,87,Low
2025-12-09,Hyderabad,15,1,0,13,602,314,271,Medium
2025-05-10,Secunderabad,19,5,0,4,953,635,299,High
2025-02-14,Nizamabad,16,4,0,3,118,53,49,Low
2025-10-20,Tirupati,20,0,0,12,1018,467,253,High
2025-02-01,Guntur,12,5,0,2,627,476,148,Low
2025-04-13,Nellore,7,6,0,12,579,424,316,High
2025-10-03,Tirupati,6,4,0,12,1326,533,272,Medium
2025-10-04,Nizamabad,0,5,0,9,991,596,353,Medium
2025-05-27,Visakhapatnam,13,1,0,8,1326,760,646,Medium
2025-10-16,Kurnool,13,3,1,6,667,285,179,Medium
2025-06-12,Secunderabad,5,3,0,9,1108,773,475,Medium
2025-12-28,Nellore,20,6,0,2,1051,595,304,High
2025-02-23,Vijayawada,23,6,0,10,1245,858,442,High
2025-05-22,Kurnool,10,3,0,5,1269,527,435,Medium
2025-10-04,Nellore,17,5,0,8,764,604,268,High
2025-02-12,Nizamabad,16,2,1,13,816,646,196,High
2025-11-02,Visakhapatnam,21,6,0,14,499,338,241,High
2025-02-27,Nizamabad,22,3,0,2,387,179,98,Low
2025-05-21,Nellore,19,2,0,9,120,62,47,Medium
2025-01-23,Nellore,13,3,0,2,1204,837,430,Low
2025-04-02,Warangal,7,2,0,8,1438,801,296,High
2025-05-02,Warangal,23,4,0,8,1282,831,478,Medium
2025-08-17,Warangal,12,6,0,10,581,282,243,Medium
2025-03-20,Tirupati,8,3,0,13,637,401,331,Medium
2025-04-19,Vijayawada,5,5,0,8,373,188,166,Medium
2025-09-06,Secunderabad,21,5,0,11,177,119,65,Medium
2025-05-15,Kurnool,19,3,0,9,1460,969,839,High
2025-06-24,Hyderabad,9,1,0,12,304,131,62,Medium
2025-01-23,Secunderabad,0,3,0,8,763,380,233,Medium
2025-02-28,Hyderabad,3,4,0,11,119,89,59,Low
2025-10-12,Vijayawada,18,6,0,12,971,682,392,High
2025-06-24,Guntur,0,1,0,6,1109,868,513,Medium
2025-03-27,Nellore,1,3,0,10,1454,700,495,Medium
2025-08-12,Tirupati,11,1,0,3,212,123,88,Low
2025-01-09,Vijayawada,18,3,0,9,1164,678,270,High
2025-01-11,Warangal,1,5,0,8,235,136,125,Low
2025-06-02,Kurnool,4,0,0,6,681,416,293,Low
2025-12-22,Nellore,17,0,0,8,1160,596,345,High
2025-03-14,Vijayawada,8,4,0,2,1159,845,385,Medium
2025-01-23,Secunderabad,0,3,0,5,853,477,509,Low
2025-07-31,Kurnool,3,3,0,6,675,470,299,Low
2025-11-15,Warangal,5,5,0,7,1165,693,657,Medium
2025-03-06,Warangal,21,3,0,12,306,237,174,Medium
2025-06-20,Nizamabad,6,4,0,14,1219,795,268,Medium
2025-04-13,Secunderabad,17,6,0,13,1021,615,272,High
2025-06-12,Hyderabad,19,3,0,6,355,266,93,Medium
2025-04-25,Secunderabad,17,4,0,12,255,188,69,Medium
2025-07-25,Guntur,1,4,0,14,593,268,175,Medium
2025-03-25,Nellore,1,1,0,8,562,295,278,Low
2025-03-10,Kurnool,19,0,0,10,666,350,137,Medium
2025-10-27,Warangal,8,0,1,9,976,727,568,High
2025-11-18,Guntur,7,1,1,7,1149,823,288,High
2025-11-05,Hyderabad,22,2,0,4,1205,704,592,Medium
2025-02-28,Warangal,10,4,0,7,246,172,67,Medium
2025-04-29,Vijayawada,6,1,0,11,739,333,314,Medium
2025-04-26,Visakhapatnam,9,5,0,11,1067,716,297,High
2025-04-10,Visakhapatnam,6,3,0,8,743,487,433,Low
2025-03-28,Kurnool,22,4,0,12,292,166,98,Low
2025-02-23,Secunderabad,11,6,0,14,453,222,101,Medium
2025-06-17,Nizamabad,2,1,0,6,591,286,197,Low
2025-09-03,Nellore,8,2,0,9,1388,880,651,High
2025-06-20,Tirupati,20,4,0,14,843,441,281,High
2025-06-27,Tirupati,4,4,0,14,1122,508,499,Medium
2025-02-13,Hyderabad,22,3,0,12,664,434,392,Medium
2025-05-24,Visakhapatnam,12,5,0,10,423,328,229,Medium
2025-09-15,Warangal,23,0,0,9,292,212,169,Low
2025-09-28,Nellore,19,6,0,8,426,192,159,Medium
2025-12-30,Nellore,9,1,0,10,122,71,33,Medium
2025-06-13,Secunderabad,16,4,0,2,295,128,142,Low
2025-04-11,Nizamabad,13,4,0,8,396,292,94,Low
2025-06-13,Tirupati,6,4,0,2,1357,772,332,Medium
2025-02-14,Nizamabad,14,4,0,12,636,493,265,Medium
2025-04-25,Vijayawada,9,4,0,4,932,715,280,Medium
2025-07-15,Tirupati,17,1,1,3,325,132,185,Medium
2025-09-21,Nellore,12,6,0,12,371,296,169,Medium
2025-07-11,Visakhapatnam,14,4,0,8,1158,555,345,Medium
2025-10-27,Nellore,3,0,0,4,440,322,190,Low
2025-09-20,Vijayawada,22,5,0,10,226,160,120,Medium
2025-04-10,Tirupati,17,3,0,7,1395,1069,539,High
2025-10-28,Guntur,17,1,0,5,681,442,180,Medium
2025-06-17,Warangal,20,1,0,2,329,157,162,Low
2025-09-24,Nizamabad,7,2,0,11,747,430,312,Medium
2025-07-08,Visakhapatnam,14,1,0,4,648,455,203,Low
2025-08-02,Warangal,9,5,0,3,1033,490,502,Medium
2025-04-05,Hyderabad,0,5,0,9,1199,572,601,Medium
2025-06-16,Vijayawada,4,0,0,9,692,388,182,Medium
2025-05-24,Nizamabad,4,5,0,6,420,329,179,Low
2025-09-20,Warangal,4,5,0,13,848,372,469,Medium
2025-06-12,Guntur,12,3,1,9,951,518,479,Medium
2025-04-26,Warangal,14,5,0,12,510,327,282,Medium
2025-12-18,Guntur,2,3,0,13,1130,660,439,Medium
2025-04-24,Nellore,13,3,0,4,1499,1013,388,Medium
2025-04-12,Guntur,12,5,0,6,847,533,395,Medium
2025-09-03,Vijayawada,17,2,0,14,322,217,133,Medium
2025-10-28,Hyderabad,2,1,0,3,1174,601,685,Medium
2025-07-18,Vijayawada,14,4,0,14,155,79,41,Low
2025-04-08,Guntur,19,1,0,14,155,116,88,Medium
2025-08-24,Warangal,0,6,0,4,927,659,310,Medium
2025-04-29,Secunderabad,23,1,0,4,1091,757,382,Medium
2025-09-06,Warangal,23,5,0,11,474,367,158,Medium
2025-09-22,Secunderabad,2,0,0,3,1424,831,594,Medium
2025-10-09,Warangal,7,3,0,8,461,311,171,Medium
2025-12-18,Hyderabad,14,3,1,10,1192,629,683,High
2025-03-26,Vijayawada,16,2,0,11,706,465,378,Medium
2025-08-20,Secunderabad,3,2,0,5,1351,881,346,Medium
2025-05-17,Secunderabad,8,5,0,4,1097,490,426,High
2025-02-09,Visakhapatnam,16,6,1,12,1218,637,642,High
2025-11-21,Warangal,20,4,1,7,187,88,65,Medium
2025-01-15,Tirupati,5,2,0,2,613,276,249,Low
2025-02-04,Warangal,12,1,0,11,323,251,138,Low
2025-04-22,Nizamabad,9,1,0,13,867,526,209,High
2025-05-18,Visakhapatnam,16,6,0,14,140,66,35,Medium
2025-04-27,Kurnool,1,6,0,2,694,529,210,Low
2025-10-04,Kurnool,21,5,0,11,1159,893,426,High
2025-06-12,Vijayawada,12,3,0,14,955,486,359,Medium
2025-07-23,Hyderabad,16,2,1,10,1483,864,885,High
2025-08-02,Vijayawada,13,5,0,7,1007,478,509,Medium
2025-09-19,Warangal,14,4,0,8,743,372,419,Low
2025-05-31,Tirupati,13,5,0,2,621,376,324,Low
2025-07-19,Hyderabad,2,5,1,13,1437,689,702,High
2025-12-08,Kurnool,4,0,1,10,996,717,234,High
2025-12-04,Nizamabad,17,3,0,11,574,320,139,Medium
2025-03-06,Guntur,10,3,0,10,642,319,238,Medium
2025-03-24,Tirupati,6,0,0,4,1184,498,498,Medium
2025-07-27,Guntur,14,6,0,14,977,529,383,High
2025-10-12,Tirupati,22,6,0,9,735,505,385,Medium
2025-12-18,Warangal,19,3,0,11,533,388,284,Medium
2025-01-06,Vijayawada,16,0,1,11,1478,902,586,High
2025-07-02,Visakhapatnam,23,2,0,14,1141,704,427,Medium
2025-09-18,Secunderabad,7,3,0,12,180,88,100,Medium
2025-02-24,Tirupati,14,0,0,7,717,486,391,Low
2025-02-04,Visakhapatnam,17,1,0,8,1284,1014,495,High
2025-03-10,Visakhapatnam,20,0,0,6,481,308,133,Medium
2025-03-22,Nizamabad,21,5,0,9,632,371,366,High
2025-06-19,Nellore,21,3,0,8,361,256,196,Medium
2025-10-13,Nellore,2,0,0,3,882,509,189,Low
2025-01-08,Kurnool,5,2,0,2,1412,1024,413,Medium
2025-01-15,Nellore,17,2,0,5,1477,1059,355,High
2025-03-08,Tirupati,9,5,0,6,539,307,197,Medium
2025-03-10,Tirupati,0,0,0,6,1014,641,228,Medium
2025-08-03,Warangal,5,6,0,8,685,489,334,Medium
2025-10-07,Warangal,9,1,0,14,594,269,136,Medium
2025-06-18,Hyderabad,3,2,0,6,148,85,46,Low
2025-01-13,Visakhapatnam,15,0,0,7,681,471,310,Low
2025-09-21,Kurnool,0,6,0,4,485,321,228,Low
2025-07-17,Warangal,3,3,0,8,1445,859,766,Medium
2025-11-26,Hyderabad,8,2,0,5,590,327,193,Medium
2025-08-22,Hyderabad,3,4,0,5,403,192,87,Low
2025-03-30,Hyderabad,9,6,0,4,1450,1055,726,High
2025-11-20,Nellore,16,3,0,2,348,192,194,Low
2025-05-29,Kurnool,16,3,0,4,735,441,292,Low
2025-04-08,Vijayawada,6,1,0,4,1377,849,777,Medium
2025-06-13,Tirupati,13,4,0,14,877,557,383,Medium
2025-06-01,Warangal,3,6,0,7,1482,819,438,High
2025-07-14,Guntur,14,0,0,2,621,487,181,Low
2025-06-22,Nizamabad,16,6,0,6,1227,825,518,Medium
2025-05-26,Guntur,21,0,0,4,1254,958,378,Medium
2025-06-09,Kurnool,8,0,0,12,627,322,150,Medium
2025-02-18,Vijayawada,4,1,0,14,234,140,125,Low
2025-11-02,Vijayawada,2,6,0,10,855,349,342,Medium
2025-10-16,Tirupati,22,3,0,7,1302,809,578,Medium
2025-11-28,Vijayawada,3,4,0,7,982,511,554,Medium
2025-11-27,Hyderabad,23,3,0,12,950,643,477,Medium
2025-04-01,Tirupati,22,1,0,10,1191,675,536,Medium
2025-08-24,Kurnool,16,6,1,2,1457,694,394,High
2025-02-25,Vijayawada,22,1,0,11,1300,1029,444,Medium
2025-02-25,Vijayawada,6,1,0,9,983,632,440,Medium
2025-02-11,Visakhapatnam,16,1,0,8,604,324,240,Low
2025-09-16,Kurnool,19,1,0,3,525,370,114,Medium
2025-07-02,Guntur,4,2,0,9,1212,542,267,Medium
2025-06-09,Kurnool,8,0,0,4,248,104,84,Low
2025-04-01,Visakhapatnam,4,1,0,4,1463,1125,745,Medium
2025-01-04,Nizamabad,10,5,0,7,1285,955,542,High
2025-09-13,Hyderabad,8,5,0,13,1011,749,579,High
2025-05-02,Secunderabad,15,4,1,10,154,93,40,Medium
2025-08-03,Nizamabad,17,6,1,2,706,329,413,High
2025-01-14,Warangal,16,1,0,7,727,366,395,Low
2025-03-27,Secunderabad,12,3,0,9,440,270,246,Low
2025-02-13,Guntur,15,3,0,10,1162,863,632,Medium
2025-01-01,Nizamabad,10,2,0,10,277,132,106,Medium
2025-02-07,Nizamabad,14,4,0,4,781,609,179,Low
2025-03-14,Visakhapatnam,17,4,1,14,423,300,103,High
2025-12-25,Warangal,8,3,1,14,1027,736,238,High
2025-07-24,Kurnool,6,3,0,7,503,246,286,Low
2025-04-25,Nellore,22,4,1,8,1232,819,603,High
2025-04-02,Nellore,1,2,1,9,709,370,240,Medium
2025-06-16,Nizamabad,9,0,0,6,596,462,159,Medium
2025-03-06,Nizamabad,5,3,0,10,1132,779,528,Medium
2025-08-21,Kurnool,20,3,0,2,1319,556,268,Medium
2025-08-20,Kurnool,23,2,0,8,1332,643,617,Medium
2025-04-10,Hyderabad,1,3,0,13,677,395,374,Medium
2025-10-02,Secunderabad,19,3,0,10,670,492,165,Medium
2025-02-15,Warangal,7,5,0,3,937,493,435,Medium
2025-09-01,Nizamabad,1,0,0,2,609,261,125,Low
2025-06-18,Nellore,1,2,0,8,1342,663,795,Medium
2025-07-10,Visakhapatnam,15,3,1,9,604,477,233,Medium
2025-05-09,Hyderabad,18,4,0,14,1006,697,474,High
2025-10-18,Guntur,21,5,0,8,777,559,312,High
2025-12-17,Nellore,11,2,0,2,1184,854,310,Low
2025-09-01,Secunderabad,12,0,1,7,937,617,527,Medium
2025-01-31,Warangal,10,4,0,5,100,40,37,Low
2025-05-14,Visakhapatnam,10,2,0,14,570,413,334,Medium
2025-10-30,Visakhapatnam,2,3,0,3,1145,883,553,Low
2025-05-05,Warangal,20,0,0,11,1112,840,400,High
2025-09-07,Tirupati,19,6,1,7,997,496,369,High
2025-04-20,Guntur,8,6,1,8,302,208,66,High
2025-05-13,Nellore,9,1,0,2,357,259,191,Low
2025-06-13,Kurnool,13,4,0,3,674,428,354,Low
2025-08-04,Visakhapatnam,3,0,0,4,740,362,204,Low
2025-09-27,Secunderabad,14,5,0,12,1266,531,736,High
2025-10-19,Secunderabad,19,6,0,13,484,211,99,High
2025-10-17,Warangal,8,4,0,14,1054,646,266,High
2025-01-24,Vijayawada,14,4,0,6,538,239,217,Low
2025-10-29,Tirupati,7,2,0,7,1484,896,777,High
2025-04-09,Guntur,23,2,0,7,1042,467,218,Medium
2025-12-11,Hyderabad,15,3,0,3,324,187,141,Low
2025-04-28,Visakhapatnam,11,0,0,5,787,434,199,Low
2025-10-29,Vijayawada,0,2,0,8,1302,808,446,Medium
2025-05-29,Nizamabad,0,3,0,13,1429,902,690,High
2025-04-20,Visakhapatnam,18,6,0,2,1372,1003,397,High
2025-12-05,Secunderabad,6,4,0,3,621,337,203,Low
2025-10-15,Visakhapatnam,12,2,0,14,1371,863,750,High
2025-09-22,Nizamabad,23,0,0,8,698,303,139,Low
2025-12-21,Hyderabad,1,6,0,13,1494,1107,509,High
2025-07-23,Vijayawada,14,2,0,4,490,256,248,Low
2025-03-28,Secunderabad,19,4,1,3,1203,745,501,High
2025-12-25,Nellore,6,3,0,10,841,388,454,Medium
2025-11-07,Visakhapatnam,10,4,0,10,171,109,72,Medium
2025-04-12,Tirupati,4,5,0,12,224,160,81,Medium
2025-03-06,Kurnool,7,3,0,11,985,398,449,High
2025-01-30,Warangal,18,3,0,2,835,582,414,Medium
2025-01-17,Guntur,13,4,0,8,1174,924,701,Medium
2025-09-23,Hyderabad,15,1,0,10,169,87,64,Low
2025-07-09,Warangal,5,2,0,13,323,212,88,Low
2025-08-24,Secunderabad,8,6,0,3,1406,655,484,High
2025-02-12,Warangal,23,2,0,13,1130,468,663,Medium
2025-01-27,Nellore,17,0,0,2,333,263,68,Low
2025-10-17,Secunderabad,0,4,0,14,255,180,77,Low
2025-06-10,Secunderabad,1,1,0,12,274,203,114,Low
2025-10-17,Hyderabad,6,4,0,7,1100,473,288,Medium
2025-01-24,Secunderabad,20,4,0,14,459,219,115,Medium
2025-06-27,Visakhapatnam,8,4,0,12,1300,831,309,High
2025-12-01,Guntur,22,0,0,5,907,704,511,Low
2025-06-27,Nizamabad,0,4,0,8,239,112,139,Low
2025-02-17,Tirupati,14,0,0,7,1048,806,613,Medium
2025-01-16,Nellore,23,3,0,10,1017,749,226,Medium
2025-02-14,Kurnool,10,4,0,6,812,387,246,Medium
2025-06-07,Nellore,19,5,0,13,725,502,294,High
2025-12-19,Warangal,17,4,0,11,1093,584,305,High
2025-05-08,Warangal,10,3,0,13,1474,1063,449,High
2025-08-29,Hyderabad,7,4,0,11,153,99,75,Medium
2025-05-22,Vijayawada,19,3,0,8,1189,904,452,High
2025-12-01,Warangal,11,0,0,8,143,112,51,Low
2025-05-11,Guntur,1,6,0,10,221,153,82,Medium
2025-09-24,Vijayawada,15,2,0,12,1274,939,437,Medium
2025-03-18,Vijayawada,23,1,0,10,176,104,104,Low
2025-01-07,Warangal,22,1,0,12,905,388,238,Medium
2025-05-22,Vijayawada,8,3,0,5,1284,823,450,Medium
2025-03-21,Warangal,21,4,0,10,1113,550,488,High
2025-02-27,Hyderabad,20,3,0,4,990,522,423,Medium
2025-02-19,Secunderabad,18,2,0,10,1125,514,418,High
2025-01-14,Nizamabad,17,1,1,2,1102,840,527,High
2025-10-15,Secunderabad,14,2,0,11,984,759,356,Medium
2025-03-19,Secunderabad,21,2,0,9,1063,712,388,High
2025-09-09,Secunderabad,1,1,0,4,595,387,306,Low
2025-08-07,Warangal,20,3,0,3,1237,547,360,Medium
2025-03-04,Nizamabad,2,1,0,12,614,288,199,Medium
2025-01-29,Kurnool,16,2,0,11,777,430,254,Medium
2025-03-19,Warangal,3,2,0,3,129,85,26,Low
2025-11-13,Visakhapatnam,5,3,0,11,1427,881,490,Medium
2025-01-06,Secunderabad,3,0,1,5,1376,697,384,High
2025-01-22,Hyderabad,3,2,0,7,388,278,198,Low
2025-05-03,Warangal,19,5,0,14,833,434,451,High
2025-09-20,Tirupati,21,5,0,9,846,654,343,High
2025-06-28,Guntur,20,5,0,4,401,193,150,Medium
2025-11-01,Nellore,17,5,1,14,1024,663,351,High
2025-12-04,Warangal,11,3,0,4,964,617,275,Low
2025-03-31,Tirupati,7,0,0,6,1441,951,459,High
2025-06-21,Nizamabad,13,5,0,3,1216,899,426,Medium
2025-10-25,Vijayawada,10,5,1,11,983,448,435,High
2025-08-27,Hyderabad,20,2,0,2,654,431,390,Medium
2025-05-29,Vijayawada,6,3,0,6,391,295,138,Low
2025-07-31,Guntur,10,3,0,13,119,54,66,Medium
2025-08-11,Hyderabad,2,0,0,9,1040,495,375,Medium
2025-06-12,Warangal,22,3,0,3,831,637,242,Low
2025-12-15,Nizamabad,22,0,0,3,461,195,249,Low
2025-12-14,Hyderabad,21,6,0,5,340,222,147,Medium
2025-11-06,Visakhapatnam,15,3,0,5,763,526,321,Low
2025-07-02,Secunderabad,23,2,0,7,277,115,145,Low
2025-07-07,Visakhapatnam,1,0,0,4,1332,739,716,Medium
2025-02-08,Hyderabad,12,5,0,14,1196,749,593,High
2025-02-11,Guntur,21,1,0,13,1156,812,494,High
2025-03-09,Guntur,13,6,0,4,989,754,389,Medium
2025-12-06,Secunderabad,17,5,0,9,633,295,289,High
2025-11-04,Nellore,17,1,0,7,572,329,335,Medium
2025-11-01,Secunderabad,3,5,1,12,1260,547,716,High
2025-06-19,Visakhapatnam,2,3,0,14,220,108,82,Low
2025-04-13,Nizamabad,9,6,0,8,1467,666,567,High
2025-05-09,Vijayawada,3,4,0,11,144,76,73,Low
2025-04-23,Warangal,0,2,0,8,651,422,283,Low
2025-07-29,Secunderabad,20,1,0,9,1037,440,421,High
2025-10-27,Vijayawada,13,0,0,12,434,246,94,Low
2025-07-19,Nizamabad,14,5,0,14,1341,957,486,High
2025-11-10,Secunderabad,17,0,0,7,1263,751,387,High
2025-07-18,Nellore,22,4,0,11,1291,895,486,Medium
2025-01-22,Guntur,20,2,0,13,232,175,78,Medium
2025-05-31,Nizamabad,6,5,0,4,374,176,174,Low
2025-04-13,Vijayawada,1,6,0,8,518,305,242,Medium
2025-11-21,Visakhapatnam,20,4,1,10,516,288,279,High
2025-05-02,Tirupati,17,4,1,11,807,563,348,High
2025-11-17,Nellore,2,0,0,3,456,216,194,Low
2025-01-10,Kurnool,8,4,0,5,1291,553,667,Medium
2025-04-05,Secunderabad,1,5,0,11,1047,438,450,Medium
2025-10-08,Vijayawada,7,2,0,14,720,546,398,High
2025-12-13,Visakhapatnam,20,5,0,8,272,170,78,Medium
2025-04-22,Warangal,6,1,0,12,685,301,339,Medium
2025-12-03,Visakhapatnam,1,2,0,6,1038,612,210,Medium
2025-01-08,Vijayawada,16,2,0,8,209,111,52,Low
2025-09-01,Guntur,15,0,0,8,427,234,126,Low
2025-01-01,Guntur,10,2,0,3,900,669,524,Medium
2025-04-12,Secunderabad,21,5,0,4,1328,649,620,High
2025-10-29,Secunderabad,4,2,0,7,113,65,45,Low
2025-07-14,Hyderabad,7,0,0,6,1306,684,317,Medium
2025-05-17,Tirupati,17,5,0,11,1448,834,738,High
2025-10-22,Tirupati,16,2,1,7,1385,1012,430,High
2025-11-14,Secunderabad,11,4,0,4,159,103,52,Low
2025-11-21,Vijayawada,13,4,0,5,711,510,332,Low
2025-01-23,Tirupati,22,3,0,8,1138,540,258,Medium
2025-08-11,Visakhapatnam,22,0,0,11,1023,519,562,Medium
2025-01-07,Vijayawada,20,1,0,4,1077,499,413,Medium
2025-11-10,Visakhapatnam,14,0,0,10,295,126,143,Low
2025-04-01,Guntur,1,1,0,13,613,341,161,Medium
2025-02-20,Guntur,22,3,0,11,842,419,290,Medium
2025-04-16,Hyderabad,18,2,0,9,1495,1102,568,High
2025-04-30,Nellore,4,2,0,14,1097,650,521,Medium
2025-11-28,Kurnool,2,4,0,13,1053,553,535,Medium
2025-09-20,Warangal,14,5,0,10,1180,587,662,Medium
2025-08-12,Warangal,7,1,0,7,934,469,496,Medium
2025-01-16,Warangal,17,3,0,10,357,233,151,Medium
2025-12-01,Secunderabad,17,0,0,13,768,601,205,High
2025-09-20,Guntur,5,5,0,7,506,217,170,Medium
2025-06-10,Nellore,14,1,0,10,697,385,316,Medium
2025-06-17,Guntur,17,1,0,4,285,221,121,Medium
2025-11-29,Tirupati,17,5,0,10,890,502,226,High
2025-09-25,Secunderabad,13,3,0,3,1420,578,649,Medium
2025-01-19,Secunderabad,0,6,0,10,400,232,122,Medium
2025-12-28,Hyderabad,22,6,0,13,814,446,314,Medium
2025-07-29,Guntur,10,1,0,10,1053,669,514,High
2025-06-22,Kurnool,9,6,0,10,671,430,365,High
2025-08-11,Guntur,15,0,0,4,343,264,181,Low
2025-09-18,Hyderabad,10,3,0,3,1335,717,462,Medium
2025-04-10,Warangal,7,3,0,7,1013,731,283,Medium
2025-06-17,Hyderabad,1,1,0,13,182,84,43,Low
2025-03-14,Vijayawada,14,4,0,12,1312,930,523,Medium
2025-06-07,Guntur,5,5,0,10,1281,724,447,High
2025-01-13,Secunderabad,7,0,0,5,226,127,87,Low
2025-02-22,Nellore,11,5,0,2,117,52,47,Low
2025-02-07,Nellore,18,4,0,5,812,634,339,Medium
2025-02-02,Secunderabad,4,6,1,6,278,114,116,Medium
2025-08-06,Secunderabad,21,2,0,5,119,51,50,Low
2025-11-22,Hyderabad,12,5,0,10,1341,873,775,High
2025-03-23,Nellore,14,6,0,8,478,232,130,Medium
2025-02-26,Secunderabad,13,2,0,3,275,126,110,Low
2025-10-26,Hyderabad,15,6,0,13,713,558,385,Medium
2025-03-11,Guntur,15,1,0,6,1367,1054,731,Medium
2025-09-30,Visakhapatnam,15,1,0,10,1497,1056,614,Medium
2025-10-26,Vijayawada,19,6,0,10,529,235,237,High
2025-07-07,Tirupati,20,0,0,5,1035,444,375,Medium
2025-11-04,Hyderabad,8,1,0,12,1456,1005,429,High
2025-10-30,Hyderabad,9,3,0,3,388,253,130,Low
2025-11-21,Guntur,8,4,0,3,1457,1048,557,Medium
2025-08-19,Nellore,16,1,0,14,249,107,146,Low
2025-07-01,Warangal,14,1,0,3,1191,887,486,Medium
2025-08-22,Kurnool,17,4,0,5,820,642,328,Medium
2025-02-27,Visakhapatnam,9,3,0,9,970,669,365,Medium
2025-09-29,Nellore,6,0,0,10,334,184,137,Low
2025-12-24,Guntur,23,2,0,3,665,331,339,Low
2025-08-23,Guntur,10,5,0,9,605,275,243,Medium
2025-04-11,Vijayawada,15,4,0,11,281,166,149,Low
2025-07-12,Guntur,23,5,0,2,1444,605,437,Medium
2025-05-21,Kurnool,18,2,0,14,290,127,73,Medium
2025-09-11,Nizamabad,0,3,0,7,775,418,288,Low
2025-04-09,Visakhapatnam,4,2,0,4,827,391,393,Low
2025-06-13,Secunderabad,20,4,0,2,854,590,472,Medium
2025-02-26,Nizamabad,13,2,1,13,1142,780,676,High
2025-10-01,Kurnool,21,2,0,4,559,434,148,Medium
2025-02-07,Nizamabad,8,4,0,5,1045,640,361,Medium
2025-10-31,Visakhapatnam,22,4,0,11,1468,1132,856,Medium
2025-12-22,Hyderabad,16,0,0,2,1478,1059,719,Medium
2025-12-27,Nizamabad,4,5,0,13,659,362,220,Medium
2025-12-30,Kurnool,23,1,0,3,1442,833,662,Medium
2025-08-19,Kurnool,8,1,0,10,690,323,397,Medium
2025-01-23,Secunderabad,20,3,0,4,357,195,212,Medium
2025-11-09,Kurnool,1,6,0,8,677,421,202,Medium
2025-09-04,Kurnool,3,3,0,2,851,673,285,Low
2025-06-13,Vijayawada,6,4,0,6,467,343,261,Low
2025-11-26,Vijayawada,10,2,0,12,828,582,277,Medium
2025-09-26,Visakhapatnam,4,4,0,11,645,400,214,Medium
2025-08-13,Visakhapatnam,11,2,0,10,1289,1027,634,Medium
2025-07-14,Visakhapatnam,4,0,0,3,197,108,115,Low
2025-12-08,Vijayawada,1,0,0,10,1082,505,533,Medium
2025-11-10,Nellore,15,0,0,13,324,203,133,Low
2025-01-11,Visakhapatnam,20,5,0,5,1013,534,364,High
2025-12-22,Vijayawada,18,0,0,7,733,562,344,Medium
2025-12-21,Nizamabad,0,6,0,4,961,451,452,Medium
2025-10-30,Nellore,12,3,0,8,683,299,302,Low
2025-12-05,Hyderabad,21,4,0,2,477,264,223,Medium
2025-12-17,Secunderabad,15,2,0,3,1262,907,666,Medium
2025-02-19,Vijayawada,2,2,0,11,677,539,193,Medium
2025-04-10,Nellore,13,3,0,12,1378,958,332,Medium
2025-05-31,Nizamabad,4,5,0,9,539,422,307,Medium
2025-07-23,Visakhapatnam,5,2,0,13,1459,919,433,High
2025-11-12,Tirupati,12,2,0,13,1029,553,464,Medium
2025-09-25,Kurnool,14,3,0,14,193,150,81,Low
2025-01-21,Kurnool,13,1,0,13,1488,893,560,High
2025-02-14,Visakhapatnam,11,4,0,11,317,178,107,Low
2025-05-18,Vijayawada,5,6,0,4,495,350,171,Low
2025-06-03,Hyderabad,9,1,0,4,577,241,204,Medium
2025-12-03,Tirupati,13,2,0,2,1259,607,654,Medium
2025-09-21,Warangal,23,6,1,14,1456,958,456,High
2025-04-18,Warangal,2,4,1,7,560,349,275,Medium
2025-01-29,Kurnool,8,2,0,10,104,73,50,Medium
2025-07-09,Kurnool,7,2,0,4,403,200,131,Low
2025-08-12,Visakhapatnam,17,1,0,8,854,359,289,Medium
2025-05-03,Vijayawada,8,5,1,14,538,329,141,High
2025-06-25,Nellore,6,2,0,4,714,513,197,Low
2025-01-09,Secunderabad,12,3,0,14,682,400,298,Medium
2025-03-28,Secunderabad,7,4,0,4,823,386,173,Medium
2025-09-11,Nellore,6,3,0,4,368,228,121,Low
2025-11-25,Tirupati,23,1,0,7,127,92,66,Low
2025-10-26,Nizamabad,19,6,0,12,393,209,195,High
2025-04-12,Secunderabad,11,5,1,11,1162,547,445,High
2025-10-17,Tirupati,1,4,0,13,453,300,254,Medium
2025-10-28,Secunderabad,19,1,0,8,264,171,53,Medium
2025-05-15,Warangal,3,3,0,5,100,73,42,Low
2025-08-24,Nellore,19,6,0,8,286,150,145,Medium
2025-08-03,Kurnool,3,6,0,4,284,214,100,Low
2025-10-27,Guntur,5,0,0,8,1439,844,599,Medium
2025-09-07,Nizamabad,1,6,0,9,1129,479,663,Medium
2025-09-19,Nellore,7,4,0,10,1175,735,516,High
2025-04-16,Nizamabad,0,2,0,6,1120,758,344,Medium
2025-01-08,Secunderabad,12,2,0,8,1440,662,848,Medium
2025-01-27,Guntur,16,0,0,11,1135,689,655,Medium
2025-03-14,Secunderabad,22,4,0,13,1139,746,452,Medium
2025-08-18,Visakhapatnam,5,0,0,5,1057,497,326,Medium
2025-10-31,Warangal,4,4,0,10,1103,683,374,Medium
2025-04-07,Nellore,14,0,0,12,682,453,233,Medium
2025-03-17,Nizamabad,8,0,1,9,936,624,278,High
2025-10-20,Hyderabad,17,0,0,3,197,147,117,Low
2025-06-22,Visakhapatnam,6,6,0,8,987,711,208,Medium
2025-07-20,Visakhapatnam,20,6,0,10,737,495,261,High
2025-10-03,Vijayawada,15,4,0,3,572,354,303,Low
2025-06-07,Nizamabad,15,5,0,8,1419,724,746,High
2025-10-20,Tirupati,12,0,0,10,1303,772,295,Medium
2025-12-25,Guntur,11,3,0,9,869,454,459,Medium
2025-05-25,Hyderabad,5,6,0,5,1249,739,738,Medium
2025-03-08,Guntur,23,5,1,4,302,235,179,Medium
2025-09-22,Nizamabad,0,0,0,9,316,251,130,Low
2025-02-20,Vijayawada,8,3,0,8,1391,593,386,High
2025-06-20,Tirupati,0,4,0,13,183,91,69,Low
2025-11-29,Tirupati,0,5,0,9,788,468,456,Medium
2025-12-17,Nizamabad,12,2,0,13,633,422,295,Medium
2025-02-12,Warangal,9,2,0,11,526,262,177,Medium
2025-06-29,Kurnool,12,6,0,12,510,310,131,Medium
2025-07-15,Hyderabad,0,1,1,8,1371,740,752,High
2025-04-19,Guntur,13,5,0,2,967,550,382,Medium
2025-07-08,Tirupati,1,1,0,11,1269,588,296,Medium
2025-09-18,Nizamabad,12,3,0,4,1281,845,493,Medium
2025-11-18,Visakhapatnam,11,1,0,7,1064,711,560,Medium
2025-05-10,Hyderabad,3,5,0,6,1104,678,638,Medium
2025-06-12,Visakhapatnam,0,3,0,4,1379,772,625,Medium
2025-11-05,Vijayawada,21,2,0,8,294,200,166,Medium
2025-05-18,Visakhapatnam,2,6,0,9,1146,797,403,Medium
2025-01-04,Tirupati,6,5,0,8,1369,835,448,High
2025-03-07,Nellore,11,4,0,6,308,133,97,Low
2025-08-21,Nizamabad,14,3,1,3,784,370,207,Medium
2025-02-17,Nizamabad,11,0,1,8,1012,588,316,Medium
2025-04-28,Tirupati,22,0,0,12,977,529,439,Medium
2025-11-07,Secunderabad,21,4,0,6,523,418,221,Medium
2025-02-25,Nizamabad,17,1,0,3,904,529,429,Medium
2025-11-13,Kurnool,12,3,0,7,911,520,416,Medium
2025-07-23,Tirupati,19,2,1,10,1014,762,283,High
2025-02-23,Vijayawada,10,6,0,10,411,273,93,Medium
2025-11-01,Nizamabad,19,5,0,13,1304,734,636,High
2025-11-28,Visakhapatnam,18,4,0,4,451,207,183,Medium
2025-03-28,Vijayawada,15,4,0,8,531,244,312,Low
2025-05-29,Guntur,21,3,0,2,573,278,302,Medium
2025-10-13,Nizamabad,18,0,0,12,185,123,74,Medium
2025-01-28,Kurnool,4,1,0,8,1306,610,687,Medium
2025-02-12,Vijayawada,7,2,0,9,1024,735,333,Medium
2025-04-06,Visakhapatnam,13,6,0,5,1186,799,603,Medium
2025-08-31,Visakhapatnam,20,6,0,9,378,165,202,Medium
2025-07-04,Kurnool,4,4,0,8,1462,1063,675,Medium
2025-11-24,Tirupati,1,0,0,6,441,253,119,Low
2025-09-17,Vijayawada,17,2,1,9,1463,733,753,High
2025-05-13,Secunderabad,1,1,0,11,1305,828,579,Medium
2025-01-08,Nellore,20,2,0,8,1418,1041,525,High
2025-02-03,Tirupati,5,0,0,5,227,165,57,Low
2025-05-20,Nellore,4,1,0,7,1486,809,873,Medium
2025-01-16,Tirupati,19,3,0,4,1206,616,431,Medium
2025-11-29,Visakhapatnam,6,5,0,10,873,566,263,Medium
2025-07-04,Kurnool,2,4,0,4,116,80,48,Low
2025-01-25,Visakhapatnam,13,5,0,4,605,311,284,Low
2025-06-05,Hyderabad,15,3,0,13,799,475,232,Medium
2025-10-29,Visakhapatnam,23,2,0,3,996,525,480,Low
2025-06-02,Nizamabad,17,0,0,13,933,559,484,High
2025-06-15,Nizamabad,19,6,0,9,450,288,199,Medium
2025-08-09,Hyderabad,10,5,0,11,638,481,358,High
2025-03-05,Secunderabad,8,2,0,5,360,145,153,Low
2025-06-25,Nellore,2,2,0,3,1195,762,449,Medium
2025-09-15,Vijayawada,4,0,0,2,1415,610,616,Medium
2025-03-10,Nizamabad,10,0,0,12,626,296,150,Medium
2025-06-25,Vijayawada,22,2,0,14,513,314,158,Medium
2025-07-25,Tirupati,8,4,0,12,1131,590,240,High
2025-08-30,Nizamabad,21,5,1,14,863,684,496,High
2025-09-25,Kurnool,5,3,0,13,469,258,239,Medium
2025-04-03,Nizamabad,19,3,0,2,471,283,169,Medium
2025-01-07,Hyderabad,2,1,0,6,311,181,185,Low
2025-12-06,Warangal,4,5,0,2,1251,699,377,Medium
2025-03-01,Nellore,4,5,0,6,564,395,135,Medium
2025-11-17,Nellore,20,0,0,6,972,488,399,Medium
2025-09-16,Nizamabad,13,1,0,8,180,127,54,Low
2025-04-01,Hyderabad,12,1,0,12,369,192,219,Low
2025-04-11,Hyderabad,12,4,0,2,308,141,89,Low
2025-02-26,Hyderabad,20,2,0,4,1295,953,267,High
2025-08-09,Nellore,10,5,0,10,831,361,429,High
2025-09-17,Nellore,15,2,0,4,945,600,292,Low
2025-08-01,Kurnool,2,4,0,5,1128,624,489,Medium
2025-07-31,Nizamabad,12,3,0,4,437,282,249,Low
2025-08-16,Tirupati,5,5,0,10,1164,592,405,Medium
2025-05-18,Visakhapatnam,23,6,0,5,843,362,190,Medium
2025-01-12,Kurnool,16,6,0,7,244,178,70,Low
2025-04-28,Hyderabad,1,0,0,11,288,133,116,Low
2025-08-19,Hyderabad,20,1,0,13,717,292,366,High
2025-12-31,Hyderabad,9,2,1,8,1232,921,623,High
2025-05-15,Guntur,7,3,1,10,312,234,86,High
2025-12-10,Kurnool,16,2,0,11,355,255,174,Low
2025-06-28,Hyderabad,2,5,0,14,167,132,37,Medium
2025-11-07,Kurnool,17,4,0,5,562,342,334,Medium
2025-03-14,Visakhapatnam,14,4,0,12,809,531,409,Medium
2025-08-11,Visakhapatnam,17,0,0,10,787,601,449,Medium
2025-12-03,Kurnool,2,2,0,12,122,61,68,Low
2025-09-10,Nizamabad,12,2,0,11,112,60,41,Low
2025-05-05,Guntur,8,0,0,5,282,214,82,Low
2025-12-05,Secunderabad,8,4,1,10,727,573,431,High
2025-12-13,Kurnool,4,5,0,12,666,386,396,Medium
2025-10-15,Visakhapatnam,10,2,0,5,1362,960,810,Medium
2025-09-04,Warangal,5,3,0,13,1480,847,473,High
2025-03-24,Secunderabad,3,0,0,3,161,81,62,Low
2025-07-24,Nellore,17,3,0,8,1422,1043,834,High
2025-12-06,Hyderabad,17,5,1,11,751,580,192,High
2025-02-16,Guntur,3,6,0,9,277,188,94,Low
2025-09-09,Vijayawada,3,1,0,5,156,69,64,Low
2025-12-21,Secunderabad,20,6,0,7,397,306,118,Medium
2025-07-28,Hyderabad,10,0,0,5,422,328,202,Medium
2025-02-10,Vijayawada,15,0,1,4,1151,815,342,Medium
2025-12-30,Nellore,22,1,1,6,176,87,54,Low
2025-03-09,Visakhapatnam,19,6,0,10,733,418,437,High
2025-12-23,Vijayawada,20,1,0,12,244,103,81,Medium
2025-12-05,Secunderabad,17,4,0,2,112,78,53,Low
2025-11-13,Nellore,21,3,0,5,413,172,222,Medium
2025-09-27,Kurnool,14,5,0,11,1346,585,350,High
2025-07-28,Tirupati,19,0,0,14,1314,774,762,High
2025-02-12,Warangal,7,2,0,8,579,305,329,Medium
2025-06-11,Guntur,2,2,0,11,1113,820,256,Medium
2025-02-14,Secunderabad,3,4,0,5,735,364,239,Low
2025-04-17,Vijayawada,21,3,0,10,1207,507,437,High
2025-10-10,Warangal,19,4,0,6,307,195,105,Medium
2025-06-04,Visakhapatnam,8,2,0,9,1399,877,457,High
2025-07-03,Secunderabad,14,3,0,2,401,305,158,Low
2025-03-20,Vijayawada,19,3,1,3,701,510,400,High
2025-08-21,Tirupati,18,3,0,3,480,367,136,Medium
2025-09-06,Nizamabad,5,5,0,8,394,233,192,Medium
2025-02-07,Vijayawada,18,4,0,12,987,592,581,High
2025-11-03,Nizamabad,16,0,0,7,1370,986,544,Medium
2025-09-05,Secunderabad,12,4,0,12,518,280,292,Medium
2025-06-29,Tirupati,4,6,0,7,264,115,86,Low
2025-04-17,Warangal,3,3,0,7,822,549,337,Low
2025-12-13,Nizamabad,6,5,0,6,156,67,56,Low
2025-11-22,Kurnool,16,5,0,4,1321,648,602,Medium
2025-06-17,Visakhapatnam,18,1,0,5,997,527,213,Medium
2025-03-10,Kurnool,12,0,0,13,630,482,184,Medium
2025-08-06,Hyderabad,2,2,0,10,1126,894,246,Medium
2025-09-11,Nizamabad,6,3,0,9,729,398,320,Medium
2025-11-30,Nellore,2,6,0,2,1032,667,325,Medium
2025-04-03,Secunderabad,4,3,0,2,677,481,299,Low
2025-02-07,Tirupati,3,4,1,9,916,387,508,Medium
2025-12-01,Nizamabad,18,0,0,4,891,508,399,Medium
2025-10-17,Kurnool,19,4,0,14,478,270,239,Medium
2025-12-12,Nellore,5,4,0,11,1144,705,366,Medium
2025-02-06,Vijayawada,16,3,0,13,256,109,141,Low
2025-05-06,Hyderabad,3,1,0,5,879,666,303,Low
2025-04-29,Secunderabad,2,1,0,14,1144,691,571,Medium
2025-03-17,Nizamabad,9,0,0,4,1395,1092,590,Medium
2025-12-21,Vijayawada,4,6,0,8,625,444,276,Medium
2025-08-18,Tirupati,3,0,0,10,1286,722,561,Medium
2025-01-09,Nellore,21,3,0,7,1087,480,476,High
2025-07-09,Kurnool,8,2,0,5,1110,801,616,Medium
2025-12-27,Nizamabad,8,5,0,2,1268,785,725,High
2025-04-14,Tirupati,4,0,0,7,375,243,195,Low
2025-01-16,Vijayawada,10,3,0,4,1299,613,711,Medium
2025-04-18,Hyderabad,5,4,1,13,170,101,46,Medium
2025-10-23,Visakhapatnam,20,3,0,12,739,371,423,High
2025-11-15,Visakhapatnam,10,5,0,12,492,224,244,High
2025-02-15,Hyderabad,8,5,0,9,684,435,306,High
2025-09-26,Kurnool,13,4,0,2,581,397,305,Low
2025-04-06,Vijayawada,5,6,0,4,561,427,219,Low
2025-10-13,Hyderabad,14,0,0,2,211,87,114,Low
2025-09-23,Tirupati,1,1,0,13,442,265,221,Medium
2025-08-05,Tirupati,4,1,0,7,793,353,171,Low
2025-03-24,Tirupati,18,0,0,6,792,598,389,Medium
2025-05-08,Vijayawada,17,3,0,6,1493,914,805,High
2025-03-11,Secunderabad,16,1,0,3,649,303,337,Low
2025-08-31,Secunderabad,21,6,1,11,254,187,148,High
2025-04-11,Nizamabad,0,4,0,10,844,465,194,Medium
2025-11-14,Secunderabad,3,4,0,5,614,453,301,Low
2025-06-20,Hyderabad,7,4,0,7,1260,766,394,High
2025-09-23,Warangal,22,1,0,6,1231,949,471,Medium
2025-07-05,Kurnool,16,5,0,12,341,262,197,Medium
2025-12-03,Warangal,14,2,1,14,1073,550,558,High
2025-03-03,Kurnool,15,0,0,14,256,181,108,Low
2025-09-14,Kurnool,23,6,0,11,1295,762,432,High
2025-04-23,Secunderabad,18,2,0,13,261,168,55,Medium
2025-12-24,Kurnool,15,2,0,8,1245,878,389,Medium
2025-11-17,Nizamabad,8,0,0,14,875,600,347,High
2025-10-03,Guntur,1,4,0,11,638,435,347,Medium
2025-10-06,Warangal,14,0,0,3,668,418,156,Low
2025-07-06,Visakhapatnam,18,6,0,2,536,271,215,Medium
2025-12-03,Visakhapatnam,18,2,1,6,1326,776,451,High
2025-09-15,Visakhapatnam,2,0,0,14,1184,674,604,Medium
2025-04-14,Guntur,8,0,0,13,1474,789,790,High
2025-01-20,Visakhapatnam,19,0,0,2,577,247,210,Medium
2025-07-06,Visakhapatnam,13,6,1,3,929,504,393,Medium
2025-12-30,Nellore,12,1,0,10,904,541,405,Medium
2025-12-12,Tirupati,6,4,0,13,692,523,219,Medium
2025-12-21,Tirupati,5,6,0,2,1276,578,443,Medium
2025-08-16,Guntur,8,5,0,6,914,683,208,Medium
2025-12-21,Nellore,6,6,0,6,391,303,130,Low
2025-06-20,Vijayawada,21,4,0,10,1157,638,478,High
2025-04-21,Visakhapatnam,4,0,0,6,1004,716,355,Medium
2025-10-27,Vijayawada,18,0,0,12,1183,720,511,High
2025-11-21,Warangal,1,4,0,3,418,326,119,Low
2025-05-09,Hyderabad,15,4,0,6,558,410,179,Low
2025-10-04,Guntur,2,5,0,3,811,460,433,Medium
2025-04-02,Tirupati,5,2,1,14,1037,587,299,High
2025-04-24,Visakhapatnam,9,3,0,3,696,356,274,Medium
2025-07-23,Nizamabad,9,2,0,5,1176,875,276,Medium
2025-04-22,Secunderabad,6,1,0,2,1067,756,239,Low
2025-11-10,Nizamabad,10,0,1,9,970,760,441,High
2025-01-10,Kurnool,5,4,0,12,334,203,150,Low
2025-11-01,Guntur,8,5,0,5,1062,783,568,High
2025-04-27,Warangal,0,6,0,2,488,365,138,Low
2025-05-17,Hyderabad,21,5,0,5,588,330,162,Medium
2025-11-29,Guntur,4,5,0,3,273,143,99,Low
2025-04-03,Guntur,10,3,0,6,453,333,193,Medium
2025-10-15,Guntur,21,2,0,4,911,665,522,Medium
2025-04-27,Hyderabad,10,6,1,2,912,554,186,High
2025-08-14,Kurnool,21,3,0,12,1236,904,499,High
2025-02-02,Nellore,2,6,0,8,1172,833,558,Medium
2025-12-25,Vijayawada,15,3,0,9,701,372,184,Medium
2025-06-01,Kurnool,12,6,0,3,1362,974,607,Medium
2025-11-10,Hyderabad,16,0,0,12,430,183,107,Low
2025-04-04,Nizamabad,12,4,0,5,133,82,78,Low
2025-07-28,Nellore,7,0,0,5,169,125,77,Low
2025-07-09,Visakhapatnam,14,2,0,6,1033,474,220,Medium
2025-10-22,Tirupati,4,2,0,9,974,514,393,Medium
2025-08-07,Kurnool,16,3,0,14,148,108,47,Low
2025-06-15,Warangal,8,6,0,7,1214,707,566,High
2025-11-04,Kurnool,22,1,0,9,256,182,91,Low
2025-08-04,Secunderabad,7,0,0,6,950,524,450,Medium
2025-07-26,Visakhapatnam,0,5,0,3,1306,976,583,Medium
2025-06-08,Kurnool,17,6,1,9,744,403,410,High
2025-11-06,Hyderabad,11,3,1,13,1306,791,371,High
2025-06-22,Vijayawada,11,6,0,14,1272,782,304,High
2025-08-31,Kurnool,15,6,0,10,614,360,249,Medium
2025-12-09,Hyderabad,5,1,1,6,513,366,256,Medium
2025-08-21,Nellore,5,3,0,2,579,391,244,Low
2025-04-13,Nizamabad,18,6,0,14,1094,870,300,High
2025-08-15,Nizamabad,2,4,0,11,537,344,157,Medium
2025-03-22,Guntur,21,5,0,4,1453,839,497,High
2025-04-16,Nizamabad,20,2,0,14,351,190,101,Medium
2025-05-17,Secunderabad,13,5,0,8,1207,750,332,Medium
2025-06-21,Nellore,4,5,0,14,354,215,166,Medium
2025-02-12,Guntur,14,2,0,9,1342,1071,604,Medium
2025-04-17,Nellore,18,3,0,2,928,419,438,Medium
2025-08-22,Nizamabad,0,4,0,9,1302,1015,303,Medium
2025-11-27,Nizamabad,22,3,0,5,961,627,274,Low
2025-02-14,Nellore,6,4,1,7,1418,881,608,High
2025-02-02,Warangal,12,6,0,5,1236,718,703,Medium
2025-01-13,Visakhapatnam,8,0,1,2,1159,707,295,High
2025-05-21,Visakhapatnam,10,2,1,9,550,424,131,High
2025-12-12,Visakhapatnam,15,4,0,6,655,327,300,Low
2025-08-05,Nellore,12,1,0,14,321,155,161,Medium
2025-11-06,Vijayawada,18,3,1,2,1463,1087,329,High
2025-06-23,Guntur,3,0,0,9,1073,689,237,Medium
2025-08-19,Tirupati,22,1,1,11,679,360,318,Medium
2025-01-01,Nizamabad,8,2,0,9,423,329,193,Medium
2025-11-14,Vijayawada,4,4,0,12,300,213,126,Low
2025-09-08,Guntur,3,0,0,11,1478,789,401,Medium
2025-12-15,Guntur,13,0,0,3,1219,567,628,Medium
2025-01-03,Visakhapatnam,5,4,0,11,1268,681,571,Medium
2025-04-28,Guntur,0,0,0,12,799,332,272,Medium
2025-08-26,Vijayawada,0,1,0,12,604,334,247,Medium
2025-10-21,Vijayawada,22,1,1,11,755,549,218,Medium
2025-12-21,Kurnool,22,6,0,3,215,166,56,Low
2025-05-06,Hyderabad,8,1,0,9,757,406,339,Medium
2025-12-24,Warangal,19,2,0,11,149,73,74,Medium
2025-09-22,Nizamabad,15,0,0,4,1099,611,271,Medium
2025-02-15,Kurnool,15,5,0,3,1078,810,404,Medium
2025-08-26,Nizamabad,6,1,0,14,662,311,317,Medium
2025-06-21,Nizamabad,7,5,1,13,987,707,279,High
2025-09-10,Tirupati,7,2,0,9,384,166,108,Medium
2025-08-15,Hyderabad,21,4,0,10,540,368,175,Medium
2025-03-18,Hyderabad,20,1,0,14,1357,616,758,High
2025-06-30,Hyderabad,3,0,0,8,233,163,109,Low
2025-02-20,Secunderabad,8,3,0,14,205,142,58,Medium
2025-05-29,Nizamabad,21,3,0,7,275,136,146,Medium
2025-02-01,Hyderabad,23,5,0,8,517,216,128,Medium
2025-05-28,Hyderabad,19,2,0,9,485,323,175,Medium
2025-02-22,Kurnool,10,5,0,8,299,193,170,Medium
2025-10-04,Visakhapatnam,15,5,0,8,231,152,62,Low
2025-06-26,Hyderabad,15,3,0,3,492,245,190,Low
2025-11-14,Nizamabad,5,4,1,2,514,357,156,Low
2025-06-15,Nellore,0,6,0,13,1234,590,577,High
2025-10-11,Nellore,6,5,0,9,1325,712,590,High
2025-07-09,Nizamabad,19,2,0,12,160,72,74,Medium
2025-06-24,Vijayawada,21,1,1,10,1291,957,639,High
2025-08-23,Tirupati,17,5,0,5,600,399,276,Medium
2025-01-03,Warangal,22,4,0,2,591,278,336,Low
2025-08-22,Kurnool,6,4,0,4,157,101,55,Low
2025-05-04,Nellore,7,6,0,2,1300,577,566,High
2025-09-10,Secunderabad,18,2,0,8,1190,602,501,High
2025-03-09,Kurnool,22,6,0,3,355,167,152,Low
2025-11-06,Nizamabad,12,3,0,12,974,749,418,Medium
2025-07-20,Warangal,1,6,0,14,319,143,83,Medium
2025-12-13,Kurnool,18,5,0,5,490,267,168,Medium
2025-12-09,Guntur,7,1,0,7,1216,919,283,Medium
2025-08-15,Guntur,9,4,0,6,485,216,158,Medium
2025-12-31,Nellore,9,2,0,10,1351,639,652,High
2025-08-18,Kurnool,16,0,0,12,1309,878,649,Medium
2025-02-24,Kurnool,23,0,1,8,489,364,157,Medium
2025-07-24,Nizamabad,21,3,0,2,774,450,336,Medium
2025-01-28,Vijayawada,22,1,0,3,1161,875,275,Medium
2025-04-17,Nellore,5,3,0,8,169,98,85,Low
2025-11-09,Vijayawada,2,6,0,13,1330,1048,297,High
2025-06-21,Tirupati,5,5,0,7,592,331,172,Medium
2025-05-27,Warangal,1,1,0,13,761,565,246,Medium
2025-02-11,Warangal,13,1,0,4,761,316,259,Low
2025-02-16,Kurnool,1,6,0,9,316,212,86,Medium
2025-02-10,Tirupati,10,0,0,7,1468,1173,574,High
2025-03-19,Vijayawada,20,2,0,5,837,623,429,Medium
2025-10-12,Kurnool,14,6,0,7,986,703,258,Medium
2025-11-20,Vijayawada,7,3,0,8,1435,1037,779,High
2025-02-10,Nizamabad,6,0,0,13,1467,1046,726,High
2025-01-23,Hyderabad,6,3,0,2,1476,695,360,Medium
2025-04-12,Visakhapatnam,5,5,0,14,393,222,221,Medium
2025-04-30,Hyderabad,17,2,0,13,926,722,490,High
2025-12-12,Kurnool,13,4,1,6,244,104,130,Medium
2025-04-25,Kurnool,1,4,0,3,211,160,86,Low
2025-04-29,Hyderabad,22,1,0,3,422,298,158,Low
2025-03-17,Nizamabad,20,0,0,2,1491,895,425,High
2025-09-01,Secunderabad,19,0,1,10,106,63,53,High
2025-06-13,Nizamabad,1,4,0,7,215,130,127,Low
2025-09-09,Secunderabad,21,1,1,13,956,540,191,High
2025-04-11,Vijayawada,4,4,0,10,968,472,306,Medium
2025-08-04,Visakhapatnam,19,0,0,2,191,117,95,Low
2025-12-17,Tirupati,19,2,0,14,202,118,99,Medium
2025-02-23,Vijayawada,21,6,0,8,625,414,245,High
2025-01-08,Vijayawada,11,2,0,10,168,111,98,Low
2025-04-09,Secunderabad,4,2,0,11,1293,771,479,Medium
2025-04-11,Nellore,11,4,0,3,1192,760,335,Medium
2025-10-16,Vijayawada,13,3,0,8,1431,804,740,Medium
2025-06-28,Nellore,8,5,0,14,503,279,122,High
2025-10-03,Kurnool,10,4,0,10,1462,838,409,High
2025-01-01,Nizamabad,17,2,0,9,1306,735,696,High
2025-09-10,Nellore,13,2,0,5,458,339,98,Low
2025-01-08,Kurnool,3,2,0,8,370,182,159,Low
2025-03-05,Secunderabad,23,2,0,7,1295,786,398,Medium
2025-05-28,Warangal,20,2,0,10,1245,708,615,High
2025-01-22,Tirupati,2,2,1,2,178,125,42,Low
2025-06-12,Secunderabad,4,3,1,7,853,349,198,Medium
2025-11-09,Secunderabad,14,6,0,4,272,159,67,Low
2025-11-23,Nellore,15,6,0,9,351,197,132,Medium
2025-08-02,Hyderabad,16,5,0,5,1125,835,402,Medium
2025-04-29,Hyderabad,15,1,0,14,1455,1060,773,High
2025-09-14,Visakhapatnam,15,6,0,5,1004,550,474,Medium
2025-02-14,Nizamabad,21,4,0,13,1172,835,359,High
2025-05-23,Vijayawada,20,4,0,9,1058,434,579,High
2025-06-16,Warangal,9,0,0,5,705,296,402,Medium
2025-01-10,Kurnool,11,4,0,10,1271,801,699,Medium
2025-05-30,Vijayawada,23,4,1,11,754,378,321,Medium
2025-10-19,Nizamabad,23,6,1,4,809,502,389,Medium
2025-04-27,Kurnool,21,6,0,12,1481,673,394,High
2025-10-08,Secunderabad,20,2,0,6,882,395,222,Medium
2025-05-31,Kurnool,3,5,0,13,370,222,85,Medium
2025-09-01,Nellore,6,0,0,7,828,567,187,Low
2025-07-06,Visakhapatnam,23,6,0,11,1319,738,719,High
2025-06-13,Vijayawada,7,4,1,10,562,244,262,High
2025-07-08,Nellore,5,1,0,13,1022,643,455,Medium
2025-09-05,Tirupati,5,4,0,8,728,294,294,Low
2025-08-09,Visakhapatnam,15,5,0,3,374,220,161,Low
2025-04-04,Tirupati,21,4,0,4,355,157,207,Medium
2025-11-01,Nizamabad,15,5,0,11,1093,691,481,Medium
2025-06-13,Kurnool,19,4,0,8,478,316,194,Medium
2025-01-21,Nizamabad,8,1,0,7,956,572,411,Medium
2025-06-16,Nellore,11,0,0,12,499,212,128,Medium
2025-11-06,Visakhapatnam,12,3,0,9,1371,699,704,Medium
2025-05-31,Nizamabad,1,5,1,9,1229,556,736,High
2025-11-23,Nellore,16,6,0,10,775,419,246,Medium
2025-12-07,Visakhapatnam,1,6,0,10,849,615,345,Medium
2025-09-21,Hyderabad,5,6,0,12,1393,784,726,High
2025-09-09,Secunderabad,13,1,0,3,415,222,206,Low
2025-04-25,Tirupati,23,4,0,4,1094,748,545,Medium
2025-01-20,Warangal,15,0,0,13,565,397,197,Medium
2025-08-09,Warangal,19,5,0,3,164,114,41,Medium
2025-07-26,Tirupati,20,5,0,6,1471,1080,677,High
2025-01-23,Guntur,11,3,0,2,893,422,259,Low
2025-10-23,Nellore,1,3,0,2,1081,735,352,Low
2025-08-29,Guntur,5,4,0,8,1421,790,802,Medium
2025-12-12,Visakhapatnam,22,4,0,2,445,318,121,Low
2025-11-08,Vijayawada,23,5,0,5,669,426,204,Medium
2025-10-15,Nellore,7,2,0,4,1305,666,485,Medium
2025-12-18,Visakhapatnam,23,3,0,5,777,368,349,Low
2025-02-10,Tirupati,9,0,0,5,1305,603,670,Medium
2025-03-07,Tirupati,13,4,0,13,1221,700,731,Medium
2025-03-11,Visakhapatnam,6,1,0,11,120,87,28,Low
2025-02-02,Kurnool,20,6,0,11,941,717,217,High
2025-04-24,Tirupati,8,3,0,9,513,243,186,Medium
2025-02-16,Hyderabad,16,6,0,2,847,589,478,Medium
2025-02-10,Secunderabad,9,0,0,7,756,478,323,Medium
2025-05-25,Kurnool,23,6,0,14,1022,701,418,High
2025-03-13,Nizamabad,3,3,0,7,421,170,95,Low
2025-06-10,Vijayawada,21,1,0,6,758,445,417,Medium
2025-10-14,Vijayawada,10,1,0,4,951,657,402,Medium
2025-02-23,Kurnool,23,6,0,13,211,149,123,Medium
2025-07-01,Visakhapatnam,9,1,0,11,1344,927,532,High
2025-05-04,Secunderabad,20,6,0,12,296,162,90,High
2025-10-04,Secunderabad,12,5,0,14,225,121,106,Medium
2025-02-11,Kurnool,5,1,1,2,796,601,450,Medium
2025-04-21,Warangal,14,0,0,8,1107,876,254,Medium
2025-02-14,Visakhapatnam,5,4,0,5,845,546,283,Low
2025-01-14,Nellore,15,1,0,10,314,178,106,Low
2025-06-14,Secunderabad,12,5,0,6,295,153,66,Low
2025-08-12,Tirupati,19,1,0,8,413,247,238,Medium
2025-06-16,Hyderabad,6,0,0,13,1078,847,470,Medium
2025-06-24,Warangal,5,1,1,8,817,602,297,Medium
2025-10-06,Nellore,15,0,0,7,1407,876,372,Medium
2025-06-23,Kurnool,23,0,0,11,206,160,85,Low
2025-05-12,Hyderabad,4,0,0,4,709,556,194,Low
2025-03-07,Kurnool,0,4,0,11,629,364,273,Medium
2025-03-20,Tirupati,14,3,0,9,870,349,357,Medium
2025-06-22,Secunderabad,14,6,0,3,869,640,275,Medium
2025-01-22,Kurnool,6,2,0,6,637,489,328,Low
2025-11-20,Nellore,14,3,0,11,1084,783,449,Medium
2025-05-27,Visakhapatnam,15,1,0,3,788,465,171,Low
2025-08-01,Nellore,9,4,0,6,881,501,471,Medium
2025-04-15,Visakhapatnam,8,1,0,6,739,458,393,Medium
2025-06-09,Visakhapatnam,0,0,0,12,299,141,126,Low
2025-05-22,Kurnool,10,3,0,9,268,175,71,Medium
2025-04-15,Visakhapatnam,16,1,0,3,695,424,353,Low
2025-09-05,Guntur,4,4,0,4,1487,798,771,Medium
2025-10-09,Nellore,19,3,0,13,243,100,97,Medium
2025-04-17,Nizamabad,23,3,1,7,328,171,172,Medium
2025-08-21,Warangal,8,3,1,4,849,579,497,High
2025-11-20,Warangal,7,3,1,4,1252,565,618,High
2025-06-24,Guntur,13,1,0,11,800,479,221,Medium
2025-05-01,Nizamabad,2,3,1,12,1043,549,536,High
2025-06-26,Nizamabad,14,3,0,7,686,495,246,Low
2025-03-05,Vijayawada,11,2,0,10,1197,802,323,Medium
2025-04-05,Kurnool,11,5,0,2,1027,703,520,Medium
2025-05-08,Nellore,11,3,0,10,423,272,120,Low
2025-08-31,Tirupati,16,6,0,2,1003,772,556,Medium
2025-10-29,Nellore,16,2,0,7,362,164,181,Low
2025-09-17,Hyderabad,23,2,0,7,128,100,30,Low
2025-06-24,Hyderabad,17,1,0,6,509,276,279,Medium
2025-03-26,Vijayawada,21,2,0,6,986,541,204,Medium
2025-07-01,Hyderabad,7,1,0,7,1156,783,435,Medium
2025-10-05,Tirupati,10,6,1,2,979,589,316,High
2025-04-26,Tirupati,8,5,0,10,293,230,79,Medium
2025-06-22,Vijayawada,0,6,0,4,949,431,214,Medium
2025-04-04,Guntur,16,4,0,4,1045,542,294,Low
2025-03-17,Tirupati,2,0,0,11,466,202,158,Low
2025-03-12,Nellore,7,2,0,12,1098,451,548,High
2025-03-22,Nellore,7,5,0,13,542,382,261,High
2025-07-22,Vijayawada,14,1,1,11,274,125,158,Medium
2025-01-31,Warangal,18,4,0,12,1384,916,666,High
2025-07-30,Secunderabad,18,2,1,4,772,397,251,High
2025-04-26,Secunderabad,5,5,0,7,1126,530,279,Medium
2025-08-10,Kurnool,11,6,0,13,116,50,60,Medium
2025-09-23,Nellore,16,1,0,9,562,263,325,Low
2025-12-30,Secunderabad,8,1,0,10,116,82,28,Medium
2025-08-01,Vijayawada,23,4,0,9,1293,562,529,Medium
2025-06-15,Nizamabad,21,6,1,4,513,379,104,High
2025-09-25,Guntur,23,3,0,12,1365,1022,777,Medium
2025-05-23,Hyderabad,17,4,0,14,483,209,223,High
2025-02-09,Kurnool,6,6,0,9,699,363,171,Medium
2025-10-10,Nellore,10,4,0,6,1233,719,486,Medium
2025-08-30,Visakhapatnam,5,5,0,8,382,163,143,Medium
2025-06-10,Hyderabad,11,1,0,11,1239,849,453,Medium
2025-12-02,Tirupati,1,1,0,9,135,57,38,Low
2025-08-28,Warangal,15,3,0,7,1427,601,728,Medium
2025-10-10,Nellore,4,4,0,11,1251,529,452,Medium
2025-12-05,Secunderabad,4,4,0,11,241,128,83,Low
2025-06-08,Warangal,3,6,1,13,672,287,238,High
2025-08-31,Warangal,0,6,0,5,307,242,126,Low
2025-10-28,Vijayawada,12,1,0,11,1254,795,315,Medium
2025-03-05,Kurnool,20,2,0,4,1382,674,601,High
2025-11-01,Tirupati,3,5,0,4,1187,578,623,Medium
2025-06-21,Nizamabad,17,5,1,10,1091,752,551,High
2025-06-06,Visakhapatnam,4,4,0,6,745,355,381,Low
2025-03-06,Warangal,22,3,0,14,528,403,173,Medium
2025-09-10,Hyderabad,16,2,0,5,1429,716,463,Medium
2025-03-27,Kurnool,4,3,0,4,730,435,324,Low
2025-03-16,Nizamabad,2,6,1,8,491,325,244,Medium
2025-03-03,Nizamabad,20,0,0,12,992,500,373,High
2025-09-19,Vijayawada,15,4,0,14,1032,485,519,Medium
2025-02-10,Hyderabad,0,0,0,3,117,48,65,Low
2025-04-01,Vijayawada,19,1,0,13,293,130,107,Medium
2025-06-08,Tirupati,13,6,0,3,828,656,355,Medium
2025-12-22,Secunderabad,23,0,0,3,1092,842,459,Low
2025-01-13,Nellore,12,0,0,13,843,434,397,Medium
2025-12-11,Vijayawada,8,3,1,8,887,586,512,High
2025-10-10,Nizamabad,9,4,0,4,1078,445,490,Medium
2025-10-14,Hyderabad,19,1,0,7,861,669,493,Medium
2025-06-27,Visakhapatnam,12,4,0,7,715,426,210,Low
2025-04-14,Warangal,18,0,0,14,574,347,179,High
2025-05-13,Warangal,5,1,0,12,203,91,105,Low
2025-01-23,Vijayawada,2,3,0,13,1157,805,463,Medium
2025-10-11,Warangal,0,5,0,6,1254,797,342,Medium
2025-06-03,Nellore,15,1,1,14,1122,830,320,High
2025-03-02,Secunderabad,6,6,0,13,1200,776,285,High
2025-05-04,Warangal,7,6,0,13,156,65,57,Medium
2025-07-09,Guntur,20,2,0,8,978,514,384,High
2025-11-18,Nizamabad,1,1,0,3,1470,1053,348,Medium
2025-01-22,Vijayawada,9,2,1,2,1476,704,589,High
2025-01-30,Visakhapatnam,0,3,0,11,1185,677,439,Medium
2025-08-25,Hyderabad,18,0,1,11,1327,537,630,High
2025-02-25,Kurnool,11,1,1,10,507,355,204,Medium
2025-05-25,Tirupati,5,6,0,3,533,407,248,Low
2025-09-08,Guntur,14,0,0,8,1169,568,650,Medium
2025-08-31,Guntur,5,6,0,5,690,477,396,Medium
2025-08-01,Hyderabad,11,4,0,10,1325,913,457,Medium
2025-12-25,Warangal,12,3,0,12,1448,811,433,High
2025-03-14,Nizamabad,6,4,0,7,1267,721,754,Medium
2025-05-12,Kurnool,3,0,0,3,1451,773,596,Medium
2025-08-28,Guntur,2,3,0,12,1051,457,480,Medium
2025-11-06,Visakhapatnam,5,3,0,7,162,76,55,Low
2025-09-13,Vijayawada,6,5,0,10,558,438,140,Medium
2025-01-10,Visakhapatnam,11,4,0,2,1453,776,783,Medium
2025-10-17,Nizamabad,16,4,0,2,648,336,311,Low
2025-11-30,Nellore,16,6,0,6,595,304,220,Medium
2025-10-01,Visakhapatnam,18,2,1,14,1446,758,415,High
2025-05-23,Vijayawada,17,4,0,4,256,137,72,Low
2025-10-14,Warangal,20,1,1,13,583,294,184,High
2025-03-20,Nellore,2,3,0,5,1121,649,331,Medium
2025-01-26,Secunderabad,14,6,0,2,1466,1142,861,Medium
2025-01-21,Guntur,21,1,0,8,1417,762,597,High
2025-06-19,Visakhapatnam,1,3,0,8,1363,986,599,Medium
2025-01-04,Nellore,20,5,0,6,177,75,76,Medium
2025-04-28,Vijayawada,17,0,0,3,1461,1064,317,High
2025-11-12,Nizamabad,9,2,0,9,402,299,178,Medium
2025-04-07,Nizamabad,12,0,0,8,1431,949,361,Medium
2025-01-24,Tirupati,16,4,0,10,974,501,459,Medium
2025-06-05,Warangal,7,3,0,2,1378,841,333,Medium
2025-11-21,Visakhapatnam,21,4,0,12,119,94,61,Medium
2025-01-24,Tirupati,3,4,0,14,1166,660,551,Medium
2025-01-18,Tirupati,12,5,0,6,651,300,348,Medium
2025-11-24,Warangal,21,0,0,3,1399,566,445,High
2025-02-28,Secunderabad,13,4,0,13,829,412,217,Medium
2025-04-04,Secunderabad,5,4,0,4,989,785,399,Low
2025-05-14,Nizamabad,21,2,0,7,362,218,204,Medium
2025-07-17,Kurnool,21,3,0,9,1004,438,301,High
2025-06-01,Nellore,13,6,0,9,1039,636,598,Medium
2025-01-28,Nizamabad,8,1,0,13,421,227,93,Medium
2025-06-05,Guntur,22,3,1,8,1111,575,300,High
2025-10-21,Hyderabad,6,1,0,4,130,83,33,Low
2025-05-08,Kurnool,7,3,0,4,1012,646,492,Medium
2025-12-12,Kurnool,23,4,0,8,1284,937,765,Medium
2025-05-16,Warangal,5,4,1,3,963,709,216,Medium
2025-01-13,Nellore,9,0,0,5,499,347,274,Medium
2025-06-27,Secunderabad,11,4,0,12,694,327,387,Medium
2025-08-22,Warangal,20,4,0,6,745,469,371,Medium
2025-12-19,Visakhapatnam,3,4,0,2,1433,1030,318,Medium
2025-04-11,Guntur,13,4,0,5,925,545,186,Low
2025-05-05,Nellore,11,0,0,10,962,430,356,Medium
2025-07-19,Nellore,16,5,0,10,1479,1020,855,High
2025-08-31,Hyderabad,2,6,0,14,1032,573,571,High
2025-03-09,Nizamabad,7,6,0,13,909,553,201,High
2025-09-12,Guntur,11,4,1,14,465,231,94,Medium
2025-01-05,Nellore,21,6,1,5,498,208,201,High
2025-08-30,Hyderabad,16,5,0,3,1039,729,492,Medium
2025-04-02,Hyderabad,3,2,0,7,254,129,119,Low
2025-06-12,Warangal,17,3,0,5,943,381,393,Medium
2025-08-03,Hyderabad,14,6,0,6,1397,1040,714,Medium
2025-04-21,Secunderabad,5,0,0,2,102,72,33,Low
2025-10-24,Tirupati,3,4,1,12,638,371,348,Medium
2025-07-07,Nizamabad,9,0,0,8,212,144,93,Medium
2025-09-12,Warangal,3,4,0,14,317,184,65,Medium
2025-10-08,Tirupati,22,2,1,6,423,213,231,Medium
2025-07-19,Kurnool,10,5,0,13,612,372,268,High
2025-06-04,Hyderabad,11,2,0,9,576,418,151,Low
2025-02-16,Hyderabad,10,6,0,6,1089,553,230,High
2025-08-10,Nellore,15,6,0,7,882,451,316,Medium
2025-05-09,Nizamabad,15,4,0,6,748,483,430,Low
2025-03-19,Kurnool,22,2,0,12,280,147,142,Low
2025-09-27,Tirupati,7,5,0,2,336,200,94,Medium
2025-10-18,Nellore,11,5,0,2,1016,792,357,Medium
2025-08-30,Tirupati,17,5,0,4,209,163,114,Medium
2025-10-26,Nizamabad,10,6,0,7,939,698,469,High
2025-04-11,Warangal,16,4,0,11,1424,620,745,Medium
2025-11-15,Tirupati,8,5,0,14,1272,920,509,High
2025-01-26,Nizamabad,8,6,0,12,891,516,337,High
2025-06-23,Vijayawada,12,0,0,4,587,283,249,Low
2025-02-02,Secunderabad,14,6,0,5,1434,665,384,Medium
2025-09-08,Vijayawada,2,0,0,6,890,394,467,Low
2025-03-10,Visakhapatnam,15,0,0,8,623,408,328,Low
2025-10-31,Nellore,19,4,0,4,753,541,153,Medium
2025-09-28,Tirupati,9,6,0,7,582,288,176,Medium
2025-09-25,Nellore,2,3,0,2,1317,979,405,Medium
2025-07-27,Vijayawada,16,6,0,2,494,244,158,Low
2025-10-21,Hyderabad,18,1,0,2,928,445,496,Medium
2025-05-02,Guntur,5,4,0,5,1116,798,441,Medium
2025-02-24,Visakhapatnam,1,0,0,6,775,531,340,Low
2025-12-12,Warangal,20,4,0,2,905,581,253,Medium
2025-10-13,Guntur,8,0,0,9,180,76,99,Medium
2025-11-28,Warangal,5,4,0,6,223,169,73,Low
2025-06-06,Warangal,2,4,0,13,1313,646,562,Medium
2025-02-11,Tirupati,14,1,0,7,1233,702,696,Medium
2025-07-20,Vijayawada,18,6,0,14,743,317,381,High
2025-11-14,Hyderabad,23,4,0,14,1024,649,373,Medium
2025-02-16,Kurnool,16,6,0,6,1003,748,532,Medium
2025-08-25,Secunderabad,13,0,0,12,526,380,254,Medium
2025-09-12,Kurnool,2,4,0,5,1359,902,298,Medium
2025-04-27,Nizamabad,1,6,0,4,684,383,286,Medium
2025-04-02,Nellore,12,2,0,11,223,127,109,Low
2025-08-16,Hyderabad,23,5,0,14,1386,914,369,High
2025-07-25,Secunderabad,6,4,0,2,1282,776,673,Medium
2025-11-19,Tirupati,2,2,0,12,141,62,50,Low
2025-08-23,Nellore,12,5,0,2,922,520,301,Medium
2025-09-20,Guntur,1,5,0,14,616,262,132,Medium
2025-12-25,Secunderabad,5,3,0,11,616,478,256,Medium
2025-11-13,Hyderabad,1,3,0,11,935,640,210,Medium
2025-04-08,Warangal,11,1,0,12,578,418,176,Medium
2025-10-05,Kurnool,12,6,0,2,155,89,60,Low
2025-06-19,Nizamabad,16,3,0,8,1386,788,278,Medium
2025-12-31,Nizamabad,3,2,0,10,946,637,446,Medium
2025-01-13,Guntur,0,0,0,14,290,142,167,Medium
2025-07-04,Tirupati,5,4,0,10,433,288,125,Low
2025-12-04,Vijayawada,11,3,0,7,680,348,144,Low
2025-01-14,Nizamabad,23,1,0,4,748,330,150,Low
2025-05-21,Vijayawada,4,2,0,11,1203,485,526,Medium
2025-07-12,Hyderabad,1,5,0,4,249,178,91,Low
2025-09-28,Tirupati,3,6,0,3,965,705,249,Medium
2025-05-31,Nizamabad,2,5,0,3,933,508,399,Medium
2025-08-09,Kurnool,8,5,0,14,512,338,202,High
2025-01-16,Vijayawada,20,3,0,10,543,263,262,Medium
2025-10-11,Kurnool,15,5,0,12,892,562,231,Medium
2025-03-16,Nizamabad,11,6,1,2,226,180,46,Medium
2025-10-17,Guntur,18,4,0,14,523,229,117,High
2025-09-21,Nizamabad,11,6,0,4,344,140,185,Low
2025-09-19,Nellore,15,4,0,11,733,493,273,Medium
2025-12-05,Visakhapatnam,23,4,0,10,934,428,231,Medium
2025-02-11,Hyderabad,7,1,0,14,315,224,116,Medium
2025-04-21,Kurnool,20,0,0,10,1350,949,289,High
2025-05-03,Guntur,12,5,0,14,1392,1069,476,High
2025-01-21,Nizamabad,1,1,0,13,572,330,308,Medium
2025-04-02,Nellore,16,2,0,9,277,221,130,Low
2025-02-02,Visakhapatnam,9,6,0,3,1238,612,727,High
2025-11-15,Nizamabad,6,5,0,7,510,280,183,Medium
2025-10-11,Vijayawada,3,5,0,7,1280,622,329,Medium
2025-12-14,Hyderabad,19,6,0,4,234,131,60,Medium
2025-01-19,Warangal,9,6,0,6,1103,745,324,High
2025-04-17,Warangal,7,3,0,3,930,381,497,Medium
2025-11-09,Nellore,14,6,0,7,115,76,60,Low
2025-06-26,Nellore,9,3,1,3,174,99,87,Medium
2025-12-12,Visakhapatnam,13,4,0,2,692,295,244,Low
2025-08-10,Hyderabad,5,6,0,8,1169,537,597,Medium
2025-07-10,Vijayawada,17,3,0,5,635,329,299,Medium
2025-05-08,Guntur,1,3,0,7,1246,545,315,Medium
2025-03-07,Nellore,12,4,0,4,1285,868,261,Medium
2025-02-10,Tirupati,13,0,0,9,984,655,198,Medium
2025-12-01,Tirupati,13,0,0,4,1325,591,602,Medium
2025-08-16,Kurnool,12,5,0,14,921,475,525,High
2025-04-11,Kurnool,10,4,0,7,1342,763,608,High
2025-12-12,Warangal,20,4,1,14,1304,715,480,High
2025-04-08,Kurnool,22,1,1,4,1457,1000,693,High
2025-02-20,Nellore,5,3,0,14,1054,635,508,Medium
2025-04-29,Secunderabad,3,1,0,2,720,458,336,Low
2025-11-06,Nellore,11,3,0,12,785,626,326,Medium
2025-07-05,Tirupati,1,5,0,2,1272,799,630,Medium
2025-01-25,Kurnool,18,5,1,14,314,180,138,High
2025-06-12,Warangal,2,3,0,7,529,422,308,Low
2025-09-04,Secunderabad,0,3,0,3,1407,637,761,Medium
2025-11-04,Guntur,8,1,0,7,345,169,96,Medium
2025-10-17,Guntur,7,4,0,3,798,548,384,Medium
2025-12-12,Warangal,15,4,1,4,539,412,257,Medium
2025-04-13,Vijayawada,21,6,0,8,1446,595,451,High
2025-08-28,Warangal,14,3,0,2,362,170,87,Low
2025-07-28,Secunderabad,22,0,0,8,1279,619,476,Medium
2025-10-09,Visakhapatnam,20,3,0,5,907,605,407,Medium
2025-12-23,Nizamabad,22,1,0,8,234,137,107,Low
2025-10-17,Nizamabad,23,4,0,12,112,46,31,Low
2025-11-16,Guntur,21,6,0,6,332,143,79,Medium
2025-10-27,Tirupati,4,0,0,8,966,667,412,Medium
2025-11-17,Nizamabad,12,0,1,13,1467,620,727,High
2025-03-17,Visakhapatnam,4,0,0,7,966,641,213,Medium
2025-04-23,Kurnool,8,2,0,13,522,411,289,Medium
2025-07-13,Nizamabad,11,6,1,8,669,273,185,High
2025-04-14,Hyderabad,5,0,0,8,484,343,143,Low
2025-05-29,Warangal,7,3,0,3,149,71,35,Low
2025-08-04,Guntur,18,0,0,4,316,138,72,Medium
2025-02-06,Tirupati,11,3,0,5,750,354,188,Low
2025-06-07,Nizamabad,13,5,0,6,1322,889,365,Medium
2025-02-14,Visakhapatnam,14,4,0,4,572,451,258,Low
2025-07-23,Visakhapatnam,1,2,0,8,550,311,213,Low
2025-10-25,Vijayawada,17,5,0,10,459,226,254,High
2025-01-18,Vijayawada,8,5,0,4,242,187,124,Medium
2025-04-19,Vijayawada,3,5,0,14,1434,806,788,High
2025-09-22,Vijayawada,9,0,0,6,229,116,90,Low
2025-09-24,Warangal,6,2,0,3,215,151,87,Low
2025-09-04,Nellore,18,3,0,9,1225,815,733,High
2025-12-26,Tirupati,18,4,0,11,1447,1037,862,High
2025-07-28,Hyderabad,3,0,0,3,1368,695,359,Medium
2025-10-23,Kurnool,9,3,0,14,1056,836,504,High
2025-08-07,Nellore,6,3,0,8,1452,1048,300,Medium
2025-06-09,Warangal,1,0,0,5,1435,757,524,Medium
2025-03-11,Vijayawada,7,1,0,11,512,371,156,Medium
2025-11-12,Visakhapatnam,3,2,0,2,1289,989,496,Medium
2025-03-11,Nellore,14,1,0,2,1046,444,505,Low
2025-10-06,Visakhapatnam,16,0,1,12,935,434,373,High
2025-02-11,Guntur,15,1,0,2,1290,884,537,Medium
2025-05-29,Nellore,16,3,0,5,608,359,154,Low
2025-04-04,Hyderabad,5,4,0,14,1140,876,407,Medium
2025-06-25,Hyderabad,3,2,0,12,1433,623,407,Medium
2025-08-23,Guntur,23,5,0,10,577,301,269,Medium
2025-03-03,Tirupati,12,0,1,3,541,301,160,Medium
2025-10-13,Hyderabad,9,0,0,11,874,686,509,Medium
2025-12-18,Guntur,11,3,0,13,1075,708,380,Medium
2025-06-03,Warangal,19,1,0,10,388,167,136,Medium
2025-03-18,Tirupati,6,1,1,7,722,350,292,Medium
2025-08-08,Nellore,18,4,0,13,957,742,431,High
2025-08-08,Guntur,6,4,0,12,906,550,281,Medium
2025-10-31,Nizamabad,18,4,0,8,541,309,156,Medium
2025-10-24,Kurnool,16,4,0,6,471,334,185,Low
2025-01-12,Kurnool,10,6,0,5,197,115,78,Medium
2025-10-10,Kurnool,6,4,0,11,1022,715,493,Medium
2025-07-11,Kurnool,13,4,0,13,574,359,340,Medium
2025-03-06,Secunderabad,11,3,0,8,1430,724,403,Medium
2025-11-15,Warangal,10,5,0,7,559,250,185,Medium
2025-11-15,Kurnool,6,5,0,12,1447,1015,440,High
2025-06-19,Tirupati,23,3,0,8,472,350,147,Low
2025-07-08,Hyderabad,11,1,0,14,1314,859,718,High
2025-10-30,Hyderabad,19,3,1,11,1240,972,370,High
2025-01-02,Hyderabad,18,3,0,6,162,74,37,Medium
2025-06-20,Warangal,11,4,0,9,196,124,78,Low
2025-02-08,Tirupati,3,5,1,3,546,411,120,Medium
2025-12-26,Nellore,16,4,0,14,336,210,150,Medium
2025-08-20,Vijayawada,14,2,0,2,618,265,311,Low
2025-09-14,Visakhapatnam,21,6,0,12,1303,1018,773,High
2025-03-30,Vijayawada,13,6,0,6,423,205,90,Low
2025-03-20,Visakhapatnam,4,3,0,8,697,363,197,Low
2025-03-31,Tirupati,15,0,0,9,840,628,264,Medium
2025-04-08,Vijayawada,1,1,0,9,845,440,473,Medium
2025-02-24,Guntur,11,0,0,8,873,487,253,Medium
2025-03-01,Warangal,17,5,0,6,531,313,253,Medium
2025-12-29,Nizamabad,21,0,0,12,488,250,166,Medium
2025-04-03,Secunderabad,6,3,1,11,962,440,383,High
2025-09-19,Warangal,5,4,1,2,1291,827,746,Medium
2025-07-28,Visakhapatnam,22,0,0,14,930,649,338,Medium
2025-03-21,Warangal,9,4,0,5,577,289,121,Medium
2025-03-24,Visakhapatnam,22,0,0,11,317,144,187,Low
2025-06-26,Visakhapatnam,6,3,0,6,482,202,245,Low
2025-06-03,Secunderabad,9,1,0,12,877,597,255,High
2025-07-27,Secunderabad,6,6,0,12,1328,708,521,High
2025-11-16,Hyderabad,9,6,0,6,309,127,139,Medium
2025-02-28,Secunderabad,1,4,0,9,1289,622,349,Medium
2025-06-13,Hyderabad,21,4,0,10,113,67,60,Medium
2025-01-16,Nellore,9,3,0,6,1493,910,306,High
2025-03-30,Hyderabad,11,6,0,8,654,306,194,Medium
2025-12-26,Guntur,12,4,0,13,1309,905,439,Medium
2025-11-20,Hyderabad,13,3,0,4,1474,905,676,Medium
2025-01-15,Vijayawada,4,2,0,3,1334,702,495,Medium
2025-10-28,Vijayawada,2,1,1,6,1478,808,826,High
2025-03-20,Warangal,8,3,0,11,1472,1002,671,High
2025-04-09,Nellore,0,2,0,8,1388,818,304,Medium
2025-09-11,Hyderabad,9,3,0,8,894,538,368,Medium
2025-10-13,Nellore,5,0,0,4,1104,586,487,Medium
2025-04-13,Tirupati,6,6,0,3,1017,665,390,Medium
2025-05-02,Visakhapatnam,18,4,0,5,1322,889,379,High
2025-06-06,Guntur,18,4,0,4,1223,503,542,Medium
2025-10-26,Kurnool,7,6,1,4,156,97,79,Medium
2025-12-26,Visakhapatnam,5,4,0,8,1212,899,342,Medium
2025-04-19,Visakhapatnam,17,5,0,14,1013,435,524,High
2025-03-10,Tirupati,9,0,1,8,1481,965,453,High
2025-02-13,Visakhapatnam,18,3,0,8,438,347,148,Medium
2025-05-23,Secunderabad,10,4,0,2,831,356,384,Medium
2025-11-24,Secunderabad,3,0,0,7,118,64,41,Low
2025-03-25,Vijayawada,18,1,0,10,1048,627,373,High
2025-03-16,Visakhapatnam,22,6,0,4,164,128,77,Low
2025-06-11,Secunderabad,4,2,0,9,1423,751,739,Medium
2025-08-25,Warangal,1,0,0,5,135,63,54,Low
2025-11-22,Nizamabad,17,5,0,14,1462,619,538,High
2025-02-23,Visakhapatnam,6,6,0,7,342,139,80,Low
2025-12-31,Visakhapatnam,21,2,0,3,1351,588,610,Medium
2025-09-26,Hyderabad,14,4,0,9,982,418,214,Medium
2025-12-25,Nellore,19,3,0,3,372,212,172,Medium
2025-08-15,Hyderabad,4,4,0,14,1407,759,739,High
2025-07-28,Hyderabad,3,0,0,4,511,263,221,Low
2025-08-27,Kurnool,23,2,0,3,532,291,153,Low
2025-01-13,Hyderabad,23,0,0,10,1397,1025,491,Medium
2025-02-06,Guntur,8,3,0,13,619,253,302,Medium
2025-10-20,Vijayawada,0,0,0,11,211,161,97,Low
2025-08-31,Vijayawada,2,6,1,9,1010,416,395,High
2025-11-09,Vijayawada,19,6,1,9,1171,773,614,High
2025-05-22,Guntur,4,3,0,8,743,507,337,Low
2025-10-24,Nellore,19,4,0,4,1481,888,656,High
2025-11-12,Kurnool,15,2,0,6,1231,514,546,Medium
2025-05-23,Nellore,9,4,1,12,1014,676,236,High
2025-09-29,Kurnool,5,0,0,5,1435,1101,495,Medium
2025-11-18,Tirupati,23,1,0,6,701,386,248,Low
2025-03-25,Nizamabad,17,1,0,13,857,529,386,High
2025-10-03,Hyderabad,22,4,0,13,467,222,277,Medium
2025-06-19,Nellore,3,3,0,8,919,586,372,Medium
2025-07-21,Nizamabad,12,0,0,5,433,289,201,Low
2025-01-23,Warangal,6,3,0,4,576,402,334,Low
2025-11-03,Vijayawada,23,0,0,11,1279,932,543,Medium
2025-02-25,Vijayawada,11,1,0,8,404,250,151,Low
2025-01-23,Kurnool,15,3,0,13,898,675,387,Medium
2025-09-24,Nellore,22,2,0,6,994,629,515,Medium
2025-05-26,Visakhapatnam,21,0,0,10,245,132,56,Medium
2025-10-13,Hyderabad,12,0,0,3,364,199,146,Low
2025-02-22,Nizamabad,13,5,0,11,1167,560,467,High
2025-09-17,Kurnool,11,2,0,2,118,83,39,Low
2025-06-03,Vijayawada,22,1,1,13,1432,1044,316,High
2025-08-30,Secunderabad,16,5,0,12,996,788,224,Medium
2025-01-28,Tirupati,22,1,1,4,1352,1054,381,Medium
2025-07-13,Nellore,1,6,0,7,108,78,46,Low
2025-09-04,Warangal,4,3,0,10,472,195,179,Low
2025-05-01,Visakhapatnam,15,3,0,9,1005,698,332,Medium
2025-06-21,Warangal,0,5,0,3,1081,503,631,Medium
2025-05-28,Tirupati,23,2,0,10,372,260,78,Low
2025-12-30,Guntur,12,1,0,10,1449,1022,812,Medium
2025-08-04,Hyderabad,14,0,0,4,751,448,408,Low
2025-03-18,Hyderabad,2,1,0,14,409,304,100,Medium
2025-08-03,Tirupati,6,6,0,3,1140,519,446,Medium
2025-02-05,Kurnool,21,2,1,7,1227,857,348,High
2025-06-15,Visakhapatnam,6,6,0,9,1034,773,316,Medium
2025-01-10,Nizamabad,5,4,0,3,944,714,356,Low
2025-01-16,Guntur,2,3,1,9,399,179,117,Medium
2025-05-15,Kurnool,14,3,0,5,459,236,197,Low
2025-07-11,Secunderabad,17,4,0,3,1422,759,739,High
2025-05-26,Visakhapatnam,17,0,0,10,1346,674,282,High
2025-09-08,Nizamabad,5,0,0,8,1102,601,298,Medium
2025-05-23,Kurnool,1,4,0,5,1023,755,570,Medium
2025-12-17,Guntur,1,2,0,6,334,156,173,Low
2025-09-06,Nellore,23,5,1,14,400,248,110,High
2025-11-10,Hyderabad,12,0,0,12,1141,680,662,Medium
2025-11-16,Hyderabad,8,6,0,3,1418,792,823,High
2025-08-09,Visakhapatnam,23,5,0,8,1404,620,402,High
2025-07-06,Tirupati,2,6,1,6,798,634,320,Medium
2025-07-31,Visakhapatnam,13,3,0,5,418,209,101,Low
2025-11-15,Guntur,14,5,0,12,536,278,149,Medium
2025-10-22,Nizamabad,13,2,0,14,1003,767,400,Medium
2025-06-27,Hyderabad,0,4,0,9,1028,460,356,Medium
2025-09-03,Warangal,21,2,0,4,660,290,161,Medium
2025-12-02,Nizamabad,20,1,0,7,467,294,135,Medium
2025-03-23,Hyderabad,9,6,1,11,126,65,47,High
2025-09-15,Vijayawada,8,0,0,3,678,327,291,Medium
2025-02-28,Hyderabad,18,4,1,3,1063,747,508,High
2025-01-11,Vijayawada,13,5,0,11,692,378,346,Medium
2025-12-22,Tirupati,4,0,1,5,840,645,404,Medium
2025-07-17,Vijayawada,12,3,0,8,1167,591,573,Medium
2025-03-13,Secunderabad,1,3,1,5,645,290,222,Medium
2025-09-08,Tirupati,3,0,0,2,433,287,163,Low
2025-12-04,Guntur,10,3,0,11,993,543,278,High
2025-01-28,Tirupati,7,1,0,13,648,320,197,Medium
2025-09-20,Kurnool,10,5,0,6,1230,616,628,High
2025-10-03,Hyderabad,13,4,0,6,1458,830,716,Medium
2025-11-07,Tirupati,4,4,0,12,101,42,20,Low
2025-08-26,Kurnool,20,1,0,4,642,370,327,Medium
2025-02-23,Vijayawada,13,6,0,14,387,286,185,Medium
2025-09-22,Hyderabad,22,0,1,12,1174,799,660,High
2025-07-25,Kurnool,6,4,0,4,410,220,235,Low
2025-03-16,Secunderabad,4,6,0,2,170,130,58,Low
2025-01-06,Vijayawada,19,0,0,12,1458,599,368,High
2025-05-20,Nizamabad,12,1,0,5,519,291,255,Low
2025-02-16,Visakhapatnam,9,6,0,7,1074,654,412,High
2025-04-08,Guntur,14,1,0,11,1290,966,393,Medium
2025-03-27,Hyderabad,1,3,0,5,1433,1039,750,Medium
2025-11-25,Warangal,1,1,1,2,437,192,178,Low
2025-05-27,Nellore,19,1,0,8,1372,652,564,High
2025-01-15,Kurnool,4,2,0,5,429,204,255,Low
2025-10-22,Kurnool,19,2,0,14,749,424,194,High
2025-07-21,Vijayawada,18,0,0,5,1165,823,378,Medium
2025-11-18,Nizamabad,20,1,0,10,468,227,133,Medium
2025-02-21,Vijayawada,1,4,0,12,1004,432,230,Medium
2025-12-25,Secunderabad,1,3,0,12,1195,590,642,Medium
2025-06-22,Kurnool,6,6,0,8,653,263,280,Medium
2025-12-22,Nizamabad,15,0,0,12,579,456,345,Medium
2025-08-30,Hyderabad,20,5,1,12,592,460,136,High
2025-12-26,Tirupati,2,4,0,12,1053,625,466,Medium
2025-04-01,Hyderabad,21,1,0,3,208,100,117,Low
2025-09-03,Secunderabad,3,2,0,9,1490,796,610,Medium
2025-11-20,Tirupati,5,3,0,5,894,545,259,Low
2025-03-20,Nizamabad,10,3,0,6,1020,512,324,Medium
2025-01-06,Kurnool,9,0,0,8,905,667,437,Medium
2025-10-10,Hyderabad,20,4,0,6,817,340,420,Medium
2025-04-10,Warangal,8,3,0,8,1289,530,356,High
2025-03-16,Visakhapatnam,7,6,0,4,1158,903,477,High
2025-02-25,Visakhapatnam,22,1,0,13,292,137,101,Low
2025-01-06,Tirupati,17,0,0,5,1181,865,524,Medium
2025-01-29,Visakhapatnam,1,2,0,4,336,248,116,Low
2025-11-21,Guntur,16,4,1,3,1343,867,450,Medium
2025-08-05,Vijayawada,10,1,0,13,1040,686,516,High
2025-09-17,Vijayawada,4,2,0,14,161,65,82,Low
2025-12-17,Vijayawada,7,2,0,12,691,436,155,Medium
2025-07-26,Visakhapatnam,6,5,0,3,1199,922,359,Medium
2025-01-19,Vijayawada,11,6,1,10,661,401,362,High
2025-04-28,Guntur,1,0,1,2,1140,701,487,Medium
2025-04-27,Secunderabad,9,6,0,13,740,485,201,High
2025-05-25,Hyderabad,19,6,0,8,1392,834,604,High
2025-07-24,Nizamabad,9,3,1,4,425,280,200,Medium
2025-12-02,Kurnool,0,1,0,13,455,187,144,Medium
2025-06-02,Secunderabad,10,0,0,7,435,332,139,Medium
2025-08-07,Visakhapatnam,21,3,0,6,1161,489,556,High
2025-06-30,Tirupati,10,0,0,2,483,302,259,Low
2025-06-20,Visakhapatnam,0,4,0,14,1082,457,323,Medium
2025-05-16,Warangal,13,4,1,5,585,451,244,Medium
2025-10-26,Nellore,4,6,0,14,249,110,127,Medium
2025-06-20,Guntur,13,4,0,13,1127,633,263,Medium
2025-12-13,Visakhapatnam,13,5,0,13,1278,636,319,High
2025-08-30,Hyderabad,5,5,0,10,864,400,283,Medium
2025-12-07,Tirupati,1,6,0,12,672,381,230,Medium
2025-11-14,Tirupati,22,4,0,2,319,251,130,Low
2025-07-24,Warangal,22,3,0,2,1104,580,247,Low
2025-08-22,Hyderabad,23,4,0,8,1247,989,343,Medium
2025-06-05,Vijayawada,1,3,0,9,1205,687,259,Medium
2025-04-19,Kurnool,8,5,0,9,1187,936,273,High
2025-03-10,Hyderabad,3,0,0,5,1362,592,583,Medium
2025-04-19,Nizamabad,1,5,0,10,819,593,382,Medium
2025-09-28,Guntur,0,6,0,11,538,294,293,Medium
2025-10-24,Nizamabad,12,4,0,13,483,325,222,Medium
2025-06-05,Hyderabad,0,3,1,2,168,72,90,Low
2025-11-27,Guntur,11,3,0,10,763,312,295,Medium
2025-07-09,Kurnool,7,2,0,12,1424,630,445,High
2025-07-30,Tirupati,22,2,1,9,312,152,156,Medium
2025-02-11,Kurnool,3,1,1,5,785,435,351,Medium
2025-03-21,Vijayawada,20,4,0,6,265,109,110,Medium
2025-07-09,Nellore,3,2,0,14,476,287,227,Medium
2025-05-18,Secunderabad,2,6,1,14,569,385,316,High
2025-02-23,Warangal,10,6,0,6,210,100,53,Medium
2025-07-11,Kurnool,7,4,0,3,1352,927,670,Medium
2025-10-07,Visakhapatnam,13,1,0,11,1246,573,296,Medium
2025-09-16,Guntur,2,1,1,6,177,101,45,Low
2025-03-07,Tirupati,11,4,0,5,1283,807,704,Medium
2025-08-27,Visakhapatnam,3,2,0,10,1273,978,473,Medium
2025-07-04,Nellore,16,4,0,11,419,286,155,Low
2025-10-03,Nizamabad,12,4,0,13,1134,901,528,Medium
2025-06-07,Warangal,7,5,0,7,848,655,442,High
2025-04-30,Secunderabad,17,2,0,2,738,575,192,Medium
2025-04-12,Guntur,8,5,0,9,825,588,182,High
2025-12-15,Vijayawada,11,0,0,9,1011,434,512,Medium
2025-03-31,Nellore,19,0,0,3,144,66,71,Low
2025-07-12,Tirupati,14,5,0,4,100,62,42,Low
2025-01-30,Secunderabad,4,3,0,6,899,686,370,Low
2025-11-03,Visakhapatnam,14,0,0,5,879,652,454,Low
2025-02-14,Secunderabad,5,4,0,6,1160,816,433,Medium
2025-07-21,Warangal,1,0,0,11,1463,738,445,Medium
2025-12-24,Secunderabad,4,2,0,3,1035,819,602,Low
2025-10-06,Visakhapatnam,22,0,0,14,1284,683,417,High
2025-04-15,Nizamabad,8,1,0,14,468,216,117,Medium
2025-02-09,Warangal,5,6,0,7,1202,688,456,Medium
2025-04-29,Vijayawada,13,1,1,3,393,237,204,Low
2025-08-03,Kurnool,22,6,1,10,547,400,280,High
2025-03-04,Vijayawada,10,1,0,6,528,335,172,Medium
2025-10-16,Vijayawada,7,3,0,14,1156,785,677,High
2025-02-03,Vijayawada,9,0,0,12,104,56,59,Medium
2025-06-03,Warangal,6,1,0,2,1452,976,314,Medium
2025-06-08,Secunderabad,19,6,0,10,1378,887,725,High
2025-01-02,Visakhapatnam,1,3,0,7,1191,695,279,Medium
2025-02-01,Nizamabad,20,5,0,4,1265,606,341,High
2025-12-07,Nizamabad,4,6,1,5,1427,727,358,High
2025-07-16,Tirupati,13,2,0,2,522,361,161,Low
2025-06-24,Vijayawada,12,1,0,2,421,201,200,Low
2025-06-24,Kurnool,1,1,0,5,1383,797,361,Medium
2025-05-04,Nellore,18,6,0,8,1461,937,501,High
2025-05-05,Kurnool,9,0,0,6,680,382,167,Medium
2025-08-12,Nizamabad,23,1,0,11,832,446,300,Medium
2025-07-15,Hyderabad,7,1,1,5,1057,805,573,High
2025-04-22,Nizamabad,6,1,1,4,903,638,276,Medium
2025-07-31,Hyderabad,9,3,0,13,1374,839,532,High
2025-07-03,Vijayawada,21,3,0,4,429,201,246,Medium
2025-05-02,Nellore,16,4,0,7,277,144,96,Low
2025-03-19,Visakhapatnam,2,2,0,10,1076,502,454,Medium
2025-08-21,Nellore,23,3,0,2,1120,730,463,Low
2025-01-30,Tirupati,4,3,0,5,1425,941,509,Medium
2025-05-07,Kurnool,18,2,0,9,123,96,61,Medium
2025-04-22,Secunderabad,5,1,0,12,283,173,94,Low
2025-01-29,Nizamabad,11,2,0,12,1316,867,426,Medium
2025-08-21,Kurnool,6,3,0,10,933,497,266,Medium
2025-01-09,Nellore,6,3,0,14,147,106,32,Low
2025-11-14,Kurnool,3,4,0,2,1127,851,471,Low
2025-04-25,Nizamabad,23,4,0,9,660,395,141,Low
2025-12-25,Kurnool,3,3,0,14,123,95,59,Low
2025-03-19,Visakhapatnam,6,2,0,10,519,311,232,Low
2025-05-27,Warangal,10,1,0,13,788,343,245,High
2025-09-18,Nizamabad,18,3,0,2,629,424,361,Medium
2025-09-14,Secunderabad,19,6,0,14,994,550,461,High
2025-05-02,Hyderabad,20,4,0,5,928,465,332,Medium
2025-12-20,Nizamabad,14,5,0,7,232,132,76,Low
2025-05-13,Nizamabad,1,1,0,11,1427,682,834,Medium
2025-10-10,Warangal,19,4,0,8,1285,742,483,High
2025-01-31,Visakhapatnam,19,4,0,3,376,265,209,Medium
2025-04-18,Nellore,18,4,1,4,487,377,290,Medium
2025-05-08,Secunderabad,11,3,0,11,544,317,168,Medium
2025-01-13,Vijayawada,13,0,0,8,207,127,112,Low
2025-07-30,Kurnool,12,2,0,7,145,86,73,Low
2025-01-21,Guntur,22,1,0,5,115,76,62,Low
2025-02-18,Nellore,15,1,0,9,1094,847,385,Medium
2025-11-20,Kurnool,8,3,0,13,1045,549,550,High
2025-06-16,Warangal,13,0,0,8,505,217,238,Low
2025-04-26,Kurnool,8,5,1,7,187,148,101,High
2025-01-14,Nizamabad,12,1,0,9,778,510,334,Medium
2025-09-25,Nellore,22,3,0,4,468,274,116,Low
2025-02-04,Kurnool,12,1,0,9,494,343,287,Low
2025-04-17,Secunderabad,15,3,0,9,122,51,48,Low
2025-05-31,Visakhapatnam,5,5,0,13,1469,1102,577,High
2025-07-16,Kurnool,3,2,0,12,640,477,178,Medium
2025-08-22,Tirupati,9,4,0,11,1044,709,449,High
2025-10-14,Visakhapatnam,7,1,0,4,624,462,154,Medium
2025-06-26,Warangal,14,3,0,7,176,95,46,Low
2025-10-20,Nizamabad,12,0,1,10,483,280,123,Medium
2025-10-27,Visakhapatnam,23,0,0,8,610,297,328,Low
2025-02-02,Secunderabad,20,6,0,12,1363,842,642,High
2025-10-23,Guntur,9,3,0,7,940,540,289,Medium
2025-05-25,Hyderabad,14,6,0,7,977,392,226,Medium
2025-05-30,Nellore,14,4,0,5,1311,998,634,Medium
2025-01-31,Tirupati,23,4,0,14,341,139,148,Medium
2025-07-16,Hyderabad,2,2,0,14,322,164,174,Medium
2025-08-29,Visakhapatnam,15,4,0,6,1439,894,813,Medium
2025-02-15,Tirupati,21,5,0,3,190,126,82,Medium
2025-08-14,Kurnool,13,3,0,8,1424,1010,389,Medium
2025-11-17,Hyderabad,7,0,0,9,620,434,184,Medium
2025-06-21,Nizamabad,5,5,1,9,739,412,435,High
2025-08-24,Secunderabad,11,6,0,5,107,69,25,Low
2025-09-30,Nizamabad,9,1,0,2,686,354,398,Medium
2025-02-10,Visakhapatnam,8,0,0,2,511,321,205,Low
2025-12-05,Hyderabad,2,4,0,4,604,339,336,Low
2025-05-16,Warangal,14,4,0,12,1072,549,233,Medium
2025-07-03,Warangal,10,3,0,7,1020,525,337,Medium
2025-03-21,Nizamabad,20,4,0,11,111,63,57,Medium
2025-06-01,Secunderabad,9,6,0,10,1136,734,250,High
2025-01-22,Secunderabad,19,2,0,13,288,135,77,Medium
2025-01-23,Visakhapatnam,18,3,0,2,610,261,234,Medium
2025-11-02,Warangal,0,6,0,8,359,275,73,Low
2025-11-08,Warangal,20,5,0,11,1484,610,665,High
2025-12-21,Secunderabad,8,6,0,6,477,259,247,Medium
2025-11-15,Tirupati,18,5,0,2,295,215,68,Medium
2025-07-20,Nellore,18,6,1,8,921,478,365,High
2025-10-27,Tirupati,18,0,0,2,575,438,147,Medium
2025-07-02,Visakhapatnam,20,2,0,7,841,499,403,Medium
2025-09-07,Nizamabad,23,6,0,14,1135,540,607,High
2025-06-09,Vijayawada,19,0,0,11,1082,713,509,High
2025-10-03,Visakhapatnam,0,4,0,3,882,411,300,Low
2025-05-08,Kurnool,0,3,0,10,683,409,260,Medium
2025-04-26,Hyderabad,16,5,0,13,761,330,418,Medium
2025-08-14,Secunderabad,14,3,0,8,1420,840,475,Medium
2025-06-20,Secunderabad,8,4,0,7,908,416,408,Medium
2025-06-19,Secunderabad,3,3,0,12,178,76,76,Low
2025-08-13,Hyderabad,1,2,0,7,852,573,372,Medium
2025-09-17,Warangal,18,2,0,11,543,279,242,Medium
2025-11-29,Vijayawada,21,5,0,11,540,244,263,High
2025-01-28,Hyderabad,14,1,0,6,152,81,35,Low
2025-11-18,Secunderabad,4,1,0,6,726,347,357,Low
2025-11-05,Secunderabad,4,2,0,13,856,390,402,Medium
2025-07-24,Tirupati,16,3,0,2,494,353,146,Low
2025-01-22,Tirupati,15,2,0,5,688,512,335,Low
2025-03-04,Guntur,10,1,0,5,573,407,258,Medium
2025-12-28,Kurnool,4,6,0,4,535,397,157,Low
2025-01-10,Hyderabad,19,4,0,13,537,370,209,Medium
2025-06-13,Vijayawada,16,4,1,2,565,263,220,Medium
2025-06-25,Hyderabad,22,2,0,11,968,476,487,Medium
2025-04-16,Nizamabad,0,2,0,7,208,140,53,Low
2025-06-19,Vijayawada,0,3,0,10,1411,853,708,Medium
2025-11-29,Secunderabad,20,5,1,5,1166,623,559,High
2025-10-02,Warangal,7,3,1,7,1386,981,358,High
2025-08-21,Nizamabad,17,3,0,9,468,209,224,Medium
2025-02-04,Hyderabad,2,1,0,5,1367,628,323,Medium
2025-06-15,Kurnool,4,6,0,13,575,276,260,Medium
2025-04-27,Visakhapatnam,19,6,0,11,1287,754,744,High
2025-12-13,Hyderabad,22,5,0,7,989,484,275,Medium
2025-05-31,Guntur,0,5,0,3,187,130,61,Low
2025-02-13,Visakhapatnam,19,3,0,10,170,120,99,Medium
2025-12-05,Warangal,22,4,0,2,1360,640,323,Medium
2025-02-12,Hyderabad,1,2,0,2,1277,595,563,Medium
2025-06-17,Vijayawada,3,1,0,3,128,63,73,Low
2025-04-01,Guntur,16,1,0,8,708,458,418,Low
2025-10-31,Vijayawada,21,4,0,2,1450,683,605,High
2025-12-10,Nellore,10,2,0,13,526,383,204,Medium
2025-07-03,Vijayawada,16,3,1,3,838,419,395,Medium
2025-10-04,Tirupati,1,5,0,11,575,305,151,Medium
2025-04-26,Guntur,7,5,0,13,1022,563,397,High
2025-07-21,Kurnool,23,0,0,10,540,375,312,Low
2025-07-24,Nizamabad,15,3,0,14,893,479,518,Medium
2025-11-18,Hyderabad,12,1,0,14,198,150,60,Low
2025-11-16,Visakhapatnam,10,6,0,2,1233,560,419,Medium
2025-01-20,Vijayawada,9,0,0,7,489,318,143,Medium
2025-12-31,Hyderabad,7,2,0,4,1421,1057,324,Medium
2025-11-28,Secunderabad,15,4,0,4,975,512,545,Low
2025-10-05,Visakhapatnam,8,6,0,9,1213,542,702,High
2025-08-10,Guntur,15,6,0,13,653,295,199,Medium
2025-05-03,Guntur,20,5,0,13,1162,630,615,High
2025-10-17,Secunderabad,1,4,0,13,195,114,109,Low
2025-06-13,Secunderabad,11,4,0,8,932,673,189,Medium
2025-07-30,Visakhapatnam,15,2,0,6,1326,1004,453,Medium
2025-01-06,Vijayawada,8,0,0,11,725,309,191,Medium
2025-06-13,Vijayawada,18,4,0,5,117,82,50,Low
2025-01-25,Warangal,9,5,0,14,624,314,191,High
2025-01-20,Visakhapatnam,23,0,1,4,162,120,37,Low
2025-05-27,Nellore,13,1,0,3,455,305,135,Low
2025-07-09,Vijayawada,22,2,0,6,702,303,420,Low
2025-06-10,Vijayawada,20,1,0,3,945,638,504,Medium
2025-08-08,Nizamabad,13,4,0,9,1113,704,228,Medium
2025-09-25,Vijayawada,20,3,0,7,742,546,249,Medium
2025-03-15,Vijayawada,9,5,0,7,292,167,128,Medium
2025-01-05,Tirupati,23,6,0,11,539,362,218,Medium
2025-12-11,Vijayawada,12,3,0,10,866,689,402,Medium
2025-10-14,Tirupati,8,1,0,3,417,303,137,Low
2025-07-08,Warangal,2,1,0,3,280,147,73,Low
2025-10-17,Nizamabad,21,4,0,9,1241,517,670,High
2025-06-18,Secunderabad,22,2,0,7,219,109,95,Low
2025-01-16,Secunderabad,15,3,0,6,612,333,184,Low
2025-10-27,Guntur,6,0,0,5,769,517,157,Low
2025-05-19,Tirupati,4,0,0,4,994,710,228,Low
2025-07-12,Nizamabad,21,5,0,3,1246,573,729,High
2025-01-01,Warangal,6,2,0,14,940,541,527,Medium
2025-05-25,Warangal,18,6,0,12,1105,811,601,High
2025-03-14,Tirupati,10,4,0,2,656,426,267,Medium
2025-06-28,Vijayawada,8,5,0,13,829,374,399,High
2025-08-17,Vijayawada,15,6,0,5,657,497,177,Medium
2025-06-25,Secunderabad,7,2,0,2,369,219,114,Low
2025-01-02,Nellore,1,3,1,10,900,715,275,High
2025-06-13,Hyderabad,16,4,0,9,1111,517,480,Medium
2025-11-16,Tirupati,7,6,0,14,954,508,448,High
2025-10-04,Nizamabad,10,5,0,6,1252,555,710,High
2025-01-01,Vijayawada,2,2,0,10,643,417,375,Medium
2025-06-08,Secunderabad,13,6,0,9,1147,558,425,Medium
2025-08-06,Guntur,15,2,0,4,664,357,135,Low
2025-07-25,Nizamabad,17,4,0,5,1316,972,513,High
2025-01-25,Visakhapatnam,19,5,0,10,225,136,98,Medium
2025-02-11,Nellore,15,1,0,2,1466,716,525,Medium
2025-12-31,Vijayawada,16,2,0,13,977,413,235,Medium
2025-03-02,Visakhapatnam,16,6,0,8,604,362,162,Medium
2025-03-14,Nellore,13,4,0,5,717,442,410,Low
2025-10-07,Visakhapatnam,5,1,0,11,928,720,343,Medium
2025-05-13,Kurnool,15,1,1,2,583,268,217,Medium
2025-01-29,Vijayawada,7,2,1,10,1147,611,293,High
2025-07-17,Kurnool,2,3,0,13,1237,650,436,Medium
2025-07-17,Visakhapatnam,0,3,0,6,1199,567,503,Medium
2025-09-06,Guntur,18,5,0,13,1429,771,539,High
2025-07-14,Warangal,0,0,0,9,1443,703,745,Medium
2025-09-17,Warangal,13,2,0,9,426,226,88,Low
2025-04-19,Nizamabad,5,5,0,6,471,216,177,Low
2025-12-20,Secunderabad,17,5,0,5,1009,678,357,High
2025-12-25,Tirupati,18,3,0,8,549,380,261,Medium
2025-09-28,Vijayawada,13,6,0,4,738,447,433,Medium
2025-03-27,Secunderabad,11,3,0,7,945,733,263,Medium
2025-02-04,Visakhapatnam,3,1,0,11,1434,593,343,Medium
2025-05-23,Secunderabad,16,4,0,4,1337,709,392,Medium
2025-11-20,Warangal,18,3,0,6,975,658,231,Medium
2025-10-04,Visakhapatnam,10,5,0,3,741,302,433,Medium
2025-04-13,Nellore,22,6,1,11,770,407,319,High
2025-09-09,Vijayawada,17,1,0,2,1464,961,567,High
2025-05-20,Vijayawada,3,1,0,7,122,88,41,Low
2025-09-27,Visakhapatnam,7,5,0,3,320,155,184,Medium
2025-01-20,Guntur,3,0,1,10,985,530,279,High
2025-08-20,Nellore,6,2,1,14,932,550,216,High
2025-01-02,Kurnool,12,3,0,13,1360,1011,617,High
2025-03-04,Nellore,2,1,0,2,892,478,185,Low
2025-02-03,Visakhapatnam,6,0,0,8,1416,738,644,Medium
2025-04-24,Warangal,3,3,0,8,845,588,273,Medium
2025-03-18,Secunderabad,0,1,0,6,426,276,206,Low
2025-11-28,Vijayawada,14,4,0,14,1105,749,503,Medium
2025-09-10,Nellore,4,2,0,4,303,233,169,Low
2025-11-15,Kurnool,6,5,0,7,340,257,127,Low
2025-07-09,Warangal,9,2,0,13,236,159,56,Medium
2025-02-07,Tirupati,4,4,0,12,1224,763,616,Medium
2025-06-22,Warangal,13,6,0,2,724,442,193,Low
2025-08-22,Kurnool,16,4,0,13,1145,669,379,Medium
2025-10-14,Guntur,17,1,0,3,1307,973,541,Medium
2025-07-27,Secunderabad,11,6,0,8,933,658,301,Medium
2025-04-02,Nellore,19,2,0,4,298,143,62,Medium
2025-02-12,Warangal,1,2,0,5,1173,523,591,Medium
2025-12-20,Tirupati,13,5,0,2,569,341,177,Low
2025-12-28,Guntur,5,6,0,6,392,205,233,Low
2025-05-30,Visakhapatnam,7,4,0,9,890,687,178,Medium
2025-09-10,Kurnool,6,2,0,13,1030,461,304,Medium
2025-12-29,Kurnool,20,0,0,12,1376,952,690,High
2025-04-11,Tirupati,9,4,0,7,330,176,102,Medium
2025-11-21,Visakhapatnam,18,4,0,7,135,102,76,Medium
2025-07-15,Guntur,23,1,0,14,1257,752,406,Medium
2025-01-16,Warangal,20,3,0,14,1315,635,567,High
2025-01-20,Guntur,8,0,0,3,986,422,343,Medium
2025-09-03,Nizamabad,1,2,1,14,910,631,528,High
2025-08-02,Visakhapatnam,5,5,0,11,952,652,375,Medium
2025-01-01,Hyderabad,14,2,0,4,935,465,240,Low
2025-10-11,Warangal,8,5,0,5,1151,482,662,High
2025-10-01,Nellore,12,2,0,5,974,478,357,Low
2025-05-28,Kurnool,18,2,1,8,389,270,179,High
2025-04-23,Guntur,2,2,1,10,887,679,318,Medium
2025-09-06,Hyderabad,12,5,0,2,433,292,126,Low
2025-04-04,Kurnool,2,4,0,6,1186,474,634,Medium
2025-09-16,Secunderabad,6,1,0,5,1331,638,594,Medium
2025-02-06,Hyderabad,2,3,0,10,419,332,162,Low
2025-12-07,Warangal,16,6,0,4,1254,772,296,Medium
2025-02-27,Nizamabad,21,3,0,4,642,463,218,Medium
2025-12-17,Secunderabad,8,2,0,12,1400,597,321,High
2025-07-11,Kurnool,11,4,0,5,520,249,215,Low
2025-03-06,Tirupati,4,3,1,8,176,102,35,Medium
2025-01-19,Secunderabad,13,6,0,12,760,374,358,Medium
2025-01-17,Tirupati,9,4,1,5,859,371,348,High
2025-02-07,Warangal,7,4,0,8,865,511,325,Medium
2025-05-30,Vijayawada,14,4,0,13,171,108,83,Low
2025-03-02,Nizamabad,21,6,1,5,313,166,110,High
2025-01-26,Guntur,2,6,0,8,309,157,117,Low
2025-01-23,Vijayawada,12,3,0,12,614,264,331,Medium
2025-08-31,Nellore,16,6,0,5,322,241,188,Low
2025-01-25,Warangal,20,5,0,10,1009,626,486,High
2025-10-03,Secunderabad,14,4,0,14,1169,873,552,Medium
2025-02-19,Guntur,10,2,0,4,243,189,138,Low
2025-07-26,Warangal,21,5,0,4,1231,593,454,High
2025-05-28,Secunderabad,5,2,0,5,230,177,111,Low
2025-11-12,Vijayawada,6,2,0,9,517,354,129,Low
2025-02-06,Warangal,15,3,1,8,809,425,329,Medium
2025-01-17,Nizamabad,13,4,1,5,1369,554,671,High
2025-02-19,Kurnool,8,2,0,3,941,682,337,Medium
2025-10-04,Warangal,15,5,0,6,106,47,30,Low
2025-03-31,Nizamabad,20,0,0,14,355,164,124,Medium
2025-09-28,Guntur,9,6,0,13,204,160,98,Medium
2025-11-07,Guntur,18,4,0,8,259,119,139,Medium
2025-01-11,Nellore,11,5,0,5,124,94,50,Low
2025-11-23,Tirupati,21,6,0,4,1139,671,551,High
2025-01-19,Visakhapatnam,1,6,1,14,809,504,319,High
2025-12-23,Nizamabad,0,1,0,11,1252,662,516,Medium
2025-08-21,Vijayawada,0,3,0,13,445,286,146,Medium
2025-02-24,Hyderabad,9,0,0,2,1404,787,463,Medium
2025-10-21,Warangal,6,1,0,14,649,480,307,Medium
2025-05-19,Warangal,21,0,0,13,1133,546,267,High
2025-12-21,Secunderabad,13,6,0,8,597,390,226,Medium
2025-09-24,Vijayawada,23,2,0,8,870,430,395,Medium
2025-02-16,Hyderabad,21,6,0,14,1103,451,512,High
2025-04-21,Vijayawada,9,0,0,8,927,699,285,Medium
2025-11-14,Tirupati,3,4,1,9,857,372,405,Medium
2025-12-24,Warangal,3,2,0,4,494,269,191,Low
2025-08-07,Tirupati,18,3,0,3,1410,620,816,High
2025-02-26,Secunderabad,10,2,0,13,604,385,263,Medium
2025-10-31,Guntur,1,4,0,14,685,277,303,Medium
2025-03-04,Secunderabad,13,1,0,11,125,94,52,Low
2025-08-01,Warangal,14,4,0,11,539,315,219,Medium
2025-05-27,Nizamabad,2,1,0,12,212,145,98,Low
2025-10-11,Tirupati,15,5,0,7,1377,1081,575,Medium
2025-09-29,Warangal,17,0,0,13,1138,847,673,High
2025-10-03,Warangal,22,4,0,9,474,249,256,Low
2025-07-29,Warangal,1,1,0,8,721,346,378,Low
2025-01-14,Warangal,21,1,0,3,370,152,205,Medium
2025-04-16,Kurnool,20,2,1,12,644,296,270,High
2025-01-23,Warangal,6,3,0,8,631,313,173,Low
2025-06-11,Guntur,18,2,0,12,579,235,205,Medium
2025-08-06,Guntur,3,2,0,2,1066,604,560,Low
2025-12-17,Nellore,7,2,0,5,817,356,196,Medium
2025-08-23,Hyderabad,4,5,0,13,575,449,256,Medium
2025-01-25,Nizamabad,5,5,0,2,241,146,73,Low
2025-10-30,Warangal,22,3,0,5,861,582,270,Low
2025-06-25,Nizamabad,8,2,0,10,1302,960,751,High
2025-05-13,Secunderabad,21,1,0,4,1340,909,730,High
2025-07-23,Guntur,12,2,0,10,807,515,240,Medium
2025-12-14,Visakhapatnam,21,6,0,9,835,572,350,High
2025-07-24,Nellore,11,3,0,2,163,123,79,Low
2025-12-11,Nellore,18,3,0,10,1125,459,302,High
2025-03-05,Secunderabad,2,2,0,7,1172,830,502,Medium
2025-02-13,Visakhapatnam,12,3,0,4,1302,808,568,Medium
2025-06-15,Guntur,7,6,0,11,661,343,295,High
2025-03-06,Kurnool,17,3,0,3,456,219,216,Medium
2025-10-18,Visakhapatnam,9,5,0,5,156,109,80,Medium
2025-10-30,Nellore,4,3,1,14,591,417,198,High
2025-04-02,Warangal,21,2,0,3,276,132,158,Low
2025-02-26,Nizamabad,21,2,0,3,1205,562,338,Medium
2025-11-14,Kurnool,21,4,0,3,1490,1021,797,High
2025-08-06,Hyderabad,18,2,1,7,101,54,22,Medium
2025-04-01,Guntur,8,1,0,10,1160,598,501,High
2025-10-21,Warangal,13,1,0,9,1364,1088,632,Medium
2025-01-02,Guntur,1,3,0,2,981,650,497,Low
2025-10-10,Secunderabad,2,4,0,4,1389,1072,538,Medium
2025-06-06,Warangal,11,4,0,14,337,189,162,Medium
2025-09-26,Kurnool,22,4,0,7,1114,620,582,Medium
2025-01-01,Visakhapatnam,9,2,0,10,916,702,472,Medium
2025-07-05,Secunderabad,12,5,0,4,918,629,247,Medium
2025-04-05,Nellore,6,5,0,3,376,257,179,Low
2025-04-26,Warangal,23,5,0,8,849,547,248,Medium
2025-06-26,Nizamabad,0,3,0,4,646,367,241,Low
2025-02-22,Nellore,3,5,0,8,1356,1036,689,Medium
2025-08-16,Visakhapatnam,14,5,0,5,762,331,430,Medium
2025-05-05,Vijayawada,1,0,0,6,164,76,84,Low
2025-01-28,Hyderabad,12,1,0,13,277,116,146,Low
2025-06-30,Warangal,15,0,0,10,343,267,80,Low
2025-11-05,Tirupati,20,2,0,6,694,434,235,Medium
2025-04-30,Kurnool,4,2,0,5,365,171,140,Low
2025-04-28,Secunderabad,19,0,0,4,422,265,137,Medium
2025-07-04,Nellore,21,4,0,11,974,525,215,High
2025-02-06,Tirupati,7,3,0,4,932,405,530,Medium
2025-03-22,Visakhapatnam,10,5,0,5,907,468,281,Medium
2025-10-25,Vijayawada,16,5,1,11,1164,725,406,High
2025-02-27,Guntur,8,3,0,14,722,425,344,High
2025-07-26,Secunderabad,7,5,0,9,567,288,321,Medium
2025-06-10,Secunderabad,12,1,0,12,940,555,374,Medium
2025-04-27,Visakhapatnam,15,6,0,8,870,603,496,Medium
2025-06-03,Nizamabad,18,1,0,4,1183,773,297,Medium
2025-02-04,Kurnool,4,1,0,3,773,523,351,Low
2025-05-18,Nellore,3,6,0,12,1067,644,570,High
2025-09-07,Nizamabad,1,6,0,14,1444,1142,658,High
2025-04-28,Nizamabad,1,0,1,11,983,584,231,High
2025-04-29,Tirupati,4,1,0,7,1263,530,595,Medium
2025-11-24,Hyderabad,23,0,0,8,304,172,79,Low
2025-09-03,Visakhapatnam,1,2,0,10,1242,568,455,Medium
2025-08-15,Kurnool,16,4,0,2,1135,596,647,Low
2025-03-12,Tirupati,2,2,1,8,443,277,191,Medium
2025-10-19,Nizamabad,12,6,0,8,526,308,154,Medium
2025-06-12,Tirupati,13,3,0,14,1014,617,385,Medium
2025-12-21,Vijayawada,4,6,0,13,639,262,217,Medium
2025-06-03,Nellore,1,1,0,2,1109,646,389,Low
2025-09-01,Nizamabad,16,0,0,14,592,354,328,Medium
2025-08-18,Nellore,9,0,0,5,911,412,265,Medium
2025-10-22,Nizamabad,11,2,0,7,1083,619,335,Medium
2025-04-05,Visakhapatnam,18,5,0,3,1178,831,299,High
2025-10-10,Tirupati,4,4,1,2,850,651,471,Medium
2025-06-04,Visakhapatnam,9,2,0,6,752,568,437,Medium
2025-06-26,Kurnool,23,3,0,9,784,417,210,Medium
2025-10-16,Vijayawada,7,3,1,7,1191,749,701,High
2025-09-11,Secunderabad,20,3,0,10,337,235,199,Medium
2025-06-03,Nellore,20,1,0,12,611,332,196,Medium
2025-03-15,Tirupati,7,5,0,14,1490,1061,793,High
2025-02-06,Nizamabad,11,3,0,6,1105,455,498,Medium
2025-03-12,Nizamabad,10,2,0,7,839,482,405,Medium
2025-04-09,Nizamabad,8,2,0,5,397,286,208,Low
2025-09-11,Hyderabad,16,3,0,10,1071,667,280,Medium
2025-04-26,Nellore,3,5,0,7,348,213,142,Low
2025-04-13,Secunderabad,3,6,0,13,1472,1097,701,High
2025-11-04,Nizamabad,19,1,0,6,157,83,75,Medium
2025-12-19,Warangal,20,4,0,5,101,62,41,Low
2025-02-17,Guntur,2,0,0,6,700,438,159,Low
2025-12-19,Vijayawada,16,4,0,2,1227,674,713,Low
2025-01-15,Kurnool,15,2,0,8,654,489,266,Low
2025-11-22,Hyderabad,21,5,0,11,646,276,253,High
2025-07-16,Visakhapatnam,6,2,0,10,442,227,96,Low
2025-10-31,Warangal,16,4,0,8,552,274,183,Low
2025-11-26,Vijayawada,20,2,0,7,1142,465,561,High
2025-02-11,Tirupati,1,1,0,12,988,630,334,Medium
2025-02-05,Nizamabad,4,2,0,10,148,65,34,Low
2025-01-05,Warangal,3,6,0,7,1115,694,578,Medium
2025-08-07,Tirupati,23,3,0,4,476,228,237,Low
2025-11-21,Nizamabad,18,4,0,6,753,325,437,Medium
2025-06-06,Vijayawada,7,4,0,11,1198,659,255,High
2025-01-05,Nellore,18,6,0,10,1474,858,421,High
2025-10-11,Visakhapatnam,5,5,0,6,1324,1049,469,Medium
2025-03-24,Warangal,4,0,0,7,1420,1075,423,Medium
2025-02-03,Visakhapatnam,18,0,0,4,536,255,288,Medium
2025-06-05,Guntur,19,3,0,10,1219,510,585,High
2025-08-09,Warangal,6,5,0,2,1382,579,308,Medium
2025-09-10,Nizamabad,16,2,0,12,113,86,56,Low
2025-03-29,Nellore,10,5,0,6,317,249,188,Medium
2025-09-20,Vijayawada,22,5,0,10,837,638,259,Medium
2025-04-29,Visakhapatnam,18,1,0,9,1119,780,285,High
2025-04-27,Hyderabad,10,6,0,11,960,615,309,High
2025-10-31,Hyderabad,7,4,0,11,1082,583,614,High
2025-06-14,Secunderabad,18,5,1,5,949,663,277,High
2025-04-21,Vijayawada,4,0,0,9,982,658,537,Medium
2025-04-29,Guntur,3,1,0,7,520,320,221,Low
2025-01-14,Hyderabad,18,1,0,10,183,97,46,Medium
2025-10-20,Visakhapatnam,8,0,0,11,897,686,378,Medium
2025-06-05,Nellore,7,3,0,11,920,434,253,High
2025-12-19,Warangal,2,4,0,3,110,61,54,Low
2025-06-04,Guntur,13,2,0,4,700,371,191,Low
2025-10-31,Tirupati,3,4,0,11,246,136,123,Low
2025-02-17,Visakhapatnam,17,0,0,13,583,462,258,High
2025-09-20,Secunderabad,14,5,0,10,326,180,141,Medium
2025-12-22,Visakhapatnam,9,0,0,8,968,404,451,Medium
2025-05-01,Nizamabad,10,3,0,4,844,666,261,Medium
2025-02-13,Tirupati,0,3,0,13,445,274,218,Medium
2025-05-19,Guntur,14,0,0,13,404,211,176,Medium
2025-01-29,Nizamabad,2,2,0,3,592,276,185,Low
2025-11-14,Warangal,11,4,0,13,1173,884,607,Medium
2025-09-26,Kurnool,9,4,0,13,1267,960,326,High
2025-02-06,Warangal,2,3,0,12,421,240,189,Low
2025-09-13,Vijayawada,5,5,0,8,1125,879,587,Medium
2025-05-08,Hyderabad,17,3,1,8,1087,641,233,High
2025-08-11,Nellore,18,0,0,13,117,78,38,Medium
2025-08-31,Nellore,21,6,0,7,1472,886,811,High
2025-02-17,Guntur,14,0,0,5,1181,606,636,Medium
2025-02-18,Nellore,22,1,0,9,1296,710,740,Medium
2025-01-20,Warangal,13,0,0,5,1342,581,550,Medium
2025-05-25,Vijayawada,14,6,0,8,916,414,251,Medium
2025-11-02,Hyderabad,0,6,1,4,1114,525,439,High
2025-11-27,Hyderabad,21,3,0,8,989,674,531,High
2025-07-22,Guntur,1,1,0,8,556,400,328,Low
2025-08-17,Visakhapatnam,15,6,0,10,1056,702,632,Medium
2025-10-28,Guntur,9,1,0,8,999,655,580,Medium
2025-07-15,Tirupati,11,1,0,3,1107,871,565,Low
2025-10-14,Nellore,6,1,0,14,419,299,195,Medium
2025-03-30,Kurnool,12,6,0,4,1300,1039,751,Medium
2025-01-04,Secunderabad,9,5,0,4,1241,694,353,High
2025-05-01,Tirupati,22,3,0,8,812,502,398,Medium
2025-06-13,Nellore,16,4,0,6,781,568,439,Low
2025-01-08,Nellore,17,2,0,10,1296,692,495,High
2025-10-14,Vijayawada,11,1,0,12,1123,838,347,Medium
2025-12-31,Hyderabad,1,2,0,3,1459,1127,315,Medium
2025-02-13,Nellore,3,3,0,11,133,103,31,Low
2025-03-10,Guntur,23,0,0,5,423,264,113,Low
2025-08-15,Warangal,6,4,0,2,1073,541,546,Low
2025-10-16,Warangal,3,3,0,7,104,71,25,Low
2025-07-05,Warangal,18,5,0,9,141,61,83,Medium
2025-12-23,Warangal,15,1,0,10,889,674,433,Medium
2025-02-14,Visakhapatnam,22,4,0,14,720,294,247,Medium
2025-05-20,Vijayawada,2,1,0,2,720,511,161,Low
2025-09-24,Nellore,8,2,0,3,277,205,165,Low
2025-09-25,Guntur,14,3,0,12,779,604,167,Medium
2025-04-16,Vijayawada,9,2,0,11,789,473,185,Medium
2025-01-08,Warangal,1,2,0,2,779,485,165,Low
2025-11-19,Warangal,19,2,0,7,971,700,375,Medium
2025-06-24,Nizamabad,17,1,0,13,1038,555,476,High
2025-03-06,Kurnool,15,3,0,9,1072,504,583,Medium
2025-08-24,Vijayawada,14,6,1,5,337,214,192,Medium
2025-04-15,Secunderabad,6,1,0,12,921,408,440,Medium
2025-10-20,Nellore,21,0,0,13,231,183,123,Medium
2025-10-17,Kurnool,14,4,0,4,1468,1131,699,Medium
2025-10-09,Kurnool,7,3,0,8,130,77,45,Low
2025-08-29,Secunderabad,8,4,0,9,121,54,24,Medium
2025-10-17,Warangal,3,4,0,14,943,722,436,Medium
2025-10-22,Hyderabad,10,2,0,5,569,261,256,Medium
2025-09-07,Nellore,9,6,1,3,994,575,402,High
2025-05-05,Hyderabad,18,0,0,8,733,557,378,Medium
2025-01-26,Vijayawada,10,6,0,10,1193,739,474,High
2025-11-09,Secunderabad,19,6,0,3,1117,673,639,High
2025-12-08,Vijayawada,4,0,0,11,964,487,576,Medium
2025-08-26,Vijayawada,14,1,0,14,296,177,87,Medium
2025-08-13,Tirupati,1,2,0,8,485,342,271,Low
2025-11-24,Hyderabad,5,0,0,13,835,659,387,Medium
2025-06-10,Hyderabad,4,1,0,4,1413,843,490,Medium
2025-12-11,Nizamabad,7,3,0,9,398,306,232,Medium
2025-04-07,Kurnool,8,0,0,6,1091,627,632,Medium
2025-11-21,Guntur,22,4,0,9,1127,755,673,Medium
2025-09-14,Vijayawada,16,6,0,3,1445,992,558,Medium
2025-05-15,Secunderabad,0,3,0,3,777,500,328,Low
2025-09-10,Visakhapatnam,9,2,0,2,1130,719,227,Medium
2025-04-15,Vijayawada,3,1,0,8,1198,491,349,Medium
2025-08-12,Nellore,11,1,1,4,987,552,309,Medium
2025-10-02,Nellore,17,3,0,3,173,120,102,Low
2025-10-10,Nellore,10,4,0,2,1335,712,797,Medium
2025-08-06,Tirupati,14,2,0,11,1226,827,622,Medium
2025-09-10,Guntur,1,2,0,7,427,302,143,Low
2025-06-20,Warangal,0,4,0,12,133,100,77,Low
2025-02-14,Warangal,2,4,1,11,923,538,291,High
2025-07-03,Visakhapatnam,18,3,0,14,1212,942,499,High
2025-05-18,Nizamabad,14,6,0,7,1350,927,328,Medium
2025-05-27,Secunderabad,15,1,0,14,103,67,52,Low
2025-08-21,Visakhapatnam,6,3,1,8,1174,621,558,High
2025-11-22,Nizamabad,10,5,0,2,1221,548,388,Medium
2025-02-22,Visakhapatnam,17,5,0,14,1435,787,379,High
2025-08-06,Visakhapatnam,0,2,0,7,513,382,283,Low
2025-05-29,Secunderabad,5,3,0,6,179,83,65,Low
2025-10-16,Visakhapatnam,17,3,0,14,418,322,216,Medium
2025-09-15,Nellore,13,0,0,13,1472,826,588,High
2025-09-08,Guntur,14,0,0,11,1387,793,730,Medium
2025-06-29,Nizamabad,3,6,0,7,878,417,179,Medium
2025-08-24,Kurnool,16,6,1,11,954,528,477,High
2025-02-01,Tirupati,14,5,0,7,336,237,162,Low
2025-12-17,Nellore,16,2,0,12,1117,714,587,Medium
2025-12-13,Nellore,15,5,0,2,706,297,152,Low
2025-12-24,Vijayawada,8,2,0,3,545,414,222,Low
2025-04-08,Visakhapatnam,13,1,0,3,508,296,171,Low
2025-03-11,Vijayawada,9,1,0,6,1297,865,519,Medium
2025-11-09,Nizamabad,18,6,0,3,257,181,53,Medium
2025-05-31,Hyderabad,4,5,0,2,666,413,338,Low
2025-05-03,Tirupati,18,5,0,3,992,735,512,High
2025-05-31,Vijayawada,17,5,0,8,897,580,478,High
2025-05-02,Hyderabad,12,4,0,2,1038,467,450,Low
2025-07-07,Hyderabad,20,0,0,6,1167,506,363,High
2025-06-06,Hyderabad,23,4,0,8,761,532,237,Medium
2025-07-17,Hyderabad,13,3,0,6,265,164,155,Low
2025-02-22,Hyderabad,12,5,0,8,1004,775,344,Medium
2025-10-02,Vijayawada,6,3,0,6,603,269,293,Low
2025-06-04,Warangal,22,2,0,14,581,309,318,Medium
2025-01-01,Guntur,2,2,0,11,595,470,249,Medium
2025-01-02,Warangal,20,3,1,10,1395,1043,812,High
2025-09-27,Kurnool,23,5,0,3,521,412,106,Low
2025-12-06,Nellore,7,5,0,5,1116,490,499,High
2025-03-29,Nellore,14,5,0,5,272,174,109,Low
2025-02-07,Tirupati,1,4,0,5,1353,848,751,Medium
2025-09-06,Kurnool,3,5,0,10,870,604,339,Medium
2025-11-28,Secunderabad,9,4,0,10,692,416,203,Medium
2025-06-15,Vijayawada,5,6,0,8,335,139,176,Low
2025-12-31,Hyderabad,20,2,0,9,657,402,329,Medium
2025-11-03,Kurnool,11,0,0,14,274,164,77,Low
2025-08-06,Warangal,5,2,0,2,501,399,229,Low
2025-10-08,Guntur,14,2,0,10,889,391,196,Medium
2025-11-18,Vijayawada,15,1,0,13,1064,483,437,Medium
2025-01-01,Hyderabad,21,2,0,8,1316,1052,748,High
2025-12-10,Kurnool,18,2,0,8,854,473,484,Medium
2025-02-13,Secunderabad,1,3,0,3,807,572,277,Low
2025-07-10,Kurnool,14,3,0,5,1293,833,762,Medium
2025-10-19,Secunderabad,17,6,0,3,341,188,126,Medium
2025-07-13,Vijayawada,16,6,0,5,1491,754,641,Medium
2025-05-02,Vijayawada,21,4,0,13,198,108,107,Medium
2025-04-08,Kurnool,17,1,0,9,1166,663,363,High
2025-01-18,Vijayawada,23,5,0,13,1486,1152,707,High
2025-10-09,Secunderabad,2,3,0,8,1014,772,340,Medium
2025-12-31,Secunderabad,13,2,0,4,548,300,158,Low
2025-06-10,Kurnool,6,1,0,13,143,103,42,Low
2025-03-29,Secunderabad,23,5,1,4,1358,585,787,High
2025-12-04,Tirupati,21,3,0,14,1425,1024,580,High
2025-09-20,Hyderabad,23,5,0,12,717,314,151,Medium
2025-04-21,Nizamabad,6,0,0,13,1128,857,266,Medium
2025-02-07,Guntur,23,4,0,14,1092,457,310,Medium
2025-12-03,Warangal,8,2,0,9,1145,890,410,High
2025-11-05,Warangal,16,2,0,11,602,349,144,Medium
2025-12-10,Secunderabad,4,2,0,11,1108,621,556,Medium
2025-07-04,Kurnool,4,4,0,3,358,224,188,Low
2025-08-09,Warangal,15,5,0,12,895,363,286,Medium
2025-01-23,Visakhapatnam,23,3,0,11,1482,824,481,Medium
2025-08-12,Tirupati,5,1,0,10,1295,704,447,Medium
2025-02-13,Warangal,13,3,0,14,722,338,371,Medium
2025-05-11,Visakhapatnam,3,6,0,2,1454,936,641,Medium
2025-09-16,Kurnool,6,1,0,8,1458,954,750,Medium
2025-10-02,Guntur,0,3,0,14,1234,750,507,Medium
2025-04-03,Hyderabad,5,3,0,11,1483,992,557,Medium
2025-01-08,Visakhapatnam,15,2,0,13,824,620,324,Medium
2025-10-15,Hyderabad,2,2,0,2,175,119,103,Low
2025-05-24,Nellore,19,5,0,7,162,105,82,Medium
2025-04-02,Tirupati,0,2,0,8,156,102,48,Low
2025-08-19,Hyderabad,4,1,0,11,746,373,394,Medium
2025-08-15,Secunderabad,23,4,0,11,980,676,343,Medium
2025-05-27,Warangal,22,1,0,7,464,358,236,Low
2025-01-15,Visakhapatnam,20,2,0,4,892,517,328,Medium
2025-02-13,Guntur,9,3,0,10,648,490,192,Medium
2025-06-27,Warangal,9,4,0,10,1125,590,580,High
2025-09-19,Guntur,10,4,1,6,829,529,392,High
2025-12-22,Kurnool,8,0,1,6,1216,717,376,High
2025-05-27,Secunderabad,2,1,1,6,837,542,322,Medium
2025-05-21,Hyderabad,23,2,0,4,1290,644,279,Medium
2025-07-30,Kurnool,9,2,0,11,992,661,443,High
2025-03-04,Visakhapatnam,1,1,0,8,1313,943,576,Medium
2025-02-16,Nizamabad,21,6,0,8,157,112,68,Medium
2025-07-05,Warangal,22,5,0,9,644,448,368,Medium
2025-06-09,Nellore,12,0,0,2,1340,540,452,Medium
2025-08-24,Visakhapatnam,5,6,0,10,454,229,149,Medium
2025-06-24,Nizamabad,18,1,1,8,603,472,246,High
2025-11-26,Visakhapatnam,18,2,0,11,1270,594,318,High
2025-02-03,Visakhapatnam,11,0,0,7,1442,605,585,Medium
2025-11-12,Secunderabad,12,2,0,7,452,316,110,Low
2025-10-14,Kurnool,14,1,0,7,761,443,303,Low
2025-04-18,Nizamabad,9,4,1,4,642,324,239,Medium
2025-09-13,Guntur,11,5,0,9,817,594,382,Medium
2025-04-21,Warangal,16,0,0,14,900,474,443,Medium
2025-08-01,Kurnool,12,4,1,11,179,127,59,Medium
2025-07-12,Nizamabad,4,5,1,13,749,307,256,High
2025-04-01,Tirupati,14,1,0,9,1116,597,431,Medium
2025-07-17,Nellore,9,3,0,9,980,576,209,Medium
2025-12-04,Guntur,22,3,0,8,468,346,258,Low
2025-01-24,Visakhapatnam,16,4,0,5,611,326,141,Low
2025-07-23,Warangal,16,2,0,10,1459,883,347,Medium
2025-11-19,Visakhapatnam,13,2,0,8,911,564,268,Medium
2025-12-28,Nizamabad,8,6,0,5,1022,482,389,High
2025-12-31,Kurnool,9,2,0,14,224,170,113,Medium
2025-03-14,Secunderabad,4,4,0,2,648,415,309,Low
2025-10-30,Secunderabad,22,3,0,14,808,588,372,Medium
2025-09-19,Vijayawada,17,4,0,6,656,412,172,Medium
2025-07-23,Nizamabad,15,2,0,2,818,602,278,Low
2025-02-15,Guntur,17,5,0,12,1421,957,439,High
2025-06-18,Warangal,23,2,0,6,817,463,169,Low
2025-06-30,Kurnool,15,0,0,3,348,275,107,Low
2025-10-20,Nizamabad,22,0,0,3,492,204,288,Low
2025-10-14,Warangal,20,1,0,3,1015,769,356,Medium
2025-10-07,Vijayawada,20,1,0,3,677,512,188,Medium
2025-07-31,Visakhapatnam,14,3,0,2,363,249,140,Low
2025-02-15,Vijayawada,8,5,0,6,125,73,27,Medium
2025-08-31,Kurnool,9,6,1,11,831,631,194,High
2025-01-23,Warangal,11,3,0,14,862,664,515,Medium
2025-12-04,Nizamabad,19,3,0,6,743,526,435,Medium
2025-01-06,Warangal,8,0,1,10,1132,776,669,High
2025-06-01,Kurnool,21,6,0,11,1296,786,706,High
2025-09-09,Kurnool,3,1,0,9,1461,838,494,Medium
2025-06-24,Nizamabad,21,1,0,5,238,182,92,Medium
2025-05-27,Visakhapatnam,7,1,0,9,1354,828,620,High
2025-08-20,Nizamabad,4,2,0,8,568,297,198,Low
2025-05-22,Guntur,7,3,0,8,478,243,172,Medium
2025-12-28,Visakhapatnam,16,6,0,6,713,519,410,Medium
2025-09-20,Visakhapatnam,1,5,0,9,733,358,248,Medium
2025-09-26,Visakhapatnam,5,4,0,13,605,438,275,Medium
2025-12-03,Nizamabad,23,2,1,8,1302,565,636,High
2025-07-18,Visakhapatnam,9,4,0,4,1283,572,390,Medium
2025-04-18,Hyderabad,14,4,0,8,111,63,64,Low
2025-03-14,Tirupati,21,4,0,3,1234,793,699,Medium
2025-05-21,Secunderabad,8,2,0,7,1035,730,398,Medium
2025-07-31,Vijayawada,12,3,0,12,360,236,158,Low
2025-01-28,Secunderabad,13,1,0,4,867,547,203,Low
2025-05-08,Tirupati,21,3,0,12,1203,588,269,High
2025-08-24,Hyderabad,0,6,0,4,1469,852,651,Medium
2025-11-11,Hyderabad,20,1,0,7,157,87,40,Medium
2025-07-12,Secunderabad,4,5,0,13,408,323,82,Medium
2025-05-10,Guntur,5,5,0,13,862,532,297,Medium
2025-11-07,Warangal,21,4,0,6,1190,553,327,High
2025-06-22,Hyderabad,11,6,0,5,800,473,403,Medium
2025-11-13,Nizamabad,3,3,0,2,248,111,103,Low
2025-07-28,Visakhapatnam,14,0,0,9,346,225,169,Low
2025-02-05,Hyderabad,11,2,0,3,843,356,337,Low
2025-04-20,Secunderabad,10,6,0,10,576,256,152,Medium
2025-07-24,Hyderabad,16,3,0,2,565,343,284,Low
2025-07-01,Guntur,0,1,1,6,675,353,163,Medium
2025-05-10,Nizamabad,19,5,0,13,916,386,433,High
2025-11-15,Guntur,0,5,0,5,496,260,143,Low
2025-10-27,Guntur,12,0,0,3,392,203,99,Low
2025-01-10,Nizamabad,14,4,0,12,728,479,399,Medium
2025-05-08,Nellore,13,3,0,2,1273,702,356,Medium
2025-06-27,Nizamabad,22,4,0,4,1040,727,440,Low
2025-03-18,Hyderabad,17,1,0,3,691,285,410,Medium
2025-03-03,Kurnool,19,0,0,8,455,308,156,Medium
2025-11-19,Hyderabad,8,2,0,10,805,358,321,Medium
2025-03-23,Secunderabad,10,6,0,2,642,359,165,Medium
2025-08-31,Guntur,20,6,0,9,1477,761,651,High
2025-06-09,Warangal,0,0,0,13,1246,809,513,Medium
2025-07-12,Kurnool,12,5,0,9,789,404,213,Medium
2025-04-10,Warangal,5,3,0,3,1195,632,539,Medium
2025-08-25,Tirupati,4,0,0,6,1328,901,485,Medium
2025-06-25,Visakhapatnam,19,2,0,10,1415,691,309,High
2025-02-18,Nizamabad,5,1,0,4,1108,824,577,Medium
2025-01-20,Guntur,22,0,0,8,1456,1003,655,Medium
2025-07-28,Visakhapatnam,17,0,0,13,903,508,404,High
2025-08-29,Secunderabad,13,4,0,8,1225,903,664,Medium
2025-03-22,Secunderabad,4,5,0,12,1449,1120,676,High
2025-12-13,Hyderabad,6,5,0,4,135,66,62,Low
2025-11-17,Warangal,3,0,0,9,652,481,377,Low
2025-09-09,Hyderabad,19,1,0,8,408,312,148,Medium
2025-06-26,Warangal,9,3,0,2,1379,914,509,Medium
2025-07-13,Guntur,0,6,0,2,879,611,521,Medium
2025-02-09,Visakhapatnam,9,6,0,7,1231,846,442,High
2025-03-06,Nellore,3,3,0,11,693,533,286,Medium
2025-09-15,Guntur,3,0,0,8,704,351,202,Low
2025-07-05,Guntur,15,5,0,13,624,413,220,Medium
2025-09-16,Nizamabad,14,1,0,3,154,111,34,Low
2025-02-12,Nizamabad,5,2,0,14,1419,892,500,High
2025-11-14,Nizamabad,21,4,0,3,913,386,307,Medium
2025-09-07,Tirupati,17,6,0,8,650,341,294,High
2025-07-06,Nellore,10,6,0,6,535,331,250,Medium
2025-04-23,Warangal,13,2,0,6,705,517,227,Low
2025-04-25,Guntur,18,4,0,13,1322,538,757,High
2025-05-22,Secunderabad,11,3,0,12,211,136,47,Low
2025-07-27,Tirupati,2,6,0,9,464,326,107,Medium
2025-10-08,Kurnool,18,2,0,3,318,219,182,Low
2025-08-18,Warangal,4,0,0,9,639,305,175,Low
2025-01-21,Secunderabad,20,1,0,7,847,573,507,Medium
2025-12-31,Nizamabad,13,2,1,5,793,468,466,Medium
2025-06-12,Visakhapatnam,7,3,0,2,771,502,259,Medium
2025-07-26,Visakhapatnam,2,5,0,3,1166,918,270,Medium
2025-02-11,Hyderabad,8,1,0,7,1021,688,457,Medium
2025-11-06,Nizamabad,20,3,1,9,1090,471,314,High
2025-08-22,Tirupati,3,4,0,8,452,279,214,Low
2025-04-03,Secunderabad,13,3,0,11,722,443,394,Medium
2025-03-24,Tirupati,5,0,0,8,1492,762,517,Medium
2025-01-04,Secunderabad,20,5,0,14,1289,597,633,High
2025-05-03,Vijayawada,23,5,0,12,930,375,527,Medium
2025-09-16,Nizamabad,22,1,0,11,362,207,117,Low
2025-05-23,Vijayawada,23,4,0,7,1050,552,242,Medium
2025-02-03,Hyderabad,15,0,0,10,1099,580,634,Medium
2025-05-25,Visakhapatnam,4,6,0,7,885,666,287,Medium
2025-09-21,Guntur,17,6,0,10,722,322,415,High
2025-01-21,Tirupati,15,1,1,3,346,175,132,Low
2025-05-31,Guntur,0,5,0,8,1498,1003,381,High
2025-04-26,Secunderabad,21,5,0,3,1122,548,514,High
2025-10-27,Guntur,21,0,0,8,1087,578,581,High
2025-01-13,Nizamabad,12,0,0,4,1483,743,657,Medium
2025-12-14,Kurnool,5,6,0,5,1382,972,391,Medium
2025-09-27,Kurnool,14,5,0,2,227,167,86,Low
2025-03-17,Guntur,11,0,0,9,345,170,199,Low
2025-03-05,Secunderabad,0,2,0,5,730,463,364,Low
2025-02-25,Tirupati,0,1,0,4,231,150,73,Low
2025-11-07,Nellore,7,4,0,5,355,212,72,Low
2025-11-03,Hyderabad,1,0,0,7,282,129,151,Low
2025-10-15,Nellore,14,2,0,10,439,227,89,Low
2025-07-27,Visakhapatnam,14,6,1,5,1472,956,758,High
2025-09-03,Nizamabad,19,2,0,11,510,322,120,Medium
2025-04-10,Nizamabad,5,3,0,14,1161,919,639,Medium
2025-06-26,Hyderabad,22,3,0,10,377,206,101,Low
2025-05-22,Vijayawada,18,3,0,11,117,89,38,Medium
2025-05-24,Hyderabad,3,5,0,13,166,129,81,Medium
2025-07-17,Nizamabad,16,3,0,7,1403,1109,617,Medium
2025-05-22,Kurnool,3,3,0,10,1217,861,306,Medium
2025-09-05,Kurnool,14,4,0,9,146,92,71,Low
2025-02-02,Nellore,17,6,0,4,1010,750,542,High
2025-06-22,Hyderabad,18,6,0,10,507,360,116,High
2025-12-14,Guntur,13,6,0,9,1259,927,678,Medium
2025-01-09,Hyderabad,2,3,0,8,375,168,108,Low
2025-04-21,Warangal,16,0,0,10,177,89,64,Low
2025-06-04,Nizamabad,20,2,0,3,201,105,102,Low
2025-01-05,Tirupati,21,6,0,5,1407,645,587,High
2025-02-02,Nellore,4,6,0,12,675,441,373,Medium
2025-11-06,Guntur,7,3,0,14,1255,759,698,High
2025-10-07,Guntur,12,1,0,11,537,356,271,Medium
2025-05-31,Warangal,11,5,0,7,1198,518,332,Medium
2025-07-17,Visakhapatnam,1,3,0,8,168,105,98,Low
2025-02-24,Warangal,21,0,0,4,556,325,320,Medium
2025-06-13,Secunderabad,0,4,0,11,713,506,202,Medium
2025-12-15,Hyderabad,3,0,0,14,221,176,130,Low
2025-09-17,Warangal,15,2,1,4,269,109,156,Low
2025-07-07,Warangal,20,0,0,5,1336,841,314,High
2025-12-16,Guntur,10,1,0,4,320,137,122,Low
2025-11-04,Kurnool,2,1,0,2,871,621,371,Low
2025-02-12,Kurnool,19,2,0,11,1283,987,637,High
2025-09-20,Kurnool,15,5,0,2,990,589,449,Medium
2025-09-13,Nellore,15,5,0,13,906,549,497,Medium
2025-08-29,Nizamabad,16,4,0,8,352,158,98,Low
2025-01-06,Vijayawada,5,0,0,2,1401,562,442,Medium
2025-12-24,Hyderabad,19,2,0,11,287,145,114,Medium
2025-01-24,Nizamabad,13,4,0,8,1366,1057,811,Medium
2025-10-08,Kurnool,13,2,0,11,616,312,189,Medium
2025-10-10,Visakhapatnam,20,4,0,12,287,165,92,Medium
2025-06-14,Secunderabad,5,5,0,3,421,240,231,Low
2025-12-18,Hyderabad,20,3,1,7,1233,570,727,High
2025-02-24,Tirupati,18,0,0,4,711,471,149,Medium
2025-07-13,Nellore,9,6,0,6,1324,624,753,High
2025-11-09,Vijayawada,13,6,0,14,503,331,237,Medium
2025-08-26,Hyderabad,23,1,1,11,453,215,199,Medium
2025-12-30,Hyderabad,9,1,0,11,1037,663,595,High
2025-10-09,Nellore,13,3,1,2,359,241,155,Low
2025-09-08,Nizamabad,7,0,0,9,239,141,94,Medium
2025-12-20,Tirupati,19,5,0,3,133,53,55,Medium
2025-07-05,Visakhapatnam,21,5,0,6,383,289,220,Medium
2025-05-12,Vijayawada,6,0,0,7,228,104,59,Low
2025-02-25,Guntur,13,1,0,13,672,486,358,Medium
2025-09-10,Guntur,18,2,0,8,1187,900,320,High
2025-05-26,Visakhapatnam,15,0,0,11,328,239,147,Low
2025-05-16,Secunderabad,11,4,0,12,514,411,163,Medium
2025-08-24,Tirupati,10,6,0,2,556,327,312,Medium
2025-02-14,Kurnool,7,4,0,13,519,221,220,Medium
2025-06-25,Guntur,1,2,0,6,1458,904,321,Medium
2025-10-29,Nizamabad,8,2,0,8,1053,595,249,Medium
2025-06-27,Visakhapatnam,11,4,0,10,825,624,358,Medium
2025-08-12,Kurnool,2,1,0,11,1189,519,600,Medium
2025-07-11,Nizamabad,13,4,0,8,530,225,151,Low
2025-08-11,Nizamabad,19,0,0,2,545,397,139,Medium
2025-05-11,Nizamabad,4,6,0,2,219,126,60,Low
2025-05-05,Hyderabad,9,0,0,10,253,182,139,Medium
2025-12-10,Warangal,0,2,0,13,486,224,138,Medium
2025-06-10,Nizamabad,23,1,0,11,1147,841,514,Medium
2025-11-19,Visakhapatnam,11,2,0,2,1329,591,545,Medium
2025-02-04,Kurnool,12,1,0,5,470,259,100,Low
2025-12-04,Secunderabad,1,3,0,3,470,366,153,Low
2025-02-21,Vijayawada,12,4,0,10,538,260,114,Low
2025-08-22,Tirupati,13,4,0,8,1044,753,364,Medium
2025-08-25,Secunderabad,14,0,1,7,1239,933,486,High
2025-02-10,Nizamabad,4,0,0,13,738,548,354,Medium
2025-06-05,Tirupati,9,3,0,5,1392,681,363,Medium
2025-08-06,Secunderabad,23,2,0,4,1204,755,325,Medium
2025-07-25,Vijayawada,16,4,0,8,642,266,352,Low
2025-02-23,Kurnool,9,6,0,6,1014,781,343,High
2025-11-20,Nellore,23,3,0,4,766,595,458,Low
2025-08-22,Secunderabad,21,4,0,5,1231,793,662,High
2025-01-20,Nizamabad,14,0,0,4,179,93,50,Low
2025-11-15,Nellore,17,5,0,10,324,236,168,Medium
2025-11-05,Nellore,3,2,0,14,457,267,145,Medium
2025-07-26,Kurnool,15,5,0,4,755,374,284,Medium
2025-04-25,Warangal,6,4,0,4,1464,1053,551,Medium
2025-05-30,Guntur,7,4,0,3,862,420,395,Medium
2025-06-18,Warangal,21,2,0,13,756,390,171,High
2025-08-09,Kurnool,17,5,0,13,643,336,199,High
2025-12-25,Nizamabad,21,3,0,10,239,185,88,Medium
2025-03-06,Visakhapatnam,4,3,0,6,622,431,252,Low
2025-04-01,Guntur,13,1,0,2,528,287,162,Low
2025-12-15,Kurnool,22,0,0,14,601,266,286,Medium
2025-02-01,Kurnool,2,5,0,4,1021,423,395,Medium
2025-02-18,Tirupati,15,1,0,2,588,337,332,Low
2025-02-21,Nellore,11,4,0,14,1491,959,720,High
2025-08-12,Visakhapatnam,22,1,0,4,836,615,429,Low
2025-10-20,Nizamabad,3,0,0,2,1015,577,267,Low
2025-06-14,Guntur,0,5,0,9,981,519,258,Medium
2025-10-11,Hyderabad,6,5,0,3,605,337,130,Low
2025-05-31,Visakhapatnam,11,5,0,8,863,477,296,Medium
2025-09-13,Vijayawada,14,5,1,6,720,379,418,Medium
2025-02-06,Secunderabad,23,3,0,9,1448,1047,737,Medium
2025-05-11,Secunderabad,17,6,0,3,287,225,88,Medium
2025-01-25,Visakhapatnam,14,5,0,7,1441,1075,423,High
2025-02-08,Vijayawada,23,5,0,4,349,222,177,Low
2025-07-09,Guntur,4,2,0,12,581,329,325,Medium
2025-08-19,Nizamabad,7,1,0,12,1156,582,257,High
2025-10-30,Secunderabad,17,3,1,14,1209,837,650,High
2025-06-27,Guntur,2,4,0,12,1384,1002,541,Medium
2025-01-06,Visakhapatnam,18,0,0,14,923,587,231,High
2025-04-04,Visakhapatnam,3,4,0,3,1408,972,585,Medium
2025-06-13,Guntur,3,4,0,4,1093,764,298,Medium
2025-08-02,Warangal,0,5,0,11,219,145,109,Medium
2025-05-14,Nizamabad,15,2,0,2,398,309,176,Low
2025-07-31,Warangal,10,3,0,11,1368,710,440,High
2025-07-23,Warangal,10,2,1,6,1110,649,602,High
2025-11-29,Guntur,12,5,0,9,1013,533,214,Medium
2025-01-19,Warangal,11,6,0,7,810,549,319,Medium
2025-01-15,Warangal,10,2,0,10,605,262,181,Medium
2025-08-14,Kurnool,2,3,0,4,718,514,164,Low
2025-03-20,Tirupati,15,3,0,6,1347,638,584,Medium
2025-04-06,Secunderabad,12,6,0,5,141,94,83,Low
2025-07-31,Vijayawada,19,3,0,12,355,190,88,Medium
2025-09-16,Warangal,16,1,0,11,268,208,71,Low
2025-01-12,Warangal,15,6,0,9,234,187,79,Low
2025-01-01,Tirupati,13,2,0,2,714,349,368,Low
2025-12-21,Tirupati,19,6,0,10,915,432,540,High
2025-12-27,Kurnool,12,5,0,5,504,295,153,Low
2025-11-27,Nellore,8,3,0,4,1271,589,676,Medium
2025-01-19,Nizamabad,21,6,0,9,599,461,270,High
2025-08-07,Visakhapatnam,4,3,0,11,320,157,107,Low
2025-10-26,Secunderabad,17,6,0,2,373,283,92,Medium
2025-11-14,Hyderabad,17,4,0,14,676,487,300,High
2025-12-10,Vijayawada,22,2,0,7,1464,676,600,Medium
2025-12-25,Secunderabad,20,3,0,14,642,305,150,High
2025-05-20,Hyderabad,1,1,0,2,1068,632,384,Low
2025-05-13,Secunderabad,12,1,0,6,479,220,160,Low
2025-01-22,Guntur,7,2,0,13,464,236,176,Medium
2025-05-20,Nizamabad,13,1,1,8,608,349,166,Medium
2025-06-08,Nellore,14,6,0,12,1041,739,381,High
2025-08-05,Vijayawada,9,1,0,2,1315,926,427,Medium
2025-08-04,Hyderabad,2,0,0,6,1027,804,366,Medium
2025-02-28,Warangal,10,4,0,3,722,546,237,Medium
2025-07-14,Kurnool,5,0,0,5,1113,598,457,Medium
2025-03-10,Secunderabad,10,0,0,13,138,102,40,Medium
2025-08-01,Kurnool,17,4,0,12,238,108,141,Medium
2025-05-19,Tirupati,4,0,0,6,954,465,542,Medium
2025-01-16,Vijayawada,16,3,0,14,624,273,273,Medium
2025-01-15,Nizamabad,17,2,0,10,341,246,154,Medium
2025-04-01,Nellore,14,1,0,12,1159,914,292,Medium
2025-12-18,Tirupati,23,3,0,6,1118,575,305,Medium
2025-09-13,Warangal,18,5,0,4,1180,590,483,High
2025-11-25,Hyderabad,20,1,0,12,437,333,251,Medium
2025-12-25,Tirupati,2,3,0,10,543,307,133,Low
2025-08-02,Visakhapatnam,2,5,1,3,299,207,168,Medium
2025-07-26,Secunderabad,1,5,0,8,936,376,478,Medium
2025-01-12,Tirupati,6,6,0,8,190,150,102,Low
2025-09-24,Nizamabad,6,2,0,11,483,348,230,Low
2025-10-18,Nizamabad,9,5,0,6,504,379,215,Medium
2025-07-25,Hyderabad,18,4,0,7,1224,731,320,High
2025-11-17,Secunderabad,15,0,0,13,650,304,242,Medium
2025-06-01,Visakhapatnam,21,6,0,4,1183,746,438,High
2025-02-22,Secunderabad,17,5,0,3,476,350,253,Medium
2025-11-24,Guntur,5,0,0,8,712,469,400,Low
2025-04-15,Nizamabad,10,1,0,3,997,408,534,Medium
2025-11-07,Secunderabad,8,4,0,2,626,274,267,Low
2025-10-02,Kurnool,21,3,0,13,865,498,433,High
2025-05-14,Kurnool,5,2,0,5,475,203,156,Low
2025-02-14,Tirupati,8,4,0,10,596,467,354,Medium
2025-03-27,Hyderabad,19,3,0,3,1303,770,351,Medium
2025-04-15,Nellore,22,1,0,11,484,377,286,Low
2025-09-06,Visakhapatnam,1,5,0,4,911,695,457,Medium
2025-09-03,Guntur,20,2,0,7,941,622,476,Medium
2025-05-25,Warangal,1,6,0,13,1266,986,280,High
2025-02-17,Kurnool,23,0,0,6,1041,536,538,Medium
2025-02-19,Vijayawada,16,2,0,8,1457,706,636,Medium
2025-01-19,Hyderabad,17,6,0,12,939,531,482,High
2025-06-23,Tirupati,21,0,0,2,971,736,416,Medium
2025-04-28,Nellore,16,0,0,2,393,189,100,Low
2025-08-06,Vijayawada,18,2,0,6,637,428,353,Medium
2025-04-19,Warangal,17,5,0,7,247,192,118,Medium
2025-03-18,Vijayawada,0,1,0,8,1404,704,774,Medium
2025-10-25,Visakhapatnam,3,5,0,5,829,497,213,Medium
2025-09-11,Nellore,4,3,0,10,348,148,135,Low
2025-11-09,Kurnool,9,6,0,3,512,239,301,Medium
2025-04-14,Vijayawada,5,0,0,12,233,96,106,Low
2025-03-20,Visakhapatnam,22,3,0,13,988,581,558,Medium
2025-05-26,Warangal,0,0,0,12,809,371,177,Medium
2025-09-16,Nizamabad,19,1,0,8,1075,684,362,High
2025-12-30,Nizamabad,0,1,0,11,451,306,210,Low
2025-04-01,Warangal,0,1,0,4,384,170,113,Low
2025-05-19,Secunderabad,20,0,0,8,646,318,267,Medium
2025-01-23,Kurnool,17,3,1,13,516,317,274,High
2025-02-22,Guntur,17,5,0,11,937,644,240,High
2025-10-29,Secunderabad,7,2,0,7,1438,778,801,High
2025-04-25,Vijayawada,2,4,0,13,1021,764,360,Medium
2025-06-23,Vijayawada,12,0,0,12,1363,1051,498,Medium
2025-10-08,Nellore,17,2,0,14,233,161,66,Medium
2025-11-07,Warangal,12,4,0,11,596,327,182,Medium
2025-01-11,Guntur,13,5,0,3,1327,819,566,Medium
2025-12-15,Kurnool,0,0,1,7,1049,720,259,Medium
2025-04-10,Guntur,15,3,0,2,1457,961,728,Medium
2025-01-15,Secunderabad,0,2,0,13,429,297,97,Medium
2025-03-22,Kurnool,22,5,0,9,892,598,467,Medium
2025-01-11,Nellore,2,5,0,11,1126,817,523,High
2025-09-14,Kurnool,16,6,0,8,308,232,156,Low
2025-10-17,Visakhapatnam,3,4,0,12,906,503,413,Medium
2025-10-07,Visakhapatnam,14,1,0,10,844,382,367,Medium
2025-09-12,Hyderabad,6,4,0,2,725,444,201,Low
2025-10-05,Nellore,1,6,0,14,513,247,189,Medium
2025-12-23,Visakhapatnam,20,1,0,6,769,465,176,Medium
2025-07-03,Warangal,3,3,0,8,436,338,170,Low
2025-10-26,Secunderabad,4,6,0,10,457,243,273,Medium
2025-12-23,Nellore,19,1,0,2,1362,1033,480,Medium
2025-10-13,Nizamabad,15,0,0,3,914,573,263,Low
2025-11-23,Secunderabad,11,6,0,14,892,391,212,High
2025-02-16,Guntur,17,6,0,11,1146,905,348,High
2025-11-11,Nellore,4,1,0,3,854,423,301,Low
2025-03-24,Vijayawada,16,0,0,12,1259,544,520,Medium
2025-11-01,Hyderabad,2,5,0,14,179,129,42,Medium
2025-07-02,Warangal,7,2,0,8,292,184,167,Medium
2025-06-04,Nizamabad,23,2,0,8,191,102,42,Low
2025-04-03,Hyderabad,21,3,0,3,1369,868,704,High
2025-02-01,Vijayawada,6,5,0,2,114,78,30,Low
2025-04-19,Hyderabad,10,5,0,10,971,422,410,High
2025-05-16,Visakhapatnam,10,4,1,11,621,279,205,High
2025-11-06,Nellore,4,3,0,11,1277,839,337,Medium
2025-02-28,Hyderabad,9,4,0,4,968,572,325,Medium
2025-12-09,Vijayawada,5,1,1,2,569,421,210,Medium
2025-11-23,Vijayawada,16,6,0,7,606,415,304,Medium
2025-10-08,Warangal,18,2,0,11,1256,988,307,High
2025-02-14,Kurnool,1,4,0,6,492,309,250,Low
2025-06-19,Vijayawada,7,3,0,14,1477,899,646,High
2025-08-06,Secunderabad,15,2,0,11,1192,493,673,Medium
2025-12-25,Nellore,17,3,0,11,1224,973,467,High
2025-08-26,Nizamabad,19,1,1,6,1345,984,719,High
2025-08-29,Kurnool,16,4,0,2,1457,1062,561,Medium
2025-01-03,Secunderabad,3,4,0,13,1499,903,346,High
2025-05-24,Warangal,5,5,1,12,439,306,163,High
2025-05-07,Warangal,5,2,0,12,1319,899,608,Medium
2025-07-30,Kurnool,16,2,0,4,944,586,565,Low
2025-01-09,Hyderabad,1,3,0,10,217,136,106,Low
2025-06-11,Tirupati,16,2,0,5,379,244,165,Low
2025-12-10,Guntur,8,2,0,2,1178,744,338,Medium
2025-07-19,Guntur,13,5,0,5,965,604,319,Medium
2025-07-31,Secunderabad,3,3,0,2,874,624,408,Low
2025-10-24,Kurnool,18,4,0,8,423,327,122,Medium
2025-09-15,Secunderabad,19,0,1,13,1338,702,374,High
2025-06-22,Warangal,16,6,0,8,1247,896,661,Medium
2025-07-03,Tirupati,3,3,0,14,978,501,222,Medium
2025-10-09,Hyderabad,20,3,0,8,1346,751,569,High
2025-09-28,Vijayawada,0,6,0,3,178,105,60,Low
2025-01-24,Warangal,23,4,0,7,763,572,196,Low
2025-01-19,Visakhapatnam,10,6,0,6,1237,758,670,High
2025-09-24,Secunderabad,2,2,0,5,937,627,558,Low
2025-01-11,Nizamabad,14,5,0,13,132,69,71,Medium
2025-09-01,Visakhapatnam,11,0,0,10,1031,613,438,Medium
2025-06-06,Warangal,4,4,0,10,1110,758,635,Medium
2025-11-02,Guntur,23,6,0,11,1078,538,545,Medium
2025-06-26,Secunderabad,14,3,0,12,1382,659,790,Medium
2025-05-24,Secunderabad,21,5,0,11,599,383,145,High
2025-01-31,Guntur,20,4,0,5,1409,967,477,High
2025-09-17,Visakhapatnam,23,2,0,2,621,473,217,Low
2025-08-02,Hyderabad,22,5,0,8,905,511,489,Medium
2025-03-16,Vijayawada,8,6,0,9,857,374,336,High
2025-11-20,Secunderabad,21,3,0,11,939,526,240,High
2025-08-25,Hyderabad,0,0,0,5,741,390,327,Low
2025-08-11,Hyderabad,16,0,0,6,334,258,198,Low
2025-12-12,Warangal,1,4,0,13,105,82,54,Low
2025-09-22,Secunderabad,3,0,0,13,1317,1043,321,Medium
2025-11-08,Kurnool,18,5,0,7,899,384,390,High
2025-10-19,Nizamabad,7,6,0,2,936,747,340,Medium
2025-10-24,Kurnool,20,4,0,10,1295,810,412,High
2025-03-09,Vijayawada,19,6,0,8,274,153,124,Medium
2025-12-01,Tirupati,22,0,1,11,915,494,290,High
2025-04-29,Nizamabad,6,1,1,9,1338,1006,667,High
2025-01-18,Visakhapatnam,21,5,0,8,463,296,147,Medium
2025-10-09,Kurnool,11,3,0,5,898,376,269,Low
2025-02-12,Secunderabad,7,2,0,13,643,479,225,Medium
2025-09-12,Visakhapatnam,12,4,0,3,1164,670,613,Medium
2025-03-11,Nellore,18,1,0,9,317,155,89,Medium
2025-07-12,Secunderabad,11,5,0,14,1223,603,700,High
2025-05-08,Warangal,6,3,0,8,812,482,469,Medium
2025-06-06,Vijayawada,9,4,1,7,853,605,366,High
2025-09-28,Secunderabad,15,6,0,14,256,116,149,Medium
2025-06-30,Kurnool,7,0,0,9,599,389,246,Medium
2025-05-23,Secunderabad,11,4,0,11,202,88,55,Low
2025-02-16,Visakhapatnam,3,6,0,6,1415,823,678,Medium
2025-01-07,Hyderabad,1,1,0,13,1330,976,299,Medium
2025-06-19,Hyderabad,1,3,0,13,938,667,252,Medium
2025-10-08,Nellore,14,2,0,8,1244,684,649,Medium
2025-02-13,Kurnool,6,3,0,8,616,366,224,Low
2025-06-26,Nizamabad,5,3,0,13,746,299,226,Medium
2025-12-09,Vijayawada,22,1,0,8,1044,456,591,Medium
2025-07-30,Guntur,22,2,1,5,1459,739,720,High
2025-09-06,Nellore,6,5,0,2,652,295,282,Low
2025-08-30,Visakhapatnam,6,5,1,11,793,618,288,High
2025-09-20,Kurnool,4,5,0,5,301,212,99,Low
2025-11-23,Tirupati,11,6,1,11,1291,618,521,High
2025-08-27,Nizamabad,15,2,0,10,356,193,142,Low
2025-09-11,Tirupati,4,3,0,7,241,165,68,Low
2025-05-14,Tirupati,15,2,0,7,610,320,263,Low
2025-08-13,Hyderabad,6,2,0,3,1143,653,358,Low
2025-09-28,Vijayawada,3,6,0,10,245,155,144,Medium
2025-06-28,Guntur,6,5,0,10,1237,849,349,High
2025-08-30,Nizamabad,9,5,1,14,810,433,370,High
2025-02-19,Hyderabad,8,2,0,11,924,553,203,High
2025-09-08,Kurnool,7,0,0,6,1443,990,585,High
2025-07-31,Kurnool,1,3,0,8,661,483,226,Low
2025-10-27,Guntur,17,0,0,7,948,536,323,Medium
2025-09-06,Guntur,14,5,0,5,874,564,469,Medium
2025-04-11,Visakhapatnam,23,4,0,10,764,465,209,Medium
2025-05-14,Secunderabad,0,2,0,13,302,133,93,Low
2025-04-11,Nellore,5,4,0,13,1065,526,278,Medium
2025-10-01,Kurnool,14,2,0,10,1238,782,678,Medium
2025-02-04,Nizamabad,23,1,0,8,1039,663,457,Medium
2025-02-11,Nizamabad,23,1,0,5,452,224,153,Low
2025-10-28,Hyderabad,17,1,0,14,701,496,255,High
2025-07-30,Hyderabad,14,2,0,4,1138,565,333,Medium
2025-11-02,Vijayawada,12,6,0,4,248,111,128,Low
2025-07-30,Secunderabad,5,2,0,7,211,91,105,Low
2025-10-03,Secunderabad,23,4,0,11,354,214,169,Low
2025-03-30,Warangal,20,6,0,2,263,165,81,Medium
2025-06-30,Hyderabad,19,0,0,5,363,225,188,Medium
2025-04-26,Guntur,22,5,0,3,1045,428,253,Medium
2025-04-24,Vijayawada,22,3,0,8,1103,536,346,Medium
2025-03-25,Tirupati,12,1,0,7,360,148,100,Low
2025-03-22,Guntur,18,5,0,5,147,103,86,Medium
2025-02-28,Tirupati,18,4,0,12,1053,699,466,High
2025-06-19,Vijayawada,9,3,1,10,950,569,459,High
2025-06-23,Warangal,18,0,0,2,281,170,89,Low
2025-09-11,Nellore,11,3,1,14,495,325,116,Medium
2025-11-05,Kurnool,17,2,0,13,501,399,269,Medium
2025-11-22,Tirupati,20,5,0,13,1241,789,734,High
2025-10-13,Kurnool,18,0,0,14,1168,494,438,High
2025-09-03,Vijayawada,9,2,0,14,1100,599,612,High
2025-01-18,Nizamabad,0,5,0,10,734,340,329,Medium
2025-08-20,Kurnool,6,2,0,4,738,544,168,Low
2025-07-01,Nellore,13,1,0,7,353,170,204,Low
2025-05-30,Guntur,18,4,0,12,669,337,243,High
2025-08-13,Guntur,22,2,0,7,1241,647,574,Medium
2025-08-06,Vijayawada,12,2,0,8,1407,665,751,Medium
2025-07-03,Vijayawada,15,3,0,8,272,150,109,Low
2025-02-22,Guntur,1,5,0,12,649,459,205,Medium
2025-04-05,Nellore,19,5,0,7,1106,806,551,High
2025-08-16,Nellore,12,5,0,6,872,408,450,Medium
2025-09-16,Guntur,0,1,0,3,977,703,464,Low
2025-05-14,Hyderabad,0,2,0,3,797,372,370,Low
2025-09-25,Warangal,3,3,0,13,933,453,263,Medium
2025-01-10,Visakhapatnam,18,4,0,7,1341,543,695,High
2025-08-31,Guntur,22,6,0,8,1369,1007,789,High
2025-01-31,Secunderabad,19,4,0,14,1253,844,454,High
2025-11-25,Hyderabad,6,1,0,10,1354,1051,533,Medium
2025-04-20,Nizamabad,16,6,1,8,611,256,348,Medium
2025-11-03,Hyderabad,23,0,0,5,967,756,307,Low
2025-10-11,Warangal,3,5,0,9,774,310,352,Medium
2025-11-10,Secunderabad,10,0,0,13,573,360,228,Medium
2025-03-20,Kurnool,17,3,0,7,519,384,208,Medium
2025-05-15,Nizamabad,4,3,0,14,683,354,138,Medium
2025-09-12,Hyderabad,9,4,0,8,1032,814,572,Medium
2025-03-22,Guntur,9,5,1,9,488,215,251,High
2025-01-15,Vijayawada,9,2,0,12,551,422,248,Medium
2025-12-17,Nellore,1,2,0,11,795,551,395,Medium
2025-06-10,Guntur,5,1,0,10,553,320,220,Low
2025-01-05,Guntur,14,6,0,3,701,535,220,Low
2025-03-28,Tirupati,23,4,0,3,605,313,324,Low
2025-08-20,Hyderabad,22,2,0,2,528,406,129,Low
2025-10-29,Nizamabad,0,2,1,11,240,128,53,Medium
2025-07-19,Nellore,3,5,0,3,479,283,115,Low
2025-07-29,Warangal,20,1,0,5,1321,974,711,High
2025-05-23,Hyderabad,4,4,0,2,1194,780,682,Low
2025-07-24,Warangal,13,3,1,5,1390,712,527,High
2025-05-23,Warangal,6,4,0,5,560,255,117,Low
2025-08-26,Nizamabad,6,1,1,7,264,121,54,Medium
2025-05-20,Nellore,0,1,0,10,941,516,457,Medium
2025-10-21,Warangal,7,1,0,14,585,343,161,Medium
2025-03-11,Guntur,9,1,0,9,353,188,190,Medium
2025-10-10,Nizamabad,4,4,0,14,207,97,78,Low
2025-05-21,Warangal,14,2,0,4,278,189,107,Low
2025-09-22,Visakhapatnam,8,0,0,14,250,168,106,Medium
2025-07-17,Tirupati,21,3,0,8,1269,874,323,High
2025-06-14,Secunderabad,11,5,0,5,212,152,121,Low
2025-06-11,Nizamabad,13,2,0,13,559,403,278,Medium
2025-07-16,Tirupati,23,2,0,11,1035,755,224,Medium
2025-06-29,Tirupati,13,6,1,9,996,494,303,High
2025-01-02,Vijayawada,5,3,0,8,887,402,374,Medium
2025-06-22,Kurnool,19,6,1,3,1078,592,597,High
2025-01-24,Kurnool,3,4,0,7,1485,1117,450,Medium
2025-12-19,Hyderabad,4,4,0,10,168,103,94,Low
2025-05-05,Warangal,18,0,0,4,1196,570,696,Medium
2025-08-15,Tirupati,17,4,0,8,1171,909,343,High
2025-05-18,Nellore,19,6,0,3,575,386,339,Medium
2025-06-09,Secunderabad,21,0,0,6,1059,763,604,Medium
2025-12-22,Visakhapatnam,17,0,0,9,398,247,227,Medium
2025-08-31,Warangal,16,6,0,14,410,264,192,Medium
2025-06-25,Visakhapatnam,2,2,0,13,1111,660,378,Medium
2025-04-16,Guntur,18,2,0,8,1242,760,429,High
2025-10-31,Warangal,6,4,0,3,1249,699,315,Medium
2025-11-24,Visakhapatnam,2,0,0,2,734,421,279,Low
2025-06-06,Visakhapatnam,9,4,0,8,845,627,448,Medium
2025-06-26,Kurnool,1,3,0,3,1253,751,652,Medium
2025-06-13,Tirupati,17,4,0,8,930,638,328,Medium
2025-05-20,Nellore,1,1,0,14,686,307,410,Medium
2025-06-16,Nizamabad,18,0,0,7,241,136,111,Medium
2025-04-18,Secunderabad,9,4,0,4,604,245,158,Medium
2025-08-02,Nellore,13,5,0,9,1095,863,318,Medium
2025-06-03,Visakhapatnam,6,1,0,7,1080,789,326,Medium
2025-02-14,Guntur,7,4,1,7,205,86,55,Medium
2025-10-24,Visakhapatnam,6,4,0,10,1497,1189,785,Medium
2025-02-27,Visakhapatnam,9,3,0,3,1093,612,294,Medium
2025-12-30,Nizamabad,12,1,0,10,1439,773,449,Medium
2025-07-29,Vijayawada,4,1,0,10,707,447,339,Medium
2025-02-10,Guntur,15,0,0,14,785,540,387,Medium
2025-04-14,Vijayawada,1,0,0,11,1139,523,615,Medium
2025-10-21,Guntur,1,1,0,7,1493,668,705,Medium
2025-12-25,Hyderabad,12,3,0,2,229,138,56,Low
2025-05-04,Kurnool,2,6,0,2,757,398,260,Low
2025-05-01,Warangal,19,3,0,5,1013,438,497,Medium
2025-11-01,Nizamabad,0,5,0,9,622,451,292,Medium
2025-12-08,Tirupati,23,0,0,6,734,341,212,Low
2025-09-06,Vijayawada,19,5,0,4,1015,715,414,High
2025-05-20,Nizamabad,11,1,0,10,608,437,234,Medium
2025-01-22,Secunderabad,9,2,0,5,322,204,139,Low
2025-10-10,Secunderabad,13,4,0,2,1475,766,420,Medium
2025-10-06,Hyderabad,15,0,0,12,440,234,103,Medium
2025-01-18,Secunderabad,14,5,0,6,787,500,395,Medium
2025-07-09,Kurnool,11,2,0,6,247,135,122,Low
2025-12-20,Visakhapatnam,19,5,0,14,1265,974,586,High
2025-01-26,Secunderabad,21,6,0,7,1163,626,496,High
2025-12-11,Hyderabad,17,3,0,10,1130,574,581,High
2025-06-11,Guntur,14,2,0,14,915,562,528,Medium
2025-08-22,Nellore,8,4,0,3,1390,664,561,Medium
2025-07-09,Vijayawada,22,2,0,12,639,391,213,Medium
2025-02-27,Nellore,4,3,0,5,642,429,232,Low
2025-06-27,Warangal,1,4,0,12,566,228,288,Medium
2025-06-27,Kurnool,6,4,0,3,1108,676,361,Low
2025-05-21,Guntur,5,2,0,4,731,536,377,Low
2025-11-29,Nizamabad,14,5,0,5,843,643,181,Medium
2025-02-28,Tirupati,6,4,0,8,1126,643,289,Medium
2025-04-11,Warangal,9,4,0,4,574,452,224,Medium
2025-06-07,Visakhapatnam,16,5,0,8,1218,779,508,Medium
2025-01-01,Nizamabad,6,2,0,4,255,179,110,Low
2025-08-15,Nizamabad,1,4,0,7,129,90,43,Low
2025-03-22,Nizamabad,15,5,1,6,459,260,145,Medium
2025-08-21,Nellore,0,3,0,7,680,402,188,Low
2025-07-26,Vijayawada,15,5,0,9,1292,724,376,High
2025-01-04,Nellore,13,5,0,10,360,199,171,Medium
2025-07-11,Hyderabad,6,4,0,9,1405,589,639,Medium
2025-11-25,Secunderabad,23,1,0,8,1476,1024,391,Medium
2025-01-08,Hyderabad,7,2,0,5,1409,1107,594,High
2025-08-28,Kurnool,19,3,1,3,807,602,395,High
2025-11-30,Nellore,12,6,0,5,675,509,394,Medium
2025-11-08,Nellore,4,5,0,13,1393,1067,414,High
2025-01-03,Nizamabad,6,4,0,12,1407,775,819,Medium
2025-05-19,Guntur,23,0,1,10,711,390,339,Medium
2025-08-08,Visakhapatnam,4,4,0,6,1350,942,507,Medium
2025-02-06,Nizamabad,9,3,0,11,1315,666,482,High
2025-11-09,Guntur,1,6,0,9,217,104,119,Low
2025-04-30,Visakhapatnam,12,2,0,3,707,334,318,Low
2025-07-01,Nellore,7,1,0,8,1368,691,400,High
2025-01-08,Vijayawada,12,2,0,10,587,434,302,Low
2025-08-16,Visakhapatnam,7,5,0,12,391,269,85,Medium
2025-06-13,Warangal,22,4,0,14,335,144,167,Medium
2025-11-30,Vijayawada,3,6,1,12,333,192,167,Medium
2025-03-06,Kurnool,18,3,0,2,1310,874,649,Medium
2025-12-30,Tirupati,20,1,0,9,1323,822,360,High
2025-01-25,Guntur,11,5,1,14,848,562,448,High
2025-12-19,Tirupati,2,4,0,4,1192,699,536,Medium
2025-06-20,Tirupati,7,4,0,14,1165,489,320,High
2025-05-18,Secunderabad,19,6,0,8,1422,724,528,High
2025-07-25,Visakhapatnam,21,4,0,11,1458,834,844,High
2025-02-02,Secunderabad,14,6,0,7,1099,741,462,Medium
2025-09-19,Visakhapatnam,15,4,0,10,947,546,440,Medium
2025-08-20,Hyderabad,15,2,0,12,651,283,318,Medium
2025-05-04,Nellore,16,6,0,6,423,184,141,Low
2025-02-18,Guntur,19,1,1,12,931,606,299,High
2025-11-29,Secunderabad,4,5,0,4,292,121,69,Low
2025-09-24,Nizamabad,16,2,1,14,1040,717,511,High
2025-12-22,Guntur,18,0,0,5,424,245,87,Medium
2025-09-21,Vijayawada,19,6,0,3,157,90,33,Medium
2025-10-03,Tirupati,1,4,1,8,369,174,129,Medium
2025-07-05,Secunderabad,20,5,0,11,1068,737,553,High
2025-10-12,Vijayawada,21,6,0,13,1268,508,604,High
2025-09-10,Secunderabad,20,2,0,6,215,94,121,Medium
2025-01-26,Vijayawada,14,6,0,13,852,391,446,Medium
2025-08-06,Warangal,16,2,0,3,1277,723,256,Medium
2025-02-22,Nizamabad,8,5,0,8,803,394,333,High
2025-09-26,Nellore,11,4,0,9,1064,586,622,Medium
2025-07-20,Nizamabad,20,6,0,4,429,308,119,Medium
2025-12-13,Warangal,21,5,0,13,222,171,54,High
2025-05-19,Tirupati,13,0,0,12,326,143,132,Low
2025-05-20,Vijayawada,6,1,0,11,910,364,254,Medium
2025-12-13,Kurnool,9,5,0,8,394,214,112,Medium
2025-05-11,Nellore,0,6,0,12,1441,770,548,High
2025-08-13,Visakhapatnam,16,2,0,4,125,72,41,Low
2025-09-10,Warangal,3,2,0,13,501,298,117,Medium
2025-12-10,Nizamabad,13,2,1,10,447,215,244,Medium
2025-11-23,Tirupati,10,6,0,8,816,492,419,High
2025-02-07,Tirupati,4,4,1,8,369,227,187,Medium
2025-02-15,Kurnool,7,5,0,4,269,159,102,Medium
2025-09-03,Hyderabad,3,2,0,9,1003,780,472,Medium
2025-05-07,Tirupati,13,2,1,11,1383,833,642,High
2025-08-21,Guntur,8,3,0,2,363,234,85,Low
2025-01-10,Hyderabad,13,4,1,13,1405,879,296,High
2025-08-07,Guntur,4,3,0,11,1301,908,716,Medium
2025-09-21,Kurnool,20,6,0,11,478,341,143,High
2025-07-13,Secunderabad,11,6,0,6,1211,655,259,Medium
2025-09-17,Hyderabad,3,2,1,6,141,57,45,Low
2025-11-06,Secunderabad,18,3,0,10,1304,573,461,High
2025-04-29,Vijayawada,9,1,0,12,769,505,262,Medium
2025-05-11,Secunderabad,4,6,0,7,754,392,353,Medium
2025-09-06,Visakhapatnam,7,5,0,13,334,246,80,Medium
2025-03-18,Guntur,15,1,0,3,1436,959,394,Medium
2025-10-21,Tirupati,17,1,0,8,1023,479,264,High
2025-06-19,Visakhapatnam,18,3,0,14,1422,833,732,High
2025-10-09,Vijayawada,23,3,1,11,1213,503,581,High
2025-06-18,Warangal,16,2,0,9,1040,747,398,Medium
2025-08-18,Guntur,10,0,0,13,748,303,316,Medium
2025-03-01,Nizamabad,18,5,0,13,363,150,204,High
2025-07-30,Tirupati,21,2,1,10,923,711,491,High
2025-10-15,Guntur,21,2,0,4,664,498,303,Medium
2025-09-15,Kurnool,0,0,0,13,549,350,322,Medium
2025-03-27,Hyderabad,3,3,1,10,1089,845,592,High
2025-05-07,Secunderabad,15,2,0,10,375,259,178,Low
2025-02-01,Tirupati,16,5,0,12,458,280,178,Medium
2025-05-20,Nellore,22,1,0,5,402,309,236,Low
2025-04-20,Warangal,18,6,0,5,1191,531,286,High
2025-03-08,Hyderabad,11,5,1,5,418,167,196,Medium
2025-09-21,Secunderabad,21,6,0,10,652,416,180,High
2025-07-30,Warangal,13,2,0,5,1463,1019,328,Medium
2025-12-28,Nellore,23,6,0,2,196,78,46,Low
2025-05-02,Kurnool,21,4,0,9,143,98,29,Medium
2025-12-24,Warangal,22,2,1,11,453,324,209,Medium
2025-09-30,Kurnool,23,1,0,10,934,673,511,Medium
2025-03-07,Warangal,12,4,0,11,664,374,175,Medium
2025-04-29,Hyderabad,7,1,0,6,1074,462,548,Medium
2025-05-22,Vijayawada,23,3,0,14,1050,528,428,Medium
2025-04-22,Kurnool,19,1,0,12,159,76,59,Medium
2025-02-03,Secunderabad,22,0,1,7,694,305,397,Medium
2025-05-31,Secunderabad,18,5,0,8,1066,476,326,High
2025-06-30,Visakhapatnam,7,0,0,8,1490,896,829,High
2025-04-06,Tirupati,22,6,0,6,1369,928,285,Medium
2025-05-04,Nizamabad,20,6,0,11,744,544,315,High
2025-03-05,Vijayawada,0,2,0,12,1352,627,481,Medium
2025-04-04,Kurnool,14,4,0,3,973,462,510,Low
2025-10-27,Vijayawada,21,0,0,11,236,123,102,Medium
2025-02-07,Tirupati,5,4,0,2,1354,1049,773,Medium
2025-06-21,Guntur,21,5,0,13,1057,568,221,High
2025-03-20,Guntur,4,3,0,2,1072,494,520,Low
2025-03-05,Nizamabad,6,2,0,7,1310,882,320,Medium
2025-10-13,Secunderabad,2,0,0,5,627,317,135,Low
2025-02-25,Nellore,16,1,0,3,845,582,498,Low
2025-09-06,Nizamabad,15,5,0,13,1219,512,460,High
2025-03-16,Visakhapatnam,11,6,0,5,792,554,212,Medium
2025-06-12,Visakhapatnam,17,3,0,10,457,192,109,Medium
2025-08-02,Hyderabad,21,5,0,3,393,196,192,Medium
2025-08-31,Nizamabad,14,6,1,6,1448,806,815,High
2025-12-31,Nellore,19,2,0,4,317,161,84,Medium
2025-01-25,Vijayawada,8,5,0,4,957,672,372,Medium
2025-02-08,Warangal,19,5,0,12,506,348,146,High
2025-11-03,Guntur,22,0,0,8,413,239,141,Low
2025-12-10,Hyderabad,5,2,0,5,275,133,135,Low
2025-02-04,Visakhapatnam,2,1,0,8,1244,686,469,Medium
2025-06-11,Visakhapatnam,4,2,0,4,467,265,193,Low
2025-05-22,Warangal,13,3,0,5,1493,888,493,Medium
2025-01-28,Hyderabad,18,1,0,4,1315,723,577,High
2025-07-18,Warangal,21,4,0,14,389,160,182,Medium
2025-12-20,Tirupati,3,5,0,7,200,152,60,Low
2025-03-08,Nizamabad,23,5,0,6,369,260,140,Low
2025-12-01,Visakhapatnam,21,0,0,14,406,197,125,Medium
2025-09-29,Nizamabad,17,0,0,14,1062,645,518,High
2025-02-01,Secunderabad,0,5,0,4,183,116,58,Low
2025-05-14,Guntur,8,2,0,5,322,213,192,Low
2025-12-21,Nellore,1,6,0,13,345,256,183,Medium
2025-08-17,Tirupati,0,6,0,10,221,167,107,Medium
2025-06-14,Visakhapatnam,1,5,0,12,748,447,175,Medium
2025-11-27,Tirupati,21,3,0,2,359,151,117,Low
2025-09-28,Guntur,6,6,0,13,327,221,194,Medium
2025-05-17,Nizamabad,14,5,0,12,1016,627,406,Medium
2025-06-02,Tirupati,13,0,0,13,885,362,311,Medium
2025-12-06,Nellore,4,5,0,8,1028,555,422,Medium
2025-05-18,Tirupati,5,6,0,4,1220,867,279,Medium
2025-03-12,Guntur,22,2,0,4,1182,556,460,Medium
2025-11-18,Tirupati,10,1,0,3,1401,599,807,Medium
2025-05-27,Secunderabad,3,1,0,8,276,163,91,Low
2025-02-15,Nizamabad,14,5,1,4,1031,570,416,High
2025-05-29,Nellore,18,3,0,2,1026,697,208,Medium
2025-05-28,Nizamabad,23,2,0,5,589,336,230,Low
2025-11-20,Nellore,10,3,1,5,508,258,180,Medium
2025-07-17,Nizamabad,1,3,0,4,984,523,302,Low
2025-05-14,Secunderabad,8,2,1,6,378,154,214,Medium
2025-03-15,Tirupati,7,5,0,2,1306,657,651,High
2025-05-27,Kurnool,9,1,0,10,1062,521,245,High
2025-09-20,Hyderabad,18,5,0,3,1407,631,289,High
2025-12-06,Warangal,19,5,1,12,1176,875,392,High
2025-10-30,Secunderabad,17,3,0,14,465,196,267,Medium
2025-12-26,Vijayawada,18,4,0,12,822,600,466,High
2025-06-18,Vijayawada,4,2,0,3,1108,821,455,Low
2025-11-29,Nellore,0,5,0,5,1297,571,771,Medium
2025-09-26,Tirupati,3,4,0,12,1432,611,587,Medium
2025-05-26,Secunderabad,9,0,0,2,541,352,122,Low
2025-05-02,Warangal,1,4,0,12,880,430,370,Medium
2025-05-06,Hyderabad,17,1,0,3,179,82,82,Low
2025-06-01,Hyderabad,18,6,0,7,923,441,399,High
2025-05-20,Warangal,10,1,1,12,124,64,61,Medium
2025-08-15,Guntur,23,4,0,6,114,78,67,Low
2025-04-24,Kurnool,23,3,0,4,149,103,68,Low
2025-11-10,Warangal,22,0,0,4,150,63,82,Low
2025-12-29,Vijayawada,13,0,0,5,930,640,391,Low
2025-06-04,Warangal,18,2,1,6,736,464,153,High
2025-07-29,Secunderabad,1,1,0,9,1448,625,818,Medium
2025-10-07,Tirupati,0,1,0,2,1442,726,651,Medium
2025-08-02,Tirupati,20,5,0,13,175,78,77,High
2025-08-18,Visakhapatnam,3,0,0,13,485,282,216,Medium
2025-12-02,Secunderabad,7,1,0,6,244,132,120,Low
2025-11-24,Nizamabad,11,0,0,8,1368,1092,620,Medium
2025-03-12,Nellore,14,2,0,3,1118,529,246,Low
2025-05-31,Nizamabad,8,5,0,7,1294,855,736,High
2025-01-02,Visakhapatnam,18,3,0,3,416,300,126,Medium
2025-02-19,Visakhapatnam,15,2,0,8,1174,477,688,Medium
2025-09-22,Nellore,11,0,0,4,318,190,166,Low
2025-09-29,Vijayawada,15,0,0,13,1485,748,792,High
2025-12-28,Tirupati,21,6,1,10,1163,531,502,High
2025-08-03,Nellore,10,6,0,13,292,158,151,Medium
2025-11-16,Secunderabad,2,6,1,10,1479,762,512,High
2025-04-21,Nizamabad,21,0,0,14,659,482,241,High
2025-10-07,Warangal,13,1,0,12,1104,779,586,Medium
2025-04-19,Guntur,4,5,0,7,1387,1064,577,Medium
2025-06-20,Secunderabad,9,4,0,10,672,332,343,Medium
2025-01-16,Hyderabad,12,3,1,5,1489,1143,681,High
2025-10-21,Nizamabad,13,1,0,2,904,648,282,Low
2025-02-15,Warangal,7,5,0,9,416,214,235,Medium
2025-04-23,Visakhapatnam,10,2,0,9,1104,569,573,High
2025-11-24,Vijayawada,0,0,0,8,108,83,44,Low
2025-09-16,Tirupati,8,1,0,5,910,442,334,Medium
2025-11-28,Nellore,20,4,0,4,908,652,400,Medium
2025-06-03,Tirupati,0,1,0,2,826,531,189,Low
2025-04-06,Tirupati,9,6,0,6,174,123,66,Medium
2025-03-18,Hyderabad,2,1,0,13,1128,862,663,Medium
2025-05-22,Nizamabad,21,3,0,11,967,615,291,High
2025-02-10,Vijayawada,3,0,0,6,605,348,245,Low
2025-04-29,Visakhapatnam,0,1,0,5,270,182,151,Low
2025-05-13,Nellore,13,1,0,7,1023,475,323,Medium
2025-08-04,Secunderabad,12,0,0,7,979,506,541,Medium
2025-05-17,Nizamabad,3,5,0,5,164,71,79,Low
2025-04-15,Guntur,17,1,0,5,315,133,174,Medium
2025-11-11,Nizamabad,5,1,0,11,661,432,315,Medium
2025-12-15,Guntur,14,0,0,8,549,394,221,Low
2025-05-17,Visakhapatnam,1,5,0,4,809,504,434,Medium
2025-08-10,Tirupati,1,6,0,8,561,368,273,Medium
2025-03-30,Visakhapatnam,5,6,0,14,913,419,187,High
2025-05-26,Tirupati,9,0,0,5,817,465,457,Medium
2025-04-22,Tirupati,10,1,0,2,922,721,383,Medium
2025-05-01,Secunderabad,5,3,1,3,1238,626,463,Medium
2025-07-04,Guntur,12,4,0,8,1454,641,717,Medium
2025-02-17,Visakhapatnam,18,0,0,10,736,358,310,Medium
2025-04-13,Vijayawada,14,6,1,10,1322,535,432,High
2025-05-02,Nellore,19,4,0,3,361,273,162,Medium
2025-07-18,Kurnool,15,4,0,12,779,553,348,Medium
2025-04-26,Visakhapatnam,3,5,0,8,212,119,76,Low
2025-10-02,Kurnool,12,3,0,3,208,136,85,Low
2025-06-16,Warangal,1,0,0,10,447,324,116,Low
2025-02-23,Nizamabad,20,6,0,14,1243,606,282,High
2025-08-27,Nellore,2,2,0,2,789,408,266,Low
2025-02-22,Hyderabad,6,5,0,2,156,117,61,Low
2025-03-11,Tirupati,22,1,0,5,1113,692,235,Medium
2025-05-12,Nellore,21,0,0,14,1004,668,314,High
2025-04-20,Nizamabad,2,6,0,3,1180,791,483,Medium
2025-09-08,Guntur,2,0,0,4,842,502,392,Low
2025-03-02,Nellore,22,6,0,3,982,486,456,Medium
2025-07-06,Nizamabad,16,6,0,11,699,529,399,Medium
2025-04-23,Nizamabad,18,2,0,10,318,135,64,Medium
2025-04-25,Kurnool,5,4,0,10,600,351,251,Medium
2025-09-29,Kurnool,9,0,0,9,694,485,415,Medium
2025-12-17,Nizamabad,15,2,0,4,383,275,187,Low
2025-08-22,Nellore,11,4,0,3,808,554,385,Low
2025-05-11,Nizamabad,1,6,0,9,449,299,197,Medium
2025-08-01,Nizamabad,6,4,0,4,604,311,149,Low
2025-09-22,Nizamabad,23,0,0,9,109,82,29,Low
2025-07-13,Visakhapatnam,16,6,0,6,1197,799,690,Medium
2025-05-27,Nizamabad,23,1,0,13,478,357,158,Medium
2025-09-25,Vijayawada,20,3,0,2,749,406,408,Medium
2025-11-11,Vijayawada,13,1,0,8,765,362,346,Medium
2025-06-22,Guntur,12,6,0,9,627,381,186,Medium
2025-12-10,Nizamabad,17,2,0,8,924,719,482,Medium
2025-04-28,Vijayawada,5,0,0,13,522,352,174,Medium
2025-04-25,Guntur,23,4,0,5,232,123,130,Low
2025-05-16,Hyderabad,8,4,0,11,778,432,402,Medium
2025-03-29,Kurnool,19,5,0,8,653,440,220,High
2025-03-13,Tirupati,19,3,0,6,523,264,185,Medium
2025-10-22,Nizamabad,0,2,0,9,571,423,264,Low
2025-08-01,Guntur,6,4,0,3,606,463,124,Low
2025-05-08,Nizamabad,10,3,0,7,722,302,413,Medium
2025-07-16,Hyderabad,20,2,0,12,1069,434,393,High
2025-08-14,Vijayawada,15,3,0,12,1274,800,593,Medium
2025-10-30,Secunderabad,17,3,0,5,1126,778,310,Medium
2025-10-14,Kurnool,21,1,0,13,767,407,351,High
2025-08-20,Guntur,17,2,0,8,889,411,389,Medium
2025-07-07,Warangal,1,0,0,4,1471,685,653,Medium
2025-02-26,Warangal,11,2,0,2,183,113,40,Low
2025-01-27,Warangal,10,0,0,11,1148,893,627,High
2025-05-23,Guntur,3,4,0,12,1109,479,522,Medium
2025-01-25,Vijayawada,22,5,1,10,1407,860,834,High
2025-03-04,Guntur,15,1,0,3,930,483,251,Low
2025-06-28,Guntur,0,5,1,5,1017,752,411,High
2025-07-08,Secunderabad,2,1,0,14,134,68,78,Low
2025-02-09,Guntur,20,6,0,10,550,350,116,High
2025-05-01,Vijayawada,7,3,0,9,140,87,72,Medium
2025-12-18,Kurnool,9,3,0,9,934,722,283,Medium
2025-01-17,Nellore,0,4,0,4,318,130,81,Low
2025-01-14,Kurnool,10,1,0,12,1154,695,332,High
2025-02-25,Nizamabad,7,1,0,5,899,447,454,Medium
2025-08-22,Hyderabad,13,4,0,7,799,451,266,Low
2025-10-21,Vijayawada,16,1,0,5,538,274,228,Low
2025-06-14,Hyderabad,18,5,0,13,1255,737,523,High
2025-04-16,Warangal,0,2,0,5,613,471,193,Low
2025-09-24,Guntur,12,2,0,4,228,168,63,Low
2025-02-23,Visakhapatnam,0,6,0,5,1474,682,850,Medium
2025-03-25,Kurnool,23,1,0,12,189,86,68,Low
2025-11-11,Nizamabad,11,1,0,2,221,166,100,Low
2025-05-07,Visakhapatnam,3,2,0,5,863,405,494,Low
2025-11-23,Guntur,17,6,0,13,916,645,188,High
2025-03-07,Hyderabad,20,4,0,9,656,473,323,Medium
2025-10-13,Nizamabad,20,0,1,5,1148,653,313,High
2025-11-27,Guntur,19,3,0,3,1132,605,593,Medium
2025-10-02,Vijayawada,21,3,0,4,226,152,74,Low
2025-01-29,Kurnool,2,2,0,13,358,265,180,Low
2025-09-15,Nizamabad,0,0,0,6,1426,683,437,Medium
2025-11-12,Nellore,22,2,0,4,769,345,452,Low
2025-05-27,Secunderabad,12,1,0,9,1302,1019,294,Medium
2025-04-25,Kurnool,15,4,0,5,214,165,122,Low
2025-01-28,Vijayawada,4,1,1,10,957,456,375,High
2025-07-22,Warangal,19,1,0,10,214,142,47,Medium
2025-03-10,Tirupati,11,0,0,6,951,691,438,Medium
2025-03-27,Vijayawada,6,3,0,7,471,264,106,Low
2025-04-11,Secunderabad,9,4,0,7,1170,894,299,Medium
2025-02-09,Vijayawada,9,6,1,6,1407,811,300,High
2025-02-09,Visakhapatnam,10,6,0,14,682,500,144,High
2025-09-05,Hyderabad,1,4,0,3,1388,726,640,Medium
2025-12-16,Vijayawada,13,1,0,4,696,511,154,Low
2025-01-04,Visakhapatnam,4,5,0,11,268,203,140,Medium
2025-10-16,Tirupati,11,3,0,13,1275,647,327,Medium
2025-04-05,Nellore,16,5,0,4,1482,623,863,Medium
2025-09-03,Kurnool,10,2,0,11,793,575,239,Medium
2025-09-09,Nizamabad,10,1,0,11,343,175,193,Medium
2025-08-07,Kurnool,20,3,0,13,201,80,80,Medium
2025-04-19,Warangal,4,5,0,14,962,747,250,High
2025-12-09,Warangal,7,1,0,3,358,229,213,Low
2025-04-14,Kurnool,6,0,0,9,387,270,180,Low
2025-09-02,Nellore,17,1,0,7,1095,551,324,High
2025-02-26,Visakhapatnam,0,2,1,13,505,349,239,Medium
2025-06-08,Kurnool,9,6,0,4,838,658,342,Medium
2025-02-15,Hyderabad,7,5,0,8,665,363,257,Medium
2025-08-17,Visakhapatnam,12,6,0,11,1055,635,443,Medium
2025-02-22,Nizamabad,18,5,0,4,1005,773,265,High
2025-09-10,Nellore,20,2,0,12,1020,772,442,High
2025-02-05,Nizamabad,6,2,0,3,374,206,177,Low
2025-03-18,Vijayawada,21,1,0,7,541,413,127,Medium
2025-04-22,Kurnool,3,1,0,5,1075,757,265,Medium
2025-08-02,Secunderabad,15,5,0,13,493,272,188,Medium
2025-12-08,Visakhapatnam,18,0,0,10,820,387,426,High
2025-08-18,Secunderabad,17,0,0,2,1346,1073,306,Medium
2025-02-03,Secunderabad,0,0,0,2,724,543,236,Low
2025-03-24,Kurnool,12,0,0,3,1375,800,705,Medium
2025-06-02,Nizamabad,22,0,0,6,960,734,374,Medium
2025-03-19,Visakhapatnam,8,2,0,4,780,576,417,Medium
2025-07-29,Vijayawada,17,1,1,5,586,340,226,High
2025-08-17,Guntur,8,6,0,11,247,142,69,Medium
2025-08-31,Vijayawada,17,6,0,10,296,180,112,Medium
2025-05-20,Nizamabad,19,1,0,6,1077,720,218,Medium
2025-04-23,Nellore,17,2,0,13,995,516,268,High
2025-07-21,Warangal,12,0,0,8,1185,834,353,Medium
2025-11-04,Guntur,3,1,0,13,1219,797,411,Medium
2025-08-21,Vijayawada,18,3,0,8,236,178,114,Medium
2025-09-22,Secunderabad,21,0,0,4,731,507,211,Medium
2025-08-05,Tirupati,8,1,0,11,141,68,72,Medium
2025-02-04,Nizamabad,8,1,1,9,379,266,196,Medium
2025-08-13,Visakhapatnam,14,2,0,11,963,537,301,Medium
2025-07-28,Nellore,20,0,0,13,732,383,148,High
2025-02-12,Warangal,13,2,0,6,154,123,36,Low
2025-08-14,Visakhapatnam,8,3,0,12,1196,655,568,High
2025-03-16,Tirupati,9,6,0,7,1488,828,435,High
2025-03-16,Secunderabad,6,6,0,8,359,193,89,Low
2025-06-14,Nellore,21,5,0,12,515,265,224,High
2025-09-09,Kurnool,2,1,0,14,174,118,50,Low
2025-11-08,Secunderabad,14,5,0,11,934,457,451,Medium
2025-09-03,Visakhapatnam,20,2,0,12,503,249,297,Medium
2025-10-25,Tirupati,8,5,0,10,807,355,185,High
2025-08-30,Secunderabad,13,5,0,3,990,770,421,Medium
2025-08-16,Guntur,16,5,0,3,296,236,124,Low
2025-06-12,Warangal,7,3,0,7,637,348,347,Medium
2025-09-20,Kurnool,13,5,1,13,873,557,362,High
2025-06-07,Vijayawada,16,5,0,13,289,163,127,Medium
2025-08-04,Secunderabad,17,0,0,14,619,406,282,High
2025-05-17,Warangal,3,5,0,8,1182,685,318,Medium
2025-04-22,Secunderabad,22,1,0,11,781,316,409,Medium
2025-12-09,Nizamabad,5,1,0,3,228,129,130,Low
2025-08-12,Vijayawada,8,1,0,12,152,69,39,Medium
2025-08-19,Visakhapatnam,9,1,0,3,746,452,157,Medium
2025-11-16,Guntur,7,6,0,13,1253,578,583,High
2025-05-24,Kurnool,0,5,0,13,1467,687,415,High
2025-11-28,Nizamabad,6,4,0,13,1278,887,476,Medium
2025-09-23,Hyderabad,6,1,0,6,592,468,287,Low
2025-10-28,Nellore,10,1,0,5,246,124,128,Low
2025-07-29,Secunderabad,7,1,0,13,665,285,295,Medium
2025-05-26,Guntur,16,0,0,11,1325,997,278,Medium
2025-08-28,Hyderabad,6,3,0,5,530,273,196,Low
2025-08-06,Hyderabad,23,2,0,6,1196,560,327,Medium
2025-08-02,Nizamabad,12,5,0,6,1242,897,427,Medium
2025-10-29,Tirupati,10,2,0,7,826,404,394,Medium
2025-09-16,Hyderabad,23,1,0,8,1442,578,561,Medium
2025-02-21,Warangal,11,4,0,8,447,283,148,Low
2025-08-02,Hyderabad,8,5,0,3,1393,779,750,High
2025-01-04,Nellore,23,5,0,5,1285,753,286,Medium
2025-09-11,Warangal,18,3,0,10,624,380,289,Medium
2025-05-23,Vijayawada,20,4,1,9,1149,463,424,High
2025-04-17,Nizamabad,15,3,0,10,620,384,305,Medium
2025-04-01,Vijayawada,4,1,0,6,247,117,86,Low
2025-01-10,Warangal,4,4,1,7,242,147,54,Medium
2025-08-15,Nellore,1,4,0,9,435,320,169,Low
2025-06-09,Warangal,16,0,0,12,632,469,297,Medium
2025-01-03,Visakhapatnam,7,4,0,13,1379,964,548,High
2025-02-05,Vijayawada,19,2,0,3,330,155,190,Low
2025-12-02,Hyderabad,15,1,0,10,1236,734,621,Medium
2025-07-14,Warangal,9,0,0,4,887,509,267,Medium
2025-09-28,Visakhapatnam,0,6,0,5,1141,644,249,Medium
2025-10-08,Vijayawada,2,2,0,3,128,79,67,Low
2025-10-26,Tirupati,6,6,1,3,214,99,49,Medium
2025-05-27,Hyderabad,9,1,0,2,1496,866,693,Medium
2025-08-15,Vijayawada,10,4,1,13,848,580,298,High
2025-05-08,Nellore,23,3,0,11,535,346,137,Medium
2025-03-29,Guntur,5,5,0,3,436,229,185,Low
2025-01-15,Tirupati,9,2,0,2,1017,791,230,Medium
2025-05-27,Guntur,11,1,0,8,780,487,300,Medium
2025-12-16,Guntur,4,1,0,11,520,257,210,Medium
2025-04-12,Warangal,2,5,0,5,469,261,220,Low
2025-04-04,Vijayawada,21,4,0,13,948,689,317,High
2025-09-24,Tirupati,4,2,0,3,1077,432,359,Low
2025-09-30,Kurnool,3,1,0,3,468,303,222,Low
2025-05-05,Secunderabad,7,0,0,8,477,282,157,Medium
2025-06-21,Secunderabad,11,5,0,13,1347,923,575,High
2025-01-21,Nellore,14,1,0,11,960,423,256,Medium
2025-11-03,Vijayawada,8,0,0,14,565,243,166,Medium
2025-05-29,Nellore,22,3,0,6,917,505,237,Low
2025-09-26,Guntur,20,4,0,14,917,369,407,High
2025-03-21,Warangal,23,4,0,8,258,159,124,Low
2025-06-17,Secunderabad,10,1,0,6,375,230,120,Medium
2025-01-25,Kurnool,20,5,0,6,595,442,354,Medium
2025-09-03,Warangal,16,2,0,13,1358,1060,520,Medium
2025-08-05,Warangal,4,1,0,11,919,545,369,Medium
2025-05-28,Guntur,3,2,0,7,702,440,307,Low
2025-10-24,Nizamabad,18,4,1,8,1099,724,414,High
2025-07-08,Visakhapatnam,18,1,0,11,1415,662,519,High
2025-01-26,Secunderabad,21,6,0,5,747,515,151,Medium
2025-06-14,Nizamabad,4,5,0,5,334,251,138,Low
2025-05-19,Visakhapatnam,2,0,0,7,933,460,395,Medium
2025-11-24,Warangal,12,0,0,5,1219,556,710,Medium
2025-12-10,Guntur,19,2,1,9,690,383,300,High
2025-07-18,Vijayawada,20,4,0,11,1424,769,400,High
2025-05-23,Kurnool,21,4,0,7,381,272,79,Medium
2025-08-17,Tirupati,22,6,0,5,441,187,238,Low
2025-04-11,Secunderabad,9,4,0,2,583,408,247,Low
2025-02-14,Vijayawada,0,4,0,6,303,154,91,Low
2025-09-27,Kurnool,21,5,1,10,1195,939,629,High
2025-06-11,Kurnool,20,2,0,7,935,519,402,Medium
2025-11-23,Hyderabad,3,6,0,5,689,539,233,Medium
2025-11-26,Secunderabad,5,2,0,10,881,494,277,Medium
2025-09-29,Warangal,0,0,0,8,653,280,221,Low
2025-09-23,Hyderabad,22,1,0,9,228,150,94,Low
2025-09-14,Visakhapatnam,3,6,0,2,521,353,307,Low
2025-06-25,Kurnool,4,2,0,6,1321,882,562,Medium
2025-05-18,Guntur,2,6,0,2,401,196,136,Low
2025-02-20,Warangal,9,3,0,13,1340,1065,802,High
2025-07-15,Warangal,4,1,0,10,1467,741,689,Medium
2025-07-22,Secunderabad,10,1,0,13,1256,975,744,High
2025-02-11,Nizamabad,23,1,0,2,736,474,173,Low
2025-09-27,Nizamabad,7,5,0,3,1484,1025,798,High
2025-11-19,Hyderabad,2,2,0,13,970,455,269,Medium
2025-08-31,Visakhapatnam,16,6,0,12,437,336,110,Medium
2025-05-03,Kurnool,14,5,0,6,1332,1063,479,Medium
2025-10-31,Secunderabad,9,4,0,4,580,303,168,Medium
2025-08-06,Secunderabad,5,2,0,6,637,269,205,Low
2025-05-02,Tirupati,19,4,0,5,995,535,456,Medium
2025-10-29,Visakhapatnam,2,2,0,11,283,203,140,Low
2025-04-08,Nellore,14,1,0,12,1024,669,568,Medium
2025-08-12,Vijayawada,19,1,1,13,755,559,226,High
2025-07-30,Hyderabad,16,2,0,14,923,499,298,Medium
2025-04-04,Kurnool,7,4,0,11,913,502,289,Medium
2025-10-13,Nellore,1,0,0,13,1354,704,665,Medium
2025-09-08,Warangal,21,0,0,3,1353,750,770,Medium
2025-10-02,Vijayawada,11,3,0,10,1031,518,577,Medium
2025-11-11,Nellore,21,1,0,10,339,221,93,Medium
2025-11-13,Nellore,2,3,0,8,649,375,193,Low
2025-02-15,Vijayawada,21,5,0,2,1186,928,396,High
2025-12-06,Tirupati,13,5,0,6,543,352,303,Medium
2025-11-09,Hyderabad,6,6,0,4,1173,796,605,Medium
2025-07-30,Tirupati,23,2,0,3,181,120,67,Low
2025-10-24,Warangal,7,4,0,2,1253,923,504,Medium
2025-05-15,Secunderabad,21,3,0,11,985,601,481,High
2025-06-27,Tirupati,0,4,1,11,1415,678,285,High
2025-01-21,Secunderabad,6,1,0,8,1035,565,478,Medium
2025-04-27,Kurnool,3,6,0,11,140,106,42,Medium
2025-03-10,Tirupati,11,0,1,11,616,442,242,Medium
2025-05-24,Warangal,6,5,0,5,220,145,96,Low
2025-12-28,Tirupati,15,6,0,7,455,292,205,Medium
2025-03-19,Hyderabad,6,2,0,9,1076,847,581,Medium
2025-09-01,Nizamabad,6,0,0,13,1223,600,453,Medium
2025-11-14,Nellore,18,4,0,11,378,163,106,Medium
2025-08-22,Vijayawada,1,4,0,11,1403,950,528,Medium
2025-08-27,Kurnool,20,2,0,3,1280,555,616,Medium
2025-10-07,Tirupati,21,1,0,12,1172,516,664,High
2025-03-02,Secunderabad,14,6,0,9,1394,1081,600,High
2025-09-08,Kurnool,7,0,0,8,1270,998,589,High
2025-04-02,Warangal,19,2,0,4,613,334,350,Medium
2025-01-16,Kurnool,11,3,0,5,1078,774,393,Medium
2025-10-25,Warangal,15,5,0,4,867,440,174,Medium
2025-08-04,Warangal,13,0,0,9,670,381,146,Low
2025-03-25,Nellore,13,1,0,13,1297,1001,569,Medium
2025-06-19,Warangal,14,3,0,6,1345,1033,662,Medium
2025-07-31,Vijayawada,13,3,0,11,118,50,35,Low
2025-08-02,Guntur,21,5,0,3,533,284,210,Medium
2025-07-18,Secunderabad,0,4,0,4,714,507,154,Low
2025-12-28,Vijayawada,9,6,0,5,480,354,125,Medium
2025-08-11,Nellore,5,0,0,4,745,349,429,Low
2025-02-06,Nizamabad,5,3,0,2,389,216,89,Low
2025-03-05,Guntur,10,2,1,8,1340,942,415,High
2025-05-28,Kurnool,15,2,0,12,244,107,73,Low
2025-10-29,Visakhapatnam,3,2,0,2,1156,495,404,Low
2025-04-12,Guntur,17,5,0,11,555,268,120,High
2025-02-23,Visakhapatnam,13,6,0,14,642,280,215,Medium
2025-01-18,Nellore,6,5,0,3,1450,875,662,Medium
2025-03-07,Guntur,8,4,0,3,142,105,39,Low
2025-10-13,Visakhapatnam,22,0,1,3,1153,656,537,Medium
2025-04-22,Hyderabad,23,1,0,10,1298,920,681,Medium
2025-04-16,Visakhapatnam,18,2,0,2,1167,835,557,Medium
2025-08-28,Nellore,2,3,0,11,1453,963,725,Medium
2025-03-03,Guntur,0,0,0,12,1120,860,450,Medium
2025-04-12,Vijayawada,7,5,0,5,312,248,161,Medium
2025-08-08,Hyderabad,15,4,0,12,675,323,293,Medium
2025-03-17,Nellore,2,0,0,14,729,459,181,Medium
2025-10-28,Tirupati,21,1,0,13,447,262,195,Medium
2025-06-24,Nizamabad,22,1,0,13,1185,560,597,Medium
2025-10-17,Secunderabad,10,4,0,13,562,433,197,Medium
2025-10-27,Visakhapatnam,12,0,0,7,171,90,74,Low
2025-08-20,Nizamabad,11,2,0,11,827,390,247,Medium
2025-09-13,Visakhapatnam,7,5,0,12,1360,548,462,High
2025-06-08,Secunderabad,2,6,0,4,1329,840,585,Medium
2025-06-16,Nizamabad,8,0,0,6,247,171,110,Low
2025-04-28,Kurnool,14,0,0,12,908,480,190,Medium
2025-05-04,Kurnool,16,6,0,14,678,308,356,Medium
2025-04-21,Vijayawada,17,0,0,9,307,214,105,Medium
2025-08-30,Vijayawada,0,5,0,6,200,144,51,Low
2025-02-02,Visakhapatnam,2,6,0,6,786,449,212,Medium
2025-10-01,Nellore,13,2,0,13,1455,696,578,High
2025-10-24,Tirupati,2,4,0,3,1479,674,803,Medium
2025-10-05,Vijayawada,13,6,0,8,283,200,99,Low
2025-04-22,Guntur,10,1,0,10,1461,937,463,High
2025-12-11,Tirupati,15,3,1,13,1102,694,293,High
2025-07-06,Hyderabad,1,6,0,2,529,327,144,Low
2025-08-12,Warangal,4,1,0,2,1453,785,509,Medium
2025-03-21,Hyderabad,18,4,0,5,871,414,203,Medium
2025-06-16,Vijayawada,10,0,0,2,150,67,66,Low
2025-03-17,Visakhapatnam,5,0,0,10,417,235,85,Low
2025-11-02,Kurnool,17,6,0,8,1471,713,817,High
2025-08-02,Tirupati,18,5,1,14,671,337,260,High
2025-11-03,Visakhapatnam,23,0,1,2,481,379,116,Low
2025-06-25,Guntur,18,2,1,10,1283,729,457,High
2025-09-20,Guntur,22,5,0,11,1307,1041,415,High
2025-11-23,Nizamabad,21,6,0,13,1313,619,333,High
2025-07-13,Tirupati,19,6,0,2,1237,983,257,High
2025-01-10,Kurnool,22,4,0,2,1256,670,288,Medium
2025-12-31,Secunderabad,21,2,0,10,452,252,172,Medium
2025-11-14,Guntur,18,4,0,7,833,478,437,Medium
2025-08-10,Hyderabad,6,6,0,12,548,361,323,Medium
2025-08-02,Tirupati,14,5,0,14,802,397,454,Medium
2025-06-25,Nizamabad,5,2,0,13,662,478,227,Medium
2025-04-22,Secunderabad,16,1,0,7,489,381,183,Low
2025-12-14,Nizamabad,1,6,0,7,1104,675,349,Medium
2025-05-22,Warangal,22,3,0,4,455,290,103,Low
2025-09-08,Vijayawada,20,0,0,8,737,370,303,Medium
2025-05-16,Guntur,13,4,0,2,353,184,109,Low
2025-04-14,Nellore,13,0,0,14,1427,688,692,High
2025-05-21,Vijayawada,13,2,0,2,647,435,252,Low
2025-05-08,Warangal,1,3,0,8,312,204,105,Low
2025-01-17,Warangal,15,4,0,10,274,182,159,Low
2025-06-17,Warangal,19,1,0,7,1278,512,283,High
2025-02-09,Kurnool,13,6,0,11,224,102,65,Medium
2025-05-13,Warangal,16,1,0,8,672,495,253,Low
2025-09-19,Hyderabad,14,4,0,7,103,65,21,Low
2025-10-06,Visakhapatnam,1,0,0,3,1101,478,373,Low
2025-03-21,Guntur,3,4,0,13,1314,984,642,Medium
2025-02-23,Nizamabad,0,6,0,6,1482,725,370,Medium
2025-01-17,Vijayawada,9,4,0,5,884,494,420,Medium
2025-08-02,Visakhapatnam,19,5,0,11,654,490,362,High
2025-09-30,Nellore,14,1,0,2,1142,898,465,Low
2025-03-07,Visakhapatnam,23,4,1,5,1407,755,580,High
2025-09-17,Kurnool,9,2,0,10,1361,809,440,High
2025-02-21,Visakhapatnam,23,4,0,2,397,313,179,Low
2025-08-24,Guntur,16,6,0,13,1089,749,613,High
2025-05-12,Kurnool,23,0,0,6,728,532,210,Low
2025-01-14,Visakhapatnam,9,1,0,6,367,253,212,Medium
2025-06-04,Tirupati,16,2,0,13,929,535,424,Medium
2025-04-15,Nellore,5,1,0,8,532,218,263,Low
2025-10-09,Hyderabad,0,3,0,3,118,66,48,Low
2025-07-13,Vijayawada,16,6,0,6,1078,806,438,Medium
2025-10-14,Kurnool,21,1,0,3,226,158,120,Low
2025-05-02,Kurnool,20,4,0,3,913,644,363,Medium
2025-05-21,Tirupati,11,2,0,4,1497,885,483,Medium
2025-11-16,Tirupati,9,6,0,9,624,254,330,Medium
2025-07-28,Vijayawada,14,0,0,2,362,168,114,Low
2025-04-02,Vijayawada,3,2,0,8,229,124,48,Low
2025-09-26,Secunderabad,20,4,0,7,1227,846,286,High
2025-07-25,Visakhapatnam,20,4,0,8,1322,535,299,High
2025-07-30,Vijayawada,18,2,0,3,245,152,119,Low
2025-08-13,Vijayawada,21,2,0,11,1153,594,538,High
2025-03-24,Nellore,20,0,0,12,160,66,56,Medium
2025-07-17,Visakhapatnam,18,3,0,11,626,256,187,Medium
2025-06-13,Vijayawada,1,4,0,8,199,146,112,Low
2025-11-30,Nizamabad,21,6,0,9,1095,845,522,High
2025-04-01,Nizamabad,10,1,0,13,465,301,245,Medium
2025-01-02,Visakhapatnam,6,3,0,12,213,139,113,Low
2025-06-01,Guntur,10,6,0,11,1294,799,740,High
2025-02-06,Warangal,19,3,0,7,1428,1012,610,High
2025-05-05,Guntur,3,0,0,3,625,411,150,Low
2025-02-02,Tirupati,8,6,0,7,778,377,212,Medium
2025-03-18,Nellore,8,1,0,5,1257,836,292,Medium
2025-03-09,Nellore,3,6,0,4,972,725,344,Medium
2025-02-14,Guntur,2,4,0,6,500,389,163,Low
2025-07-05,Tirupati,6,5,0,11,830,462,238,Medium
2025-07-15,Vijayawada,19,1,0,14,927,732,408,High
2025-12-15,Visakhapatnam,14,0,0,2,221,128,71,Low
2025-05-15,Vijayawada,18,3,0,8,1097,639,612,High
2025-04-27,Vijayawada,5,6,1,6,1037,687,338,High
2025-12-29,Vijayawada,7,0,0,13,1235,723,257,High
2025-08-03,Tirupati,10,6,0,2,867,586,418,Medium
2025-09-23,Nellore,0,1,0,3,945,511,519,Low
2025-09-25,Warangal,8,3,0,2,745,373,344,Medium
2025-04-03,Guntur,15,3,0,5,861,469,463,Low
2025-11-20,Hyderabad,14,3,1,9,1122,816,619,High
2025-01-13,Nizamabad,9,0,0,10,198,133,74,Medium
2025-08-22,Nellore,15,4,0,9,1357,929,627,Medium
2025-02-02,Vijayawada,19,6,0,13,267,136,86,High
2025-12-12,Kurnool,21,4,0,3,1300,899,670,Medium
2025-09-04,Kurnool,8,3,0,14,1144,843,517,High
2025-06-12,Visakhapatnam,13,3,0,9,405,233,94,Low
2025-07-22,Vijayawada,20,1,0,4,1425,791,692,High
2025-06-21,Nellore,10,5,0,9,275,132,62,Medium
2025-08-18,Hyderabad,10,0,0,5,597,398,304,Medium
2025-07-27,Nizamabad,0,6,0,12,1305,854,298,High
2025-03-25,Tirupati,17,1,0,9,238,112,97,Medium
2025-04-20,Guntur,22,6,0,11,790,425,309,Medium
2025-08-23,Tirupati,23,5,0,6,938,655,239,Medium
2025-07-14,Guntur,13,0,0,4,696,517,147,Low
2025-04-17,Nizamabad,10,3,0,7,323,135,80,Medium
2025-04-20,Visakhapatnam,12,6,0,2,436,191,190,Low
2025-08-11,Nellore,22,0,0,4,752,486,189,Low
2025-10-07,Hyderabad,13,1,0,6,781,483,293,Low
2025-10-25,Kurnool,20,5,0,13,891,416,218,High
2025-06-21,Hyderabad,12,5,0,9,1091,714,633,Medium
2025-05-05,Tirupati,4,0,0,10,825,374,377,Medium
2025-04-17,Tirupati,22,3,0,11,846,361,245,Medium
2025-07-04,Tirupati,21,4,0,3,784,560,321,Medium
2025-09-17,Visakhapatnam,20,2,0,5,184,146,41,Low
2025-06-05,Guntur,19,3,0,6,1098,665,467,Medium
2025-12-25,Visakhapatnam,11,3,0,3,298,197,68,Low
2025-09-08,Guntur,10,0,0,13,1375,1025,459,High
2025-03-10,Kurnool,11,0,0,4,730,477,170,Low
2025-01-12,Guntur,12,6,1,11,964,602,299,High
2025-11-21,Hyderabad,15,4,0,6,923,455,384,Medium
2025-01-29,Nizamabad,20,2,0,5,483,231,214,Medium
2025-01-27,Nizamabad,23,0,0,7,437,260,161,Low
2025-03-04,Warangal,3,1,0,11,439,267,173,Low
2025-08-22,Warangal,17,4,0,6,803,519,382,Medium
2025-11-28,Tirupati,18,4,1,10,948,457,295,High
2025-06-09,Visakhapatnam,5,0,0,13,1252,587,391,Medium
2025-03-12,Guntur,11,2,1,9,1006,750,477,High
2025-05-31,Hyderabad,22,5,0,14,782,613,193,Medium
2025-04-17,Visakhapatnam,10,3,0,2,1453,822,622,Medium
2025-11-25,Secunderabad,19,1,0,6,1225,638,359,High
2025-03-16,Kurnool,22,6,1,4,1482,806,552,High
2025-11-27,Vijayawada,20,3,0,2,1244,532,297,Medium
2025-02-12,Guntur,19,2,0,11,406,270,158,Medium
2025-10-30,Kurnool,18,3,1,3,1135,537,675,High
2025-05-06,Hyderabad,4,1,0,14,399,271,167,Medium
2025-04-21,Nellore,20,0,0,3,692,542,214,Medium
2025-06-01,Kurnool,12,6,1,11,285,120,71,Medium
2025-11-04,Guntur,9,1,0,11,1346,625,453,High
2025-01-08,Tirupati,7,2,0,13,648,302,388,Medium
2025-01-13,Nellore,23,0,0,6,823,383,422,Low
2025-01-30,Kurnool,8,3,0,7,423,275,185,Medium
2025-06-10,Guntur,4,1,1,11,1141,740,315,High
2025-08-21,Tirupati,15,3,1,8,927,596,365,Medium
2025-11-02,Kurnool,15,6,0,3,1217,507,570,Medium
2025-08-07,Visakhapatnam,13,3,0,7,1170,886,365,Medium
2025-10-02,Secunderabad,1,3,0,11,342,261,82,Low
2025-02-11,Vijayawada,10,1,0,10,419,238,200,Medium
2025-07-02,Nizamabad,4,2,0,8,588,345,345,Low
2025-08-28,Vijayawada,20,3,0,2,1287,746,368,Medium
2025-03-27,Tirupati,3,3,0,6,887,516,230,Low
2025-09-13,Secunderabad,11,5,0,3,375,226,82,Low
2025-07-02,Secunderabad,11,2,0,6,984,444,579,Medium
2025-07-31,Tirupati,19,3,0,8,253,115,121,Medium
2025-05-17,Tirupati,6,5,0,4,676,354,330,Low
2025-10-05,Vijayawada,21,6,0,5,743,545,283,Medium
2025-11-25,Guntur,9,1,0,3,1356,956,539,Medium
2025-05-26,Hyderabad,23,0,0,9,605,306,336,Low
2025-09-11,Guntur,19,3,0,10,427,303,236,Medium
2025-12-13,Secunderabad,18,5,0,12,334,221,170,High
2025-02-21,Secunderabad,21,4,0,6,658,283,297,Medium
2025-05-29,Guntur,5,3,0,6,866,356,180,Low
2025-02-09,Nellore,13,6,1,11,119,56,52,Medium
2025-05-22,Vijayawada,3,3,0,13,287,150,158,Low
2025-05-08,Visakhapatnam,1,3,0,4,294,223,74,Low
2025-03-14,Kurnool,12,4,1,12,174,104,103,Medium
2025-06-15,Vijayawada,11,6,0,9,1400,831,730,High
2025-09-20,Visakhapatnam,1,5,0,14,1032,451,388,High
2025-11-23,Visakhapatnam,16,6,0,9,1108,444,287,Medium
2025-04-19,Hyderabad,11,5,1,8,1073,462,317,High
2025-09-11,Vijayawada,13,3,0,5,793,362,251,Low
2025-02-17,Hyderabad,18,0,0,11,551,299,221,Medium
2025-12-08,Hyderabad,15,0,0,14,964,617,195,Medium
2025-07-01,Kurnool,0,1,0,14,754,396,450,Medium
2025-02-01,Hyderabad,18,5,1,4,148,99,67,Medium
2025-02-21,Tirupati,5,4,0,7,1102,596,648,Medium
2025-01-29,Nizamabad,12,2,0,5,1098,557,519,Medium
2025-08-06,Vijayawada,23,2,0,7,270,191,142,Low
2025-01-02,Vijayawada,13,3,0,4,1457,910,580,Medium
2025-09-13,Kurnool,0,5,1,13,1117,501,513,High
2025-12-14,Visakhapatnam,21,6,0,5,126,99,63,Medium
2025-01-06,Warangal,17,0,0,11,655,482,287,Medium
2025-05-25,Vijayawada,10,6,0,5,379,213,142,Medium
2025-01-03,Kurnool,20,4,0,5,1068,555,639,Medium
2025-02-16,Kurnool,23,6,0,10,1477,726,336,High
2025-11-18,Visakhapatnam,19,1,0,6,734,305,299,Medium
2025-01-26,Nellore,12,6,1,7,788,546,175,High
2025-08-08,Nizamabad,21,4,0,6,902,423,434,Medium
2025-04-09,Visakhapatnam,1,2,0,6,1322,875,685,Medium
2025-03-23,Guntur,23,6,1,10,157,91,92,Medium
2025-09-22,Nellore,2,0,0,14,399,204,179,Medium
2025-10-30,Hyderabad,1,3,1,8,723,413,205,Medium
2025-07-02,Visakhapatnam,9,2,0,4,828,344,201,Medium
2025-04-18,Warangal,22,4,0,2,1024,658,448,Low
2025-04-08,Nizamabad,6,1,0,9,726,507,307,Medium
2025-09-08,Vijayawada,19,0,0,9,207,143,84,Medium
2025-06-09,Guntur,8,0,0,12,954,403,561,High
2025-09-01,Warangal,15,0,0,11,831,636,338,Medium
2025-03-12,Guntur,11,2,0,9,368,209,218,Low
2025-09-11,Hyderabad,7,3,0,14,489,343,188,Medium
2025-12-24,Secunderabad,20,2,0,9,1197,807,265,High
2025-03-25,Tirupati,19,1,0,14,1117,689,463,High
2025-01-04,Guntur,8,5,0,5,657,302,382,Medium
2025-02-06,Hyderabad,19,3,0,13,428,229,182,Medium
2025-12-13,Secunderabad,6,5,0,12,1230,522,418,High
2025-11-10,Vijayawada,10,0,0,5,125,81,70,Low
2025-05-03,Hyderabad,3,5,0,3,403,274,142,Low
2025-04-06,Nizamabad,18,6,1,12,1076,578,260,High
2025-05-06,Warangal,3,1,1,9,1203,839,629,High
2025-08-02,Kurnool,7,5,0,13,404,257,123,High
2025-06-03,Tirupati,9,1,0,14,1408,1076,369,High
2025-10-14,Kurnool,9,1,0,9,1226,836,326,High
2025-11-26,Nellore,19,2,0,10,449,321,268,Medium
2025-10-01,Hyderabad,6,2,0,14,125,86,41,Low
2025-05-29,Nellore,8,3,0,4,758,567,352,Medium
2025-03-26,Tirupati,12,2,0,8,293,200,159,Low
2025-04-21,Guntur,14,0,0,12,996,474,295,Medium
2025-11-09,Secunderabad,9,6,0,8,272,163,156,Medium
2025-09-04,Kurnool,8,3,0,9,661,276,281,Medium
2025-08-08,Secunderabad,23,4,0,4,1105,873,361,Medium
2025-10-21,Secunderabad,23,1,0,10,313,181,118,Low
2025-06-12,Kurnool,5,3,0,14,1236,560,316,Medium
2025-03-03,Kurnool,9,0,0,9,551,324,188,Medium
2025-11-23,Kurnool,18,6,0,10,411,220,231,High
2025-04-14,Warangal,5,0,0,2,841,637,318,Low
2025-08-23,Nizamabad,7,5,0,6,1281,640,555,High
2025-12-15,Nizamabad,13,0,0,2,1067,704,353,Low
2025-04-15,Nellore,0,1,0,9,415,214,123,Low
2025-02-23,Vijayawada,6,6,0,11,1052,668,628,Medium
2025-02-24,Nellore,9,0,0,10,1292,917,513,High
2025-04-23,Hyderabad,20,2,0,13,961,572,410,High
2025-12-07,Secunderabad,19,6,0,14,140,73,82,High
2025-06-19,Secunderabad,5,3,0,4,649,271,356,Low
2025-01-03,Tirupati,16,4,0,7,822,485,392,Low
2025-12-24,Nellore,2,2,0,10,1276,995,661,Medium
2025-01-13,Secunderabad,21,0,0,6,1090,553,249,Medium
2025-01-27,Warangal,6,0,0,7,196,124,46,Low
2025-04-28,Hyderabad,17,0,0,13,1408,770,309,High
2025-09-07,Visakhapatnam,16,6,1,5,1388,1039,497,High
2025-04-24,Hyderabad,8,3,0,14,618,480,360,Medium
