train_id,train_name,source,destination,distance_km,scheduled_departure,weather,temperature,rainfall,station_delay,previous_delay,delay_minutes
0,4,0,3,350,10,4,38,12.48,6.12,15.07,28.32
1,2,1,4,539,21,0,34,41.98,2.9,4.28,15.53
2,7,0,3,646,19,1,20,68.8,2.9,21.39,17.81
3,5,4,2,419,14,1,29,39.61,9.48,13.76,16.29
4,6,3,0,469,21,1,39,2.51,4.29,16.41,26.34
5,8,3,0,331,7,4,30,21.71,4.31,4.78,28.76
6,0,4,2,94,12,0,24,33.87,0.0,2.43,5.63
7,2,5,5,310,8,3,26,49.86,7.71,4.65,34.93
8,4,3,0,178,11,1,20,37.78,6.45,3.48,13.07
9,4,1,6,472,14,0,27,35.15,11.15,9.05,19.04
10,9,0,3,175,3,3,40,48.35,0.0,9.33,21.03
11,7,3,0,657,9,4,38,69.72,7.43,4.29,32.77
12,5,2,1,427,6,3,18,18.23,10.09,5.96,21.13
13,2,1,4,313,11,0,39,17.5,6.38,0.0,14.57
14,9,5,5,643,11,0,19,56.98,3.23,7.41,17.58
15,6,4,2,495,22,1,28,29.57,0.0,13.09,9.71
16,2,0,3,689,5,0,33,63.87,5.11,0.0,15.16
17,1,1,6,425,2,4,37,51.61,6.73,11.75,19.02
18,4,5,5,552,17,3,27,20.64,9.18,11.69,45.83
19,6,1,4,383,11,1,40,27.12,15.16,17.1,24.36
20,7,0,3,231,21,4,41,68.07,8.42,20.52,34.2
21,0,4,2,417,1,1,33,79.56,4.34,0.0,10.41
22,8,2,1,274,16,0,33,7.49,0.0,2.6,7.29
23,6,4,2,688,14,1,22,18.41,4.04,27.49,23.79
24,9,1,4,251,13,3,20,59.82,4.49,10.39,34.63
25,9,0,3,270,20,0,18,25.35,11.19,9.5,18.7
26,3,5,5,402,7,0,35,49.2,9.23,8.36,28.08
27,3,2,1,556,9,4,20,20.5,9.26,2.87,31.75
28,4,1,4,115,12,0,25,56.16,5.93,9.23,6.16
29,6,2,1,130,21,1,39,20.02,0.0,0.0,11.0
30,8,4,2,651,11,2,24,6.83,5.18,3.44,31.64
31,1,4,2,449,9,0,34,31.91,7.54,19.15,25.95
32,5,4,2,553,20,0,26,55.08,0.0,5.6,14.5
33,4,2,1,660,21,4,20,19.82,7.31,16.87,30.83
34,0,4,2,299,4,0,31,78.36,7.8,12.2,13.74
35,2,2,1,601,21,1,19,20.87,0.0,30.31,26.47
36,1,2,1,337,16,3,37,46.04,11.34,0.0,38.25
37,2,0,3,656,0,1,28,15.66,0.0,4.59,11.23
38,8,4,2,681,1,0,24,9.45,8.81,18.17,24.33
39,2,4,2,473,4,4,20,79.24,7.33,0.0,14.17
40,4,2,1,269,4,0,40,60.07,3.37,9.83,10.04
41,0,3,0,476,18,0,29,76.68,8.72,5.12,25.47
42,1,1,6,585,14,0,22,23.46,9.82,0.0,18.75
43,0,2,1,188,20,1,24,79.67,7.67,20.7,27.44
44,0,5,5,571,16,0,24,34.09,2.98,0.0,2.36
45,8,4,2,421,19,0,24,78.88,5.32,3.35,22.31
46,7,4,2,261,6,0,36,8.9,3.79,7.97,6.86
47,8,4,2,440,6,4,30,19.0,4.81,4.16,8.03
48,0,1,4,196,5,4,30,77.59,5.9,8.09,18.48
49,1,1,4,481,14,1,31,23.56,1.91,18.06,13.13
50,5,3,0,487,20,0,21,37.1,9.13,0.0,12.35
51,1,4,2,637,2,4,35,33.33,6.45,13.46,25.81
52,5,3,0,321,12,0,41,30.12,6.18,0.32,10.88
53,9,4,2,689,8,0,18,1.09,4.65,9.53,21.42
54,2,2,1,516,22,4,22,60.57,0.0,3.54,10.95
55,1,3,0,528,16,4,19,28.65,1.88,10.33,15.3
56,6,3,0,197,2,1,29,65.31,6.65,17.39,7.15
57,2,4,2,657,10,0,23,49.38,2.38,8.38,21.26
58,6,3,0,414,18,3,37,43.8,8.46,7.27,37.39
59,9,4,2,217,23,4,34,20.66,0.0,10.69,13.31
60,2,5,5,284,10,1,28,6.07,0.59,11.41,20.99
61,7,1,6,172,17,1,36,3.27,3.84,4.29,12.1
62,3,4,2,592,4,1,31,29.14,12.86,8.25,21.28
63,9,5,5,336,7,4,37,16.75,5.86,6.07,17.44
64,5,0,3,157,23,4,31,11.82,6.6,2.51,18.06
65,6,5,5,94,22,0,27,45.12,7.6,0.0,9.37
66,1,1,4,659,9,4,30,38.37,11.25,11.89,45.93
67,7,5,5,504,4,0,19,19.55,10.56,0.0,15.52
68,0,1,4,516,21,0,23,19.68,3.47,5.11,13.36
69,4,1,4,322,7,1,41,8.96,2.82,10.73,19.99
70,1,2,1,197,16,1,23,53.49,5.4,13.26,7.99
71,2,3,0,489,21,4,37,40.61,7.17,4.79,25.75
72,5,3,0,399,5,1,28,74.56,8.53,0.0,11.53
73,2,2,1,251,1,0,19,7.03,0.0,7.5,1.41
74,3,2,1,498,16,3,29,32.68,2.97,0.0,23.68
75,8,1,6,308,13,4,20,13.14,6.41,11.8,25.35
76,5,3,0,211,12,1,35,65.33,0.0,0.94,0.0
77,4,2,1,222,0,0,18,31.32,3.59,2.77,7.14
78,8,1,6,118,18,0,20,50.22,1.5,5.2,12.8
79,1,3,0,310,3,2,18,56.56,9.99,4.52,26.45
80,1,3,0,601,4,3,18,8.23,0.0,12.73,35.13
81,8,4,2,236,14,0,30,57.6,1.27,17.7,14.74
82,1,5,5,362,4,4,27,27.4,3.37,0.0,17.25
83,5,4,2,695,17,1,32,58.09,0.0,1.87,16.52
84,1,4,2,206,9,4,26,33.93,5.74,8.7,25.91
85,2,4,2,425,13,0,40,73.67,8.12,8.39,20.11
86,8,2,1,510,8,4,27,64.23,8.41,0.0,27.59
87,6,1,6,497,16,1,29,73.02,7.51,11.3,12.88
88,1,3,0,580,23,0,28,50.58,3.92,0.25,20.12
89,4,1,6,397,16,0,33,45.19,5.24,17.72,5.66
90,9,5,5,301,5,4,21,14.55,0.0,2.56,6.59
91,4,2,1,555,17,3,25,2.17,12.01,3.07,36.87
92,8,3,0,318,4,0,18,44.54,8.45,12.36,16.63
93,1,0,3,244,21,0,40,71.71,5.25,10.28,12.79
94,6,5,5,602,9,4,20,47.22,8.03,0.0,34.03
95,6,4,2,579,21,4,34,69.48,0.0,14.8,24.59
96,9,5,5,194,16,0,25,55.91,0.0,4.71,0.0
97,5,5,5,108,12,1,22,1.47,12.42,0.0,17.7
98,9,4,2,232,5,4,40,8.53,3.3,3.48,17.66
99,6,0,3,534,9,3,38,30.65,1.33,3.63,31.23
100,3,1,6,371,18,0,38,66.97,8.3,7.13,23.85
101,3,5,5,134,14,2,39,58.61,11.0,12.25,21.17
102,9,3,0,586,12,0,26,61.67,4.86,20.4,16.37
103,4,1,6,210,17,4,29,77.42,12.25,14.9,30.93
104,9,4,2,96,9,1,34,14.81,9.26,8.84,27.02
105,4,4,2,453,15,4,35,39.15,7.47,11.01,24.24
106,4,5,5,165,6,0,38,58.48,4.23,6.92,14.08
107,1,2,1,481,9,1,31,47.7,3.56,4.96,19.12
108,6,1,6,250,7,0,40,5.23,6.65,0.0,14.55
109,6,1,4,95,12,1,19,1.95,9.17,8.58,19.82
110,7,1,6,118,13,0,34,32.15,14.2,5.46,15.78
111,4,0,3,468,0,0,20,37.38,10.81,13.5,19.09
112,6,3,0,372,15,0,31,3.61,4.02,1.82,5.87
113,3,2,1,519,13,1,30,79.13,8.21,7.32,18.54
114,8,0,3,654,21,1,30,9.63,4.49,4.49,22.7
115,3,2,1,600,2,1,34,13.91,7.03,17.94,19.93
116,9,1,6,239,2,0,41,59.83,4.47,15.88,7.23
117,0,1,6,411,9,4,25,74.53,2.14,1.66,25.81
118,3,1,6,255,17,0,33,54.66,0.0,1.91,14.14
119,8,5,5,119,12,0,23,41.7,6.37,5.35,11.89
120,0,4,2,442,12,1,27,8.47,1.29,12.16,16.73
121,5,5,5,442,20,4,35,65.44,4.62,8.2,30.44
122,4,5,5,303,12,1,34,44.79,3.87,1.83,8.06
123,4,5,5,312,1,0,32,74.56,2.32,4.87,8.16
124,9,0,3,480,9,1,39,49.67,2.76,10.64,28.08
125,5,2,1,617,1,0,21,34.09,4.74,0.0,10.2
126,4,4,2,236,10,0,19,61.83,3.06,5.52,8.24
127,5,0,3,606,1,0,34,52.13,2.73,14.65,13.28
128,8,0,3,509,16,0,25,61.67,6.84,12.25,13.05
129,2,0,3,457,2,0,32,38.52,6.29,3.27,19.37
130,3,1,4,580,20,1,25,24.83,3.89,7.82,20.13
131,3,1,6,380,0,2,26,3.17,2.25,1.23,16.35
132,9,0,3,125,14,1,39,16.83,9.73,3.38,18.43
133,9,4,2,195,21,0,23,45.4,5.37,14.92,21.78
134,6,5,5,507,16,2,20,71.7,11.81,17.68,27.81
135,8,5,5,397,19,0,24,52.87,8.44,23.09,32.34
136,3,5,5,594,8,0,31,6.53,0.87,4.29,19.01
137,7,0,3,673,5,4,39,26.59,9.52,4.57,37.45
138,5,1,6,114,21,0,18,67.24,9.53,6.08,24.63
139,1,0,3,231,17,3,26,35.09,8.03,7.26,41.37
140,6,2,1,497,3,0,27,79.37,1.45,0.0,3.73
141,2,2,1,599,3,3,40,50.6,0.0,9.61,15.54
142,2,4,2,632,21,3,32,47.43,12.25,14.19,46.32
143,0,1,4,107,1,3,22,26.02,2.15,4.73,21.49
144,4,2,1,366,10,3,39,13.58,0.0,9.78,29.53
145,1,1,6,592,21,0,28,58.91,9.93,5.75,32.46
146,9,0,3,235,14,3,29,43.19,3.71,4.84,23.6
147,7,3,0,564,20,0,18,40.58,3.09,14.41,21.88
148,8,2,1,506,17,0,23,11.17,1.25,12.51,18.42
149,3,4,2,574,21,0,18,67.05,2.4,9.05,19.22
150,6,5,5,224,7,3,34,2.43,5.79,11.14,31.18
151,2,4,2,440,1,2,23,25.45,7.67,5.66,25.16
152,0,1,6,403,1,0,31,74.05,8.61,7.03,13.99
153,9,3,0,534,20,0,29,48.79,8.01,0.0,23.64
154,0,1,4,384,16,0,23,5.86,11.57,15.07,18.68
155,7,4,2,407,15,4,38,65.1,14.01,0.0,25.76
156,1,2,1,122,15,1,31,57.45,8.04,9.97,15.66
157,1,4,2,220,21,0,31,38.87,4.75,1.91,9.77
158,7,5,5,499,17,0,30,33.08,4.46,6.89,14.33
159,4,2,1,391,16,1,27,73.42,7.2,2.24,13.41
160,3,1,4,251,23,1,32,76.11,9.82,10.69,17.47
161,0,2,1,89,23,0,27,72.0,6.6,0.0,4.72
162,2,0,3,129,23,4,24,53.4,5.96,2.53,24.15
163,9,1,6,187,1,1,38,7.66,0.05,8.31,6.65
164,4,1,6,669,12,1,19,21.96,11.69,14.46,18.69
165,0,1,4,538,6,0,31,8.33,0.0,11.98,16.69
166,4,4,2,115,7,1,21,15.35,0.6,3.02,10.61
167,9,0,3,596,11,0,38,21.69,4.21,19.83,21.58
168,5,1,6,421,5,0,29,52.95,11.69,10.93,17.45
169,5,0,3,532,12,1,32,16.07,4.78,1.6,13.06
170,0,2,1,91,16,0,25,63.64,0.63,5.79,8.71
171,2,0,3,485,17,4,18,48.68,5.57,0.0,23.52
172,1,1,4,193,12,0,38,27.71,5.24,0.0,4.97
173,5,0,3,545,22,0,39,39.76,8.25,8.57,16.74
174,7,3,0,295,9,3,23,11.3,7.31,4.34,33.26
175,1,5,5,345,1,0,39,25.1,2.82,0.84,7.82
176,3,3,0,460,19,1,26,66.02,1.8,10.46,22.39
177,1,4,2,91,12,2,37,35.16,0.0,9.98,11.73
178,6,0,3,546,18,1,19,36.78,5.59,5.64,18.86
179,9,0,3,694,7,4,24,17.66,3.79,11.43,26.19
180,3,2,1,142,4,3,20,29.42,9.83,5.78,32.08
181,4,5,5,653,20,0,32,46.57,8.05,1.05,23.31
182,2,1,4,92,20,4,30,78.07,1.02,7.78,10.22
183,1,2,1,589,3,3,33,58.99,13.24,0.0,32.35
184,1,4,2,501,9,4,30,10.65,6.17,2.89,26.54
185,6,5,5,311,20,4,40,52.75,3.48,9.94,26.76
186,9,0,3,252,18,0,29,40.98,4.08,8.63,17.0
187,7,1,6,96,4,1,25,28.26,3.18,1.13,1.28
188,7,2,1,578,18,0,22,43.97,1.81,6.99,20.18
189,8,1,4,408,1,1,20,9.71,5.14,17.3,20.36
190,0,1,4,457,22,0,35,25.78,4.71,0.53,9.34
191,6,1,6,601,14,0,35,17.97,0.94,0.69,0.0
192,5,1,4,493,19,0,36,70.95,0.0,14.39,17.9
193,9,0,3,312,14,0,30,17.69,6.06,0.0,10.12
194,3,3,0,314,21,1,30,13.19,6.6,3.44,17.0
195,7,2,1,167,11,4,28,60.65,7.35,12.62,26.8
196,3,1,6,102,6,1,22,12.81,4.0,7.86,13.48
197,9,0,3,183,2,0,27,52.6,1.29,15.7,5.97
198,4,1,6,145,8,0,26,44.34,0.0,0.26,7.74
199,8,1,6,180,3,0,21,57.77,1.72,9.57,11.08
200,2,3,0,548,21,1,38,2.33,3.42,5.12,13.17
201,4,0,3,300,13,4,22,46.4,0.0,21.03,25.96
202,8,5,5,673,18,0,36,39.86,9.46,3.46,27.37
203,7,4,2,429,22,4,18,7.09,7.73,11.36,18.1
204,0,0,3,197,12,0,23,50.89,3.6,9.83,14.09
205,4,1,4,681,15,0,37,28.98,3.78,8.99,7.11
206,7,4,2,505,2,0,36,30.15,0.0,0.0,7.83
207,1,3,0,681,3,0,24,39.72,4.59,19.63,17.42
208,3,1,4,261,13,1,37,52.56,4.6,6.57,8.33
209,8,5,5,479,21,0,30,21.45,1.69,9.22,15.49
210,1,5,5,329,10,0,21,25.22,4.32,8.78,22.27
211,1,2,1,278,20,0,29,63.02,1.44,7.27,22.55
212,2,5,5,660,2,4,22,45.23,6.87,7.75,17.11
213,0,1,4,257,20,0,27,7.11,9.66,11.29,30.4
214,8,4,2,652,1,0,28,5.41,6.52,20.68,20.98
215,9,5,5,596,1,1,19,7.81,1.68,7.14,16.98
216,4,3,0,667,23,4,23,64.51,2.41,7.59,16.6
217,4,4,2,611,3,4,39,1.44,7.41,10.5,21.37
218,1,0,3,460,8,1,34,2.17,4.76,2.85,20.83
219,1,1,6,515,22,4,35,7.47,8.53,0.0,19.62
220,5,0,3,555,8,1,38,24.99,0.43,11.75,20.88
221,1,3,0,347,1,0,20,29.05,8.83,25.81,23.35
222,4,4,2,698,4,0,23,77.42,1.56,16.0,14.9
223,2,4,2,348,1,0,23,78.38,6.21,1.97,11.93
224,2,1,4,210,0,0,37,71.22,5.78,5.53,11.44
225,1,3,0,513,5,4,29,79.05,3.82,9.94,22.85
226,0,4,2,305,21,4,33,56.96,2.74,5.13,18.19
227,5,1,6,358,15,1,34,67.32,0.0,10.83,9.81
228,7,1,4,351,1,0,25,0.31,1.31,11.53,12.9
229,3,2,1,270,20,0,38,32.66,3.49,10.4,17.23
230,9,2,1,472,2,0,32,20.82,6.09,12.55,11.97
231,8,3,0,629,13,3,25,10.31,5.6,17.15,32.24
232,1,1,4,360,7,4,23,22.4,3.26,13.25,27.94
233,0,0,3,252,6,1,26,24.38,6.27,4.25,15.72
234,1,3,0,199,5,0,21,7.72,0.0,5.93,0.0
235,0,0,3,147,7,3,31,27.23,8.12,16.67,39.71
236,7,1,6,655,13,3,38,5.09,6.39,16.14,35.46
237,9,5,5,559,0,0,40,34.43,7.57,3.42,7.2
238,0,1,6,105,19,0,25,75.85,10.73,6.1,25.82
239,1,3,0,155,12,2,29,76.04,9.44,18.35,30.77
240,9,2,1,341,21,0,34,3.18,8.23,9.44,20.67
241,0,4,2,503,13,1,30,37.94,0.0,14.74,22.38
242,9,3,0,269,7,0,18,27.11,6.28,17.38,16.42
243,0,1,4,423,4,0,34,9.11,5.46,8.72,4.53
244,0,2,1,476,10,0,28,10.52,2.17,0.0,7.71
245,8,4,2,188,11,1,18,65.9,0.0,9.01,5.03
246,6,5,5,403,0,1,35,7.38,9.53,23.39,24.09
247,7,2,1,120,6,0,26,51.72,8.43,9.63,17.14
248,6,1,6,197,8,1,20,57.92,5.23,2.79,11.53
249,9,2,1,436,20,4,40,65.34,2.42,6.82,19.91
250,6,0,3,690,12,0,38,68.94,0.0,11.25,7.69
251,0,2,1,102,7,3,39,56.45,0.0,1.09,30.39
252,8,0,3,86,3,0,18,27.67,10.24,17.77,15.96
253,9,1,4,655,4,1,33,17.43,4.16,7.82,16.96
254,1,1,4,513,4,0,41,40.44,4.59,10.86,9.67
255,6,3,0,204,14,1,27,72.01,3.55,12.88,11.41
256,1,5,5,280,16,0,32,12.13,15.53,0.0,16.27
257,4,1,6,633,1,0,36,14.17,2.29,22.23,17.86
258,2,0,3,218,6,1,18,46.44,4.31,0.24,7.77
259,7,4,2,352,2,3,25,26.07,14.34,6.67,41.29
260,4,4,2,599,4,1,21,72.56,6.03,0.86,7.61
261,3,4,2,474,6,0,34,54.46,9.57,4.34,15.89
262,3,1,4,226,15,0,37,69.08,0.0,16.83,5.37
263,8,2,1,478,10,3,36,46.18,2.38,16.36,35.36
264,1,2,1,444,2,0,26,4.76,0.91,2.44,1.91
265,2,4,2,573,22,0,39,55.02,1.6,14.66,17.6
266,5,3,0,356,15,4,26,22.3,8.81,11.59,26.91
267,9,2,1,628,12,4,22,65.75,7.06,9.26,24.63
268,7,5,5,183,22,1,31,22.43,6.88,0.0,15.1
269,6,4,2,652,18,1,33,54.54,12.52,7.04,23.39
270,6,5,5,553,12,1,19,22.48,8.32,6.64,17.45
271,9,1,4,312,20,0,36,28.63,0.0,2.02,11.27
272,9,2,1,102,9,1,25,44.37,6.7,23.53,20.87
273,2,2,1,101,3,0,40,57.65,4.13,0.14,3.9
274,6,5,5,433,10,0,34,25.41,5.0,7.93,19.19
275,6,1,4,469,4,2,28,66.14,5.62,9.29,19.82
276,6,0,3,531,3,3,36,34.71,4.09,13.29,29.46
277,9,0,3,254,22,0,28,53.31,12.93,8.62,19.7
278,0,4,2,372,9,0,39,76.54,0.0,8.12,9.2
279,7,0,3,534,8,0,22,65.77,4.16,5.22,21.52
280,0,3,0,538,21,3,18,63.7,7.69,6.85,38.3
281,3,0,3,228,7,1,18,71.22,2.65,1.85,10.02
282,0,1,4,197,21,1,29,7.99,0.67,13.52,16.75
283,7,1,4,466,14,0,29,47.61,5.33,7.87,12.08
284,1,5,5,267,5,4,40,61.92,5.48,18.83,21.74
285,3,2,1,580,0,4,24,27.85,5.77,14.92,19.13
286,4,0,3,386,8,1,25,62.66,4.11,18.43,18.94
287,7,4,2,568,1,1,30,59.8,1.69,3.13,10.46
288,5,1,4,687,19,1,32,44.9,2.32,12.41,25.22
289,0,5,5,104,9,0,36,11.76,10.79,11.49,28.99
290,9,1,4,643,5,0,32,4.85,9.46,15.8,22.19
291,0,1,6,327,21,0,23,42.37,8.09,8.03,14.07
292,2,3,0,532,5,0,39,60.87,0.0,9.34,18.21
293,3,4,2,599,11,3,29,67.49,0.0,5.0,25.34
294,3,1,4,351,3,2,33,32.53,5.12,12.36,22.71
295,6,1,6,390,5,1,23,15.21,0.0,10.98,10.37
296,4,4,2,441,7,4,21,19.79,10.57,16.23,37.4
297,3,4,2,165,11,0,27,62.75,0.19,14.26,0.0
298,2,5,5,401,22,4,39,34.3,4.92,4.59,14.58
299,0,3,0,326,1,2,24,29.74,6.36,17.94,24.39
300,7,1,6,438,13,1,30,20.08,0.0,14.25,7.23
301,5,5,5,483,19,0,28,60.14,7.92,11.09,19.73
302,0,4,2,659,4,4,41,46.41,11.47,8.73,24.96
303,4,2,1,233,7,0,31,62.43,0.0,5.47,0.0
304,1,4,2,300,7,0,36,47.5,5.37,5.78,13.06
305,7,4,2,446,23,4,21,55.49,1.27,12.76,22.61
306,7,5,5,512,22,0,37,34.02,7.76,0.0,9.95
307,1,1,6,463,18,0,21,77.35,0.91,12.76,12.04
308,0,4,2,422,17,3,22,57.01,3.14,11.23,35.99
309,3,0,3,630,15,4,38,43.4,3.99,5.53,15.35
310,4,2,1,281,1,4,26,21.51,3.7,24.1,25.05
311,0,1,6,181,16,1,36,29.54,4.41,15.57,18.44
312,3,1,4,486,6,3,34,2.47,7.57,0.2,30.46
313,4,1,4,553,14,1,21,30.75,9.56,7.58,21.94
314,1,1,6,247,18,0,22,57.48,4.05,9.88,17.45
315,5,1,4,174,3,1,19,69.71,10.55,15.42,22.92
316,4,3,0,454,2,3,40,72.49,5.28,3.52,22.22
317,9,3,0,176,4,4,31,48.44,0.59,2.9,5.4
318,6,1,4,98,21,0,19,16.43,5.66,7.72,18.53
319,4,3,0,294,18,4,41,79.23,8.42,10.97,28.08
320,0,1,4,471,9,0,23,43.82,5.18,10.65,23.51
321,9,1,6,283,6,0,27,41.34,0.0,13.2,13.57
322,8,5,5,245,21,0,40,6.16,2.81,6.1,20.4
323,6,3,0,388,1,4,23,20.07,10.36,16.33,31.83
324,3,1,4,522,3,0,19,69.29,7.21,10.38,18.14
325,6,3,0,104,12,0,34,30.85,0.0,8.49,7.33
326,7,1,4,499,8,4,27,59.15,7.59,0.18,34.44
327,6,1,6,586,20,3,32,20.7,4.95,19.74,37.73
328,5,1,6,327,16,1,26,19.36,2.99,9.84,13.37
329,1,2,1,654,0,0,22,6.17,4.06,6.28,15.9
330,6,1,6,393,0,1,35,29.78,8.07,5.67,15.73
331,8,3,0,466,9,1,40,59.03,0.0,2.66,15.87
332,5,1,4,152,5,4,24,21.51,8.24,6.11,23.63
333,2,5,5,524,10,1,23,34.21,7.56,21.95,28.52
334,2,2,1,171,17,4,39,62.81,0.0,10.99,12.45
335,3,0,3,286,0,4,31,0.92,11.5,13.16,25.99
336,2,4,2,100,17,3,30,66.12,10.44,6.33,42.45
337,0,4,2,140,19,3,30,24.62,0.0,0.0,16.95
338,5,5,5,176,16,0,26,6.21,3.1,15.23,16.74
339,4,1,4,155,22,1,39,23.68,5.42,0.0,4.71
340,1,2,1,124,16,4,38,57.5,5.45,20.21,20.65
341,5,2,1,194,3,0,27,48.62,6.7,0.0,6.38
342,8,1,6,588,8,0,18,43.27,9.34,15.39,29.38
343,7,4,2,172,15,2,33,48.45,0.0,5.65,10.82
344,8,5,5,96,6,0,34,54.31,7.15,17.34,16.72
345,7,2,1,620,20,0,33,0.8,8.46,9.96,31.68
346,9,4,2,584,21,4,36,10.19,6.07,0.0,30.23
347,0,4,2,218,20,0,25,1.24,5.18,1.72,11.35
348,8,3,0,597,11,0,25,77.45,5.77,4.08,12.59
349,3,2,1,611,9,0,36,5.6,2.35,12.93,27.59
350,4,3,0,586,19,0,28,74.34,9.44,5.17,21.81
351,6,4,2,583,14,0,21,61.32,9.21,17.78,23.81
352,4,5,5,579,16,0,36,49.64,2.12,11.7,13.19
353,5,1,4,479,22,1,38,52.33,4.53,9.33,18.82
354,3,3,0,524,12,4,33,16.18,0.64,2.51,12.4
355,5,0,3,474,14,1,19,10.69,0.0,0.0,0.0
356,9,3,0,584,14,1,20,50.91,0.3,1.73,11.22
357,1,2,1,665,6,4,32,62.24,1.21,3.12,18.43
358,1,5,5,419,11,0,25,2.49,3.67,11.44,10.28
359,6,3,0,296,23,0,41,26.02,5.27,10.35,13.63
360,9,3,0,629,15,4,29,26.13,8.03,12.29,22.17
361,1,1,6,578,21,1,33,24.98,4.02,9.68,23.61
362,1,2,1,286,10,0,20,49.97,6.0,15.32,23.56
363,7,1,6,529,9,0,37,45.56,5.1,5.8,24.54
364,6,2,1,619,4,1,22,79.65,7.5,14.2,19.0
365,6,1,6,646,21,0,40,74.0,5.49,4.36,20.31
366,0,1,4,261,9,1,18,50.88,0.18,10.61,15.44
367,9,4,2,509,13,0,35,62.33,12.28,18.88,28.34
368,8,3,0,611,5,1,41,76.28,5.86,14.78,21.66
369,3,5,5,666,7,0,28,4.16,9.16,7.48,25.01
370,9,0,3,518,15,1,28,16.9,7.52,2.37,19.23
371,7,1,6,291,4,3,32,48.24,2.47,12.08,25.84
372,2,3,0,445,19,0,38,78.03,6.37,10.16,18.22
373,5,5,5,355,17,0,27,5.99,4.29,16.62,10.34
374,2,3,0,663,7,0,40,63.86,0.19,0.71,13.15
375,4,0,3,128,3,1,21,16.84,3.59,5.34,10.34
376,3,2,1,455,22,0,40,56.53,0.72,10.55,15.54
377,8,1,6,191,22,0,40,78.74,4.54,18.82,10.98
378,2,5,5,168,15,1,29,62.16,3.34,13.64,17.38
379,9,1,4,119,19,0,38,39.15,5.55,7.63,22.61
380,3,1,6,523,6,0,33,32.54,2.9,0.0,6.16
381,9,1,4,308,5,1,31,51.58,6.38,10.07,9.42
382,0,4,2,266,5,0,41,14.82,1.37,2.99,6.99
383,3,4,2,501,7,1,23,29.96,3.28,4.27,24.78
384,9,1,6,428,4,0,26,20.21,14.92,23.87,34.72
385,5,5,5,355,19,4,39,21.23,7.11,0.0,24.66
386,8,5,5,407,17,2,40,23.32,2.38,2.87,23.31
387,9,0,3,552,15,1,39,34.4,8.56,4.32,23.36
388,6,4,2,250,20,4,33,27.23,14.64,9.55,34.05
389,2,2,1,463,19,0,37,74.27,8.55,2.56,22.97
390,9,4,2,151,11,0,25,15.99,5.4,3.5,3.68
391,5,4,2,503,22,3,39,5.29,7.42,18.74,35.5
392,7,1,6,218,23,0,36,23.5,5.48,5.19,16.53
393,8,3,0,107,1,1,22,70.79,9.31,1.78,16.91
394,1,5,5,348,19,1,34,56.5,0.65,0.0,11.69
395,9,5,5,289,15,4,29,14.86,1.8,12.48,15.92
396,0,2,1,263,11,0,40,77.45,5.34,0.0,7.22
397,5,1,4,361,19,4,27,14.18,0.0,3.46,16.61
398,9,2,1,242,11,3,29,32.9,8.73,6.34,33.23
399,9,3,0,680,1,0,38,34.4,0.57,9.61,18.07
400,3,4,2,222,13,1,31,50.58,0.0,17.62,9.62
401,4,0,3,170,17,0,20,45.33,4.48,13.13,18.58
402,6,5,5,424,19,0,40,20.32,4.03,9.18,17.11
403,3,4,2,276,8,3,19,59.11,2.44,8.5,30.75
404,4,5,5,524,21,0,26,2.54,2.21,13.3,18.86
405,3,4,2,190,0,0,27,28.74,3.13,11.01,11.17
406,3,1,6,287,7,0,34,26.25,0.0,0.0,9.07
407,8,4,2,588,12,1,38,16.34,7.21,7.01,14.85
408,6,5,5,84,19,0,35,77.69,11.89,11.49,22.79
409,4,2,1,98,10,0,20,6.14,2.17,13.0,8.15
410,5,0,3,396,16,3,35,8.47,0.72,0.0,24.31
411,1,1,6,269,3,0,30,56.81,10.15,6.01,12.71
412,0,2,1,636,1,3,41,37.17,0.0,1.03,19.76
413,3,5,5,276,20,0,19,65.96,3.95,9.64,15.57
414,3,5,5,573,11,0,40,40.04,0.0,5.1,0.88
415,5,0,3,85,15,3,20,66.28,6.45,15.02,32.64
416,1,1,4,495,21,4,20,75.74,10.39,4.68,30.5
417,4,3,0,304,17,0,26,15.85,3.65,7.27,4.79
418,4,3,0,360,1,0,33,35.38,7.62,14.07,12.55
419,0,1,4,413,2,1,19,6.14,10.13,12.45,19.2
420,3,4,2,582,16,0,19,74.12,2.62,7.26,11.68
421,6,1,6,266,15,0,29,25.1,2.92,13.76,6.89
422,1,2,1,553,14,0,24,10.56,0.0,8.42,8.16
423,9,2,1,332,16,0,38,7.01,1.66,8.99,6.56
424,2,3,0,479,13,4,30,69.65,8.22,14.41,33.52
425,1,1,6,540,9,0,22,60.81,4.38,6.8,19.82
426,3,2,1,243,1,0,33,13.7,6.26,16.47,19.59
427,3,4,2,613,19,3,21,9.77,2.68,10.14,30.66
428,1,2,1,414,19,1,21,8.45,5.51,5.38,16.47
429,1,4,2,379,1,0,26,12.5,5.28,12.24,18.43
430,0,4,2,268,18,2,19,34.75,13.46,1.33,32.7
431,4,4,2,186,23,4,40,7.96,13.41,11.89,36.75
432,9,1,4,427,0,1,38,61.23,7.35,5.23,13.89
433,5,1,6,261,1,4,19,46.03,8.58,0.0,16.09
434,0,4,2,523,9,0,30,52.89,0.0,13.36,13.92
435,0,0,3,442,8,2,19,32.91,7.44,16.37,38.32
436,1,2,1,139,1,0,21,13.97,9.03,0.0,11.16
437,4,4,2,207,11,0,23,57.18,8.75,9.6,7.23
438,1,1,4,175,0,4,37,75.67,1.48,3.01,16.18
439,4,2,1,475,15,3,40,44.53,10.75,1.85,29.72
440,9,1,4,389,14,1,22,8.27,11.14,3.4,16.88
441,9,4,2,366,2,0,36,11.86,6.11,8.86,17.01
442,0,2,1,587,7,0,37,11.04,4.74,10.3,22.36
443,5,4,2,190,0,0,37,54.58,8.91,2.45,10.19
444,7,0,3,554,11,1,30,20.54,3.7,17.31,20.89
445,0,3,0,555,19,1,30,68.0,9.39,5.93,24.35
446,5,5,5,105,22,1,26,6.88,9.72,23.95,24.98
447,3,5,5,506,18,1,31,47.89,0.0,1.24,15.26
448,7,1,6,131,21,3,24,51.28,0.0,6.96,27.1
449,7,4,2,500,13,4,33,4.55,12.19,13.36,33.57
450,0,0,3,339,10,2,24,36.33,7.72,7.04,29.84
451,0,5,5,133,18,0,31,12.95,3.64,0.0,8.22
452,8,1,4,437,9,1,38,35.36,2.9,9.24,22.57
453,0,5,5,520,6,1,35,32.12,5.52,2.17,12.14
454,2,0,3,595,16,1,39,4.69,13.66,16.33,28.99
455,8,1,6,371,17,1,28,45.27,9.11,6.57,26.66
456,7,2,1,266,3,1,24,75.17,7.02,18.42,28.14
457,1,5,5,169,20,0,18,25.85,3.38,18.79,12.27
458,8,3,0,98,4,0,22,0.84,7.11,16.97,18.25
459,4,4,2,240,10,0,32,48.83,3.58,6.46,15.5
460,6,0,3,501,4,3,29,3.87,6.7,10.93,23.98
461,8,3,0,529,11,2,27,62.75,9.26,0.0,31.53
462,4,0,3,303,18,1,26,1.68,6.74,10.99,19.41
463,5,1,6,202,14,0,27,16.18,8.66,4.23,11.83
464,3,4,2,428,18,3,25,67.13,5.08,0.0,37.14
465,0,0,3,413,12,0,24,7.84,12.59,22.73,28.2
466,9,5,5,570,15,4,41,36.13,7.58,13.21,21.87
467,4,1,6,213,14,4,35,74.24,7.0,6.16,16.59
468,0,0,3,258,23,0,32,33.09,8.81,20.81,21.83
469,4,3,0,508,12,0,37,14.32,5.23,12.35,19.41
470,4,4,2,449,14,3,32,34.96,10.87,16.89,35.26
471,5,3,0,93,21,4,41,31.95,8.63,10.26,26.42
472,4,3,0,354,17,4,18,66.61,6.36,9.97,27.53
473,6,2,1,562,7,1,30,49.49,3.54,3.33,20.9
474,7,0,3,637,7,0,40,45.74,0.84,6.71,10.88
475,7,2,1,431,12,1,40,19.5,0.62,0.25,9.32
476,6,1,6,382,7,0,24,62.42,0.0,11.04,18.69
477,2,5,5,375,15,0,34,10.65,12.11,4.28,11.31
478,9,0,3,616,17,0,28,22.85,7.56,8.86,22.81
479,8,1,6,225,16,0,41,41.71,0.0,7.73,5.54
480,9,0,3,205,10,1,33,47.76,3.81,17.18,24.02
481,9,5,5,560,1,0,25,19.75,5.78,11.66,8.7
482,3,4,2,149,8,0,24,57.85,7.99,14.64,22.32
483,0,2,1,94,3,1,26,24.7,5.17,0.79,4.79
484,7,1,4,148,22,1,32,53.04,6.92,9.39,16.75
485,0,3,0,196,10,0,27,68.73,3.54,22.35,22.45
486,5,0,3,152,19,1,39,32.85,7.24,9.31,24.5
487,4,2,1,168,17,0,40,10.46,2.2,16.36,20.0
488,4,0,3,185,22,1,20,34.2,10.16,13.35,17.35
489,7,3,0,446,15,4,26,29.62,0.0,10.95,16.91
490,4,3,0,546,5,1,36,63.04,3.93,11.24,14.45
491,9,2,1,252,12,3,27,61.17,15.02,11.11,33.68
492,4,3,0,364,22,1,41,18.5,1.79,0.58,7.61
493,2,3,0,263,6,4,25,69.7,4.48,14.63,17.14
494,4,1,4,270,7,1,21,50.0,0.0,15.04,18.47
495,4,1,4,202,10,1,18,15.14,4.83,8.64,27.53
496,9,1,6,511,4,2,20,56.75,9.87,15.4,34.63
497,8,0,3,129,21,3,32,5.67,3.74,14.37,30.27
498,4,2,1,466,14,3,19,62.04,0.91,5.88,23.02
499,9,5,5,525,14,0,19,13.4,3.94,4.42,10.8
500,0,3,0,93,7,0,19,5.87,8.98,19.92,19.33
501,2,3,0,370,4,4,34,10.99,0.0,9.42,16.63
502,3,1,4,404,4,3,33,30.11,1.81,26.54,34.25
503,3,3,0,518,5,4,18,57.92,16.54,7.16,34.54
504,8,0,3,339,17,0,18,57.5,4.57,4.82,13.6
505,2,1,6,374,9,3,35,69.28,9.37,9.94,40.0
506,8,5,5,697,6,4,39,62.6,4.04,14.41,22.11
507,5,3,0,600,14,0,36,9.75,7.59,0.0,14.23
508,3,2,1,690,21,2,36,26.41,4.4,5.71,25.41
509,0,2,1,189,23,0,41,22.69,0.31,7.35,0.0
510,2,4,2,607,11,0,39,1.06,11.28,8.48,18.18
511,6,3,0,531,13,1,24,47.38,1.44,1.46,11.79
512,9,4,2,229,8,1,39,9.46,10.26,4.91,22.02
513,4,5,5,540,6,0,18,3.45,2.79,5.22,5.54
514,0,4,2,209,22,4,33,78.5,10.26,4.04,25.75
515,4,4,2,625,0,2,40,59.66,0.0,11.78,24.54
516,4,1,4,80,13,1,23,28.48,6.19,0.41,7.38
517,9,1,4,153,18,0,27,45.15,9.73,8.97,23.61
518,9,3,0,266,17,1,21,41.38,0.0,5.34,9.91
519,5,1,4,153,4,0,38,30.94,4.41,4.25,6.58
520,2,1,4,209,23,0,34,8.92,12.5,19.33,18.45
521,6,2,1,231,9,1,35,58.31,8.2,13.65,19.52
522,9,1,4,93,16,0,21,76.16,7.47,18.57,14.87
523,2,2,1,610,19,1,31,76.92,0.0,3.97,4.09
524,6,1,4,352,11,4,34,24.98,8.46,12.6,25.85
525,1,4,2,208,16,0,39,53.9,10.25,19.3,18.76
526,3,0,3,415,6,4,28,9.03,3.4,25.67,24.51
527,7,0,3,147,10,1,29,38.01,3.79,8.42,22.43
528,8,3,0,689,11,0,33,0.08,8.01,0.0,15.63
529,1,0,3,637,2,1,25,61.58,9.86,8.42,23.15
530,6,0,3,588,13,0,21,9.55,9.03,4.15,9.99
531,4,1,6,163,20,0,33,28.49,11.02,0.0,22.35
532,7,5,5,660,22,4,26,50.83,2.68,3.72,17.39
533,3,5,5,551,2,0,40,57.54,4.04,8.35,15.97
534,6,1,4,601,16,0,36,38.58,9.13,15.08,21.91
535,7,5,5,91,16,4,23,15.36,8.56,15.81,28.82
536,0,5,5,599,10,0,21,15.8,2.91,11.55,21.01
537,3,5,5,315,17,0,37,73.81,1.7,0.0,10.96
538,3,3,0,325,11,0,27,73.64,5.12,6.11,10.39
539,5,4,2,327,5,1,24,38.68,11.82,2.68,17.65
540,0,0,3,431,11,0,27,40.39,1.06,9.39,8.81
541,2,5,5,609,14,0,19,49.34,2.68,5.29,14.52
542,6,3,0,167,7,0,29,18.51,5.74,15.42,14.28
543,0,0,3,121,18,1,36,16.12,5.56,2.77,13.76
544,8,5,5,609,15,1,39,19.98,8.73,5.09,21.66
545,6,1,6,187,17,0,39,55.59,16.26,5.1,29.94
546,4,3,0,267,8,0,22,42.99,7.45,1.97,15.25
547,5,2,1,119,2,0,33,12.39,0.45,0.0,0.0
548,5,4,2,500,22,0,33,20.2,9.68,6.65,18.93
549,5,1,4,379,11,0,33,2.99,6.75,0.0,11.1
550,1,3,0,363,23,0,19,74.83,0.61,17.94,10.96
551,9,2,1,647,8,4,36,16.38,5.89,12.55,35.62
552,2,4,2,674,21,0,29,76.36,0.98,0.0,16.32
553,0,4,2,388,17,4,40,21.92,0.0,5.92,29.53
554,6,2,1,107,9,3,37,23.99,0.0,7.31,22.36
555,8,1,6,249,21,0,34,27.12,0.0,12.45,6.98
556,4,5,5,640,23,0,32,29.46,4.78,10.37,18.89
557,5,1,4,446,12,3,21,75.11,5.02,6.44,19.58
558,7,3,0,448,21,3,35,38.44,5.34,2.77,35.89
559,5,2,1,325,20,0,40,77.75,4.13,0.0,13.83
560,6,4,2,412,18,0,35,14.05,12.32,8.78,30.52
561,4,5,5,121,8,0,22,36.02,3.23,2.6,8.37
562,7,4,2,471,0,4,24,50.87,4.55,8.5,18.25
563,8,3,0,250,18,4,18,8.95,0.0,16.63,30.05
564,9,0,3,457,11,0,23,72.71,4.74,18.47,20.59
565,2,4,2,609,14,0,36,32.4,5.47,2.44,13.14
566,7,1,4,316,5,0,37,25.32,3.97,4.23,12.02
567,4,1,4,588,1,2,41,7.31,0.0,5.76,18.28
568,6,2,1,653,3,4,22,79.63,6.3,0.0,10.26
569,1,3,0,283,3,1,26,21.73,8.38,5.83,13.14
570,5,1,4,289,16,3,28,13.64,0.0,0.0,23.63
571,8,0,3,498,21,4,30,64.8,3.61,2.68,19.78
572,9,5,5,126,6,1,35,67.58,5.9,4.8,14.51
573,6,0,3,663,21,3,19,29.76,6.42,7.36,33.44
574,0,1,6,573,7,2,20,44.03,12.83,9.01,38.23
575,6,1,6,229,22,0,23,8.51,8.69,6.09,14.39
576,4,1,4,430,11,2,29,15.38,0.0,0.0,15.46
577,1,2,1,397,8,4,40,39.68,5.18,7.97,26.35
578,5,1,6,497,11,1,23,67.51,0.0,6.54,14.41
579,8,5,5,83,9,0,34,21.69,0.0,13.6,18.01
580,0,1,6,356,23,3,41,76.37,2.48,13.12,25.5
581,8,0,3,552,7,0,31,67.59,3.14,17.76,19.59
582,8,1,4,434,16,4,30,32.73,9.88,0.46,18.36
583,4,1,6,306,11,4,37,68.14,9.15,15.98,35.59
584,5,1,4,136,7,0,30,0.17,5.52,0.0,11.66
585,5,5,5,195,1,0,28,35.94,7.2,10.84,12.71
586,1,1,4,543,11,0,34,36.41,2.99,1.95,3.22
587,3,0,3,680,14,1,25,46.19,8.65,3.82,27.37
588,2,2,1,245,21,0,36,23.41,0.63,8.95,16.64
589,9,3,0,437,2,1,19,42.26,7.58,1.21,14.12
590,4,0,3,260,6,4,41,51.45,8.98,0.0,17.43
591,2,1,6,629,4,2,19,77.56,0.0,11.24,8.6
592,7,1,4,655,21,1,36,34.94,10.83,6.73,34.7
593,3,5,5,282,0,4,23,78.05,9.42,17.31,31.45
594,7,1,6,491,6,4,28,35.13,4.54,5.31,20.73
595,5,4,2,337,1,1,27,22.01,8.5,12.72,18.33
596,3,1,4,466,9,1,38,52.98,1.03,14.44,18.43
597,9,4,2,338,19,4,30,35.92,3.5,2.38,20.53
598,3,1,6,169,5,4,28,28.15,12.72,3.76,18.12
599,3,2,1,527,23,0,31,35.04,1.76,12.18,3.81
600,5,5,5,581,15,3,30,14.74,5.5,3.62,28.14
601,2,1,4,584,8,0,41,77.32,2.63,0.0,14.85
602,8,2,1,300,4,3,27,28.2,8.4,10.92,31.2
603,1,1,4,204,2,1,23,62.15,6.55,9.45,12.15
604,6,0,3,483,6,2,37,51.24,5.8,7.43,23.92
605,7,3,0,410,23,0,29,3.85,3.15,5.61,9.45
606,5,1,6,615,3,3,33,60.3,6.81,6.02,22.85
607,9,2,1,194,3,0,20,13.23,8.72,6.89,18.43
608,4,1,4,617,0,0,32,16.45,0.0,11.81,18.54
609,9,0,3,135,2,0,39,26.85,6.9,11.74,23.71
610,7,1,4,404,18,0,28,58.69,5.64,16.52,21.68
611,6,5,5,543,8,0,19,54.17,4.04,15.24,29.43
612,4,4,2,681,20,0,36,66.59,9.36,16.4,24.37
613,1,5,5,376,18,3,35,30.63,8.18,0.72,41.01
614,4,0,3,468,16,0,27,75.24,3.08,24.05,15.9
615,6,3,0,222,5,4,32,30.03,7.45,0.96,18.49
616,4,1,6,349,2,0,27,8.6,8.17,4.01,16.67
617,1,4,2,599,11,4,22,10.86,0.08,4.45,11.46
618,6,0,3,108,2,0,26,27.38,5.11,8.73,4.94
619,7,2,1,550,8,0,39,4.53,3.81,9.47,17.15
620,6,5,5,660,9,4,41,13.92,10.46,0.0,31.27
621,4,1,6,476,2,1,41,34.57,2.56,10.95,18.94
622,5,0,3,563,1,0,19,33.39,2.07,3.31,5.52
623,8,5,5,408,18,3,36,32.54,9.59,4.05,37.96
624,4,1,6,631,18,1,27,60.04,2.48,11.06,19.77
625,4,2,1,617,11,0,27,50.24,7.38,5.85,20.69
626,3,2,1,348,0,1,18,39.03,7.09,0.0,4.5
627,3,5,5,448,5,4,23,0.06,0.0,19.06,21.82
628,5,1,4,525,5,4,39,76.18,13.86,11.9,26.57
629,4,5,5,680,12,1,27,62.24,5.5,4.04,14.03
630,6,1,4,305,18,2,20,41.38,0.06,14.7,21.3
631,4,1,4,451,11,1,28,23.15,5.81,11.28,16.75
632,6,0,3,412,8,0,30,32.55,5.72,0.0,19.43
633,5,1,4,378,15,3,36,27.08,9.07,5.94,31.31
634,7,5,5,413,15,0,20,50.65,6.0,13.67,15.29
635,4,0,3,435,12,1,25,27.32,5.3,12.23,14.35
636,6,3,0,294,4,0,28,14.63,0.0,15.59,10.09
637,4,1,4,209,7,1,20,3.96,4.81,0.0,21.12
638,1,4,2,420,19,1,23,53.39,6.35,4.66,17.83
639,7,1,4,592,18,3,36,49.05,0.75,2.46,28.79
640,3,2,1,284,14,0,38,74.75,7.67,2.17,11.63
641,1,0,3,95,17,0,30,68.26,9.44,6.35,17.3
642,0,5,5,550,17,1,35,55.74,3.91,4.58,23.67
643,6,1,4,225,6,0,22,10.17,1.97,0.0,3.21
644,6,4,2,158,16,0,38,74.89,7.58,8.14,3.14
645,7,4,2,438,23,1,40,27.09,8.13,8.56,15.3
646,0,1,4,96,18,0,20,48.37,15.34,16.74,29.87
647,9,2,1,351,2,1,25,6.56,3.76,15.25,10.52
648,1,1,4,367,8,1,37,58.48,5.9,3.95,20.88
649,4,1,4,646,0,2,30,59.36,0.0,10.15,19.53
650,5,2,1,394,9,0,31,39.44,7.72,6.61,15.47
651,5,1,4,587,2,2,37,58.29,6.33,0.0,22.74
652,7,1,6,512,15,1,40,9.21,11.98,14.45,26.02
653,5,0,3,209,19,0,21,55.95,4.1,0.0,21.61
654,6,1,6,492,10,4,40,7.62,4.7,5.39,22.88
655,4,3,0,491,10,0,38,59.65,7.06,13.72,25.4
656,6,2,1,220,4,0,31,36.01,6.25,0.0,3.1
657,8,1,6,591,16,4,19,70.84,9.05,0.0,25.1
658,4,4,2,559,6,0,31,1.76,7.34,12.3,14.87
659,6,4,2,359,5,4,32,0.17,3.34,1.31,15.93
660,6,0,3,392,10,0,24,32.2,5.91,12.45,19.52
661,6,0,3,359,7,1,30,55.4,0.12,5.91,14.04
662,8,2,1,142,14,0,22,63.88,1.39,12.22,4.46
663,2,5,5,565,3,0,29,31.22,3.9,13.79,15.7
664,7,0,3,446,9,2,36,51.54,8.56,10.56,35.64
665,5,1,4,383,18,1,33,15.0,1.4,14.69,19.67
666,8,5,5,270,3,1,38,53.85,12.75,0.0,16.78
667,6,0,3,698,7,3,19,74.27,0.0,8.58,30.5
668,6,0,3,262,7,0,18,67.49,6.96,4.81,25.61
669,1,1,4,589,7,0,34,34.57,6.46,7.64,25.42
670,8,2,1,498,17,2,38,79.41,0.69,15.25,32.62
671,6,3,0,357,10,4,24,38.82,9.13,4.12,34.58
672,3,4,2,298,7,0,32,64.7,6.56,0.0,12.75
673,0,1,4,523,16,4,38,25.17,8.55,9.75,22.43
674,7,1,4,144,19,0,31,35.39,0.08,15.86,16.99
675,9,1,4,296,10,0,21,40.7,6.53,13.66,19.56
676,8,1,4,135,21,1,29,19.8,10.38,17.05,25.3
677,4,3,0,556,10,1,24,41.46,9.91,8.54,26.84
678,5,3,0,319,7,2,19,75.6,3.1,9.32,21.65
679,6,0,3,302,7,1,37,73.27,4.16,0.0,19.0
680,0,4,2,164,12,4,33,4.3,9.17,17.54,26.07
681,7,3,0,188,6,0,35,34.14,7.09,17.15,19.25
682,9,3,0,416,9,0,31,39.86,2.34,0.0,16.22
683,6,0,3,607,16,1,41,26.33,8.33,8.91,12.02
684,0,0,3,681,11,0,40,31.68,3.66,0.0,13.44
685,6,2,1,303,5,2,28,10.98,4.18,14.53,15.98
686,0,3,0,289,15,4,37,57.72,11.17,8.6,31.47
687,0,5,5,300,15,4,39,1.68,13.22,14.69,38.39
688,3,1,4,133,11,4,24,7.57,5.0,4.35,12.51
689,7,1,6,291,1,2,29,70.66,5.59,7.86,24.28
690,6,4,2,187,16,4,40,17.57,10.62,6.31,30.23
691,1,4,2,283,20,4,20,38.6,7.58,7.72,20.88
692,6,0,3,374,16,0,30,23.91,0.0,4.95,4.69
693,5,1,4,684,6,0,41,0.8,4.72,9.05,15.57
694,4,1,6,308,6,0,18,67.64,5.16,18.03,17.78
695,6,2,1,606,10,4,21,16.94,3.2,3.98,28.0
696,2,1,4,484,11,4,24,29.23,5.77,16.39,27.35
697,4,5,5,403,5,4,22,26.91,0.29,10.85,15.73
698,9,2,1,272,18,0,27,35.37,6.09,0.0,14.44
699,6,1,4,554,16,0,21,76.41,5.06,2.64,7.15
700,0,5,5,582,21,0,21,65.5,6.31,2.36,23.98
701,4,0,3,240,13,0,34,6.23,1.85,11.22,9.65
702,1,4,2,599,23,1,36,75.35,3.52,9.5,11.64
703,9,4,2,668,13,0,32,49.3,11.92,0.0,17.09
704,9,1,4,420,22,0,28,41.61,0.0,6.76,4.37
705,5,1,4,213,0,0,39,53.02,7.34,0.0,16.76
706,8,1,6,255,5,0,39,62.36,3.53,6.72,13.78
707,4,1,6,371,19,1,30,41.97,1.82,0.0,18.34
708,4,4,2,465,5,0,28,39.57,3.8,11.57,16.59
709,5,3,0,136,17,0,32,69.2,4.21,1.24,9.91
710,8,0,3,122,6,0,27,58.35,0.0,13.94,5.02
711,4,4,2,167,3,0,39,31.56,9.88,3.3,16.43
712,8,3,0,371,4,0,40,68.7,0.0,13.07,14.1
713,9,1,4,666,18,0,22,42.37,15.35,0.0,24.87
714,7,0,3,217,9,0,32,22.68,4.4,0.0,11.09
715,5,5,5,209,16,1,24,0.31,10.43,4.63,10.75
716,9,1,4,664,19,1,21,18.19,4.9,0.0,13.74
717,5,1,6,246,8,0,33,35.02,3.74,2.69,11.36
718,9,1,6,628,6,4,22,2.81,10.6,10.57,28.25
719,6,3,0,318,19,0,28,74.68,3.62,1.11,11.44
720,1,4,2,680,12,0,41,75.08,9.34,9.47,20.72
721,2,1,4,520,4,0,39,41.47,4.96,0.0,11.46
722,0,1,6,696,5,1,26,22.95,1.91,4.51,10.63
723,0,3,0,428,13,1,38,70.5,1.79,2.79,7.87
724,1,3,0,287,21,1,36,22.98,3.68,19.72,21.34
725,9,2,1,267,19,3,26,75.3,0.0,9.36,31.78
726,4,4,2,345,21,0,30,25.35,0.0,6.08,11.7
727,9,1,4,178,16,4,27,65.94,5.46,0.0,15.27
728,3,3,0,558,16,1,33,38.17,3.55,4.47,12.29
729,5,5,5,122,9,2,23,18.73,12.41,8.2,32.07
730,9,4,2,663,15,3,32,40.92,3.4,0.79,21.03
731,1,0,3,257,9,4,26,26.48,6.51,4.53,29.41
732,3,3,0,681,14,2,34,55.19,1.47,9.61,29.06
733,0,1,6,207,6,0,39,69.83,5.24,4.02,11.61
734,1,2,1,126,12,0,19,46.25,5.02,12.15,11.97
735,3,5,5,535,8,1,23,15.29,2.11,2.65,22.02
736,0,1,4,409,22,1,27,0.39,4.75,16.6,18.06
737,6,0,3,318,13,1,39,8.93,13.53,9.31,21.48
738,6,3,0,360,18,3,25,51.47,7.75,3.71,33.61
739,2,0,3,218,19,0,32,30.37,9.74,13.46,27.92
740,8,3,0,126,11,3,38,68.04,5.54,15.23,23.23
741,0,4,2,489,5,1,24,34.17,11.19,0.0,17.0
742,2,5,5,461,21,0,26,69.37,3.69,8.87,23.91
743,6,1,4,303,10,0,20,37.45,6.53,10.1,24.9
744,2,1,4,142,10,1,39,31.98,5.54,11.0,18.51
745,9,4,2,542,6,0,27,48.13,3.46,7.1,9.12
746,3,0,3,666,19,4,36,15.53,7.94,8.43,32.16
747,4,4,2,134,7,0,33,68.37,6.16,4.08,21.61
748,7,3,0,389,13,3,32,53.36,3.99,12.7,26.28
749,9,4,2,662,18,0,32,42.68,5.44,3.32,16.27
750,5,1,4,246,1,4,38,2.91,4.06,10.4,14.2
751,7,1,4,379,13,1,41,12.18,9.39,0.0,18.99
752,1,3,0,444,11,3,35,79.74,7.4,0.0,25.31
753,6,3,0,590,2,4,34,63.62,5.02,6.9,16.3
754,2,4,2,696,2,1,26,39.24,5.84,6.15,18.85
755,5,1,4,479,14,1,29,34.93,3.99,2.52,20.18
756,7,5,5,362,9,0,34,1.07,7.58,3.89,21.53
757,4,2,1,271,19,0,19,51.85,9.1,0.0,21.6
758,0,1,6,664,19,4,18,10.17,9.5,0.0,30.78
759,8,0,3,132,13,2,27,15.3,3.89,6.97,10.11
760,0,5,5,601,15,2,22,73.46,0.0,5.35,21.74
761,1,2,1,472,6,1,40,72.6,5.15,8.66,11.14
762,8,1,6,521,0,0,34,38.3,7.13,3.17,14.05
763,4,2,1,367,21,4,30,50.1,8.42,2.32,27.49
764,7,1,6,430,19,0,20,50.09,5.06,14.93,20.43
765,7,1,4,491,20,3,32,65.82,3.05,0.0,34.39
766,1,1,4,547,1,0,35,50.34,9.29,15.09,14.07
767,8,4,2,92,10,3,36,64.62,3.82,2.66,27.7
768,8,5,5,571,3,1,34,78.52,3.38,2.42,0.6
769,7,2,1,168,16,0,25,44.79,0.0,16.99,0.0
770,4,1,6,582,3,0,36,37.24,8.62,1.65,18.67
771,3,3,0,248,18,0,40,35.09,6.3,4.81,22.66
772,4,5,5,102,15,0,23,11.8,9.72,22.02,20.69
773,0,2,1,92,10,1,39,20.41,5.56,9.02,24.61
774,9,3,0,583,17,1,18,35.39,5.23,3.77,19.2
775,7,3,0,521,14,2,31,72.45,0.0,8.61,14.51
776,2,3,0,170,6,3,18,64.99,6.8,6.17,28.19
777,1,2,1,319,20,0,28,26.06,0.0,5.5,16.35
778,3,2,1,510,4,0,19,11.8,1.77,21.23,13.71
779,9,4,2,462,8,1,34,74.21,5.58,8.53,26.1
780,2,3,0,680,0,1,27,78.26,4.82,0.0,19.18
781,8,1,4,445,3,0,34,3.25,0.0,14.77,7.65
782,6,4,2,125,9,1,33,21.12,5.31,10.42,19.31
783,0,3,0,283,16,1,32,5.44,1.98,3.98,5.94
784,5,2,1,298,11,1,26,15.07,10.16,8.25,14.7
785,7,1,4,565,21,1,33,75.25,0.0,6.01,15.63
786,1,4,2,226,16,2,39,56.48,1.89,1.73,10.28
787,6,1,4,245,20,1,30,41.17,11.42,10.22,23.38
788,5,0,3,151,10,0,30,9.68,5.21,2.25,21.86
789,0,1,6,645,7,4,40,46.38,0.0,0.0,24.67
790,9,3,0,463,6,1,33,64.82,0.0,10.04,11.9
791,9,1,4,641,16,1,40,37.52,7.66,26.6,27.27
792,1,1,6,295,22,0,24,33.93,0.0,5.54,4.93
793,6,1,6,146,16,0,27,49.3,10.24,0.0,10.74
794,2,0,3,130,20,0,34,58.74,1.1,12.88,12.44
795,9,1,6,146,4,3,18,2.81,0.0,8.75,20.6
796,9,3,0,496,21,4,40,44.59,8.14,0.0,26.48
797,0,5,5,306,5,1,26,7.52,0.94,7.46,9.77
798,9,3,0,413,16,3,31,72.12,9.28,9.17,33.43
799,4,1,4,404,5,0,33,31.86,6.36,22.64,19.32
800,5,1,4,558,12,0,35,4.34,3.43,9.48,8.91
801,6,1,4,327,4,2,24,8.75,8.36,0.0,17.47
802,6,4,2,176,4,3,25,32.39,6.94,8.05,30.43
803,5,5,5,118,21,3,18,74.44,2.31,16.27,32.61
804,1,5,5,91,0,4,20,25.97,8.63,16.9,26.03
805,6,1,4,100,18,4,39,40.02,8.54,11.45,30.46
806,4,0,3,151,9,4,18,4.9,5.55,8.18,22.46
807,1,1,6,166,18,1,41,52.96,8.24,23.46,24.9
808,0,1,4,490,12,0,41,2.29,0.0,16.81,8.41
809,8,1,4,245,21,0,37,43.38,0.0,11.13,10.35
810,1,1,6,506,15,1,18,53.74,5.38,0.75,9.41
811,6,4,2,202,0,0,23,75.52,12.05,4.67,20.63
812,5,1,4,585,4,0,36,14.13,8.45,9.2,22.59
813,3,1,4,516,15,3,23,37.83,0.13,8.79,22.31
814,9,4,2,655,12,3,22,7.38,1.58,16.99,25.78
815,0,1,4,108,6,1,30,48.26,10.91,5.78,16.77
816,6,4,2,645,9,1,33,3.7,0.25,3.82,21.04
817,3,0,3,640,8,1,41,1.6,10.15,9.18,34.01
818,8,1,6,544,11,4,30,57.7,5.79,6.63,23.86
819,2,1,4,621,8,1,36,51.42,6.97,13.25,30.04
820,8,1,6,289,23,1,27,59.95,14.28,12.22,20.43
821,4,5,5,410,10,0,23,57.52,4.84,19.24,26.52
822,7,1,6,371,10,2,26,36.95,8.62,0.95,37.94
823,4,0,3,418,14,0,36,1.27,7.24,6.1,11.31
824,4,0,3,244,22,0,19,34.07,5.13,10.12,13.22
825,8,3,0,127,22,0,40,37.02,5.98,4.49,10.97
826,8,1,4,415,5,1,36,53.22,5.72,2.88,15.06
827,8,1,6,513,8,0,37,59.33,2.09,15.29,16.28
828,0,0,3,243,8,3,23,19.78,1.62,14.18,34.57
829,8,4,2,267,6,1,39,30.24,0.07,10.11,6.6
830,3,4,2,101,0,0,22,26.74,5.11,8.15,0.0
831,8,0,3,360,11,0,25,23.49,9.64,15.51,18.22
832,2,1,4,460,0,0,20,74.72,3.26,5.44,11.75
833,4,3,0,560,15,4,22,78.91,8.38,2.98,20.8
834,2,2,1,427,17,0,20,19.14,12.21,0.0,11.2
835,2,1,6,432,6,3,28,50.48,0.0,8.39,25.12
836,4,5,5,645,20,3,29,75.53,7.84,0.0,29.92
837,3,4,2,254,0,0,39,55.35,3.42,14.75,10.64
838,7,5,5,604,2,0,41,65.66,9.49,10.71,15.66
839,1,1,4,377,8,0,25,40.98,4.93,9.46,16.21
840,4,4,2,311,8,3,40,4.43,0.0,15.16,27.12
841,4,5,5,343,10,4,25,71.37,0.0,24.04,35.52
842,6,0,3,83,19,0,28,7.51,16.2,11.84,34.77
843,6,2,1,180,15,1,34,40.29,4.82,6.14,16.56
844,3,1,6,363,6,4,26,31.93,0.0,0.0,14.98
845,4,4,2,206,11,0,41,23.38,2.29,12.06,13.37
846,7,2,1,80,16,0,40,37.83,1.81,10.05,8.38
847,3,0,3,130,16,0,18,8.46,4.76,2.62,8.09
848,1,3,0,435,4,0,41,2.99,1.07,7.02,16.06
849,0,1,4,576,23,0,29,58.31,8.35,6.9,18.1
850,1,1,6,542,14,0,20,66.12,6.92,18.22,22.2
851,2,1,6,194,20,0,28,73.19,5.62,0.55,6.71
852,0,5,5,668,14,4,22,16.88,0.84,12.89,25.47
853,7,4,2,517,7,4,26,54.95,3.74,9.41,30.74
854,6,1,4,273,1,1,36,36.43,8.84,15.89,12.13
855,1,4,2,593,23,1,19,67.15,8.91,22.52,22.71
856,7,0,3,207,22,0,23,49.42,8.83,7.26,18.74
857,1,5,5,108,8,0,31,17.09,4.97,0.0,19.72
858,0,4,2,552,20,0,35,21.52,5.58,17.5,23.85
859,5,5,5,105,14,0,18,8.06,2.4,6.99,5.58
860,9,1,6,215,3,1,39,44.15,0.0,13.14,1.1
861,9,0,3,433,10,0,19,54.87,4.06,4.41,20.89
862,6,0,3,121,22,0,26,59.1,4.49,14.69,1.71
863,3,5,5,415,3,0,30,35.47,8.57,10.5,17.18
864,8,4,2,153,0,0,29,31.11,0.0,11.07,12.76
865,2,5,5,605,15,4,27,53.07,4.85,0.0,15.25
866,4,1,4,482,15,1,33,23.2,1.48,10.08,7.17
867,5,1,4,140,3,0,26,45.37,8.69,0.54,20.86
868,1,3,0,212,3,1,39,32.33,4.1,14.99,12.4
869,9,4,2,457,5,0,41,62.5,4.62,0.0,6.48
870,6,4,2,211,7,3,41,56.52,9.39,7.99,39.19
871,2,1,6,305,16,1,32,7.3,1.86,18.73,19.25
872,5,1,6,87,0,4,38,4.51,3.39,13.05,10.71
873,5,0,3,89,5,0,22,9.62,5.46,3.27,2.79
874,8,4,2,495,23,1,23,0.23,10.64,4.59,21.95
875,0,5,5,345,19,2,33,1.27,4.63,0.0,28.06
876,1,5,5,191,18,0,29,58.13,3.01,3.31,8.23
877,0,5,5,138,14,1,23,0.36,3.09,9.96,2.64
878,2,1,6,148,3,0,20,56.81,0.0,1.55,0.0
879,2,1,6,526,2,4,35,16.34,7.64,5.34,18.76
880,2,3,0,238,11,0,29,25.59,11.59,18.63,26.82
881,1,3,0,413,10,0,27,70.86,4.66,0.92,18.95
882,8,2,1,432,1,0,26,2.01,8.37,12.23,16.2
883,5,5,5,604,11,1,27,34.96,6.1,7.02,17.34
884,2,4,2,219,2,2,39,2.27,6.94,11.86,27.38
885,2,0,3,336,11,4,36,27.02,0.94,9.96,4.59
886,5,1,6,673,12,3,20,31.66,7.96,5.16,34.22
887,1,2,1,552,23,0,31,56.93,6.7,12.51,12.9
888,8,0,3,119,6,0,23,34.29,5.74,0.75,0.99
889,8,1,6,608,17,1,28,13.09,2.06,11.64,20.51
890,1,1,4,665,16,0,23,27.84,4.71,14.84,15.65
891,3,4,2,292,3,4,23,77.43,9.07,6.91,26.17
892,7,1,4,300,19,1,32,43.05,0.0,6.04,13.42
893,4,1,6,609,12,0,36,5.33,0.0,9.64,14.91
894,3,0,3,683,12,1,36,76.5,2.11,11.83,16.17
895,8,1,6,300,23,4,22,39.92,2.24,8.95,18.65
896,5,3,0,579,5,0,38,5.32,5.02,7.36,16.69
897,5,0,3,331,7,1,33,59.67,8.06,4.45,13.94
898,5,2,1,533,3,0,22,0.13,4.92,0.0,5.04
899,1,2,1,554,19,0,38,4.24,3.65,0.0,16.38
900,9,3,0,221,7,0,18,62.85,2.0,10.36,14.18
901,0,2,1,498,23,2,25,59.43,12.27,15.64,36.63
902,3,2,1,324,20,0,32,23.59,3.21,0.0,12.88
903,5,3,0,432,20,0,39,39.2,4.62,6.65,13.86
904,1,4,2,426,11,0,25,41.11,2.39,4.15,7.05
905,8,4,2,556,0,2,21,34.12,6.07,9.1,29.56
906,3,5,5,325,5,0,38,28.81,4.5,15.03,12.68
907,2,5,5,178,19,0,30,36.19,0.58,0.0,7.34
908,3,2,1,105,9,0,26,42.39,11.33,0.0,14.61
909,2,1,4,633,14,0,31,71.01,0.0,15.34,12.14
910,8,0,3,565,23,1,24,26.83,7.02,11.7,17.07
911,5,0,3,543,14,0,21,61.76,4.25,5.33,13.33
912,0,4,2,648,23,4,28,43.36,0.0,5.25,9.31
913,1,2,1,593,13,3,38,21.44,0.0,16.31,22.35
914,0,0,3,617,17,4,26,8.47,6.48,4.59,28.21
915,7,1,6,491,2,4,41,72.58,10.67,10.08,33.28
916,2,1,4,600,16,1,20,0.11,11.61,7.87,23.09
917,0,3,0,478,8,1,27,70.2,5.29,13.77,24.92
918,9,5,5,393,18,0,25,78.49,5.29,19.33,19.88
919,0,1,6,643,1,4,24,34.44,6.11,0.0,18.74
920,9,3,0,207,12,0,28,44.46,5.03,12.68,10.96
921,8,4,2,303,4,1,26,42.9,8.3,0.0,6.28
922,4,1,4,651,11,1,29,33.02,6.77,0.0,11.93
923,1,2,1,553,15,2,19,34.7,0.0,4.74,17.07
924,1,1,6,343,13,1,23,13.74,4.63,8.21,25.19
925,7,2,1,134,15,1,36,56.79,8.21,0.0,11.99
926,1,4,2,412,10,0,32,31.57,1.91,20.09,16.69
927,4,5,5,432,11,0,18,21.1,9.19,8.08,15.52
928,9,5,5,658,6,1,37,33.25,0.0,4.06,15.22
929,9,3,0,187,4,3,32,53.92,7.25,12.11,24.1
930,6,5,5,639,20,4,36,67.62,12.73,9.8,36.0
931,9,4,2,365,11,4,36,32.3,9.12,3.78,16.51
932,8,5,5,535,19,0,24,38.45,0.9,7.02,8.31
933,7,2,1,381,14,0,36,2.46,2.65,17.54,15.94
934,2,1,6,254,18,1,22,15.75,7.34,11.41,17.6
935,3,2,1,488,21,1,32,9.09,2.66,3.69,20.07
936,1,5,5,314,21,0,22,10.17,0.34,5.49,8.24
937,3,3,0,603,22,4,33,77.9,1.44,13.13,16.83
938,5,3,0,131,19,0,30,34.87,3.67,7.77,13.63
939,7,5,5,340,15,0,23,50.2,4.44,0.0,3.36
940,8,5,5,547,14,1,36,39.41,1.34,5.08,17.21
941,1,3,0,93,4,1,19,9.83,6.31,4.99,6.04
942,9,1,4,499,6,1,20,18.95,0.0,14.55,11.84
943,3,1,4,388,18,0,23,40.92,0.77,26.67,21.71
944,2,1,4,248,19,0,21,19.35,5.92,8.86,14.93
945,2,5,5,116,16,1,40,11.53,12.78,7.21,22.03
946,8,2,1,610,13,1,24,19.1,6.85,11.84,21.91
947,2,2,1,82,22,1,30,17.94,8.22,0.0,11.85
948,5,2,1,686,12,4,30,35.43,4.91,7.59,24.16
949,3,3,0,699,14,0,21,31.64,8.85,10.22,18.74
950,4,0,3,600,8,0,18,6.01,4.36,11.69,23.24
951,1,5,5,450,15,1,25,8.93,5.31,6.39,9.86
952,4,3,0,213,9,0,34,41.13,4.14,16.77,24.9
953,2,1,4,351,5,4,40,47.4,15.26,5.15,31.79
954,1,2,1,305,5,1,35,51.48,0.0,1.47,0.0
955,7,3,0,101,22,0,40,17.21,1.87,0.0,4.63
956,4,5,5,342,5,0,21,2.13,0.0,10.17,12.05
957,0,1,6,329,20,1,34,47.35,2.45,11.4,24.74
958,4,1,4,659,14,0,37,13.46,9.09,17.53,18.69
959,0,1,4,455,15,1,29,55.72,10.88,11.91,21.57
960,6,4,2,352,2,0,36,54.38,13.21,14.76,20.49
961,1,5,5,559,4,0,29,57.99,9.96,21.98,20.41
962,9,1,4,584,19,0,22,46.36,1.49,0.0,12.45
963,3,1,4,429,13,0,27,21.8,4.49,7.69,16.21
964,1,1,6,121,1,1,23,29.45,1.17,2.28,3.77
965,5,4,2,543,21,4,30,50.73,5.19,0.0,16.75
966,0,1,6,105,20,1,21,79.34,4.17,11.24,19.8
967,4,3,0,125,22,1,32,68.21,4.33,4.3,14.71
968,8,2,1,581,12,2,26,68.61,5.43,0.0,22.46
969,8,2,1,369,15,1,32,57.81,2.0,3.77,4.79
970,6,1,6,382,12,0,30,68.32,3.47,7.3,11.08
971,8,2,1,548,19,0,40,41.57,1.56,8.91,22.81
972,7,2,1,593,23,0,18,34.62,0.0,7.64,12.7
973,7,1,4,141,11,2,25,44.05,7.51,3.83,14.63
974,9,2,1,239,0,3,28,33.26,11.3,13.31,34.58
975,1,5,5,253,0,4,40,25.83,11.69,24.57,29.54
976,5,5,5,660,9,1,41,50.63,6.1,0.0,20.29
977,6,5,5,432,3,0,28,52.49,7.18,3.41,8.68
978,2,5,5,280,5,1,36,26.68,4.93,0.0,10.83
979,8,1,4,444,20,0,31,68.43,0.0,2.02,8.68
980,5,2,1,386,15,1,33,3.82,3.17,5.03,13.2
981,0,3,0,199,18,0,26,76.31,1.0,11.06,15.02
982,8,0,3,397,19,0,31,45.64,4.67,12.54,17.32
983,7,1,4,580,13,1,39,63.35,14.81,13.84,28.82
984,0,1,4,476,2,1,28,26.35,8.5,8.55,19.41
985,9,4,2,90,5,0,26,9.63,1.66,9.64,4.96
986,4,1,6,551,10,0,37,8.04,12.87,7.73,34.47
987,7,2,1,293,20,0,31,21.49,0.77,16.83,16.96
988,4,2,1,190,14,4,37,28.55,8.31,2.78,10.81
989,8,1,4,207,18,0,22,76.59,2.1,0.54,7.62
990,8,4,2,470,15,0,22,64.84,5.15,8.85,13.52
991,2,3,0,127,9,4,31,48.74,8.91,23.71,32.35
992,6,4,2,476,13,1,18,45.21,5.97,10.11,16.62
993,8,4,2,175,1,4,34,31.78,0.0,2.08,4.45
994,9,1,4,259,23,0,41,62.86,4.39,11.3,14.1
995,6,4,2,673,2,0,34,78.19,0.0,5.65,10.42
996,3,2,1,382,15,3,22,16.9,5.84,8.41,26.44
997,1,4,2,522,8,4,33,79.87,0.0,12.01,26.61
998,2,3,0,223,18,0,25,70.11,7.13,11.2,20.69
999,9,5,5,104,5,4,41,22.79,4.19,30.93,26.76
1000,2,5,5,175,15,1,27,4.01,8.26,0.59,16.19
1001,1,2,1,128,18,0,40,57.21,4.05,4.47,13.63
1002,4,1,6,572,9,0,38,75.93,1.92,18.04,19.27
1003,7,5,5,682,2,1,34,24.97,0.0,6.17,10.81
1004,4,3,0,539,21,1,34,4.74,7.53,5.83,28.23
1005,3,3,0,212,23,1,34,78.74,7.61,14.84,25.89
1006,1,5,5,468,17,3,28,56.09,0.91,0.6,31.02
1007,3,3,0,191,13,0,31,5.56,1.22,16.82,18.0
1008,6,4,2,605,19,4,25,50.1,3.71,5.43,23.24
1009,0,2,1,100,16,2,35,54.7,7.49,17.56,25.28
1010,0,3,0,380,3,0,30,28.81,12.67,5.53,17.78
1011,3,1,6,468,15,0,18,22.39,6.18,13.79,10.33
1012,7,3,0,422,14,0,24,34.61,14.08,8.38,25.85
1013,3,0,3,532,16,1,19,5.93,0.93,23.96,15.05
1014,6,3,0,91,16,0,23,14.36,2.37,8.92,10.49
1015,1,5,5,108,15,0,39,31.64,2.8,14.9,3.49
1016,4,1,6,132,12,3,19,79.11,4.26,12.12,24.34
1017,7,1,6,408,13,4,24,5.71,9.57,14.61,23.73
1018,6,0,3,270,4,0,39,36.07,0.98,16.85,12.17
1019,2,4,2,505,19,1,22,62.9,4.23,0.0,19.27
1020,5,1,4,489,3,1,32,32.17,4.44,4.32,18.06
1021,9,3,0,89,2,0,38,32.43,1.26,6.19,0.07
1022,8,1,6,147,21,4,30,40.82,6.51,3.87,16.58
1023,5,4,2,455,10,0,26,41.6,2.41,3.36,19.11
1024,4,4,2,468,14,4,36,19.51,5.14,7.77,10.35
1025,4,1,6,106,0,3,22,55.03,1.75,8.81,22.25
1026,4,0,3,356,14,1,30,30.97,10.43,9.96,14.03
1027,1,4,2,143,4,1,19,53.18,3.37,1.72,4.94
1028,7,3,0,505,18,4,20,38.69,0.0,8.08,20.0
1029,2,2,1,114,16,2,38,42.56,1.18,12.32,17.31
1030,5,2,1,196,23,1,27,72.17,2.35,0.0,4.94
1031,8,3,0,576,13,0,29,17.54,8.61,14.76,23.09
1032,7,3,0,674,12,1,39,31.85,7.41,8.75,19.71
1033,6,2,1,476,16,0,31,65.59,1.93,0.0,14.86
1034,6,3,0,254,2,0,41,77.38,0.0,0.0,1.57
1035,7,1,6,631,3,4,28,32.07,9.6,3.81,22.09
1036,1,0,3,455,10,3,31,13.81,4.98,7.71,38.62
1037,6,3,0,695,12,1,23,17.21,0.0,2.6,7.86
1038,5,5,5,457,23,1,23,10.47,0.0,5.81,6.98
1039,2,3,0,354,17,4,28,1.47,8.51,15.22,25.5
1040,8,3,0,403,11,3,38,21.23,9.06,12.56,32.33
1041,1,5,5,306,11,1,23,21.56,7.19,10.33,11.04
1042,0,1,6,472,11,1,32,70.77,7.31,0.0,16.23
1043,6,1,4,226,6,1,25,20.54,2.36,7.38,7.75
1044,1,1,4,507,8,1,30,4.18,6.1,3.12,21.31
1045,9,1,4,419,12,1,30,39.05,5.35,12.87,18.29
1046,0,4,2,142,2,2,31,62.09,4.87,11.31,18.24
1047,7,2,1,313,12,2,28,20.76,0.0,6.67,16.06
1048,5,4,2,294,6,1,20,40.14,8.46,0.0,16.15
1049,3,2,1,482,19,3,29,31.84,6.68,13.87,34.2
1050,2,5,5,357,20,0,30,71.2,8.28,1.62,19.87
1051,5,3,0,697,20,1,18,65.22,6.19,9.51,22.05
1052,0,5,5,150,8,2,38,58.87,4.8,15.68,26.83
1053,2,4,2,584,0,1,23,64.48,3.22,0.0,9.78
1054,8,1,6,609,18,1,39,47.93,10.68,2.24,17.25
1055,6,3,0,404,15,0,33,29.6,10.98,2.22,13.62
1056,4,4,2,475,13,2,35,58.37,6.17,4.23,26.36
1057,1,1,4,254,13,0,38,74.4,7.03,9.96,13.18
1058,0,3,0,451,15,1,41,1.47,6.45,4.28,9.94
1059,3,0,3,352,14,0,30,69.59,4.61,19.15,21.66
1060,5,1,6,306,15,0,32,54.95,2.14,15.33,12.65
1061,6,2,1,523,22,0,30,6.62,5.19,11.7,18.96
1062,8,0,3,348,23,0,41,26.47,5.35,0.0,11.19
1063,5,1,6,126,19,4,41,27.96,0.0,14.02,23.11
1064,2,1,4,387,18,1,34,61.59,10.36,2.57,18.47
1065,2,5,5,154,9,2,19,74.6,6.48,12.58,32.96
1066,6,1,6,241,20,0,40,9.94,12.22,14.08,28.63
1067,3,1,6,495,14,0,31,6.37,4.68,12.2,14.96
1068,3,0,3,93,23,4,22,20.02,9.44,13.98,24.6
1069,7,0,3,659,15,4,39,58.32,4.32,6.52,22.68
1070,8,3,0,647,5,0,31,20.82,2.24,11.27,18.47
1071,0,4,2,299,18,3,18,61.6,9.68,8.41,41.47
1072,9,0,3,400,2,0,25,37.54,3.81,1.94,8.8
1073,0,4,2,547,18,3,22,40.96,4.28,5.29,29.33
1074,3,5,5,468,17,0,38,48.68,3.3,20.76,24.28
1075,1,5,5,582,18,2,39,6.94,3.64,2.12,24.84
1076,4,0,3,342,2,0,19,47.07,12.89,13.05,19.47
1077,3,3,0,160,17,0,34,52.02,4.99,0.48,7.47
1078,0,1,6,259,0,0,34,24.21,5.96,0.0,7.52
1079,4,1,4,227,21,0,40,40.95,14.87,1.5,21.72
1080,9,4,2,301,22,0,31,20.21,9.73,13.66,22.52
1081,8,5,5,541,23,1,24,16.06,10.51,6.99,16.91
1082,0,0,3,339,23,1,41,5.22,0.58,0.97,3.82
1083,6,1,6,199,19,0,35,14.19,4.23,2.27,0.0
1084,8,0,3,548,15,0,33,34.73,4.48,0.43,11.98
1085,7,3,0,458,23,0,37,32.37,6.75,15.34,16.86
1086,0,5,5,536,12,0,32,68.83,12.59,10.95,12.25
1087,6,1,6,118,9,0,24,71.28,0.0,1.69,8.15
1088,1,2,1,440,12,1,33,41.6,2.66,9.78,19.61
1089,2,4,2,234,18,0,35,41.7,3.94,4.28,10.41
1090,5,4,2,248,7,4,24,58.27,8.27,0.0,27.53
1091,4,5,5,301,12,2,23,40.18,8.45,11.62,22.75
1092,4,5,5,210,4,2,30,69.44,3.14,23.75,28.76
1093,9,0,3,355,19,0,25,68.84,11.45,17.94,27.68
1094,7,4,2,144,6,1,29,26.91,5.31,20.45,18.43
1095,0,5,5,577,20,0,38,63.44,2.78,9.59,20.7
1096,4,3,0,357,13,3,28,21.69,5.57,0.0,25.7
1097,1,1,6,315,4,0,29,36.11,5.78,0.0,1.01
1098,2,5,5,107,19,0,38,28.84,0.0,0.0,9.73
1099,1,1,4,156,0,0,22,13.12,4.22,8.83,10.6
1100,4,1,6,494,5,3,29,28.32,7.09,12.16,27.13
1101,3,2,1,350,10,4,20,29.44,5.61,9.48,26.23
1102,0,5,5,386,11,0,30,24.76,6.12,20.83,12.19
1103,9,2,1,645,20,0,31,33.8,4.51,11.26,14.16
1104,6,3,0,487,1,0,29,62.91,2.98,0.0,11.56
1105,3,5,5,685,8,0,21,72.41,3.46,4.44,8.9
1106,5,3,0,366,1,1,18,55.14,1.99,7.2,8.36
1107,3,3,0,557,23,0,20,69.42,10.06,4.7,21.99
1108,3,0,3,171,0,1,32,10.5,12.01,16.44,23.93
1109,3,1,4,612,14,0,38,78.05,8.67,8.75,22.28
1110,6,4,2,663,11,0,27,26.64,0.0,0.0,0.86
1111,3,0,3,583,18,0,19,31.63,8.41,9.92,29.35
1112,6,2,1,254,6,4,30,5.79,1.33,3.7,3.89
1113,4,2,1,170,5,0,23,38.38,8.89,2.47,14.21
1114,3,4,2,579,10,4,21,67.02,3.27,23.3,32.39
1115,8,1,6,502,10,0,33,74.48,7.94,0.0,25.72
1116,8,3,0,552,23,2,32,79.5,4.3,17.37,23.95
1117,0,4,2,270,12,1,22,77.92,0.0,0.33,0.0
1118,9,2,1,610,1,0,32,67.24,0.86,12.54,15.47
1119,3,0,3,511,19,4,18,55.57,4.67,2.74,27.05
1120,9,1,6,265,7,2,27,42.69,6.75,17.07,30.18
1121,5,5,5,229,7,1,34,17.22,9.35,8.38,22.02
1122,0,4,2,646,20,4,41,20.25,3.16,10.97,31.01
1123,9,1,4,660,23,1,23,59.18,7.83,10.14,27.87
1124,3,1,6,629,3,0,35,69.18,12.01,4.88,24.71
1125,6,0,3,191,5,0,34,0.25,5.93,8.7,13.32
1126,3,0,3,282,15,4,37,24.89,9.55,0.0,18.95
1127,7,4,2,590,13,0,40,46.67,14.46,8.46,30.39
1128,6,1,4,302,17,0,20,15.23,5.14,12.93,19.36
1129,3,5,5,553,13,1,19,28.34,5.52,9.04,15.99
1130,9,0,3,150,7,1,34,54.23,0.04,7.41,10.15
1131,4,3,0,341,3,1,20,51.17,2.17,5.33,9.7
1132,3,0,3,365,19,1,21,45.1,0.01,0.0,11.07
1133,3,2,1,349,15,1,32,60.15,8.02,5.3,11.96
1134,1,1,4,107,3,3,35,13.82,0.0,1.5,19.91
1135,4,5,5,591,21,1,29,41.98,5.92,19.41,29.08
1136,2,4,2,337,19,2,26,74.57,8.8,13.47,32.4
1137,9,1,4,223,21,0,26,37.62,0.2,10.4,12.48
1138,6,2,1,665,14,3,22,48.0,5.68,0.0,31.12
1139,5,5,5,601,16,3,19,56.97,1.3,20.95,26.91
1140,5,3,0,88,21,0,33,20.51,3.7,9.21,17.17
1141,7,2,1,163,11,0,24,47.82,1.77,6.32,2.53
1142,8,1,4,508,17,0,39,3.09,3.67,4.86,17.58
1143,8,0,3,491,13,0,21,35.45,5.72,9.32,10.96
1144,4,3,0,241,2,1,25,52.75,9.46,2.27,11.91
1145,0,0,3,161,13,0,27,40.72,0.0,10.36,8.46
1146,6,4,2,631,0,0,21,44.23,5.29,5.71,15.3
1147,0,1,6,643,18,1,30,13.23,3.32,3.06,21.86
1148,8,4,2,183,18,0,24,13.98,0.0,8.78,7.59
1149,1,4,2,543,0,4,38,22.66,9.67,3.7,23.57
1150,8,4,2,183,12,0,24,51.66,11.25,7.83,19.75
1151,1,4,2,379,9,1,19,40.19,0.15,9.66,19.73
1152,0,3,0,585,13,0,38,69.02,0.0,10.67,15.99
1153,9,4,2,185,0,1,39,27.9,1.51,5.73,8.5
1154,5,4,2,149,15,2,32,78.91,3.97,4.46,22.36
1155,6,0,3,585,2,0,22,56.45,2.64,14.58,15.07
1156,2,0,3,697,1,0,36,76.37,6.56,2.86,12.84
1157,0,3,0,196,18,0,38,4.79,5.02,8.4,18.51
1158,0,2,1,342,13,0,32,38.02,4.62,16.14,12.9
1159,3,0,3,671,6,1,35,75.03,7.84,8.01,17.06
1160,0,3,0,468,10,4,28,8.37,5.26,19.19,24.21
1161,8,1,4,283,23,1,35,3.09,10.38,9.13,25.4
1162,6,5,5,609,15,2,24,22.47,3.94,11.9,32.24
1163,3,3,0,572,18,0,20,30.98,0.0,10.39,25.9
1164,7,1,6,199,3,0,30,6.39,3.25,15.34,7.11
1165,9,5,5,591,17,0,36,41.15,6.38,17.47,26.94
1166,1,0,3,565,3,0,29,51.81,3.94,0.0,7.14
1167,6,1,6,315,17,0,35,51.44,8.65,11.34,22.19
1168,6,2,1,412,19,0,20,73.86,2.6,12.75,20.6
1169,4,5,5,299,15,0,30,49.79,0.0,0.0,7.34
1170,6,1,6,90,17,0,32,78.53,0.0,2.39,2.5
1171,0,1,6,546,0,0,27,32.62,5.8,11.39,19.8
1172,7,4,2,355,1,0,35,46.15,0.65,11.93,11.22
1173,7,1,4,499,23,3,37,25.36,4.45,0.81,28.16
1174,0,4,2,652,7,3,22,64.11,5.81,4.78,38.66
1175,4,2,1,450,14,1,24,45.13,0.22,0.13,7.18
1176,5,1,6,270,10,2,28,69.58,4.21,5.83,26.18
1177,4,5,5,326,19,0,27,2.48,8.81,4.2,20.59
1178,7,4,2,132,1,4,32,37.53,11.37,3.89,15.47
1179,1,0,3,245,9,1,41,75.39,7.55,0.0,18.43
1180,2,1,4,414,7,4,30,10.67,9.43,11.97,35.93
1181,2,5,5,224,6,0,23,57.65,5.59,8.98,9.74
1182,6,1,4,132,20,0,19,42.59,6.65,6.37,14.71
1183,1,5,5,499,18,0,30,65.53,4.48,18.35,16.88
1184,4,3,0,115,20,3,19,8.42,7.98,15.43,39.8
1185,7,2,1,386,23,4,25,0.88,8.61,9.72,23.05
1186,7,2,1,658,10,1,27,71.82,0.0,19.33,19.41
1187,8,0,3,479,12,0,21,76.52,3.85,18.04,10.69
1188,7,4,2,461,20,4,18,72.17,0.0,9.7,23.08
1189,5,3,0,85,5,0,38,24.79,7.4,10.09,14.83
1190,5,2,1,230,16,0,31,1.62,3.54,22.18,18.32
1191,4,1,4,228,15,1,29,34.68,3.47,12.4,7.32
1192,2,1,6,380,3,1,33,46.36,0.0,7.85,3.2
1193,7,2,1,521,14,1,40,75.49,6.68,10.52,18.73
1194,1,4,2,430,10,2,26,2.46,6.94,9.87,34.71
1195,8,1,6,446,15,1,39,54.86,10.37,12.9,24.04
1196,1,4,2,464,5,1,38,26.17,7.83,7.87,15.43
1197,9,3,0,509,4,3,41,18.27,0.0,7.51,21.94
1198,2,0,3,417,1,0,40,23.51,7.87,7.15,12.61
1199,5,5,5,422,5,1,40,33.89,0.0,10.07,10.79
1200,4,2,1,682,16,1,30,14.94,17.6,15.74,32.29
1201,7,3,0,146,4,1,36,53.47,9.21,2.92,9.52
1202,2,4,2,125,5,1,28,57.43,6.36,7.1,12.17
1203,0,4,2,109,18,4,36,48.99,3.95,19.74,24.11
1204,4,0,3,234,12,0,39,70.52,11.4,9.42,20.43
1205,4,2,1,124,22,0,20,61.24,9.69,12.57,17.24
1206,8,5,5,649,6,1,35,35.23,7.79,19.52,26.32
1207,6,2,1,399,8,4,24,53.15,0.0,5.67,15.58
1208,1,5,5,577,18,0,37,23.65,10.63,7.13,21.67
1209,8,5,5,362,7,4,20,48.17,9.18,0.0,25.18
1210,9,5,5,448,17,0,22,1.53,8.68,17.82,28.0
1211,3,1,6,191,3,4,34,40.23,2.74,0.0,11.13
1212,6,2,1,234,15,0,25,40.8,8.52,12.48,11.75
1213,0,4,2,524,21,4,27,0.35,4.93,12.67,22.06
1214,8,0,3,523,22,0,24,60.09,10.71,11.33,26.57
1215,3,1,6,690,14,0,31,78.51,3.32,12.38,14.28
1216,6,3,0,377,4,0,29,21.81,5.78,6.9,15.15
1217,6,5,5,352,9,1,36,57.98,6.61,0.0,15.83
1218,0,0,3,366,1,0,29,24.93,4.9,9.57,8.77
1219,5,1,6,227,12,3,24,36.21,6.3,6.58,30.12
1220,1,2,1,116,4,1,26,40.48,1.22,6.24,3.95
1221,0,1,4,480,12,0,24,46.44,4.43,0.0,12.14
1222,7,2,1,164,9,0,37,55.58,5.68,2.73,23.21
1223,2,3,0,675,8,2,35,77.04,8.3,13.9,39.78
1224,6,0,3,116,21,1,19,76.78,8.37,22.48,23.83
1225,8,1,6,158,17,0,40,2.0,11.7,9.19,22.82
1226,1,0,3,619,13,1,30,69.55,4.27,7.2,9.41
1227,5,2,1,96,20,0,40,51.6,9.61,5.84,23.27
1228,1,1,6,299,8,0,30,17.84,5.63,7.79,21.24
1229,9,2,1,299,14,1,28,43.38,10.65,10.29,22.65
1230,5,3,0,252,19,1,38,55.16,3.49,1.7,14.64
1231,6,3,0,357,20,0,28,25.91,7.15,15.33,23.0
1232,3,5,5,253,21,0,26,40.22,4.23,12.19,12.93
1233,7,2,1,662,3,4,22,68.37,3.51,18.73,26.3
1234,8,1,6,583,14,2,34,77.71,3.9,1.25,30.54
1235,8,2,1,105,3,0,32,36.98,5.7,14.13,6.24
1236,2,1,6,275,5,3,24,14.42,8.33,12.19,34.79
1237,2,5,5,151,14,0,26,20.3,11.42,6.65,19.79
1238,1,1,6,121,2,1,40,8.02,1.7,14.55,7.35
1239,4,0,3,492,17,1,39,64.88,4.54,5.93,17.98
1240,4,2,1,430,4,1,32,19.54,8.46,5.25,26.4
1241,2,4,2,229,7,1,22,69.82,13.59,8.51,35.04
1242,9,3,0,222,5,1,33,10.34,3.54,6.95,13.06
1243,0,4,2,322,21,0,38,67.07,6.31,9.62,20.37
1244,0,1,6,165,23,3,39,3.0,0.0,10.74,20.59
1245,1,0,3,479,15,3,27,6.21,11.44,11.11,32.51
1246,0,3,0,555,12,4,18,78.89,3.97,16.92,19.53
1247,4,2,1,665,3,1,35,65.18,8.7,15.37,16.13
1248,6,4,2,580,17,0,34,79.9,0.0,1.53,17.26
1249,5,3,0,642,3,4,36,6.16,7.13,0.0,13.41
1250,3,2,1,266,16,1,25,17.46,3.03,3.61,2.07
1251,0,3,0,457,11,4,24,35.75,5.08,2.68,19.9
1252,2,0,3,611,8,0,36,74.17,4.95,0.25,17.96
1253,6,4,2,587,3,2,40,20.47,1.95,24.72,33.48
1254,0,4,2,176,22,0,38,20.22,2.08,5.45,5.94
1255,5,0,3,260,20,0,27,21.16,9.49,7.93,16.88
1256,2,4,2,548,17,0,21,21.96,4.7,13.36,23.48
1257,3,1,6,336,7,0,39,71.4,10.7,18.78,27.86
1258,9,2,1,389,14,3,26,41.38,6.38,14.39,38.92
1259,6,0,3,234,14,2,28,0.67,2.44,6.02,15.5
1260,7,2,1,596,19,1,39,54.24,7.14,0.0,25.08
1261,0,4,2,187,0,4,33,34.39,8.75,15.69,25.85
1262,9,0,3,93,18,0,20,35.97,2.14,14.7,18.63
1263,1,3,0,654,18,0,41,2.42,0.1,4.6,11.95
1264,6,4,2,503,20,4,33,24.76,5.9,12.25,34.47
1265,2,4,2,244,14,0,24,19.47,3.76,6.37,9.92
1266,6,3,0,697,17,3,24,59.18,6.33,14.42,38.14
1267,8,5,5,495,16,3,32,42.14,7.77,17.33,28.79
1268,7,3,0,557,7,0,33,42.55,3.29,17.39,29.4
1269,8,1,4,336,1,4,30,46.77,6.23,8.11,20.15
1270,8,2,1,364,1,4,37,36.35,0.0,0.0,7.92
1271,1,5,5,248,11,0,21,0.01,3.31,3.87,8.66
1272,9,0,3,581,9,0,38,28.0,2.14,7.36,16.31
1273,7,0,3,595,10,1,28,5.2,7.95,19.81,29.06
1274,7,1,6,667,19,1,22,8.15,9.33,6.19,28.88
1275,5,5,5,187,4,2,29,19.43,6.39,14.24,28.44
1276,2,1,4,467,12,3,34,25.88,6.12,15.47,38.74
1277,8,2,1,348,15,4,27,56.35,5.5,2.12,14.43
1278,2,3,0,131,19,4,25,7.87,1.64,5.21,19.92
1279,7,4,2,594,3,0,27,76.32,1.48,14.08,13.14
1280,2,4,2,678,0,0,38,36.24,8.45,2.19,14.98
1281,0,0,3,258,10,0,19,35.8,2.45,7.55,19.42
1282,0,0,3,332,22,0,37,45.83,0.0,0.0,2.14
1283,4,4,2,204,14,2,30,32.47,4.78,8.21,21.31
1284,3,1,4,235,21,3,20,19.39,5.64,18.76,36.0
1285,6,0,3,660,18,0,18,26.33,7.97,11.76,20.28
1286,4,1,6,252,1,0,25,56.43,9.09,12.1,16.83
1287,6,2,1,538,21,0,18,27.09,0.0,9.9,21.7
1288,3,1,6,91,2,4,40,16.55,0.0,17.07,14.09
1289,7,3,0,634,3,2,20,64.68,9.78,4.51,24.87
1290,6,1,6,217,19,4,40,32.29,0.0,4.59,17.19
1291,3,4,2,498,1,0,36,74.44,3.79,0.0,5.64
1292,6,3,0,514,8,0,29,57.92,2.18,21.58,23.48
1293,9,2,1,352,22,0,41,5.95,5.18,14.08,8.57
1294,2,4,2,537,20,1,26,50.74,2.15,15.75,24.31
1295,2,1,4,474,9,3,38,9.49,6.65,20.61,39.99
1296,6,0,3,653,0,0,27,14.88,6.31,3.98,17.57
1297,0,5,5,409,23,4,27,63.12,2.72,2.99,19.94
1298,3,4,2,269,0,2,41,41.44,6.67,0.0,13.9
1299,6,3,0,659,9,0,18,9.12,6.47,16.55,24.84
1300,5,4,2,146,8,1,27,36.17,2.25,12.54,13.94
1301,9,1,4,239,5,0,38,73.86,4.35,3.34,3.76
1302,6,2,1,126,17,4,27,30.15,8.15,22.96,28.83
1303,3,4,2,323,5,0,23,6.01,0.23,16.26,3.69
1304,0,5,5,138,12,0,40,38.78,3.76,4.14,7.29
1305,5,4,2,128,2,4,40,49.12,8.88,0.0,18.9
1306,4,1,4,585,5,2,34,77.23,4.72,16.42,21.87
1307,2,0,3,160,22,3,26,46.51,5.04,0.0,18.92
1308,4,3,0,594,18,2,26,39.34,7.16,21.45,33.8
1309,3,5,5,263,2,0,33,26.84,3.02,8.7,5.83
1310,0,0,3,552,18,0,39,5.4,5.37,5.16,21.23
1311,6,0,3,153,6,0,31,53.92,14.2,2.07,16.65
1312,4,1,4,311,2,4,24,29.98,7.94,0.0,17.89
1313,0,0,3,288,20,0,20,7.98,5.36,3.86,20.88
1314,9,5,5,382,1,1,39,73.92,0.99,16.54,19.24
1315,8,1,4,666,23,0,36,17.28,2.36,13.89,19.85
1316,4,0,3,339,9,4,39,30.37,4.09,14.44,31.68
1317,5,1,6,297,14,1,35,34.47,6.1,0.13,6.71
1318,3,2,1,507,1,3,26,33.83,5.5,8.73,27.66
1319,2,1,6,614,9,0,32,71.52,8.99,6.98,24.82
1320,7,2,1,673,20,0,18,78.85,2.0,5.9,17.1
1321,4,1,6,110,12,1,22,67.67,0.0,9.36,4.61
1322,2,1,4,603,8,3,28,68.39,1.74,0.0,24.93
1323,7,3,0,367,9,0,25,62.66,5.75,0.0,15.69
1324,1,2,1,344,7,1,19,66.45,0.0,1.79,7.58
1325,9,1,4,553,19,4,18,49.99,0.0,6.36,19.48
1326,6,1,4,683,0,4,21,76.68,8.46,0.08,23.01
1327,0,2,1,271,11,1,34,0.3,6.86,9.88,8.8
1328,9,1,6,198,0,0,35,79.9,3.93,10.5,15.81
1329,0,4,2,188,4,0,23,66.58,6.49,24.14,13.96
1330,5,3,0,346,23,2,35,5.04,3.89,7.7,16.22
1331,8,5,5,145,11,1,40,12.29,0.0,0.52,5.1
1332,9,2,1,308,22,0,37,70.15,2.71,14.37,9.85
1333,6,3,0,210,14,3,41,51.48,2.84,5.57,27.92
1334,5,3,0,80,18,0,29,48.43,9.1,16.18,18.38
1335,7,3,0,376,14,0,25,7.07,0.11,9.88,8.83
1336,6,0,3,355,15,0,40,40.54,6.12,16.14,16.87
1337,6,5,5,647,22,3,37,50.13,0.0,8.34,30.12
1338,4,0,3,191,4,1,39,74.96,4.29,0.0,7.15
1339,5,1,6,328,20,0,28,34.61,4.37,10.23,17.66
1340,4,2,1,83,0,0,32,37.16,3.8,11.65,6.35
1341,2,1,4,409,15,0,21,46.41,0.4,16.76,14.86
1342,1,0,3,262,4,1,23,20.54,5.9,2.08,15.73
1343,1,2,1,484,18,0,37,49.05,10.52,21.74,31.39
1344,0,4,2,602,18,4,40,54.25,4.08,13.7,31.47
1345,2,1,4,501,13,1,34,39.57,8.6,8.27,11.03
1346,0,1,6,234,23,0,38,12.83,4.15,2.82,8.41
1347,8,1,6,487,12,4,25,39.17,2.49,2.53,14.54
1348,6,5,5,161,6,1,33,62.02,7.23,15.89,27.09
1349,1,0,3,121,8,1,34,47.91,0.79,5.91,13.09
1350,8,3,0,424,9,2,25,6.54,10.51,13.34,35.55
1351,3,2,1,152,21,3,26,6.31,1.03,1.12,19.29
1352,1,0,3,378,11,0,27,57.75,3.56,16.91,11.78
1353,6,0,3,687,13,0,38,13.25,10.95,12.51,18.88
1354,8,5,5,239,11,0,41,4.89,0.0,8.24,11.93
1355,4,4,2,570,21,0,28,60.68,2.18,3.25,13.96
1356,2,5,5,207,5,0,21,26.95,1.7,15.1,12.94
1357,5,3,0,242,15,0,32,16.83,8.35,13.76,16.44
1358,3,1,6,189,14,0,36,18.21,5.13,9.87,8.18
1359,1,5,5,299,18,4,33,20.71,6.43,13.76,31.71
1360,6,1,6,122,17,1,31,32.54,9.27,0.0,15.02
1361,3,1,4,642,16,1,29,44.82,4.46,9.93,19.12
1362,7,4,2,681,17,0,27,24.48,2.32,0.33,10.84
1363,7,5,5,651,18,0,41,76.07,6.73,8.43,20.8
1364,9,5,5,633,7,0,24,14.05,3.84,7.45,20.33
1365,4,4,2,307,16,1,31,69.97,4.09,3.4,6.21
1366,1,1,6,244,4,1,37,43.66,7.4,9.23,11.65
1367,4,1,4,266,2,0,23,27.43,0.0,4.18,2.12
1368,5,4,2,455,21,3,37,0.01,4.81,6.52,37.41
1369,7,5,5,341,12,0,38,48.05,9.36,0.0,12.6
1370,3,1,4,476,10,0,37,34.8,2.31,8.62,17.4
1371,8,3,0,294,23,3,39,37.83,5.49,12.42,34.07
1372,4,2,1,372,2,0,22,78.59,0.13,4.48,12.8
1373,9,3,0,632,14,0,39,1.88,0.0,2.01,6.03
1374,4,0,3,546,21,1,29,44.53,7.69,0.81,21.28
1375,5,1,4,546,8,2,36,35.98,7.25,9.2,34.05
1376,2,2,1,109,0,4,24,70.15,0.0,10.39,14.66
1377,9,2,1,652,23,2,36,11.18,2.65,5.88,25.81
1378,2,1,6,110,22,0,26,44.55,15.41,17.17,24.31
1379,6,5,5,595,7,4,32,39.08,8.06,0.0,24.68
1380,8,3,0,98,16,1,27,32.92,4.56,20.82,8.82
1381,9,0,3,594,14,0,38,70.9,0.0,18.18,20.74
1382,0,5,5,399,7,3,33,77.41,5.0,16.38,44.6
1383,3,3,0,300,14,1,22,34.11,0.0,7.24,10.58
1384,1,3,0,126,19,4,31,65.4,0.0,11.01,23.76
1385,2,3,0,507,9,1,23,22.61,8.7,2.28,28.24
1386,0,1,6,388,1,0,30,15.14,3.42,8.61,9.32
1387,9,1,6,214,14,2,27,45.58,2.11,0.0,21.03
1388,2,4,2,225,19,0,40,47.15,6.76,8.44,19.71
1389,3,3,0,656,20,0,20,23.46,1.32,7.35,13.95
1390,0,2,1,486,19,3,32,24.85,5.93,18.48,39.14
1391,0,2,1,658,19,4,41,0.81,6.13,9.85,24.51
1392,2,1,6,595,12,0,26,51.1,5.55,16.33,19.41
1393,5,5,5,186,6,1,35,19.37,4.75,0.0,6.86
1394,5,5,5,646,9,0,23,23.95,0.36,2.02,12.83
1395,6,2,1,112,3,0,37,78.07,10.28,0.0,9.19
1396,9,2,1,168,17,0,31,12.04,5.48,13.45,15.09
1397,7,0,3,443,14,0,21,46.19,3.36,0.0,6.63
1398,1,1,4,553,20,1,32,7.01,5.54,0.0,19.96
1399,9,5,5,523,17,2,32,65.36,0.0,14.92,28.99
1400,1,2,1,329,18,3,32,23.75,3.11,15.56,34.56
1401,3,1,4,486,13,0,30,69.0,3.54,6.07,11.74
1402,6,1,4,247,15,0,20,28.17,10.0,6.07,12.42
1403,5,1,4,526,5,3,24,75.75,10.28,3.34,30.87
1404,9,5,5,348,3,0,21,52.38,6.82,9.36,15.83
1405,0,2,1,310,19,0,35,31.54,1.72,16.03,9.57
1406,6,5,5,660,0,2,23,28.27,2.63,12.85,17.27
1407,3,2,1,589,14,1,19,75.55,0.0,18.59,18.43
1408,9,2,1,562,3,0,34,28.05,4.31,6.97,22.12
1409,4,1,6,324,12,1,19,44.93,8.8,10.23,25.78
1410,7,4,2,231,23,0,20,33.54,3.91,0.0,5.97
1411,2,4,2,389,21,0,23,78.92,4.69,0.0,12.06
1412,3,2,1,204,5,0,33,79.68,0.0,8.8,17.23
1413,9,2,1,297,14,3,37,17.58,6.92,13.05,31.17
1414,1,5,5,618,8,0,29,6.3,0.0,7.52,20.32
1415,2,5,5,217,17,3,41,18.73,9.17,19.32,37.43
1416,6,2,1,675,5,1,27,66.2,9.22,14.61,19.11
1417,9,3,0,470,19,0,40,27.09,10.0,1.33,18.51
1418,4,3,0,558,19,0,31,26.04,9.9,14.65,29.43
1419,7,1,6,345,11,2,35,26.15,5.37,10.54,18.34
1420,5,1,6,538,9,1,30,72.12,3.09,0.6,15.14
1421,1,3,0,444,13,4,30,32.36,0.0,1.1,8.78
1422,6,1,6,463,22,0,26,17.59,2.18,6.18,3.33
1423,3,1,4,191,14,0,21,43.28,5.35,0.0,7.77
1424,2,4,2,595,0,1,41,34.67,4.3,0.74,16.14
1425,5,1,4,168,3,0,23,39.46,9.55,0.83,6.75
1426,3,2,1,380,6,1,27,69.04,11.16,4.31,16.95
1427,5,3,0,276,1,4,23,4.43,8.26,9.52,26.94
1428,6,1,4,543,3,1,19,20.87,6.42,14.32,18.03
1429,5,4,2,508,17,0,21,71.67,7.85,16.92,28.96
1430,5,4,2,521,3,4,26,49.54,14.2,0.0,31.57
1431,6,5,5,143,9,0,29,28.85,7.63,15.06,28.28
1432,6,5,5,430,22,0,18,75.04,6.57,20.04,16.41
1433,0,5,5,91,14,0,21,54.95,10.17,24.26,15.01
1434,6,2,1,416,6,3,36,67.23,3.88,5.4,24.88
1435,2,1,6,202,4,3,36,24.98,8.34,14.95,27.64
1436,1,1,6,577,20,4,29,61.95,1.58,0.0,21.08
1437,3,3,0,432,12,0,35,23.62,0.0,4.2,11.51
1438,6,5,5,362,5,0,25,71.06,10.13,0.0,12.06
1439,4,0,3,502,10,0,32,5.25,6.79,10.71,31.39
1440,8,0,3,503,7,2,22,5.18,1.47,16.12,26.37
1441,1,1,4,683,13,1,24,30.96,2.6,0.0,11.49
1442,1,5,5,597,1,3,25,2.75,1.23,9.35,23.14
1443,7,3,0,271,18,2,31,13.39,1.38,5.29,15.54
1444,0,0,3,680,16,3,35,65.19,5.81,10.98,32.15
1445,1,5,5,145,1,2,39,25.64,0.0,10.86,14.41
1446,1,4,2,296,1,2,26,20.59,2.58,0.0,13.43
1447,5,4,2,536,6,3,21,22.56,3.54,2.17,25.15
1448,0,0,3,168,9,2,22,69.18,0.0,0.0,20.56
1449,5,1,6,259,4,0,18,68.75,7.32,6.0,9.34
1450,9,0,3,161,0,0,26,4.21,6.15,0.64,6.51
1451,5,0,3,541,21,0,29,32.37,5.39,0.0,15.28
1452,8,0,3,245,10,0,33,2.38,5.18,13.24,26.91
1453,8,1,6,209,5,1,41,70.86,5.81,18.12,15.53
1454,6,5,5,400,19,2,26,12.77,6.26,3.27,21.04
1455,5,1,6,373,0,0,23,39.33,9.92,18.56,17.07
1456,6,1,6,248,15,0,36,26.09,4.87,0.2,5.52
1457,9,4,2,395,19,0,26,11.27,6.21,9.92,24.49
1458,5,2,1,679,23,0,29,79.86,4.42,7.15,15.7
1459,8,0,3,588,15,0,22,53.92,1.39,7.23,6.37
1460,1,5,5,139,1,0,36,41.58,2.89,21.32,21.04
1461,1,4,2,358,10,0,39,48.71,10.45,5.91,32.18
1462,6,5,5,486,8,3,25,60.64,1.17,10.08,30.86
1463,7,5,5,209,10,1,19,67.49,5.61,18.33,25.28
1464,4,5,5,455,23,2,32,38.93,4.37,15.72,21.27
1465,3,3,0,340,4,0,37,5.84,15.24,6.57,25.54
1466,3,2,1,375,1,1,40,78.34,7.94,7.93,12.38
1467,3,1,6,515,17,3,34,59.85,0.51,3.18,25.19
1468,1,4,2,559,4,4,31,16.96,0.0,0.13,9.32
1469,1,1,6,126,14,0,19,52.54,7.37,9.77,18.36
1470,9,2,1,342,9,0,29,54.27,1.54,12.85,17.28
1471,7,3,0,336,10,0,35,26.25,3.45,4.81,18.59
1472,4,2,1,204,0,1,26,11.33,0.0,2.24,4.79
1473,2,0,3,214,12,1,21,71.5,9.56,2.04,11.33
1474,6,4,2,96,7,1,36,16.59,1.56,0.75,11.22
1475,9,2,1,168,4,3,38,55.47,10.92,2.14,25.07
1476,1,1,4,401,22,3,30,77.19,8.35,9.17,36.73
1477,5,2,1,413,20,0,23,9.86,4.49,1.51,13.09
1478,3,5,5,363,3,1,30,76.07,3.58,15.62,17.54
1479,2,2,1,529,13,0,40,0.59,5.65,8.5,19.73
1480,0,1,4,125,16,0,40,77.04,4.44,16.85,10.05
1481,7,2,1,623,6,0,22,55.92,6.52,20.13,11.07
1482,0,2,1,244,22,0,38,48.07,3.25,4.41,7.77
1483,1,1,6,506,4,0,41,66.63,0.0,2.31,1.24
1484,2,5,5,137,11,0,30,62.6,9.13,0.0,9.54
1485,2,0,3,80,10,0,25,76.08,8.77,0.0,12.51
1486,4,4,2,441,21,0,34,1.08,7.54,0.82,20.72
1487,0,0,3,433,15,1,40,29.73,6.9,2.83,8.48
1488,0,0,3,641,4,4,25,41.78,12.79,9.16,30.06
1489,3,4,2,640,2,1,23,64.37,4.59,10.01,17.64
1490,3,1,6,497,16,4,27,33.26,5.1,7.44,22.73
1491,0,2,1,119,10,1,21,34.35,1.04,4.58,13.0
1492,2,5,5,669,12,0,25,27.56,6.54,5.62,13.41
1493,9,4,2,206,7,4,26,59.32,6.01,0.0,17.41
1494,8,2,1,538,0,4,25,46.76,0.0,5.98,20.04
1495,2,4,2,545,2,1,19,59.53,9.36,13.01,26.96
1496,5,3,0,446,0,0,31,16.02,1.49,1.11,5.93
1497,7,2,1,126,7,0,30,6.2,6.73,0.0,17.51
1498,1,4,2,462,2,0,22,44.25,2.26,1.51,7.51
1499,7,1,6,641,22,0,18,73.3,8.55,18.11,15.52
1500,0,0,3,562,17,4,32,58.95,0.76,16.83,26.79
1501,4,2,1,617,1,4,22,14.14,1.34,15.09,29.84
1502,5,4,2,358,13,0,20,48.45,0.0,0.0,0.4
1503,0,0,3,381,9,0,18,2.08,0.0,10.64,11.94
1504,0,3,0,595,12,0,34,72.9,11.23,0.7,11.84
1505,2,3,0,606,20,4,34,11.74,6.8,6.67,29.26
1506,7,0,3,470,7,3,35,77.13,9.18,3.7,39.27
1507,6,2,1,228,23,0,32,26.42,0.0,0.98,0.0
1508,6,0,3,109,7,1,41,77.77,2.59,4.16,21.86
1509,1,4,2,480,0,0,41,44.14,3.81,2.62,8.15
1510,7,1,6,347,12,2,18,34.8,0.0,0.0,12.14
1511,5,1,6,469,22,1,20,51.32,6.27,3.93,10.82
1512,2,0,3,359,21,2,39,25.88,2.85,6.72,20.46
1513,2,2,1,574,3,1,25,20.62,10.88,0.0,17.77
1514,1,3,0,357,16,0,34,37.37,0.85,15.79,9.12
1515,3,0,3,562,5,4,23,42.99,4.32,15.99,10.94
1516,7,1,6,553,23,0,36,69.83,0.26,5.73,10.72
1517,7,2,1,578,1,3,36,56.01,7.04,0.83,34.45
1518,7,1,4,160,1,1,28,1.09,1.46,5.46,8.02
1519,4,3,0,322,8,2,32,11.26,4.08,17.02,32.43
1520,4,1,4,134,19,1,25,70.01,8.16,0.0,11.78
1521,4,0,3,355,16,0,24,4.89,0.0,17.56,10.39
1522,7,1,6,434,11,0,31,18.69,0.0,9.6,9.11
1523,3,2,1,590,13,1,21,21.32,0.52,19.35,13.08
1524,4,5,5,190,10,0,20,12.52,4.69,0.0,18.04
1525,4,1,4,162,2,1,34,0.14,0.0,1.39,6.8
1526,6,3,0,318,8,2,21,21.75,0.0,8.28,25.14
1527,3,0,3,408,2,0,21,3.22,5.52,4.84,17.66
1528,0,0,3,306,23,2,32,73.28,5.86,7.33,26.8
1529,5,0,3,640,15,0,28,66.8,3.97,3.32,3.29
1530,5,1,4,203,21,4,29,28.65,2.79,3.98,19.22
1531,8,5,5,376,16,3,36,2.22,0.0,9.49,18.2
1532,6,1,6,589,14,3,24,56.31,2.48,0.0,24.12
1533,7,1,4,129,20,0,39,9.78,0.0,0.0,0.0
1534,8,1,6,281,22,0,29,65.51,9.15,26.35,24.18
1535,1,5,5,153,23,0,37,1.77,5.74,16.24,21.1
1536,7,3,0,205,16,0,41,25.94,8.9,24.33,25.56
1537,0,1,4,542,2,2,40,36.66,8.31,7.93,24.67
1538,1,2,1,383,18,4,21,3.59,4.01,0.09,18.92
1539,6,2,1,254,21,0,36,7.55,0.48,10.11,12.88
1540,2,1,6,649,18,2,28,48.61,7.73,8.26,31.36
1541,7,2,1,582,4,4,41,13.79,2.08,4.33,20.71
1542,6,1,6,522,19,1,23,74.85,0.0,12.99,19.48
1543,0,2,1,90,8,1,26,58.85,3.86,12.54,22.1
1544,4,0,3,278,19,1,20,9.35,5.79,8.3,22.75
1545,9,1,4,653,16,1,29,42.37,0.0,16.59,16.97
1546,0,0,3,620,22,0,38,50.26,7.94,17.96,21.53
1547,5,3,0,681,20,0,29,56.55,7.51,8.4,21.45
1548,8,5,5,502,11,0,31,73.55,10.32,1.79,23.93
1549,0,0,3,577,18,0,27,27.9,2.06,14.17,18.61
1550,8,2,1,354,13,0,34,13.56,6.92,7.81,7.86
1551,6,4,2,445,17,4,39,29.11,0.0,10.55,25.73
1552,2,1,6,461,21,4,36,79.47,7.1,0.0,21.37
1553,9,5,5,614,2,2,26,3.19,2.24,4.82,22.4
1554,8,4,2,267,15,0,19,5.75,1.92,18.64,10.79
1555,4,5,5,263,20,0,20,22.56,11.12,12.18,25.73
1556,4,2,1,215,18,2,32,74.73,3.41,9.81,23.31
1557,6,0,3,402,7,2,37,1.0,0.0,1.5,27.05
1558,3,1,4,260,12,0,20,28.86,4.25,16.93,15.11
1559,9,1,6,284,0,1,30,51.61,5.07,12.19,13.85
1560,4,3,0,333,15,4,19,28.29,14.77,12.27,37.67
1561,1,1,4,369,12,1,29,20.56,8.32,7.72,6.72
1562,4,3,0,231,20,4,32,48.11,0.68,4.31,23.01
1563,0,1,4,543,15,1,23,27.33,0.52,0.21,7.19
1564,9,4,2,481,17,1,31,37.0,10.66,5.13,26.92
1565,6,1,4,444,7,4,28,38.78,0.08,5.53,20.88
1566,9,1,6,143,15,0,40,46.31,3.96,8.08,13.63
1567,1,0,3,572,14,0,29,5.33,4.79,5.87,15.45
1568,7,0,3,110,12,3,19,41.29,0.11,1.59,13.57
1569,3,0,3,294,23,1,39,41.04,6.35,11.98,14.49
1570,9,4,2,521,1,0,39,62.96,8.15,5.6,20.24
1571,2,2,1,229,22,3,30,66.89,6.65,16.23,34.98
1572,8,0,3,400,2,0,30,39.2,0.28,5.62,5.21
1573,5,0,3,331,3,1,32,13.66,6.58,4.42,19.37
1574,4,2,1,154,23,1,31,13.45,9.86,2.96,14.07
1575,7,3,0,141,6,4,32,49.98,6.85,1.52,11.91
1576,4,5,5,637,7,2,27,46.75,0.0,0.0,20.17
1577,1,1,4,489,11,0,28,4.21,11.34,0.0,18.18
1578,6,3,0,416,10,0,40,31.86,10.43,0.0,26.36
1579,0,5,5,102,1,1,35,77.55,0.72,11.22,16.06
1580,2,2,1,453,17,0,35,71.28,10.11,10.74,21.09
1581,8,2,1,452,22,2,25,47.48,4.28,6.32,10.91
1582,8,0,3,522,14,0,33,60.92,0.0,7.87,7.59
1583,1,3,0,564,18,0,30,44.18,5.3,7.06,27.14
1584,1,2,1,692,13,2,24,54.37,9.98,13.87,32.8
1585,0,1,6,593,0,2,30,43.05,6.33,0.0,19.5
1586,1,2,1,621,10,1,38,23.19,3.51,0.0,12.68
1587,2,4,2,165,15,1,39,38.86,6.94,0.0,10.62
1588,8,4,2,246,11,0,33,60.26,4.96,0.0,9.17
1589,2,3,0,640,3,0,41,38.79,6.79,5.69,18.01
1590,9,1,4,433,1,1,24,34.22,2.71,20.34,23.11
1591,6,1,6,352,15,0,33,31.59,3.12,12.83,13.06
1592,2,1,6,522,14,0,36,56.25,8.16,5.96,24.65
1593,2,3,0,310,8,3,34,22.76,5.13,0.96,32.42
1594,5,5,5,543,17,4,36,61.07,5.09,5.08,23.6
1595,4,1,4,364,19,0,27,54.9,3.74,10.47,12.22
1596,0,2,1,583,14,0,24,6.03,3.64,21.67,13.24
1597,8,3,0,475,21,0,28,52.14,5.54,0.0,17.7
1598,2,0,3,445,19,2,24,59.16,0.0,18.7,29.03
1599,1,4,2,264,12,1,39,72.58,3.51,8.48,14.81
1600,1,4,2,281,21,0,33,42.85,8.34,9.17,23.54
1601,7,3,0,225,21,4,38,29.35,4.27,7.37,28.9
1602,9,2,1,223,21,3,18,3.94,0.0,0.0,25.73
1603,0,0,3,100,20,3,32,71.12,0.0,10.54,30.71
1604,6,0,3,519,23,3,25,30.79,3.56,18.21,27.35
1605,2,0,3,190,16,0,19,51.04,0.0,5.28,7.94
1606,0,2,1,269,22,1,39,79.24,10.33,3.51,22.12
1607,2,2,1,151,0,1,20,46.4,4.08,4.18,3.6
1608,3,4,2,298,5,0,29,63.71,0.63,5.72,4.67
1609,1,0,3,678,13,1,36,53.69,6.48,6.98,17.74
1610,8,1,4,103,16,4,40,72.4,1.22,18.15,16.92
1611,9,2,1,121,3,1,28,73.31,1.22,19.82,8.78
1612,1,5,5,694,0,4,25,6.88,7.34,1.27,21.57
1613,4,0,3,506,22,1,21,62.07,2.03,19.73,16.2
1614,7,2,1,271,1,0,18,8.8,9.35,0.0,14.23
1615,9,5,5,664,16,0,24,74.65,2.8,11.88,8.87
1616,4,5,5,438,3,0,35,6.15,11.46,0.87,6.94
1617,1,3,0,481,3,4,23,35.78,2.61,21.68,28.26
1618,4,1,6,652,23,1,29,44.72,2.24,7.63,14.83
1619,5,1,6,364,1,0,40,46.64,0.0,10.97,5.77
1620,6,1,4,677,21,1,27,8.77,1.18,4.26,13.96
1621,5,3,0,589,16,1,27,37.46,4.13,5.21,17.73
1622,4,1,4,215,13,3,25,28.98,10.28,16.6,27.42
1623,6,5,5,268,11,0,31,33.46,1.5,14.89,13.3
1624,6,5,5,628,5,1,27,76.35,5.08,0.0,8.87
1625,9,2,1,132,21,1,25,58.71,8.21,2.35,17.01
1626,7,4,2,482,12,0,36,46.56,2.79,11.35,13.32
1627,4,5,5,287,15,4,40,6.33,3.16,8.55,22.62
1628,0,1,4,145,15,0,35,17.13,6.53,8.29,10.53
1629,3,2,1,460,2,4,30,16.18,3.49,22.93,26.94
1630,1,5,5,438,10,0,21,32.1,7.57,13.04,25.48
1631,9,4,2,644,13,1,41,23.42,8.56,3.7,15.27
1632,1,4,2,635,8,2,24,37.19,0.0,17.32,41.86
1633,1,1,6,311,19,2,20,30.06,9.97,0.0,37.07
1634,2,4,2,458,0,2,31,33.82,4.45,11.15,21.7
1635,2,2,1,668,0,1,31,73.89,1.41,3.83,13.74
1636,0,5,5,338,3,1,37,45.91,13.74,4.19,17.2
1637,3,1,6,235,18,0,37,48.67,2.71,17.14,15.06
1638,0,3,0,235,17,1,40,14.2,8.41,0.0,13.29
1639,9,5,5,637,0,0,40,77.94,0.0,16.87,7.8
1640,3,0,3,656,18,4,32,62.85,4.33,9.68,22.27
1641,0,0,3,296,8,0,26,12.83,11.38,0.0,24.9
1642,5,5,5,465,15,2,33,15.36,0.0,10.09,22.71
1643,0,1,4,413,23,0,24,53.52,1.44,0.0,3.33
1644,7,5,5,320,5,0,23,13.49,4.96,11.08,19.29
1645,6,3,0,216,2,0,41,37.57,7.9,9.5,12.1
1646,3,1,6,550,3,0,31,79.09,5.28,9.8,11.47
1647,3,4,2,697,11,1,23,42.56,4.62,11.86,13.31
1648,0,3,0,414,22,0,18,67.45,4.54,7.92,6.9
1649,6,3,0,196,14,1,18,67.36,3.45,13.6,14.98
1650,1,1,6,312,0,0,33,46.76,10.79,0.0,5.93
1651,8,5,5,254,19,0,27,64.18,5.98,21.72,24.46
1652,4,1,6,368,1,4,27,52.23,3.58,0.0,13.16
1653,3,1,6,325,6,0,27,70.64,6.21,15.71,11.32
1654,7,1,6,134,14,0,27,28.45,9.71,0.13,13.91
1655,1,0,3,305,11,0,21,69.16,1.2,13.61,3.71
1656,7,3,0,412,8,3,25,4.83,4.7,8.56,45.34
1657,0,5,5,453,2,0,19,16.12,6.48,7.98,15.1
1658,5,3,0,502,14,0,25,1.74,7.05,21.46,22.29
1659,4,0,3,102,14,4,40,29.3,3.3,13.46,17.55
1660,2,0,3,345,5,1,27,40.69,5.8,5.51,15.87
1661,0,0,3,641,7,0,40,57.81,5.25,13.83,27.54
1662,0,0,3,199,17,0,36,43.23,1.21,17.58,18.87
1663,8,2,1,430,12,0,34,18.79,10.51,9.06,15.54
1664,5,1,4,684,7,4,34,44.68,6.68,10.29,31.5
1665,0,0,3,192,5,1,27,29.95,1.86,24.11,12.38
1666,0,1,4,535,2,0,31,42.8,6.15,5.5,14.66
1667,3,3,0,126,6,1,26,36.51,12.36,3.74,14.65
1668,1,4,2,655,6,1,39,22.98,8.2,19.38,32.88
1669,9,4,2,344,8,4,19,19.39,4.44,5.44,20.47
1670,9,1,6,542,0,0,29,37.63,9.13,1.81,12.93
1671,3,5,5,342,13,3,31,9.7,7.35,14.23,35.08
1672,4,2,1,567,4,0,30,13.36,0.34,24.82,20.38
1673,6,5,5,533,0,0,30,8.86,7.41,1.51,10.67
1674,8,0,3,224,9,0,19,48.82,8.91,16.89,24.53
1675,0,1,4,209,15,1,36,77.33,2.45,17.07,14.99
1676,6,5,5,686,12,1,24,78.99,8.7,16.94,24.46
1677,2,2,1,281,18,1,21,74.14,6.53,16.62,23.85
1678,1,4,2,457,12,1,23,8.68,0.21,0.0,5.32
1679,1,0,3,80,22,3,33,53.06,4.71,5.32,17.27
1680,9,2,1,118,17,1,38,11.46,2.09,13.38,12.94
1681,2,2,1,595,11,0,41,24.09,8.4,7.82,13.5
1682,6,1,4,163,15,0,27,36.98,4.37,12.46,17.79
1683,0,1,4,692,23,2,25,46.93,0.61,6.23,22.36
1684,7,1,6,494,10,4,24,63.12,6.18,6.63,30.92
1685,8,3,0,602,15,1,41,9.75,1.19,6.07,11.75
1686,2,1,6,497,23,0,33,16.88,0.0,0.0,5.39
1687,8,4,2,664,14,0,31,47.67,2.86,4.28,11.28
1688,9,5,5,611,15,2,28,32.14,4.88,3.44,19.47
1689,8,0,3,361,9,4,25,30.67,11.06,25.05,37.25
1690,2,3,0,641,1,0,31,57.01,5.96,12.23,23.31
1691,2,1,4,355,2,0,41,6.9,4.38,20.75,11.09
1692,8,1,6,354,13,0,21,53.2,2.74,5.6,10.31
1693,1,3,0,598,13,1,31,59.58,0.0,2.15,8.47
1694,5,2,1,425,0,4,41,27.76,4.08,5.61,20.23
1695,6,5,5,534,14,4,26,20.04,5.37,0.0,12.61
1696,9,2,1,337,19,2,20,49.17,6.57,13.2,34.15
1697,9,5,5,341,10,0,40,11.28,0.0,5.07,12.29
1698,6,4,2,190,15,4,34,58.12,1.67,18.41,16.96
1699,0,5,5,565,21,0,29,21.86,6.81,11.74,16.05
1700,4,3,0,307,12,3,37,36.19,6.03,5.79,30.0
1701,4,4,2,490,18,1,38,37.01,5.58,0.0,22.75
1702,0,1,6,128,12,0,19,32.79,2.64,0.0,5.78
1703,7,5,5,443,13,4,34,45.1,4.26,0.0,11.02
1704,3,5,5,603,7,0,37,0.77,5.01,4.33,16.97
1705,9,4,2,561,13,0,22,2.99,2.79,16.21,14.89
1706,2,4,2,204,20,0,35,9.96,0.0,12.1,18.48
1707,1,5,5,332,16,1,24,16.35,0.0,13.33,13.34
1708,0,2,1,341,12,0,41,65.77,6.34,9.67,12.57
1709,2,4,2,687,9,0,30,3.13,4.84,13.15,23.65
1710,7,1,4,556,0,2,38,13.81,7.13,5.55,18.23
1711,7,5,5,645,17,1,35,1.96,3.11,5.0,16.74
1712,0,1,6,489,21,0,21,43.02,5.34,3.21,18.92
1713,2,0,3,436,11,1,19,30.49,10.53,12.27,23.2
1714,1,5,5,607,5,1,40,73.56,0.94,0.0,9.69
1715,9,3,0,372,22,3,34,59.61,2.46,0.0,23.65
1716,4,3,0,164,5,1,33,48.68,6.7,7.32,16.0
1717,4,1,6,208,2,3,24,72.4,5.45,4.62,24.26
1718,2,2,1,657,14,4,27,30.4,4.51,5.65,21.22
1719,0,1,4,605,12,0,23,39.16,0.0,3.38,8.73
1720,8,3,0,146,17,1,40,59.66,7.19,5.49,13.04
1721,4,0,3,555,15,1,33,77.78,4.2,0.0,8.06
1722,4,5,5,428,3,3,24,51.15,11.04,10.67,35.23
1723,6,1,4,439,0,4,38,28.32,11.46,7.61,25.12
1724,9,5,5,105,9,0,26,55.08,7.01,0.0,15.61
1725,8,3,0,612,9,0,29,19.83,5.53,12.53,26.63
1726,6,4,2,469,20,1,27,65.42,5.49,15.59,29.25
1727,0,4,2,653,19,1,24,51.64,0.86,8.39,16.36
1728,9,1,4,108,20,0,25,67.9,7.91,14.31,22.87
1729,7,0,3,391,3,4,37,74.33,12.14,2.29,19.51
1730,0,1,4,149,2,0,41,56.47,11.52,24.46,19.2
1731,4,5,5,514,16,3,31,8.93,7.68,0.03,32.2
1732,5,1,4,605,2,1,34,27.79,3.93,7.79,17.16
1733,6,1,6,261,17,3,29,46.76,5.16,0.0,26.57
1734,3,4,2,678,9,0,31,51.8,1.27,4.67,12.87
1735,3,5,5,463,20,1,18,17.41,7.55,10.18,29.18
1736,4,0,3,96,8,0,36,72.77,0.0,5.21,12.73
1737,7,5,5,343,9,1,27,44.75,1.7,20.72,24.71
1738,9,3,0,470,1,0,39,44.71,6.59,0.0,7.82
1739,0,1,4,203,5,1,25,26.08,1.95,1.73,8.09
1740,1,3,0,557,8,4,38,49.4,0.0,10.06,16.98
1741,6,5,5,290,2,4,19,77.16,1.74,0.0,15.84
1742,1,3,0,280,19,0,21,36.19,5.03,20.18,15.55
1743,2,4,2,439,21,0,37,13.59,8.36,4.92,24.12
1744,5,0,3,266,21,0,34,18.87,3.45,9.56,21.65
1745,1,2,1,96,15,0,39,29.86,3.79,3.09,6.4
1746,2,5,5,213,1,4,36,50.32,2.82,11.37,17.15
1747,8,3,0,444,7,3,20,64.65,0.0,0.0,26.84
1748,2,3,0,640,1,4,28,1.38,0.94,3.8,17.44
1749,9,0,3,697,0,3,28,53.9,6.43,15.95,30.58
1750,1,2,1,632,11,3,40,23.48,3.49,0.95,32.44
1751,7,1,4,447,20,0,36,39.65,0.22,4.01,14.49
1752,1,1,4,300,22,4,28,0.52,6.31,9.08,21.92
1753,9,0,3,187,4,1,39,24.17,0.48,9.92,9.93
1754,8,3,0,400,14,4,21,25.18,4.91,10.29,17.17
1755,5,2,1,656,1,1,20,76.72,7.21,10.58,20.05
1756,1,5,5,406,9,0,39,63.46,10.19,2.87,22.81
1757,6,3,0,114,19,0,37,60.5,7.15,0.0,7.21
1758,5,4,2,493,0,4,26,42.34,7.58,24.99,33.82
1759,6,0,3,603,10,1,26,51.09,5.19,0.68,22.52
1760,3,4,2,368,20,0,41,36.74,5.42,12.06,18.63
1761,8,1,6,382,18,0,35,21.29,10.5,0.23,21.56
1762,5,5,5,346,12,1,22,52.04,10.94,4.03,18.01
1763,1,5,5,229,3,1,20,5.12,7.61,16.38,18.96
1764,0,1,4,84,14,4,30,20.79,9.11,0.0,21.31
1765,3,2,1,451,6,0,27,69.91,9.18,2.35,13.13
1766,3,0,3,610,10,4,19,48.79,12.28,8.13,31.31
1767,7,1,6,651,4,4,22,30.46,8.33,14.22,25.86
1768,8,4,2,350,18,4,31,27.4,0.0,11.74,25.86
1769,1,2,1,530,16,0,32,43.41,3.2,16.66,12.98
1770,1,4,2,601,15,4,31,40.83,0.0,1.56,13.04
1771,7,4,2,392,7,0,24,29.37,1.45,17.89,19.98
1772,2,3,0,252,3,0,37,73.96,2.09,8.86,16.68
1773,1,5,5,254,2,1,32,38.46,10.95,9.36,20.74
1774,5,4,2,646,23,4,28,21.97,6.91,7.33,34.15
1775,7,1,6,393,3,1,41,64.65,9.54,9.93,24.19
1776,4,2,1,609,18,0,29,2.1,11.29,5.9,33.95
1777,5,1,4,678,4,0,33,9.13,7.5,10.76,15.58
1778,4,4,2,130,9,1,26,0.2,0.0,8.36,16.56
1779,8,3,0,594,13,0,33,14.62,2.23,9.97,13.98
1780,4,1,4,376,6,0,33,55.89,13.0,11.61,19.59
1781,1,1,6,536,22,0,34,51.18,9.59,10.15,27.58
1782,7,0,3,263,2,2,38,61.93,11.23,3.25,25.56
1783,5,1,6,232,16,0,28,37.7,5.16,7.43,14.43
1784,9,1,4,434,5,0,33,14.56,3.65,7.08,11.24
1785,4,1,6,402,11,0,31,45.92,7.34,20.21,19.2
1786,1,0,3,546,11,0,34,28.9,10.47,5.21,19.22
1787,3,2,1,682,22,0,39,39.46,3.63,11.07,14.87
1788,1,0,3,692,15,3,32,31.64,16.2,11.44,37.75
1789,6,1,6,209,9,4,39,54.42,7.62,18.4,35.64
1790,9,2,1,283,15,0,23,76.53,2.26,11.69,10.55
1791,1,2,1,353,3,0,28,67.12,10.03,2.46,20.1
1792,9,5,5,575,11,4,33,27.29,3.35,5.48,14.23
1793,0,0,3,179,8,1,18,59.15,0.91,8.53,17.46
1794,8,3,0,94,15,4,19,73.29,1.54,2.62,8.46
1795,3,0,3,321,22,1,22,64.24,0.0,17.96,11.95
1796,3,1,4,675,11,0,39,68.73,5.0,13.97,22.33
1797,6,5,5,698,12,4,32,6.03,5.68,6.42,27.09
1798,5,0,3,92,8,3,30,64.65,0.1,11.13,36.39
1799,4,4,2,241,15,0,36,40.47,3.84,8.81,4.53
1800,4,1,4,639,17,1,35,54.39,0.0,15.77,23.34
1801,0,5,5,363,1,2,36,72.66,1.3,0.0,11.83
1802,7,2,1,406,10,0,31,47.08,10.18,0.0,20.11
1803,8,5,5,621,6,0,24,6.14,5.39,8.48,7.12
1804,9,1,6,656,16,1,31,70.61,4.75,11.38,18.69
1805,5,3,0,684,4,1,26,0.98,3.05,4.69,13.04
1806,7,3,0,384,21,0,29,16.32,5.12,0.65,15.85
1807,5,0,3,590,14,0,28,67.08,1.95,3.37,10.8
1808,4,0,3,436,14,0,19,59.27,4.26,3.48,10.29
1809,8,3,0,288,16,3,34,36.35,4.56,14.19,30.18
1810,0,3,0,438,18,0,27,8.11,8.69,6.08,21.28
1811,9,1,6,137,22,0,36,5.61,5.97,11.32,5.3
1812,6,1,6,649,14,0,32,75.07,11.09,11.06,18.23
1813,4,3,0,553,6,0,22,63.72,1.05,10.51,14.88
1814,9,0,3,314,7,0,34,49.54,3.85,10.11,23.71
1815,6,5,5,256,21,1,20,4.98,0.0,8.92,15.58
1816,5,1,6,673,6,4,28,65.81,1.11,11.26,22.98
1817,5,5,5,315,7,0,20,18.88,8.75,4.65,17.75
1818,7,1,4,280,3,4,40,13.34,0.0,5.93,14.44
1819,2,2,1,659,13,0,29,10.77,3.54,12.14,20.36
1820,0,4,2,676,22,2,24,70.21,5.82,20.75,33.67
1821,7,2,1,262,4,1,32,59.19,3.21,15.04,15.83
1822,8,0,3,101,11,4,36,77.63,18.27,13.21,22.88
1823,5,0,3,415,1,3,31,64.87,4.7,1.11,22.25
1824,6,2,1,320,12,0,20,8.31,6.7,14.81,15.37
1825,6,2,1,378,17,1,18,35.95,6.26,0.0,13.82
1826,0,5,5,387,10,3,20,7.74,5.04,10.96,42.17
1827,3,0,3,83,23,3,39,52.56,9.45,2.99,28.85
1828,3,3,0,449,20,4,22,14.38,9.96,9.2,34.61
1829,9,3,0,389,17,1,23,78.19,2.93,10.04,29.31
1830,4,3,0,510,20,0,36,14.5,4.13,5.51,21.08
1831,8,3,0,381,8,1,19,45.33,0.0,4.45,15.84
1832,9,3,0,507,15,3,29,43.69,3.38,14.79,37.83
1833,0,1,6,172,19,0,29,29.92,8.98,10.45,21.69
1834,0,5,5,140,9,3,37,62.43,2.36,13.59,34.46
1835,7,4,2,171,18,0,35,64.1,5.14,23.25,20.64
1836,7,5,5,145,16,0,30,50.62,2.5,6.48,9.86
1837,7,0,3,479,1,4,37,0.49,8.71,0.0,20.11
1838,0,1,6,419,9,0,20,9.6,1.8,13.07,21.94
1839,4,1,6,602,3,1,33,61.61,8.83,11.86,16.33
1840,0,2,1,675,21,0,38,57.68,11.84,16.47,32.94
1841,2,1,6,437,5,2,36,36.46,8.62,3.49,28.83
1842,3,1,6,414,11,1,24,5.57,2.91,7.42,12.42
1843,8,5,5,431,2,4,24,43.66,6.47,11.58,22.12
1844,4,3,0,85,12,1,19,34.04,9.32,2.59,10.89
1845,3,2,1,213,2,0,39,21.45,13.54,5.85,9.83
1846,2,1,4,202,3,1,33,8.26,1.31,8.53,10.02
1847,6,1,4,316,11,0,24,30.19,10.61,14.45,20.7
1848,5,1,4,220,13,0,29,1.33,1.74,13.49,3.14
1849,4,0,3,123,16,0,19,13.63,3.67,2.5,6.36
1850,6,4,2,442,7,1,28,56.24,6.72,19.88,22.44
1851,0,3,0,621,6,1,19,20.36,5.7,7.43,24.56
1852,0,5,5,582,21,0,24,40.55,1.7,12.45,20.83
1853,6,2,1,147,9,0,40,64.29,0.01,3.98,11.8
1854,3,0,3,543,7,3,32,46.92,2.23,6.53,28.84
1855,4,4,2,377,8,0,41,8.8,3.07,1.64,11.97
1856,1,3,0,445,19,0,25,78.96,8.48,0.0,18.11
1857,1,4,2,419,22,4,34,10.26,0.0,5.26,4.25
1858,5,0,3,555,9,0,28,13.55,7.52,0.0,26.59
1859,4,5,5,395,0,4,35,48.68,6.9,6.5,23.92
1860,5,4,2,650,10,0,19,40.33,5.9,17.61,30.9
1861,6,5,5,187,19,0,22,72.41,2.21,14.35,20.19
1862,2,2,1,641,11,1,26,35.18,8.87,17.97,25.49
1863,1,5,5,131,15,1,30,31.45,3.6,1.5,4.5
1864,9,4,2,85,9,0,38,15.29,0.29,12.4,11.61
1865,5,0,3,694,13,0,19,27.36,0.79,1.83,6.86
1866,4,3,0,533,9,0,38,61.75,3.19,24.18,23.38
1867,0,1,6,465,20,1,36,32.64,7.97,7.72,24.35
1868,7,0,3,550,17,0,36,61.98,0.15,15.0,13.66
1869,5,0,3,633,2,0,26,11.29,4.89,0.98,3.08
1870,8,4,2,239,13,1,35,14.3,4.19,7.62,9.94
1871,1,3,0,687,18,4,36,74.73,5.36,21.31,35.12
1872,6,0,3,376,22,0,35,62.47,3.02,21.23,12.33
1873,4,4,2,163,0,0,40,43.41,4.45,8.2,18.32
1874,0,0,3,511,19,4,24,33.75,10.02,3.81,28.49
1875,0,1,6,407,2,0,31,55.23,0.0,9.95,3.72
1876,9,2,1,675,21,0,18,79.7,1.23,0.0,10.97
1877,8,2,1,139,3,0,23,64.73,4.18,20.54,18.4
1878,7,3,0,96,17,4,31,14.62,11.21,20.41,25.9
1879,0,5,5,381,23,0,33,20.99,15.82,13.26,18.92
1880,6,4,2,220,2,2,35,31.47,4.2,8.62,24.85
1881,5,2,1,474,1,2,35,63.15,0.76,1.2,19.1
1882,9,1,4,575,19,3,40,55.52,4.71,9.1,37.42
1883,3,1,6,239,12,1,37,63.41,0.0,16.12,10.76
1884,2,4,2,662,15,0,23,30.57,3.84,7.79,14.21
1885,1,1,4,648,9,1,41,43.47,10.08,12.44,32.67
1886,8,0,3,472,0,1,36,36.73,5.04,20.3,16.61
1887,2,2,1,468,12,3,24,44.72,3.91,17.68,25.29
1888,9,1,4,123,12,1,22,62.6,1.48,12.03,6.76
1889,0,1,4,652,17,4,29,59.03,9.44,10.14,32.9
1890,7,1,6,320,12,0,20,66.44,2.0,3.05,11.19
1891,5,3,0,564,5,1,33,56.05,6.63,8.36,18.07
1892,5,4,2,95,5,1,26,51.17,0.0,0.0,8.24
1893,3,4,2,554,15,0,38,76.66,4.81,1.69,16.23
1894,4,1,6,420,6,0,23,66.81,7.45,1.71,0.52
1895,4,1,4,400,17,1,38,40.49,2.91,18.27,34.07
1896,1,1,4,508,16,4,18,70.16,10.31,0.0,21.12
1897,7,5,5,154,12,4,32,47.29,6.64,11.16,22.8
1898,5,1,4,108,13,0,37,45.43,3.09,22.6,13.43
1899,1,5,5,214,20,0,25,12.22,0.19,20.61,22.37
1900,3,5,5,286,6,4,20,42.91,1.25,0.0,5.95
1901,8,5,5,401,15,0,27,34.87,0.32,5.39,3.04
1902,2,0,3,368,10,1,18,32.99,5.38,6.89,15.07
1903,3,3,0,115,19,0,23,63.04,0.76,1.38,10.89
1904,9,1,4,517,6,4,34,10.13,10.48,2.76,26.23
1905,3,2,1,260,16,0,39,50.16,0.0,13.1,9.96
1906,1,5,5,607,23,0,23,76.12,3.16,6.04,19.84
1907,1,4,2,480,22,4,23,1.05,0.65,17.06,16.17
1908,9,1,4,626,18,0,39,58.01,3.92,10.05,19.92
1909,4,3,0,371,21,0,36,2.0,0.0,23.05,14.91
1910,6,1,6,254,9,1,31,39.3,8.73,20.81,29.0
1911,5,3,0,581,11,3,34,5.15,4.37,12.84,24.35
1912,9,1,4,651,13,4,26,65.39,7.98,0.18,17.67
1913,9,1,6,627,16,2,29,52.26,4.3,3.32,19.65
1914,8,4,2,617,13,0,23,16.28,0.0,10.03,11.07
1915,6,3,0,465,21,0,41,20.21,0.0,0.0,8.97
1916,8,1,4,263,15,4,37,37.48,5.95,0.0,15.53
1917,3,0,3,638,22,0,36,79.86,0.05,11.97,7.51
1918,6,4,2,140,20,1,22,53.98,2.83,0.0,10.66
1919,7,4,2,311,7,4,39,38.52,4.86,0.43,25.3
1920,3,0,3,474,9,0,26,28.34,6.4,9.08,18.69
1921,6,2,1,236,1,1,32,30.81,6.46,6.93,11.32
1922,8,1,6,202,12,0,39,76.48,4.32,10.53,14.33
1923,6,0,3,474,19,3,41,4.4,0.62,8.65,32.52
1924,9,1,6,568,16,0,40,4.9,0.54,7.77,7.6
1925,6,1,6,322,0,1,41,37.3,9.63,0.0,20.69
1926,2,1,6,245,3,0,24,57.34,9.92,10.78,20.24
1927,0,1,4,292,22,3,38,6.13,12.62,7.82,32.9
1928,9,0,3,83,21,0,26,32.1,0.48,6.42,10.43
1929,3,1,4,694,2,1,40,12.56,3.23,15.83,21.74
1930,8,5,5,359,23,0,36,57.91,7.37,2.56,0.93
1931,2,0,3,112,18,0,33,29.4,0.07,15.21,16.77
1932,2,2,1,518,7,0,19,47.59,4.26,8.03,23.58
1933,9,5,5,156,4,2,27,31.87,5.37,24.25,26.25
1934,7,4,2,132,15,0,34,24.86,3.76,12.41,9.11
1935,5,4,2,646,18,2,38,61.73,3.5,11.41,33.7
1936,1,0,3,311,8,0,28,64.77,4.8,12.45,25.1
1937,5,1,4,551,11,2,22,67.56,8.57,14.24,31.55
1938,1,0,3,291,21,3,38,64.77,7.22,14.02,38.26
1939,3,1,6,172,7,0,27,11.01,1.66,2.89,10.1
1940,6,3,0,164,15,0,33,28.53,2.16,19.85,13.89
1941,8,5,5,595,0,3,19,4.52,6.16,0.0,31.94
1942,0,3,0,203,19,0,25,31.02,2.4,0.0,6.31
1943,1,2,1,447,0,0,22,24.27,5.82,7.44,5.32
1944,8,1,6,385,14,1,30,30.37,1.54,9.91,8.3
1945,5,1,4,394,1,0,33,73.09,0.0,17.62,10.29
1946,4,3,0,522,5,4,25,69.75,0.0,17.05,21.27
1947,6,4,2,483,4,4,25,63.04,1.2,1.72,16.88
1948,2,2,1,463,11,2,23,7.6,1.91,5.69,18.76
1949,0,0,3,145,18,0,41,71.77,10.08,0.0,16.54
1950,2,1,4,384,16,3,30,62.39,9.78,14.17,36.52
1951,6,0,3,176,6,2,21,30.22,7.45,0.54,20.5
1952,0,1,4,446,3,1,39,34.37,7.05,11.88,16.94
1953,9,5,5,603,21,0,32,16.68,5.73,3.71,17.89
1954,9,4,2,530,11,0,24,10.2,0.01,7.07,17.04
1955,4,4,2,642,11,2,21,8.93,2.95,22.31,26.2
1956,0,1,4,370,8,0,20,44.03,2.22,14.41,26.77
1957,0,3,0,389,6,0,23,11.66,7.76,0.0,16.74
1958,2,4,2,551,12,4,24,11.76,0.21,3.43,13.3
1959,1,1,4,475,12,0,26,15.01,4.57,12.06,17.13
1960,8,2,1,283,10,0,26,76.5,8.18,11.78,27.5
1961,3,4,2,239,8,4,24,79.45,0.43,0.0,16.67
1962,2,3,0,316,10,1,25,41.14,5.99,3.04,19.23
1963,2,3,0,325,2,1,33,43.64,0.46,0.5,9.12
1964,6,2,1,89,9,0,23,7.02,9.62,7.45,19.08
1965,3,1,6,659,16,1,41,36.88,5.28,11.3,22.34
1966,4,1,4,278,23,4,41,64.95,0.0,11.22,13.21
1967,6,5,5,281,4,1,40,23.87,4.34,0.0,6.88
1968,6,0,3,203,11,4,37,52.01,1.91,15.89,14.92
1969,9,1,6,379,1,0,38,29.48,9.4,19.45,22.29
1970,9,1,6,96,10,4,24,16.24,6.2,4.73,27.72
1971,9,1,6,344,23,3,31,24.05,7.38,12.31,34.97
1972,9,1,6,631,18,4,30,36.8,9.25,17.53,34.63
1973,8,4,2,110,19,3,30,25.83,0.0,0.0,17.13
1974,0,2,1,679,16,4,27,10.82,0.0,6.18,16.8
1975,4,0,3,323,5,2,27,45.24,11.95,2.85,29.95
1976,4,1,6,133,17,3,38,17.91,0.99,7.23,19.67
1977,1,0,3,505,1,0,23,52.33,10.42,9.42,23.75
1978,7,4,2,250,19,0,37,47.4,11.13,5.74,20.0
1979,0,1,4,265,21,1,41,19.77,2.82,1.88,13.65
1980,9,1,4,356,17,4,28,0.1,8.1,14.01,26.36
1981,3,2,1,424,1,0,26,25.91,13.82,8.09,25.07
1982,2,0,3,348,1,0,29,47.99,7.59,13.35,17.28
1983,6,5,5,611,11,0,25,21.2,5.39,11.75,15.26
1984,0,0,3,360,1,0,35,74.37,11.69,16.76,19.62
1985,0,3,0,282,19,1,36,56.22,6.8,3.83,22.85
1986,8,3,0,644,12,0,30,20.99,5.5,0.0,11.33
1987,6,0,3,150,2,4,24,68.78,2.38,4.84,7.4
1988,1,3,0,637,12,0,38,36.96,3.24,15.95,13.02
1989,0,3,0,304,0,0,21,47.56,11.15,10.49,19.96
1990,7,2,1,548,9,1,20,53.8,0.0,4.36,17.61
1991,7,1,6,535,23,4,40,77.05,12.38,24.93,34.58
1992,6,0,3,192,20,1,23,3.77,3.9,5.73,19.39
1993,3,1,6,176,18,0,19,76.56,1.37,10.45,12.43
1994,7,2,1,131,20,1,33,70.5,8.31,13.62,23.47
1995,9,4,2,555,12,0,38,40.16,13.71,20.52,32.26
1996,0,5,5,241,16,0,38,4.09,0.0,6.96,0.0
1997,2,0,3,690,11,0,30,63.49,0.0,9.95,11.5
1998,0,4,2,635,17,1,40,26.73,1.25,8.77,13.58
1999,2,1,4,475,10,3,19,53.63,9.51,1.36,34.34
2000,2,4,2,255,3,3,27,43.45,9.39,0.31,26.98
2001,0,1,4,667,2,4,25,12.22,2.56,2.55,16.19
2002,0,3,0,222,13,0,36,44.07,3.64,24.13,17.0
2003,8,5,5,125,7,0,35,66.51,6.47,0.0,15.47
2004,7,5,5,342,0,4,39,56.87,1.89,11.91,25.03
2005,1,4,2,220,14,0,24,15.33,0.61,7.06,8.06
2006,6,1,4,90,0,1,33,45.81,6.89,3.99,15.57
2007,9,1,6,213,18,2,39,35.18,0.0,11.07,25.17
2008,9,3,0,98,18,0,31,9.05,6.27,4.11,14.49
2009,8,1,6,270,2,1,30,68.22,0.43,3.05,11.08
2010,1,0,3,598,1,4,31,54.29,5.47,16.18,29.56
2011,0,4,2,440,21,4,36,55.98,2.18,9.48,21.7
2012,2,2,1,669,9,0,25,63.91,5.08,0.0,22.44
2013,1,0,3,461,21,0,40,62.18,5.72,19.34,23.29
2014,1,0,3,672,19,0,36,72.93,12.6,4.27,22.86
2015,9,5,5,517,19,0,26,17.39,4.62,2.86,13.32
2016,7,1,4,549,23,4,30,34.48,8.07,5.65,25.01
2017,2,1,4,224,0,1,33,59.93,10.0,0.0,16.96
2018,8,1,6,151,20,4,32,65.82,3.15,1.37,23.42
2019,8,1,4,411,2,0,21,47.59,4.11,13.11,16.89
2020,2,3,0,697,19,1,35,71.21,10.13,8.33,21.17
2021,8,2,1,211,6,4,39,4.49,0.0,11.12,18.24
2022,2,4,2,527,3,3,39,6.84,2.66,5.39,23.8
2023,9,1,4,527,19,3,31,52.92,4.09,0.0,27.65
2024,9,2,1,224,8,3,31,22.18,5.45,15.21,39.04
2025,8,1,6,253,12,0,26,0.73,4.48,10.46,17.34
2026,2,0,3,355,7,4,24,11.12,0.0,1.59,17.02
2027,7,0,3,113,6,0,37,2.67,6.8,11.03,11.99
2028,0,5,5,302,3,4,34,14.31,0.0,16.09,18.77
2029,7,0,3,668,14,0,19,79.26,2.37,4.49,9.87
2030,4,2,1,637,17,0,25,57.33,10.16,2.22,21.99
2031,0,5,5,454,16,0,21,53.59,0.0,18.63,10.41
2032,4,3,0,545,14,1,18,1.12,10.13,6.29,20.39
2033,4,5,5,589,21,0,28,51.53,11.08,7.4,33.7
2034,5,4,2,342,7,0,36,36.57,5.79,4.74,24.29
2035,4,5,5,146,8,1,40,73.75,1.83,21.08,21.71
2036,9,2,1,609,18,0,19,73.01,4.55,0.99,17.03
2037,7,1,4,371,6,4,39,12.83,4.82,6.39,11.77
2038,3,5,5,611,0,0,41,3.96,3.67,13.68,17.01
2039,2,3,0,414,14,0,31,16.95,8.11,0.0,23.55
2040,7,2,1,507,14,1,20,28.64,6.28,13.92,14.9
2041,6,0,3,491,10,4,40,25.69,8.85,4.27,24.54
2042,6,2,1,92,6,0,34,6.8,7.37,14.63,15.31
2043,2,0,3,375,10,0,34,16.37,6.41,5.69,26.66
2044,1,4,2,406,6,0,22,13.96,10.78,17.13,22.32
2045,6,1,6,196,3,1,29,15.52,2.45,30.7,25.34
2046,0,0,3,649,14,1,21,26.71,1.16,0.0,11.88
2047,9,4,2,121,4,2,37,40.83,11.98,0.08,23.28
2048,2,3,0,485,22,4,35,78.45,5.31,4.29,15.29
2049,4,1,6,491,11,0,32,71.86,8.42,3.7,14.53
2050,1,3,0,369,5,1,24,13.34,0.0,3.32,0.0
2051,5,2,1,316,11,3,36,13.21,0.47,7.87,22.76
2052,5,4,2,579,5,3,21,18.84,4.66,8.79,24.54
2053,1,0,3,418,14,0,29,73.92,1.03,10.28,4.77
2054,1,1,6,445,1,0,23,78.52,5.05,24.49,22.34
2055,7,2,1,337,20,1,38,59.67,0.0,3.69,12.85
2056,1,1,6,207,13,4,34,67.13,7.19,10.11,18.94
2057,5,1,6,439,2,1,35,50.11,0.77,14.42,6.86
2058,2,5,5,360,12,3,35,75.36,0.0,16.25,28.0
2059,1,2,1,516,15,4,32,42.14,4.95,14.6,24.89
2060,6,2,1,152,21,1,18,9.79,7.37,12.41,21.62
2061,0,1,4,545,0,4,27,55.93,4.04,14.22,18.47
2062,2,1,6,651,12,4,25,37.32,4.01,13.93,29.75
2063,8,3,0,298,1,0,22,15.21,0.0,16.28,13.43
2064,7,3,0,345,12,1,22,78.35,2.89,1.14,3.72
2065,1,2,1,452,3,3,23,34.31,5.64,7.71,29.27
2066,7,3,0,495,7,1,23,64.92,0.0,10.94,22.15
2067,0,5,5,284,10,0,27,67.97,3.8,2.7,18.56
2068,6,1,6,211,11,0,33,28.94,2.8,0.8,11.91
2069,4,2,1,254,19,0,31,58.92,6.88,3.56,19.51
2070,8,5,5,170,6,4,31,79.69,5.5,11.55,17.22
2071,9,0,3,332,5,0,32,68.61,10.2,6.23,12.09
2072,0,4,2,559,6,3,37,29.47,4.3,7.11,24.99
2073,0,0,3,226,20,4,33,35.98,2.64,8.79,24.59
2074,6,2,1,474,3,2,24,14.48,0.0,14.03,25.59
2075,4,1,6,557,21,0,26,79.72,3.66,11.45,21.62
2076,4,1,6,476,22,1,27,20.94,1.64,19.34,9.67
2077,4,1,4,163,17,2,26,47.64,2.47,9.26,28.94
2078,0,1,6,381,23,0,23,78.85,7.17,7.81,12.74
2079,6,2,1,393,20,1,30,39.57,4.7,7.13,18.51
2080,8,0,3,662,16,2,22,30.39,4.21,0.53,25.65
2081,4,4,2,606,23,0,19,17.18,0.0,13.49,12.14
2082,9,4,2,358,0,0,32,58.96,3.78,12.79,14.29
2083,6,0,3,199,0,0,29,61.9,7.78,7.34,12.55
2084,1,1,4,335,18,4,29,30.79,7.71,2.54,26.58
2085,3,3,0,275,17,3,29,76.01,3.24,0.73,31.97
2086,9,1,6,383,6,4,24,48.82,7.7,13.01,18.71
2087,4,4,2,137,12,0,18,62.21,0.0,3.11,0.81
2088,7,1,6,89,1,0,31,40.78,7.32,0.0,1.56
2089,2,1,4,611,20,1,29,42.4,2.61,11.67,23.0
2090,7,1,4,133,6,0,27,36.74,0.86,9.97,3.16
2091,9,2,1,468,22,1,25,13.03,0.0,3.07,4.94
2092,8,2,1,278,19,1,28,39.45,9.52,4.33,21.0
2093,5,4,2,571,22,0,38,69.29,5.39,8.65,13.83
2094,8,5,5,297,18,1,21,68.24,7.48,10.32,18.95
2095,2,2,1,398,10,0,26,43.51,0.0,12.48,20.34
2096,9,5,5,538,14,1,30,51.66,5.19,0.0,9.11
2097,8,4,2,446,13,0,20,79.94,0.0,0.0,10.35
2098,3,5,5,144,17,4,41,56.84,2.07,5.5,16.21
2099,6,2,1,485,3,1,34,17.62,0.0,13.08,13.3
2100,3,2,1,259,2,0,37,59.3,0.0,13.57,8.4
2101,1,3,0,609,15,1,26,60.1,8.12,1.55,13.97
2102,1,0,3,151,2,0,28,79.91,6.8,0.0,12.14
2103,5,1,6,466,6,3,25,74.53,4.21,21.61,32.33
2104,3,1,6,634,3,0,32,49.27,0.0,6.97,8.98
2105,4,5,5,135,4,0,21,67.7,0.48,18.56,8.26
2106,5,5,5,673,8,0,41,3.99,4.31,6.09,20.17
2107,8,0,3,629,14,0,38,60.16,8.02,6.07,15.61
2108,8,1,6,142,8,1,26,34.48,8.74,15.66,33.78
2109,2,2,1,540,10,0,21,12.97,6.69,5.94,20.44
2110,2,5,5,341,21,4,34,38.49,4.39,13.49,23.91
2111,9,3,0,391,21,4,32,36.04,3.12,19.59,29.76
2112,3,1,4,306,10,1,38,28.81,0.0,2.12,9.3
2113,8,4,2,113,22,0,34,72.03,0.66,16.95,7.04
2114,6,1,4,474,13,0,32,55.29,5.87,0.0,8.51
2115,7,5,5,471,15,4,40,62.33,12.55,15.15,30.21
2116,3,1,4,667,21,0,19,69.43,9.72,16.74,23.88
2117,0,4,2,277,21,0,37,76.28,6.71,4.66,20.09
2118,4,1,4,191,15,3,39,36.5,9.66,5.82,26.46
2119,1,1,4,360,13,0,29,2.87,4.33,0.0,11.34
2120,6,3,0,135,18,0,24,49.53,4.78,10.54,13.3
2121,1,3,0,276,21,1,29,37.3,0.0,9.36,8.74
2122,2,0,3,543,2,3,38,56.03,7.87,16.09,21.5
2123,0,3,0,370,4,1,18,56.9,4.39,0.0,2.92
2124,2,2,1,87,7,1,40,6.42,2.43,6.11,22.49
2125,9,0,3,131,11,0,38,34.09,11.72,17.0,15.2
2126,5,5,5,230,21,1,38,4.49,3.95,12.27,24.08
2127,0,2,1,273,1,0,32,54.85,3.89,9.51,13.67
2128,0,3,0,94,13,1,39,46.28,2.03,7.11,8.79
2129,9,5,5,603,5,0,36,50.59,8.45,2.01,19.39
2130,7,1,6,624,16,1,26,44.5,9.08,4.92,17.33
2131,4,4,2,300,17,0,22,43.29,5.12,15.48,17.46
2132,3,5,5,341,5,4,18,31.73,5.07,13.07,28.75
2133,6,4,2,685,3,1,23,68.34,3.48,14.09,20.52
2134,2,3,0,226,7,1,24,71.08,5.11,9.32,23.11
2135,6,1,4,317,13,0,23,60.76,6.54,3.68,11.65
2136,4,1,6,418,16,0,22,67.4,5.87,8.82,16.56
2137,6,1,4,346,19,4,27,56.4,8.6,6.39,24.96
2138,3,1,6,608,14,0,19,56.85,7.59,7.86,14.55
2139,6,5,5,680,21,1,32,66.05,6.22,0.17,17.44
2140,6,2,1,690,12,1,21,64.06,4.1,6.69,8.6
2141,7,3,0,400,2,0,24,4.98,5.11,7.04,8.58
2142,4,4,2,91,18,0,39,42.45,6.22,3.96,11.91
2143,9,4,2,531,19,1,28,58.68,4.07,8.98,18.35
2144,1,0,3,584,15,3,22,60.34,8.17,1.89,27.19
2145,3,5,5,416,13,1,33,7.36,8.03,10.49,18.62
2146,7,0,3,456,19,1,21,38.57,11.47,0.0,24.51
2147,2,5,5,304,16,4,30,33.14,7.11,32.6,31.55
2148,5,2,1,238,21,3,38,77.67,0.0,10.65,22.02
2149,7,2,1,279,14,0,34,69.49,0.99,7.15,3.2
2150,5,1,4,105,14,0,26,58.26,4.59,12.26,15.72
2151,1,1,4,130,22,0,34,70.16,0.57,7.38,4.01
2152,3,0,3,337,3,4,40,53.06,11.85,7.1,21.16
2153,5,5,5,354,13,0,41,63.52,8.03,5.85,16.15
2154,3,5,5,556,22,2,34,53.84,0.0,12.36,19.29
2155,4,3,0,629,1,1,26,5.87,4.13,10.29,21.66
2156,7,3,0,229,13,0,18,60.16,0.91,15.12,5.28
2157,0,1,6,659,6,0,21,63.09,2.57,13.23,15.64
2158,7,1,4,643,15,1,38,56.78,4.12,4.39,19.35
2159,2,1,4,651,10,0,19,70.52,1.18,6.67,16.76
2160,7,0,3,425,22,0,21,62.9,11.72,2.79,10.6
2161,4,3,0,158,7,0,33,23.18,5.18,14.88,12.74
2162,5,5,5,675,5,0,20,33.72,7.32,8.88,17.09
2163,5,1,4,401,3,1,35,78.95,3.76,3.21,9.62
2164,8,3,0,685,19,1,32,4.98,0.0,7.8,17.0
2165,9,2,1,663,18,0,27,26.68,8.52,14.4,26.8
2166,3,0,3,166,6,0,37,79.94,6.69,14.59,9.25
2167,5,1,4,546,1,1,33,4.47,7.34,12.49,14.65
2168,3,4,2,298,17,4,33,49.08,5.61,10.72,23.54
2169,6,4,2,529,10,0,27,79.1,9.96,5.58,21.29
2170,4,2,1,594,1,0,25,14.78,5.8,11.58,10.02
2171,0,5,5,583,12,4,30,58.88,4.93,4.84,19.81
2172,2,2,1,113,23,0,18,78.8,5.26,14.44,15.89
2173,4,1,6,162,22,1,38,3.79,5.28,2.91,5.18
2174,4,1,6,271,17,0,37,78.1,7.2,5.24,22.64
2175,8,0,3,187,23,0,39,65.91,6.78,5.09,5.99
2176,2,2,1,672,22,3,36,24.59,6.69,10.14,35.09
2177,0,5,5,345,21,1,19,48.45,5.76,9.13,14.4
2178,7,2,1,629,20,0,39,65.93,2.25,0.0,11.9
2179,7,0,3,116,4,1,35,69.26,5.71,13.52,14.44
2180,8,5,5,202,13,0,27,6.91,7.96,2.76,7.14
2181,5,0,3,543,14,0,36,52.34,6.91,3.76,23.37
2182,2,5,5,256,17,0,26,7.93,5.58,9.09,21.54
2183,6,0,3,615,22,1,39,56.7,11.43,16.08,26.53
2184,2,3,0,407,11,1,38,38.52,4.9,9.62,15.35
2185,6,4,2,582,2,0,33,71.12,5.85,2.18,16.32
2186,9,1,6,341,22,0,33,30.58,4.0,10.73,9.09
2187,0,3,0,128,4,0,40,58.72,3.52,5.55,15.2
2188,6,1,4,292,2,0,24,45.11,3.58,9.31,5.41
2189,6,1,6,143,19,0,34,48.14,6.48,16.99,20.08
2190,3,3,0,216,10,0,28,60.84,5.08,13.18,19.7
2191,5,4,2,265,17,1,40,54.71,1.25,7.65,12.09
2192,3,5,5,635,11,0,33,28.89,0.0,12.21,11.79
2193,9,1,6,82,18,0,25,5.31,8.13,10.89,18.14
2194,1,1,6,404,11,4,27,16.89,6.06,0.0,15.9
2195,5,1,6,549,13,1,21,28.77,1.66,5.06,12.52
2196,8,3,0,582,6,0,29,35.58,6.18,18.67,26.65
2197,3,5,5,91,4,0,25,67.63,0.35,18.74,14.87
2198,5,0,3,315,12,0,21,40.45,0.8,3.6,8.08
2199,8,1,4,592,13,3,35,73.75,7.46,17.34,39.88
2200,0,5,5,552,18,1,31,70.52,0.0,14.94,23.6
2201,2,0,3,527,7,4,34,71.3,4.6,0.15,24.72
2202,9,3,0,661,0,0,21,35.06,6.45,17.05,14.81
2203,5,4,2,230,1,1,32,38.7,6.8,4.57,16.56
2204,2,3,0,251,1,0,31,57.82,4.6,11.38,11.95
2205,1,5,5,603,0,0,36,77.89,3.67,6.63,9.47
2206,4,5,5,316,21,0,22,41.7,0.0,5.99,13.01
2207,0,5,5,395,18,1,28,79.66,7.17,16.62,26.18
2208,8,2,1,232,7,2,35,10.19,1.14,0.0,18.02
2209,2,3,0,154,0,1,41,1.42,7.25,13.13,21.24
2210,2,1,6,80,16,0,33,62.11,1.79,27.27,13.81
2211,2,2,1,579,11,1,31,79.1,2.69,1.91,16.88
2212,1,5,5,226,11,1,29,27.17,0.0,0.67,1.31
2213,7,0,3,524,8,4,39,35.52,7.01,10.7,31.41
2214,7,5,5,88,14,1,41,12.59,11.79,7.18,19.9
2215,6,5,5,424,4,1,40,32.35,2.32,11.73,13.23
2216,1,3,0,455,16,0,33,73.86,0.87,12.14,8.43
2217,3,3,0,157,4,0,35,74.89,2.41,12.3,2.05
2218,1,4,2,265,22,4,27,48.31,1.44,18.92,22.15
2219,7,5,5,106,12,0,29,24.24,6.88,15.25,14.65
2220,5,2,1,167,9,4,24,23.9,11.08,16.83,29.54
2221,0,1,6,116,13,0,35,19.9,2.87,11.68,5.72
2222,5,3,0,375,2,1,24,70.4,13.83,3.01,18.04
2223,9,0,3,441,10,4,21,5.19,4.2,3.16,18.97
2224,2,2,1,143,7,0,21,53.38,5.48,10.39,23.59
2225,3,1,4,385,3,0,37,67.61,6.07,0.0,6.69
2226,3,3,0,658,22,3,18,63.38,5.75,2.6,27.6
2227,4,2,1,494,2,0,20,44.13,0.68,5.06,1.25
2228,2,5,5,492,7,4,24,38.62,4.62,8.02,31.34
2229,2,1,6,613,21,4,19,43.51,0.0,11.72,21.27
2230,4,5,5,531,21,0,37,30.5,0.0,9.4,18.79
2231,8,2,1,130,8,3,31,14.9,9.05,2.88,24.82
2232,9,1,6,144,0,0,35,12.97,8.32,9.08,14.55
2233,3,0,3,681,19,0,32,28.82,9.57,11.3,31.29
2234,5,1,6,588,15,0,29,9.25,2.06,0.0,9.16
2235,8,5,5,582,17,4,26,63.6,5.59,8.03,26.04
2236,7,5,5,390,21,3,24,62.58,0.0,14.77,34.44
2237,6,1,6,101,23,1,22,42.02,7.84,10.19,7.81
2238,9,0,3,161,15,4,28,36.07,1.17,5.51,11.12
2239,8,4,2,575,9,0,21,69.23,12.8,24.67,37.33
2240,1,3,0,639,20,0,41,79.47,5.39,15.2,22.14
2241,2,4,2,581,1,1,35,16.23,0.0,9.74,14.37
2242,6,3,0,444,3,3,26,17.65,0.0,9.26,25.82
2243,7,4,2,385,12,2,37,41.23,0.0,15.18,19.56
2244,6,0,3,193,23,2,26,54.21,4.75,1.33,16.02
2245,0,1,6,385,22,0,41,1.09,6.78,11.42,14.4
2246,2,1,6,508,15,0,41,50.27,5.03,19.27,16.86
2247,1,2,1,672,0,0,29,55.38,8.72,12.55,20.75
2248,0,2,1,351,22,3,31,62.77,1.66,21.46,30.1
2249,2,2,1,523,9,1,33,42.78,2.51,3.03,11.36
2250,1,5,5,436,5,0,31,18.95,7.19,6.39,13.2
2251,1,3,0,296,4,1,20,57.38,8.69,0.97,12.4
2252,4,2,1,596,2,1,40,65.36,9.86,13.99,21.28
2253,9,1,6,123,0,1,35,77.65,2.63,10.17,10.47
2254,9,3,0,182,3,0,21,75.67,8.19,8.1,18.25
2255,4,2,1,453,11,0,36,55.37,1.22,10.46,9.08
2256,3,0,3,205,7,3,27,56.89,2.23,7.08,25.56
2257,0,4,2,645,19,1,19,19.12,0.45,19.62,27.37
2258,3,5,5,171,3,0,22,12.08,2.84,14.56,1.42
2259,5,2,1,487,3,0,22,15.33,0.0,12.51,10.17
2260,8,2,1,375,12,0,35,31.92,2.52,1.4,12.73
2261,8,1,4,181,16,0,40,67.7,9.04,5.25,17.77
2262,2,2,1,442,8,1,32,54.48,2.35,16.17,20.14
2263,4,3,0,495,7,3,28,78.9,6.29,3.78,41.27
2264,4,2,1,134,21,0,26,17.44,0.0,25.18,23.23
2265,3,0,3,614,15,0,30,56.51,13.66,10.96,23.83
2266,9,1,6,424,4,0,33,70.82,6.6,1.84,13.99
2267,0,4,2,412,8,1,27,63.3,10.08,11.31,27.86
2268,5,1,6,114,7,0,29,37.27,9.93,16.39,23.42
2269,7,1,4,646,11,0,19,51.03,2.75,5.35,11.99
2270,8,5,5,162,9,2,22,53.09,0.02,8.56,26.52
2271,0,0,3,372,14,0,38,14.48,5.3,13.63,8.56
2272,3,2,1,261,16,1,24,4.68,0.0,7.23,1.4
2273,2,2,1,690,0,0,39,56.14,2.24,0.25,10.76
2274,3,5,5,258,17,0,34,15.26,0.0,11.55,12.77
2275,0,2,1,150,20,0,37,54.49,5.21,9.35,10.37
2276,6,5,5,327,16,2,39,33.84,0.0,10.96,22.84
2277,2,4,2,145,13,1,26,69.29,0.0,12.33,8.86
2278,6,5,5,635,15,0,19,56.3,0.0,2.62,8.38
2279,0,1,6,174,15,1,29,0.94,4.0,10.75,11.32
2280,8,4,2,120,10,1,20,15.23,6.44,11.65,20.53
2281,6,4,2,309,20,1,30,13.64,5.95,7.32,17.9
2282,0,0,3,279,22,1,41,56.48,6.74,16.53,19.46
2283,7,3,0,138,3,3,31,36.25,2.18,13.27,21.47
2284,2,1,4,285,4,1,33,7.56,8.21,12.51,14.61
2285,6,3,0,403,6,4,31,31.23,7.61,12.59,23.67
2286,3,5,5,384,15,0,21,0.48,5.44,0.52,8.09
2287,7,1,4,113,8,1,21,11.61,4.14,7.85,21.43
2288,5,1,6,660,6,0,28,46.54,6.44,3.21,16.06
2289,7,4,2,356,20,0,22,72.52,12.28,12.57,29.59
2290,5,1,4,455,11,3,32,20.56,4.68,9.35,23.85
2291,7,3,0,535,21,4,41,34.7,2.74,8.78,14.09
2292,8,1,4,410,12,4,21,9.98,9.18,9.02,29.48
2293,8,3,0,591,17,4,26,76.83,7.48,9.22,29.85
2294,2,0,3,583,14,0,26,56.7,5.5,11.18,13.43
2295,3,4,2,240,13,0,35,4.32,2.07,0.0,5.05
2296,2,3,0,147,20,3,31,79.85,5.82,16.46,37.25
2297,2,1,4,311,22,0,33,14.08,0.99,1.71,2.11
2298,5,1,6,359,20,1,37,23.22,0.0,4.16,19.3
2299,0,5,5,616,8,0,29,5.46,6.06,8.74,20.53
2300,2,3,0,536,0,4,21,69.56,6.0,5.52,24.84
2301,6,1,6,636,8,0,35,34.32,5.96,14.08,26.15
2302,7,5,5,156,8,4,24,42.49,3.17,9.82,16.29
2303,2,1,4,322,1,4,30,27.75,6.01,5.95,21.3
2304,9,3,0,469,16,0,18,30.02,3.6,4.94,7.65
2305,9,4,2,265,5,2,31,68.94,6.79,15.6,26.92
2306,6,3,0,450,15,1,28,64.4,1.14,3.87,6.13
2307,2,3,0,656,4,2,28,72.37,4.83,14.29,25.94
2308,7,1,6,478,19,0,20,50.85,9.85,13.59,29.72
2309,6,3,0,352,20,0,26,1.46,10.06,17.64,23.42
2310,6,0,3,140,8,3,41,77.19,6.55,28.86,37.97
2311,5,1,4,656,20,1,34,71.57,1.62,9.15,22.28
2312,2,1,4,170,15,4,35,62.35,8.52,15.6,24.6
2313,2,4,2,570,23,0,34,0.2,4.37,4.33,14.73
2314,1,1,4,498,5,4,28,66.41,3.29,0.3,13.64
2315,0,1,6,422,11,1,38,2.52,14.94,9.3,21.11
2316,5,5,5,533,18,1,27,31.56,3.63,5.47,19.67
2317,4,1,6,235,14,4,35,39.1,9.37,14.13,26.67
2318,5,2,1,584,22,1,33,45.51,3.41,0.0,8.69
2319,4,4,2,490,14,0,27,14.02,3.51,1.24,8.15
2320,7,3,0,503,22,0,22,69.06,3.17,9.09,12.06
2321,1,2,1,526,23,0,18,5.72,5.97,6.94,18.65
2322,7,0,3,353,4,4,23,14.68,2.62,8.97,20.95
2323,1,5,5,338,15,3,41,78.1,13.52,10.82,38.83
2324,0,4,2,233,3,4,19,65.17,1.46,0.0,12.84
2325,5,4,2,328,16,4,20,28.42,5.99,1.59,16.7
2326,0,3,0,137,8,1,22,9.36,7.0,14.67,25.73
2327,3,4,2,359,18,0,29,77.36,10.07,11.06,19.52
2328,8,3,0,111,14,0,41,17.53,3.32,9.56,12.91
2329,9,0,3,93,6,0,33,16.43,10.41,15.38,14.86
2330,4,0,3,170,23,0,39,22.44,5.51,16.53,9.98
2331,1,1,4,240,3,0,21,42.86,7.82,4.33,15.11
2332,0,1,4,536,23,0,37,9.25,1.87,11.93,8.48
2333,4,5,5,210,17,0,30,10.85,0.0,2.24,7.86
2334,5,4,2,339,3,4,29,24.58,9.44,7.27,20.68
2335,0,4,2,407,22,0,22,35.98,10.37,27.37,30.47
2336,8,4,2,540,7,4,24,78.77,8.76,3.15,28.95
2337,3,3,0,610,12,0,18,77.57,0.0,0.0,14.89
2338,4,0,3,323,8,0,31,23.39,9.32,0.0,18.55
2339,7,2,1,389,8,4,23,29.43,0.0,11.04,22.79
2340,5,1,4,264,0,0,24,40.32,12.74,6.27,12.66
2341,9,1,6,581,20,0,30,78.71,10.66,0.0,22.85
2342,3,1,4,486,23,3,21,18.27,0.87,13.93,26.55
2343,4,1,6,441,21,4,18,9.73,8.51,13.13,29.13
2344,7,2,1,515,20,0,19,47.02,0.0,12.86,18.9
2345,6,1,4,383,20,0,21,0.46,2.94,4.36,18.87
2346,1,2,1,618,9,0,37,32.4,12.1,8.7,28.45
2347,6,1,4,525,9,0,36,41.86,4.94,16.49,27.92
2348,1,0,3,664,5,0,19,24.08,12.86,16.02,26.74
2349,1,1,6,693,20,4,23,23.65,2.85,11.65,29.05
2350,1,2,1,219,20,1,22,2.34,0.0,14.2,17.72
2351,7,1,6,131,1,0,38,52.13,6.13,10.43,21.35
2352,4,3,0,647,13,0,22,9.27,0.0,7.13,15.87
2353,3,0,3,338,13,1,34,63.23,8.29,25.39,28.6
2354,9,0,3,172,8,4,24,14.94,2.89,8.11,33.0
2355,8,0,3,478,20,0,29,3.32,6.72,0.0,18.48
2356,5,2,1,310,10,1,41,16.86,2.79,3.2,20.17
2357,4,4,2,622,12,0,40,55.93,5.36,19.63,17.68
2358,9,1,4,99,6,0,33,76.48,4.34,8.78,6.64
2359,7,4,2,250,14,4,32,26.75,3.09,7.81,9.5
2360,2,2,1,229,12,0,34,27.75,5.35,13.2,19.03
2361,8,1,4,284,2,1,25,47.49,9.47,14.69,15.69
2362,3,5,5,500,16,1,35,34.29,7.63,0.0,20.46
2363,0,5,5,295,0,4,30,77.6,4.07,6.75,17.65
2364,2,1,6,402,7,0,24,74.17,16.11,4.35,30.25
2365,9,2,1,684,23,1,20,53.04,0.0,0.0,1.66
2366,1,0,3,338,21,0,39,59.36,2.7,16.96,24.66
2367,6,4,2,654,18,3,37,36.68,4.55,0.0,32.26
2368,7,4,2,547,14,0,35,63.78,7.16,7.49,19.34
2369,4,1,4,585,5,4,24,33.43,1.54,10.55,11.62
2370,1,1,4,304,8,4,21,47.34,5.47,9.71,22.42
2371,9,4,2,610,22,2,38,58.21,5.32,6.68,23.3
2372,8,1,6,529,0,0,21,18.69,8.4,7.55,11.26
2373,0,5,5,541,0,0,23,36.79,6.61,0.0,9.74
2374,2,5,5,422,6,3,33,12.9,8.13,5.02,27.84
2375,7,4,2,669,14,4,26,76.51,8.24,7.63,23.67
2376,9,3,0,571,0,0,18,12.86,8.28,7.64,16.73
2377,1,2,1,601,15,1,37,18.8,5.58,0.0,17.83
2378,4,3,0,264,10,3,41,52.25,3.28,0.3,28.64
2379,6,1,6,687,17,3,39,77.01,7.98,10.98,41.82
2380,3,1,4,208,4,0,31,6.52,0.0,8.12,0.0
2381,7,5,5,594,1,0,40,0.82,0.12,14.76,15.95
2382,6,1,6,246,18,1,19,48.12,4.02,18.56,27.57
2383,2,1,4,468,23,0,38,45.79,8.4,21.42,21.14
2384,6,2,1,587,20,1,27,74.85,3.12,0.0,17.49
2385,8,3,0,546,16,0,30,62.34,0.19,0.0,10.55
2386,2,2,1,560,19,2,32,27.72,6.92,13.5,32.96
2387,5,5,5,632,11,0,41,18.43,6.55,1.93,10.61
2388,0,1,4,466,22,0,34,35.39,6.18,14.85,16.84
2389,5,5,5,619,6,2,22,24.23,3.38,3.18,25.18
2390,4,3,0,499,0,0,33,15.75,7.56,19.87,17.11
2391,0,2,1,357,11,0,30,18.44,1.01,22.93,14.2
2392,4,3,0,349,4,0,32,13.43,7.38,3.85,15.83
2393,5,2,1,137,8,4,30,46.62,2.36,9.91,23.67
2394,9,1,6,652,0,0,30,8.59,1.57,6.24,12.93
2395,3,4,2,109,16,1,33,70.29,6.77,0.0,14.6
2396,8,5,5,380,11,2,26,23.81,10.4,0.0,27.94
2397,5,3,0,463,20,4,31,39.02,4.19,11.86,28.08
2398,1,0,3,610,21,3,28,9.23,6.94,3.4,31.72
2399,2,3,0,658,5,0,28,19.09,7.62,4.93,21.2
2400,9,2,1,216,4,0,38,49.79,10.32,6.1,10.65
2401,9,0,3,402,0,0,22,49.21,0.08,5.4,6.27
2402,3,1,6,488,14,0,27,61.64,0.0,0.0,13.12
2403,0,2,1,267,10,0,39,12.68,2.88,13.31,13.08
2404,4,3,0,485,17,1,35,26.64,10.61,11.0,28.38
2405,0,3,0,351,23,1,40,38.72,5.86,11.16,15.04
2406,5,4,2,332,17,3,28,65.26,0.0,0.0,21.9
2407,5,5,5,112,2,4,34,40.39,2.75,0.0,10.7
2408,7,1,6,400,9,2,23,16.27,8.46,3.89,31.31
2409,2,1,6,675,19,2,24,60.06,8.12,14.51,36.73
2410,6,1,6,389,18,1,21,8.6,0.0,5.66,14.86
2411,0,4,2,161,5,2,20,38.09,4.9,0.48,11.1
2412,8,2,1,423,8,0,35,24.17,6.04,14.65,18.15
2413,9,1,4,259,2,0,24,21.87,3.99,0.0,8.72
2414,7,0,3,649,22,3,39,68.17,6.87,17.96,36.42
2415,4,2,1,152,7,1,40,65.05,4.55,9.71,19.61
2416,8,5,5,324,20,2,31,3.62,0.0,11.06,23.91
2417,4,1,4,130,3,0,39,64.97,5.6,3.31,8.71
2418,4,4,2,629,23,0,19,79.43,9.8,11.6,17.28
2419,1,3,0,629,20,3,35,55.89,0.01,6.05,31.32
2420,0,4,2,186,3,0,29,33.74,3.83,4.83,6.38
2421,7,1,4,344,22,4,29,59.03,8.41,1.13,18.16
2422,5,4,2,288,18,1,28,70.34,9.65,3.66,24.82
2423,6,1,6,641,12,4,18,59.94,2.13,9.49,17.06
2424,1,1,4,84,19,1,35,48.91,1.59,16.46,19.04
2425,4,2,1,421,8,0,30,71.35,5.98,7.42,23.9
2426,2,1,6,294,14,0,23,64.64,15.55,18.12,24.53
2427,3,0,3,253,2,0,39,60.36,0.0,7.14,2.11
2428,8,1,6,167,18,0,22,22.31,0.38,0.0,7.05
2429,6,0,3,379,20,0,18,53.53,12.58,1.68,16.17
2430,3,0,3,388,14,1,30,17.58,2.7,8.07,14.71
2431,5,4,2,240,7,2,34,24.52,10.97,7.06,24.58
2432,5,5,5,627,1,1,35,61.95,5.0,7.56,18.21
2433,8,2,1,226,23,2,25,7.53,3.65,0.0,17.35
2434,0,1,4,218,9,4,18,39.9,8.07,0.62,26.28
2435,4,1,6,254,0,4,30,53.11,0.0,3.28,10.45
2436,5,5,5,298,21,3,20,18.48,0.27,4.33,23.09
2437,7,0,3,242,1,1,39,60.31,1.83,9.41,9.75
2438,7,1,4,325,20,0,36,61.26,8.55,0.0,21.61
2439,0,1,6,292,4,0,24,72.12,0.0,0.0,2.09
2440,6,4,2,565,12,2,28,62.99,6.41,11.75,26.1
2441,0,3,0,655,0,4,28,28.93,7.73,20.57,35.7
2442,6,0,3,326,3,0,39,40.19,7.34,20.09,18.9
2443,3,2,1,556,21,2,29,27.09,0.0,14.01,29.34
2444,3,4,2,369,12,0,31,37.39,4.48,0.0,11.06
2445,5,4,2,631,7,0,40,69.54,1.62,3.24,18.39
2446,6,1,4,398,4,0,39,26.33,5.52,8.59,14.45
2447,4,2,1,692,14,0,40,6.04,6.77,6.11,20.54
2448,0,5,5,660,10,1,32,43.57,0.0,0.0,19.64
2449,8,3,0,233,21,0,21,74.55,4.28,0.0,11.58
2450,5,5,5,581,3,0,25,53.89,0.0,3.11,3.88
2451,6,1,4,448,11,0,24,15.29,7.6,15.57,24.41
2452,1,5,5,95,12,1,24,43.29,0.0,8.2,10.15
2453,2,0,3,234,6,2,22,37.2,2.43,5.2,25.33
2454,9,1,6,514,17,0,22,63.16,3.31,0.0,15.37
2455,0,1,4,390,21,1,21,50.72,5.07,3.99,17.33
2456,3,4,2,408,22,1,21,53.13,6.3,14.62,20.9
2457,5,1,4,382,21,0,37,2.41,3.16,13.58,12.26
2458,2,1,4,153,20,1,40,11.67,1.75,22.82,18.4
2459,0,0,3,457,3,2,41,28.89,1.18,13.51,28.54
2460,8,0,3,379,1,1,40,0.91,4.41,0.0,12.84
2461,3,1,6,611,18,3,31,62.32,5.61,2.99,34.68
2462,6,5,5,663,13,0,27,70.94,6.78,8.95,17.49
2463,2,1,6,176,6,1,18,77.54,0.89,12.84,7.43
2464,1,0,3,155,20,0,35,17.67,7.45,9.76,13.73
2465,2,3,0,531,5,1,30,71.91,1.55,6.68,9.89
2466,2,1,4,617,9,1,39,69.38,0.0,0.0,9.14
2467,6,2,1,359,19,0,41,46.85,8.05,14.8,17.94
2468,6,1,4,503,10,3,38,27.09,1.76,2.27,33.0
2469,3,1,6,556,18,2,32,7.21,3.42,12.5,27.19
2470,6,3,0,508,12,4,29,32.38,9.83,8.95,26.05
2471,3,4,2,467,20,4,27,56.77,2.47,13.51,29.15
2472,2,2,1,341,12,0,32,76.36,4.39,3.0,6.47
2473,0,5,5,651,12,0,33,8.78,5.89,3.38,12.81
2474,3,4,2,457,0,0,33,41.86,2.66,2.09,14.99
2475,3,0,3,348,1,0,37,63.26,5.47,4.59,8.11
2476,7,1,4,136,15,0,23,58.62,3.49,3.56,4.03
2477,0,1,4,568,4,0,37,56.68,0.0,13.26,14.4
2478,0,1,4,172,20,4,38,27.55,7.75,13.58,24.29
2479,3,4,2,532,20,3,18,71.47,6.17,2.8,31.95
2480,7,5,5,494,11,0,37,18.46,8.98,6.18,16.53
2481,8,1,6,170,18,1,31,10.62,3.08,11.4,14.03
2482,3,3,0,240,20,3,23,60.86,11.3,18.23,46.7
2483,0,3,0,645,1,0,39,0.4,0.0,12.16,16.13
2484,0,2,1,573,19,0,28,34.67,3.38,20.75,31.4
2485,8,1,4,447,14,0,37,7.69,3.12,7.86,9.48
2486,9,1,4,486,12,1,25,42.94,10.32,14.57,27.96
2487,5,5,5,433,14,1,20,7.34,7.64,15.4,14.24
2488,1,2,1,603,18,0,30,15.45,5.19,11.24,23.28
2489,1,4,2,154,17,0,27,5.35,3.55,0.71,11.16
2490,6,4,2,540,8,0,41,78.05,10.32,11.57,34.63
2491,0,5,5,364,19,1,29,61.38,0.0,12.79,16.65
2492,2,0,3,507,20,4,30,27.56,0.47,8.53,22.57
2493,0,2,1,518,17,0,22,79.8,6.58,12.21,23.55
2494,2,5,5,399,11,0,28,34.18,4.99,10.79,15.52
2495,7,1,4,634,17,0,26,12.62,9.16,1.69,19.1
2496,9,1,4,601,7,1,27,48.88,5.89,3.28,26.19
2497,5,3,0,130,14,0,34,72.26,4.84,22.17,14.61
2498,6,1,6,90,11,1,41,39.98,10.88,0.0,13.02
2499,2,1,6,600,19,3,37,17.63,4.98,4.15,33.32
2500,0,0,3,624,13,1,23,39.88,9.73,4.46,17.95
2501,7,1,6,183,11,1,18,40.32,0.0,8.49,8.03
2502,0,3,0,210,4,2,38,72.97,3.55,4.84,17.75
2503,5,5,5,148,10,3,38,10.86,14.98,7.32,38.43
2504,5,1,6,90,2,0,39,15.71,9.21,9.04,10.92
2505,3,5,5,352,16,0,32,59.69,5.07,15.18,23.94
2506,9,0,3,352,14,2,40,18.49,5.92,0.0,26.49
2507,0,1,6,155,19,1,25,1.6,8.77,9.92,28.4
2508,5,3,0,639,23,0,31,48.65,7.89,0.62,13.64
2509,6,1,6,635,0,3,20,51.76,10.69,8.64,34.74
2510,4,2,1,399,7,1,23,54.66,7.83,21.88,34.03
2511,4,5,5,628,9,1,38,13.51,0.0,13.09,23.72
2512,4,1,6,699,8,0,19,10.26,4.03,17.82,26.31
2513,5,4,2,673,18,1,29,61.99,1.03,0.09,18.03
2514,3,2,1,587,5,1,19,21.49,0.0,6.82,8.85
2515,0,2,1,186,12,0,38,64.69,3.54,0.0,6.93
2516,7,1,6,442,1,1,23,67.36,4.82,0.63,12.49
2517,2,1,4,249,5,1,37,26.13,0.0,2.37,6.65
2518,9,3,0,525,15,0,29,61.57,8.61,1.44,16.26
2519,1,1,4,378,18,4,25,69.01,7.17,7.71,22.17
2520,9,3,0,211,18,4,28,36.55,5.44,8.25,23.28
2521,6,1,6,626,2,3,30,55.99,5.32,7.91,30.58
2522,9,0,3,394,21,4,24,67.25,3.1,12.29,29.6
2523,8,5,5,653,6,3,27,33.35,0.83,2.23,24.82
2524,9,3,0,128,18,0,37,66.16,5.96,15.73,9.43
2525,8,4,2,473,8,2,20,34.72,6.97,3.38,26.24
2526,7,3,0,119,17,0,23,10.78,8.24,8.55,19.25
2527,0,1,4,580,11,0,31,36.26,0.61,14.13,13.35
2528,4,4,2,657,15,0,18,35.6,11.92,19.0,25.34
2529,7,4,2,691,14,4,40,60.71,6.49,10.01,24.24
2530,1,2,1,512,18,4,29,4.25,14.54,21.55,45.95
2531,9,3,0,501,15,0,31,44.92,6.94,4.93,13.41
2532,0,1,4,336,4,3,36,40.67,0.0,11.41,26.41
2533,7,5,5,83,18,3,26,51.58,5.76,22.55,38.63
2534,1,3,0,256,17,2,26,74.63,4.17,4.32,26.15
2535,4,1,4,398,21,0,32,53.78,13.8,10.82,27.63
2536,7,1,6,274,1,0,20,35.99,3.13,13.75,7.06
2537,7,0,3,415,22,0,27,32.23,3.35,5.69,13.95
2538,3,1,6,294,21,1,22,21.3,6.38,8.37,23.51
2539,7,5,5,629,23,0,25,6.42,4.7,15.19,18.26
2540,0,4,2,579,17,0,32,50.63,5.0,8.16,11.35
2541,5,3,0,261,19,1,23,43.67,10.23,7.29,16.19
2542,5,1,4,627,8,0,39,69.55,4.94,0.0,19.74
2543,0,2,1,111,22,0,32,50.55,6.93,7.33,7.03
2544,2,1,4,98,4,0,34,16.38,4.43,15.16,10.9
2545,9,1,6,498,11,1,31,36.29,7.7,12.51,28.38
2546,4,1,4,346,12,2,40,8.48,6.41,10.51,24.44
2547,2,1,6,112,7,4,22,53.61,7.56,4.71,26.84
2548,6,2,1,209,12,4,25,74.09,2.25,19.36,25.95
2549,1,2,1,318,11,3,29,49.62,1.32,8.38,27.49
2550,3,1,6,510,4,0,19,55.57,5.03,10.18,7.44
2551,1,0,3,198,13,2,30,47.83,2.69,0.13,11.99
2552,0,1,6,508,9,4,32,39.83,9.64,0.0,41.09
2553,0,0,3,649,2,1,23,22.49,7.22,9.12,19.28
2554,3,3,0,602,13,2,40,12.02,2.59,0.94,14.75
2555,7,1,6,564,19,0,26,15.72,5.1,9.62,24.79
2556,0,5,5,102,2,0,26,63.64,9.87,5.55,5.92
2557,4,1,6,110,5,0,20,73.34,5.28,10.46,2.57
2558,9,5,5,534,3,1,24,17.52,5.9,4.82,26.28
2559,6,1,6,529,15,0,27,2.35,5.53,4.82,17.76
2560,3,2,1,617,13,0,36,15.76,9.11,0.0,21.06
2561,3,1,6,107,18,1,33,65.95,0.56,16.96,13.74
2562,7,0,3,684,16,1,30,63.01,3.61,19.79,18.42
2563,0,4,2,641,20,4,22,61.57,1.52,15.9,17.51
2564,0,5,5,696,20,0,20,5.51,14.83,12.36,29.36
2565,0,2,1,155,12,0,34,54.81,9.96,4.65,18.18
2566,2,2,1,343,6,4,36,47.91,14.47,8.19,26.54
2567,5,1,6,373,22,0,36,55.04,1.72,0.43,0.0
2568,7,1,6,423,19,0,41,24.41,6.79,10.95,25.12
2569,0,2,1,638,9,0,35,75.81,0.0,4.37,13.81
2570,4,1,6,592,23,0,35,63.5,5.6,3.66,11.35
2571,8,0,3,434,20,0,29,45.49,9.29,16.81,22.81
2572,5,5,5,390,0,1,24,22.0,8.45,0.26,10.62
2573,2,1,6,288,9,1,19,79.13,0.0,5.94,17.46
2574,5,4,2,677,14,1,36,9.43,4.32,5.25,15.51
2575,9,3,0,124,14,3,32,77.24,0.51,4.0,16.15
2576,3,2,1,187,5,0,36,40.45,4.43,16.83,20.13
2577,6,1,6,545,20,4,24,30.42,2.67,20.03,31.73
2578,4,3,0,252,21,0,33,77.92,3.69,7.24,20.94
2579,0,4,2,619,14,3,27,76.83,6.08,0.0,23.28
2580,3,0,3,254,9,0,39,62.8,1.74,21.72,21.22
2581,3,3,0,452,20,0,37,54.06,5.55,0.0,17.23
2582,5,4,2,94,8,4,23,35.48,0.42,3.62,13.38
2583,9,5,5,143,19,1,23,71.92,4.58,4.61,11.19
2584,4,0,3,573,13,0,20,65.08,7.23,10.52,18.44
2585,1,5,5,571,1,2,25,72.55,3.13,5.15,24.41
2586,2,1,4,592,11,1,21,0.94,0.52,16.13,17.55
2587,8,1,4,467,5,0,25,69.93,2.57,0.0,14.09
2588,0,0,3,599,3,0,25,76.59,3.8,6.08,9.86
2589,7,0,3,530,3,0,19,68.64,4.59,4.87,10.9
2590,0,2,1,282,9,2,19,21.66,3.05,1.85,21.79
2591,2,5,5,192,20,4,36,55.45,5.06,8.29,22.99
2592,1,3,0,214,20,4,28,21.55,12.29,7.51,29.46
2593,2,5,5,585,19,4,26,50.42,5.03,14.09,26.15
2594,3,3,0,300,8,0,37,70.3,8.59,9.45,22.9
2595,5,2,1,261,20,0,33,21.22,0.97,18.7,15.96
2596,9,1,4,372,17,1,26,19.22,11.12,18.05,30.55
2597,9,3,0,681,5,0,29,0.14,2.94,17.24,19.54
2598,0,2,1,685,19,0,32,17.85,6.16,0.0,19.53
2599,7,3,0,649,10,1,25,50.77,7.16,5.7,25.75
2600,2,5,5,233,9,0,31,7.7,2.78,10.34,19.31
2601,6,1,4,206,13,1,23,37.56,0.0,14.68,9.22
2602,6,5,5,151,22,3,20,13.3,10.79,11.6,35.3
2603,6,5,5,563,0,0,22,19.1,0.0,8.87,8.44
2604,7,1,4,687,11,1,35,76.77,1.74,2.75,11.38
2605,4,1,6,319,15,4,40,63.88,3.29,14.89,15.79
2606,6,2,1,148,17,0,19,42.5,3.15,10.69,24.33
2607,3,1,6,442,23,1,20,49.69,2.66,5.91,9.05
2608,5,1,6,329,17,2,22,15.72,2.55,14.74,30.85
2609,3,1,4,491,21,0,35,31.98,3.44,4.98,14.47
2610,6,2,1,532,12,4,39,75.54,5.39,2.07,25.62
2611,1,2,1,522,23,0,29,60.94,5.69,17.52,14.38
2612,8,1,6,105,3,0,37,21.54,5.08,0.0,8.93
2613,9,5,5,367,11,0,18,30.3,6.19,9.47,19.4
2614,8,1,6,492,1,0,34,11.86,11.27,5.07,13.27
2615,7,1,6,396,7,0,31,32.18,4.39,0.0,12.71
2616,9,4,2,204,13,1,35,49.53,0.0,8.39,8.93
2617,2,4,2,117,12,0,27,17.17,11.82,8.5,12.77
2618,6,3,0,399,11,0,41,30.61,10.2,0.0,16.52
2619,0,1,6,400,1,0,40,56.21,13.06,9.22,18.95
2620,5,5,5,635,19,0,21,51.89,11.34,15.39,28.55
2621,1,4,2,501,4,0,25,4.04,0.0,12.52,13.14
2622,3,0,3,610,18,0,27,78.27,1.12,13.91,22.38
2623,4,0,3,422,13,4,26,51.22,14.59,16.15,33.36
2624,2,1,4,513,16,4,38,57.37,0.0,10.96,18.64
2625,4,5,5,109,8,0,26,51.41,3.41,14.99,23.52
2626,3,4,2,236,7,0,33,39.7,0.88,0.0,16.94
2627,7,2,1,680,0,4,39,57.29,6.79,12.22,22.75
2628,6,1,4,338,18,0,32,74.94,7.5,13.78,24.33
2629,0,2,1,171,8,0,34,17.06,10.27,1.19,28.99
2630,4,1,6,429,0,2,23,37.36,2.79,8.77,14.62
2631,8,0,3,592,13,3,38,29.16,2.59,12.63,32.38
2632,8,5,5,673,19,4,26,32.33,3.15,8.38,20.89
2633,5,3,0,372,21,1,24,75.25,11.5,13.83,24.49
2634,8,5,5,456,19,1,38,45.34,11.66,5.36,30.35
2635,5,3,0,149,12,4,28,43.24,3.66,18.12,20.25
2636,7,1,4,611,17,3,34,54.44,15.73,8.47,41.05
2637,0,0,3,658,6,0,20,27.15,5.98,13.74,13.7
2638,1,5,5,535,17,1,27,69.29,0.0,15.96,14.45
2639,8,0,3,270,1,4,37,50.39,9.15,8.45,21.28
2640,2,3,0,492,14,4,34,56.63,1.35,12.05,22.29
2641,3,3,0,553,13,1,41,19.99,6.14,21.99,18.56
2642,7,5,5,342,15,4,29,58.16,3.86,17.88,22.74
2643,4,1,4,221,19,1,20,61.62,5.05,0.0,19.07
2644,7,1,4,460,5,0,32,47.71,0.4,7.54,9.21
2645,8,2,1,180,21,0,27,17.86,6.84,7.09,16.49
2646,8,1,6,643,21,1,40,26.43,5.02,3.86,20.4
2647,5,1,4,354,11,4,38,60.5,2.57,0.0,10.22
2648,1,2,1,312,15,1,20,45.59,18.19,0.0,15.4
2649,6,3,0,494,21,2,21,22.2,0.0,23.72,32.66
2650,5,1,6,234,17,0,31,27.03,2.28,7.21,11.4
2651,3,1,4,610,2,1,20,70.95,9.26,0.01,13.15
2652,7,1,6,352,21,0,34,14.81,9.98,7.13,20.35
2653,6,3,0,221,12,4,40,14.9,1.97,5.09,10.04
2654,3,4,2,189,1,0,26,21.65,7.4,14.99,23.92
2655,5,2,1,605,12,4,30,34.87,6.32,21.5,27.97
2656,3,3,0,103,21,0,34,10.47,6.01,9.77,19.11
2657,0,2,1,374,17,0,33,67.89,4.87,2.46,13.1
2658,0,2,1,425,7,4,33,53.26,7.74,9.08,26.54
2659,0,4,2,380,1,0,23,37.28,12.8,6.67,25.51
2660,9,5,5,519,2,4,34,35.9,5.64,0.87,15.33
2661,9,3,0,151,0,3,22,0.78,0.0,0.0,15.45
2662,5,4,2,370,5,2,35,40.96,1.98,13.01,27.46
2663,5,0,3,545,5,0,35,9.11,3.39,28.51,27.62
2664,2,0,3,580,9,0,24,60.52,8.62,18.99,31.34
2665,4,3,0,665,18,4,21,5.92,5.41,2.26,23.38
2666,0,2,1,594,0,0,33,22.44,11.52,3.39,18.01
2667,2,2,1,100,18,4,25,17.04,5.95,12.76,29.5
2668,7,0,3,137,23,4,32,50.38,11.76,14.9,23.52
2669,1,3,0,208,2,0,28,20.12,1.67,12.9,5.46
2670,2,5,5,588,18,0,33,53.59,5.1,15.89,24.25
2671,9,1,4,568,9,1,33,30.94,10.98,0.0,29.33
2672,3,2,1,691,7,1,24,43.45,9.13,0.0,23.27
2673,8,4,2,468,4,0,20,43.3,0.0,10.4,10.71
2674,3,5,5,257,15,1,34,21.35,4.07,0.0,1.6
2675,8,4,2,404,3,0,33,76.25,5.11,15.47,13.51
2676,1,3,0,617,23,0,20,7.06,0.99,19.15,13.48
2677,3,2,1,671,13,0,39,68.29,6.12,14.58,21.21
2678,1,1,6,344,11,0,36,78.5,5.59,1.45,8.31
2679,0,0,3,271,10,0,34,0.68,3.94,8.58,19.77
2680,8,1,6,129,11,0,36,10.51,10.46,0.0,7.72
2681,3,5,5,559,16,0,19,10.19,5.62,9.76,16.58
2682,0,1,4,680,23,1,27,49.82,5.82,4.82,26.15
2683,8,3,0,374,22,2,33,9.0,4.52,0.0,20.21
2684,4,1,4,255,1,0,39,37.54,6.97,12.03,11.87
2685,4,2,1,241,3,0,27,44.16,12.7,4.26,11.88
2686,1,4,2,174,0,0,32,77.98,11.08,13.11,18.97
2687,9,2,1,570,4,4,29,18.25,2.06,2.98,10.38
2688,5,1,4,121,12,0,28,44.81,0.0,0.0,0.0
2689,0,1,6,259,23,4,38,22.96,4.73,8.22,26.08
2690,9,3,0,276,12,0,26,67.81,5.29,13.75,18.32
2691,2,1,6,305,18,0,34,48.34,1.37,8.02,15.75
2692,0,0,3,372,11,0,19,20.91,4.1,3.72,13.48
2693,9,1,4,194,17,3,39,36.61,0.23,4.04,29.63
2694,8,1,4,489,9,0,30,26.44,2.16,14.62,25.37
2695,6,0,3,698,20,0,31,55.47,2.4,12.28,29.86
2696,3,5,5,519,6,0,33,43.98,8.0,4.66,15.66
2697,4,2,1,631,12,4,41,57.7,4.16,2.04,19.25
2698,3,1,4,157,9,0,31,15.45,3.02,16.16,24.22
2699,6,3,0,662,19,4,40,60.46,0.0,7.69,27.28
2700,2,1,6,638,16,4,40,28.45,4.14,0.0,17.49
2701,0,2,1,685,15,0,25,64.44,0.0,8.98,11.79
2702,8,1,4,542,21,1,30,8.78,14.79,0.0,27.46
2703,0,0,3,554,19,0,41,24.6,8.01,8.45,27.23
2704,3,2,1,649,11,3,35,7.86,7.68,7.78,39.92
2705,3,1,6,140,8,2,22,71.34,7.78,18.37,31.25
2706,1,3,0,181,22,0,30,17.58,5.16,4.2,13.5
2707,4,0,3,381,19,4,20,36.08,5.4,0.0,25.75
2708,0,4,2,672,8,3,22,65.93,1.42,13.3,31.65
2709,3,2,1,169,13,3,25,64.65,1.65,20.36,25.49
2710,6,2,1,471,21,0,26,28.54,8.38,9.03,25.04
2711,1,0,3,554,8,4,31,46.36,0.93,8.98,19.03
2712,7,1,4,422,5,0,37,16.05,7.27,19.35,18.67
2713,3,0,3,125,17,1,26,25.72,3.02,12.74,17.31
2714,4,1,4,334,19,0,27,78.04,11.15,7.12,23.28
2715,4,4,2,591,4,4,20,75.49,11.31,24.01,33.88
2716,5,2,1,669,10,1,23,79.79,8.26,14.22,30.03
2717,1,3,0,481,4,3,22,49.87,2.41,4.87,20.07
2718,0,3,0,379,6,0,29,23.44,7.12,0.0,5.98
2719,9,4,2,362,1,0,34,51.87,6.01,11.8,14.21
2720,3,0,3,322,12,1,38,52.94,1.5,1.18,8.3
2721,5,0,3,162,15,0,29,62.34,2.58,0.0,6.06
2722,4,5,5,407,19,1,27,13.68,9.61,9.44,22.18
2723,8,4,2,530,20,0,26,72.47,0.94,0.59,15.73
2724,7,1,4,358,14,0,39,41.07,0.46,0.0,11.03
2725,9,1,6,142,7,0,25,59.69,7.22,0.0,13.73
2726,9,1,6,581,4,1,24,50.93,14.17,13.74,23.72
2727,7,3,0,295,5,0,22,53.32,7.1,2.1,11.02
2728,8,3,0,586,20,0,39,57.03,0.0,5.0,4.55
2729,8,1,6,214,10,4,19,51.58,6.81,9.72,32.23
2730,8,2,1,675,15,4,34,78.86,6.39,9.98,20.39
2731,2,4,2,330,21,0,21,33.15,7.32,0.0,12.08
2732,7,1,6,547,1,0,35,60.64,1.54,9.27,13.02
2733,5,3,0,556,13,3,33,77.69,5.37,11.53,28.1
2734,5,5,5,101,14,0,24,2.67,10.0,5.63,19.16
2735,1,1,4,288,19,3,25,72.15,0.0,16.52,24.4
2736,3,5,5,209,8,0,34,68.33,8.52,6.54,20.74
2737,5,1,6,639,6,0,21,60.52,5.85,1.92,19.7
2738,3,4,2,298,10,4,41,74.33,4.93,14.25,37.87
2739,9,0,3,537,18,1,18,24.83,4.03,0.0,22.58
2740,6,0,3,440,18,0,37,7.15,3.3,13.65,15.12
2741,8,1,4,272,2,0,28,36.18,7.72,2.72,11.03
2742,0,0,3,616,16,0,36,11.57,1.28,4.6,8.79
2743,1,1,4,376,21,4,21,54.03,4.01,4.29,24.06
2744,3,2,1,608,18,1,35,64.12,0.0,9.1,15.89
2745,8,3,0,310,8,3,28,50.37,0.0,11.41,25.39
2746,2,2,1,547,3,0,20,27.06,5.4,4.27,6.1
2747,6,3,0,231,10,0,26,69.95,0.0,0.0,7.66
2748,6,4,2,447,8,0,32,35.73,9.65,2.01,28.17
2749,4,3,0,578,5,4,23,22.64,7.14,0.0,16.46
2750,6,2,1,298,16,0,19,26.04,4.23,7.27,11.5
2751,3,4,2,304,20,0,33,14.66,1.89,20.57,13.83
2752,0,1,6,295,18,1,40,12.19,3.21,9.08,16.77
2753,7,2,1,376,0,0,40,20.62,2.85,6.45,1.39
2754,2,2,1,385,13,0,29,15.74,2.32,12.99,11.17
2755,1,2,1,223,0,4,28,32.15,1.28,9.26,10.77
2756,5,1,6,131,18,0,21,2.37,3.38,0.0,10.75
2757,1,1,6,236,22,1,29,38.54,13.97,18.24,24.67
2758,7,0,3,546,12,1,27,79.56,1.38,8.28,10.16
2759,7,3,0,113,6,1,30,56.21,1.25,7.33,2.12
2760,5,0,3,401,19,4,22,54.9,10.88,7.55,28.66
2761,2,1,6,684,4,2,33,37.07,7.63,0.67,23.2
2762,0,1,6,446,22,0,28,55.56,14.29,13.69,27.5
2763,8,4,2,634,10,1,23,3.53,8.71,3.9,34.17
2764,5,1,6,139,17,3,41,63.26,1.54,14.61,30.1
2765,7,1,4,546,4,4,27,37.51,1.04,18.81,20.07
2766,7,0,3,359,19,0,20,49.38,9.68,0.0,15.7
2767,7,0,3,552,11,0,27,44.54,5.53,10.4,18.23
2768,7,5,5,120,17,1,29,35.51,3.01,15.07,11.9
2769,9,4,2,295,1,4,28,70.46,0.29,20.26,14.38
2770,0,1,6,109,0,0,38,1.31,3.42,10.71,13.5
2771,4,2,1,544,22,3,22,53.0,3.43,0.0,18.65
2772,4,3,0,646,14,0,21,26.22,9.94,0.0,13.34
2773,8,1,4,443,19,0,24,55.65,2.11,6.03,22.94
2774,4,1,4,335,6,3,30,78.98,5.01,7.03,26.28
2775,0,5,5,454,21,0,35,17.62,3.3,2.27,18.96
2776,9,1,6,103,3,1,41,11.31,2.35,6.89,6.87
2777,5,1,6,433,3,4,38,75.49,11.27,8.2,22.57
2778,6,5,5,551,12,4,22,23.86,4.62,0.0,23.34
2779,0,1,4,665,6,1,29,73.16,5.98,6.95,22.08
2780,2,4,2,490,2,4,18,14.39,6.39,17.26,26.9
2781,0,4,2,201,9,0,39,27.81,4.95,24.42,27.35
2782,7,3,0,394,14,1,37,6.59,2.3,18.56,8.77
2783,5,2,1,80,8,0,25,59.46,7.34,14.8,20.87
2784,1,2,1,308,4,1,31,67.82,5.74,6.53,13.43
2785,8,1,6,148,11,0,22,66.98,11.12,8.15,14.98
2786,1,0,3,613,5,0,18,18.73,6.03,2.62,12.23
2787,2,1,4,617,19,0,23,3.91,1.89,6.81,18.28
2788,7,1,6,578,5,3,24,34.82,7.13,10.25,33.81
2789,7,2,1,424,15,1,22,14.01,6.05,0.0,7.81
2790,1,2,1,288,10,0,32,66.82,4.16,14.72,19.0
2791,6,5,5,459,19,0,36,73.87,4.33,9.15,21.79
2792,2,1,4,542,12,2,22,1.33,5.88,14.68,25.35
2793,9,1,6,252,23,0,26,68.55,5.37,2.1,17.73
2794,7,3,0,251,3,1,27,60.4,4.83,0.0,4.55
2795,5,2,1,82,19,0,40,32.66,0.0,6.73,10.21
2796,1,2,1,263,0,0,33,67.84,5.06,14.03,17.3
2797,8,1,4,287,17,0,21,29.74,11.11,9.76,27.39
2798,7,4,2,93,12,0,27,62.34,0.0,12.94,5.0
2799,6,3,0,609,18,1,23,19.88,3.22,4.96,19.38
2800,2,4,2,693,20,4,22,5.64,2.72,0.0,27.79
2801,4,1,6,87,7,2,37,70.98,10.3,9.57,33.23
2802,9,1,4,236,5,4,36,68.46,1.62,8.98,15.03
2803,8,3,0,383,7,2,18,10.54,9.66,28.24,45.13
2804,6,0,3,614,4,0,33,40.78,4.45,12.22,12.6
2805,4,3,0,647,18,1,27,49.02,0.52,15.52,24.38
2806,0,1,6,590,17,4,24,32.97,3.94,9.05,20.71
2807,4,4,2,479,21,0,39,32.99,3.98,16.72,23.45
2808,7,1,4,531,2,4,29,25.78,6.72,0.0,21.86
2809,9,2,1,693,14,0,22,7.54,1.55,0.0,14.46
2810,6,0,3,430,16,0,32,21.18,8.85,7.41,13.25
2811,1,1,6,146,9,0,32,37.72,7.87,0.0,13.86
2812,2,4,2,566,4,0,34,6.89,3.02,4.49,7.28
2813,3,1,6,206,19,1,24,50.64,11.62,18.46,31.56
2814,4,4,2,128,10,1,29,67.11,13.84,5.9,28.25
2815,0,0,3,652,3,1,34,72.0,5.58,4.64,16.61
2816,4,1,6,588,11,1,24,48.83,3.25,11.1,19.55
2817,5,1,6,86,21,0,36,14.15,7.71,10.98,20.47
2818,5,1,6,603,7,4,19,52.92,3.68,2.33,28.67
2819,4,3,0,551,2,4,35,70.25,0.0,4.18,14.36
2820,7,3,0,257,23,4,39,48.81,4.15,1.5,16.59
2821,7,2,1,215,1,0,29,10.19,8.69,7.68,16.99
2822,2,2,1,183,1,0,22,69.39,10.06,0.0,4.95
2823,6,4,2,503,19,0,40,53.25,6.54,5.98,28.73
2824,7,4,2,234,11,1,19,14.36,4.37,12.47,3.5
2825,6,4,2,591,8,0,34,23.7,1.64,16.13,26.15
2826,2,5,5,277,15,1,38,24.66,4.74,20.51,13.63
2827,1,1,6,217,1,2,37,53.38,9.29,3.74,20.02
2828,4,0,3,395,4,4,35,15.25,11.07,12.13,33.22
2829,8,1,4,665,4,0,21,68.87,3.49,0.0,6.6
2830,2,2,1,193,8,0,22,29.61,1.4,6.33,11.3
2831,8,0,3,480,9,0,37,64.33,3.02,15.92,23.72
2832,9,3,0,647,20,3,28,50.12,7.55,13.82,45.67
2833,7,5,5,208,13,4,25,29.11,3.92,2.4,6.45
2834,1,1,6,276,10,0,38,30.84,0.0,18.33,14.39
2835,5,0,3,317,10,0,19,11.2,6.41,8.77,30.61
2836,2,4,2,667,2,1,36,61.82,8.08,1.91,12.15
2837,0,4,2,489,5,4,29,56.18,6.14,0.0,19.81
2838,8,2,1,90,16,1,31,31.1,9.28,0.0,13.96
2839,6,3,0,344,14,0,19,21.82,4.61,1.98,5.47
2840,8,4,2,374,10,0,25,77.89,4.86,0.79,13.49
2841,9,3,0,157,12,3,20,59.76,4.22,9.2,22.16
2842,8,1,4,635,8,3,41,56.72,0.4,11.63,29.04
2843,3,2,1,682,22,0,22,7.02,3.84,1.51,9.56
2844,2,1,4,193,3,0,40,31.38,7.02,7.63,13.59
2845,7,3,0,429,11,0,37,53.4,2.74,7.08,8.44
2846,8,1,6,497,3,2,35,29.6,2.44,1.69,17.51
2847,2,5,5,621,8,2,37,30.57,11.4,9.17,36.35
2848,3,4,2,239,11,0,33,16.01,5.82,20.34,12.62
2849,9,1,4,312,4,0,21,47.38,6.83,10.02,14.33
2850,1,5,5,167,15,0,27,51.65,9.39,19.6,22.16
2851,7,5,5,436,14,0,25,23.72,5.67,35.32,33.39
2852,9,5,5,299,0,1,32,55.94,6.45,17.74,19.14
2853,2,1,4,449,12,4,39,19.44,9.42,23.17,27.95
2854,0,2,1,648,20,1,28,69.23,3.1,0.0,15.73
2855,7,4,2,647,4,1,21,43.76,8.64,8.65,17.41
2856,9,4,2,567,9,1,19,58.92,3.07,2.95,24.11
2857,1,0,3,126,21,0,40,15.78,0.62,14.28,17.31
2858,6,2,1,571,15,0,33,73.49,7.23,6.75,17.75
2859,8,2,1,487,20,0,39,36.52,4.82,9.64,17.58
2860,3,2,1,629,4,0,31,6.31,12.37,8.04,26.69
2861,3,0,3,231,22,0,39,15.96,6.1,10.64,15.43
2862,4,3,0,324,14,0,32,50.42,6.82,9.18,14.28
2863,4,1,4,541,16,0,40,48.27,6.56,5.81,12.2
2864,9,5,5,398,17,1,29,58.55,4.22,14.95,15.44
2865,2,2,1,375,6,1,21,52.57,2.03,2.51,0.0
2866,1,5,5,384,11,0,26,0.59,5.18,7.18,8.72
2867,5,5,5,355,8,1,23,67.91,4.07,0.0,10.33
2868,9,1,4,228,21,0,35,57.99,10.78,12.41,20.99
2869,0,1,4,593,17,0,40,70.37,7.5,8.45,26.43
2870,7,0,3,482,14,1,25,17.07,2.68,10.88,3.06
2871,3,3,0,482,8,2,27,20.95,3.78,8.56,35.51
2872,1,1,4,243,7,1,41,73.77,6.48,3.83,23.06
2873,7,3,0,609,5,0,36,35.39,4.2,14.57,21.8
2874,2,1,4,601,20,4,30,7.37,10.52,0.0,24.57
2875,0,3,0,634,20,4,36,1.99,2.1,10.39,18.95
2876,2,0,3,518,18,4,38,29.36,12.7,13.52,41.15
2877,4,1,4,528,19,0,36,43.35,0.11,5.52,17.1
2878,9,1,6,166,2,1,30,34.15,10.33,11.11,16.97
2879,5,1,4,374,19,0,25,46.18,1.25,4.9,10.43
2880,2,0,3,81,20,1,26,62.51,9.1,6.63,17.72
2881,3,5,5,271,10,0,31,37.1,4.87,15.28,17.33
2882,5,3,0,145,2,0,27,22.43,8.44,8.16,18.19
2883,3,1,6,373,8,2,25,62.46,7.36,3.57,28.42
2884,4,1,6,396,9,4,21,70.82,10.43,0.42,34.9
2885,5,2,1,418,5,0,23,61.23,1.48,0.0,7.72
2886,5,3,0,282,4,1,24,49.3,3.53,10.16,18.97
2887,9,1,4,549,16,0,31,48.19,8.41,16.84,26.4
2888,4,2,1,364,12,0,33,50.78,0.31,13.2,12.52
2889,4,4,2,184,1,1,39,50.39,14.47,0.0,15.66
2890,9,1,6,657,3,0,18,47.67,0.0,11.94,10.9
2891,9,1,4,86,4,4,38,62.85,0.0,1.16,8.84
2892,2,3,0,167,14,0,18,56.12,3.59,11.02,8.88
2893,4,5,5,300,16,0,31,1.83,2.89,4.47,7.97
2894,2,1,4,575,21,4,18,18.65,3.69,19.12,34.59
2895,8,1,6,257,6,1,38,6.17,10.06,0.0,15.84
2896,1,2,1,633,13,4,37,36.22,0.77,9.32,11.02
2897,6,0,3,160,18,3,41,41.37,1.26,14.46,30.49
2898,1,4,2,370,21,1,35,58.99,5.49,0.0,20.33
2899,8,2,1,504,13,1,19,8.06,11.31,10.92,26.67
2900,2,3,0,255,3,0,36,72.94,0.0,11.78,11.38
2901,2,1,4,655,2,1,40,42.0,0.0,9.45,18.19
2902,7,1,4,338,22,0,41,75.57,5.76,5.89,17.17
2903,8,4,2,587,1,0,20,74.38,10.57,9.5,22.04
2904,8,0,3,429,0,4,25,74.5,9.0,11.71,24.3
2905,8,3,0,438,0,1,41,44.57,4.16,12.32,19.69
2906,8,2,1,244,7,0,21,22.37,3.68,7.28,20.09
2907,7,4,2,365,0,0,37,57.06,2.49,13.43,3.01
2908,4,1,6,564,2,4,39,64.29,3.16,0.0,11.34
2909,9,2,1,225,10,0,37,1.86,7.72,4.24,18.74
2910,2,3,0,300,20,4,22,44.65,8.03,14.57,26.35
2911,4,3,0,316,18,1,31,71.93,8.84,5.21,24.09
2912,6,1,4,294,17,3,35,71.07,3.43,6.11,35.32
2913,5,2,1,354,0,1,20,10.74,5.0,14.44,19.53
2914,9,0,3,568,21,0,35,39.32,5.52,7.36,16.18
2915,6,4,2,144,5,4,34,21.09,8.97,15.54,28.48
2916,2,3,0,268,16,4,36,53.35,1.86,8.13,13.88
2917,1,1,4,495,18,0,31,70.58,4.74,19.44,19.3
2918,0,1,6,187,10,1,22,41.89,11.37,0.0,24.24
2919,4,0,3,268,1,1,30,29.97,0.0,9.5,6.97
2920,4,4,2,580,16,0,32,10.1,2.24,15.65,14.9
2921,3,4,2,374,7,1,20,46.28,0.63,17.39,19.14
2922,7,3,0,634,7,0,27,4.91,0.77,14.64,17.92
2923,0,4,2,440,20,4,22,16.68,0.87,18.55,17.94
2924,3,1,4,288,19,2,29,49.96,3.36,7.59,23.69
2925,4,5,5,422,4,1,25,57.94,1.73,7.87,16.07
2926,0,2,1,373,6,0,39,79.95,4.09,0.46,5.92
2927,4,3,0,149,20,3,26,42.3,5.95,1.25,18.43
2928,3,1,6,432,15,1,32,19.6,6.38,13.31,18.88
2929,9,4,2,201,1,0,21,25.62,7.52,13.15,15.96
2930,4,1,4,575,2,0,26,39.45,3.62,0.0,9.36
2931,1,0,3,326,4,3,32,37.11,2.0,11.39,24.02
2932,6,3,0,552,22,0,29,53.19,0.0,5.92,5.78
2933,1,1,6,540,5,1,26,73.58,8.12,0.0,19.9
2934,1,1,6,145,3,0,30,60.28,0.0,4.66,3.85
2935,3,0,3,383,3,1,24,68.72,6.78,3.13,11.04
2936,1,4,2,324,11,1,41,26.9,2.61,2.68,1.8
2937,0,5,5,635,19,0,41,44.13,6.08,13.94,27.75
2938,0,1,4,282,0,1,40,3.55,5.85,20.27,19.41
2939,2,5,5,395,11,4,21,2.66,7.31,15.6,23.08
2940,0,3,0,581,7,1,20,73.77,5.56,5.69,19.64
2941,1,1,6,403,16,0,36,75.31,13.24,1.63,11.72
2942,5,0,3,90,20,4,37,33.31,6.45,14.37,23.51
2943,7,0,3,455,12,1,18,62.67,0.0,0.0,8.02
2944,2,4,2,185,6,0,25,25.03,13.04,6.06,20.93
2945,1,1,6,561,17,0,34,27.91,3.09,8.97,17.58
2946,0,5,5,153,3,1,31,78.69,1.35,4.49,3.09
2947,2,1,4,148,7,3,41,25.52,8.84,11.39,42.04
2948,9,1,4,177,0,1,28,76.92,10.86,7.43,20.58
2949,7,1,4,412,1,1,28,33.15,9.1,12.09,20.97
2950,6,2,1,340,18,0,39,23.28,2.8,12.28,16.99
2951,3,4,2,646,18,1,40,10.81,4.28,21.88,28.63
2952,7,1,6,235,19,0,35,74.14,3.73,13.09,17.25
2953,2,5,5,456,16,0,32,30.21,4.71,0.0,4.36
2954,4,1,4,560,15,3,35,47.0,10.03,0.0,33.49
2955,0,3,0,476,17,1,39,34.7,0.0,0.02,10.27
2956,2,1,4,578,19,0,39,51.55,7.82,18.87,25.01
2957,4,1,6,450,4,1,23,25.56,7.39,8.8,19.26
2958,9,1,4,168,13,0,40,8.16,5.82,20.21,22.85
2959,4,2,1,358,19,4,38,12.34,2.61,3.25,14.32
2960,5,4,2,100,21,1,25,74.41,5.02,15.17,23.65
2961,0,3,0,399,9,0,21,65.52,12.63,10.32,29.51
2962,1,0,3,120,14,0,23,43.35,10.23,5.66,11.69
2963,7,3,0,379,10,0,25,24.81,6.82,19.82,26.01
2964,7,3,0,333,19,1,19,69.73,7.65,14.96,28.79
2965,9,0,3,418,14,0,24,51.72,5.15,17.8,15.26
2966,9,4,2,208,2,2,32,63.63,1.43,8.33,20.11
2967,1,5,5,90,17,0,23,19.28,5.65,9.37,17.02
2968,6,5,5,598,3,0,21,9.37,2.33,0.0,8.19
2969,8,0,3,428,21,1,35,4.65,2.36,6.84,15.13
2970,0,5,5,567,10,1,24,56.38,1.2,5.74,21.9
2971,2,0,3,234,22,4,26,54.84,0.0,16.58,10.27
2972,6,5,5,498,22,0,20,23.14,9.61,3.65,19.24
2973,9,0,3,595,16,0,19,25.94,0.55,13.73,14.28
2974,4,2,1,400,8,0,26,49.43,1.33,10.97,14.24
2975,8,1,6,670,2,1,27,79.94,8.35,8.89,28.85
2976,8,1,6,478,13,0,23,30.84,1.07,12.1,10.81
2977,6,3,0,137,16,1,40,3.13,5.7,3.63,7.24
2978,3,3,0,169,2,4,30,73.9,5.66,18.33,20.18
2979,7,1,6,585,14,0,30,59.05,11.18,17.47,20.63
2980,4,2,1,131,18,3,21,19.74,0.0,0.0,27.2
2981,8,0,3,86,21,0,31,41.17,6.62,16.72,19.18
2982,0,4,2,316,17,3,34,51.91,10.19,5.81,37.4
2983,7,4,2,563,21,4,35,37.4,8.0,7.73,26.93
2984,0,0,3,538,4,3,25,46.66,3.4,3.63,24.93
2985,6,1,6,485,0,0,38,12.25,3.75,3.84,13.06
2986,0,4,2,348,18,4,22,48.9,3.26,14.32,24.27
2987,9,1,6,335,2,3,20,64.61,3.84,2.85,27.32
2988,9,1,6,149,19,1,20,15.44,0.93,8.43,13.82
2989,5,4,2,122,23,0,37,7.03,7.15,3.92,11.03
2990,5,5,5,262,13,1,41,53.99,5.76,9.77,16.95
2991,8,5,5,244,3,2,33,35.11,11.99,4.67,15.66
2992,3,5,5,343,22,1,21,79.21,4.26,15.68,15.96
2993,2,5,5,251,20,2,36,32.71,5.12,11.17,29.18
2994,9,4,2,666,4,0,40,39.96,9.02,13.84,20.52
2995,9,2,1,361,7,0,31,50.76,3.09,7.17,21.61
2996,6,3,0,125,17,0,21,0.49,11.13,10.91,16.95
2997,8,5,5,428,5,0,37,16.04,0.0,13.89,11.65
2998,5,2,1,645,14,0,38,71.14,0.0,9.45,15.48
2999,1,4,2,407,16,4,29,72.9,13.37,8.44,27.39
3000,0,1,4,618,19,1,29,1.69,6.78,8.73,26.83
3001,2,1,4,502,9,0,19,41.38,5.91,12.5,21.22
3002,8,3,0,168,21,2,35,57.6,10.57,8.19,29.28
3003,1,3,0,314,5,4,29,66.19,16.07,6.5,32.05
3004,4,1,6,95,16,1,31,76.17,0.13,15.68,16.12
3005,9,1,4,286,6,0,37,24.91,0.0,0.0,4.29
3006,3,0,3,596,1,1,29,18.55,2.79,12.38,14.93
3007,6,5,5,176,11,1,41,25.6,6.96,4.66,8.07
3008,3,4,2,622,14,1,25,36.41,6.22,9.27,15.49
3009,5,1,6,670,16,0,36,64.18,0.0,2.55,3.16
3010,3,5,5,598,15,1,29,38.75,11.34,0.0,17.57
3011,6,2,1,302,17,0,27,42.65,14.74,7.88,27.54
3012,8,3,0,388,15,3,20,65.17,4.17,7.97,23.6
3013,9,0,3,597,19,0,37,43.65,2.64,12.38,17.43
3014,7,1,6,309,11,1,40,58.39,7.77,4.59,14.69
3015,2,3,0,631,21,3,27,7.0,7.51,0.0,38.32
3016,7,1,6,467,11,0,41,71.61,6.91,14.35,17.93
3017,3,1,6,522,6,0,20,42.79,0.2,18.19,9.89
3018,9,4,2,450,12,0,39,2.43,3.21,14.29,14.81
3019,0,1,4,185,4,1,35,54.57,5.56,2.24,17.67
3020,5,3,0,248,5,0,40,64.61,5.11,0.57,2.89
3021,1,4,2,504,4,3,37,49.09,0.0,5.34,21.16
3022,0,1,6,99,6,0,33,52.29,1.6,14.03,5.95
3023,7,1,6,514,22,0,41,41.67,6.35,0.49,17.53
3024,6,1,6,382,9,3,18,2.29,1.0,2.62,24.53
3025,6,0,3,663,22,0,24,71.95,1.87,5.12,5.26
3026,2,1,4,186,23,1,26,38.21,0.0,9.24,16.96
3027,9,0,3,643,9,1,28,70.41,10.08,8.51,33.98
3028,0,5,5,143,5,1,18,56.93,8.42,10.24,15.4
3029,7,1,4,482,3,1,19,4.96,5.69,0.0,9.22
3030,9,1,4,93,22,1,37,8.19,6.76,5.19,11.22
3031,5,2,1,533,9,0,20,41.46,10.27,8.23,26.02
3032,5,3,0,459,12,3,31,50.4,0.2,8.86,19.12
3033,2,4,2,421,13,0,28,9.23,4.47,19.26,5.74
3034,1,2,1,393,20,4,25,37.95,9.09,0.4,24.25
3035,1,1,6,345,22,0,22,7.55,8.11,9.85,24.98
3036,4,0,3,577,6,4,19,45.03,1.14,5.63,10.1
3037,7,1,6,176,7,0,29,50.25,3.87,8.39,19.58
3038,6,4,2,494,8,1,26,54.75,3.02,14.83,26.39
3039,1,2,1,106,14,0,33,24.69,3.0,15.25,16.42
3040,6,5,5,290,3,3,24,18.58,13.59,4.13,28.27
3041,4,3,0,304,0,1,22,40.1,5.56,6.27,12.28
3042,0,5,5,305,14,1,39,28.64,5.68,6.45,19.89
3043,0,2,1,524,4,0,21,64.91,3.5,4.59,4.81
3044,1,1,6,98,8,0,24,22.74,10.57,10.97,19.64
3045,3,4,2,147,10,1,20,17.79,0.0,0.0,6.06
3046,5,1,6,306,16,0,36,78.48,7.22,7.54,8.07
3047,3,4,2,129,21,0,24,19.6,6.98,4.43,15.03
3048,9,1,6,290,8,0,41,7.97,12.54,0.0,19.29
3049,8,5,5,393,8,0,41,64.68,0.68,5.67,7.98
3050,5,4,2,426,17,1,25,67.01,0.0,7.4,12.98
3051,4,1,4,604,7,1,41,13.17,7.23,4.65,18.83
3052,5,1,6,90,7,4,33,36.81,12.25,0.0,29.8
3053,5,2,1,633,15,2,21,27.74,6.51,19.16,37.3
3054,0,0,3,435,22,0,27,15.72,9.26,7.15,9.99
3055,8,3,0,671,1,0,18,17.42,9.09,10.96,19.91
3056,7,0,3,695,15,0,18,55.87,3.97,19.03,17.97
3057,2,4,2,325,3,0,27,10.45,0.0,0.0,0.0
3058,8,4,2,183,3,1,37,8.98,10.84,3.43,17.88
3059,2,5,5,279,11,1,20,4.8,0.0,0.49,3.85
3060,3,3,0,508,5,1,24,21.15,9.58,25.26,22.47
3061,0,2,1,541,18,3,35,56.81,2.5,5.99,30.43
3062,5,3,0,592,14,0,30,12.51,4.56,4.02,11.91
3063,1,2,1,517,11,0,39,55.62,10.55,0.0,13.77
3064,1,2,1,677,6,1,29,5.07,5.9,6.53,22.89
3065,0,4,2,529,4,3,20,11.86,6.74,0.0,31.26
3066,1,4,2,547,13,1,33,70.46,2.73,12.46,20.52
3067,5,4,2,109,11,0,33,0.77,4.45,11.79,8.38
3068,3,2,1,253,22,1,35,47.62,1.6,9.97,14.29
3069,3,1,4,96,15,0,37,52.66,3.88,13.18,5.01
3070,0,4,2,468,1,4,21,52.45,8.71,5.17,24.14
3071,5,3,0,303,14,0,33,29.1,11.0,2.51,20.58
3072,4,2,1,679,17,3,23,33.88,10.62,14.62,43.46
3073,8,1,6,164,4,0,40,52.62,6.15,12.8,10.79
3074,8,3,0,396,3,4,41,59.62,9.71,6.24,29.47
3075,8,1,4,382,11,1,24,57.93,5.73,21.33,30.04
3076,4,2,1,320,23,1,33,29.18,3.12,11.27,16.23
3077,6,4,2,142,23,2,31,46.17,10.16,16.38,24.1
3078,0,4,2,375,19,4,24,54.04,3.75,0.0,27.73
3079,7,5,5,103,1,1,36,16.64,7.63,12.83,16.13
3080,1,3,0,246,12,1,39,60.46,2.82,12.3,8.85
3081,0,0,3,305,1,4,36,48.81,10.3,13.18,29.91
3082,4,1,4,657,14,4,36,42.83,5.65,2.63,20.42
3083,4,4,2,268,20,1,25,32.38,3.68,7.75,18.52
3084,9,2,1,270,7,1,41,42.27,11.38,8.65,25.17
3085,0,4,2,652,15,2,26,63.69,3.92,9.29,23.64
3086,8,0,3,583,14,0,25,26.61,2.63,8.52,9.57
3087,9,2,1,352,2,4,25,69.74,3.71,12.42,22.19
3088,3,4,2,460,18,0,34,34.18,8.37,1.15,21.43
3089,9,4,2,197,13,2,30,17.73,0.37,7.7,12.99
3090,7,1,4,572,5,0,39,45.21,3.46,0.0,10.81
3091,5,4,2,293,14,0,38,66.02,5.25,11.41,15.44
3092,1,1,4,689,5,0,28,73.09,6.72,0.0,19.22
3093,4,5,5,378,0,0,30,61.31,0.22,0.5,2.52
3094,8,1,6,118,18,0,31,34.08,3.61,13.61,15.17
3095,0,3,0,587,14,0,40,52.91,5.53,0.0,14.68
3096,0,1,4,175,23,0,27,71.46,4.38,7.33,8.63
3097,8,1,4,320,14,0,35,33.26,2.41,13.18,2.75
3098,0,5,5,566,23,4,41,40.55,2.88,20.83,14.12
3099,5,1,4,388,22,4,29,30.26,7.29,9.18,20.5
3100,1,0,3,662,12,0,35,2.01,11.2,13.26,24.34
3101,6,0,3,694,20,4,30,41.26,6.7,10.13,31.07
3102,8,2,1,698,11,4,29,28.73,3.6,15.38,16.8
3103,6,1,4,401,17,0,25,15.59,3.83,25.39,28.47
3104,9,1,6,252,17,0,19,12.21,12.39,0.0,17.98
3105,8,3,0,639,3,0,33,23.17,16.24,12.83,34.31
3106,4,1,6,247,13,3,32,65.54,5.18,7.14,22.43
3107,1,5,5,135,4,0,24,35.5,1.69,8.14,6.17
3108,4,3,0,204,14,1,23,78.36,5.85,7.39,14.57
3109,7,3,0,110,15,0,18,14.8,2.7,0.0,6.98
3110,2,5,5,613,11,4,28,28.24,1.32,7.13,22.12
3111,3,0,3,324,22,3,22,10.3,5.05,6.35,23.36
3112,7,1,6,243,16,1,29,14.06,8.04,0.0,15.62
3113,8,1,6,372,0,1,41,5.93,6.52,14.91,17.45
3114,1,1,4,263,15,4,29,39.62,0.97,0.0,17.24
3115,0,1,4,343,3,1,41,48.67,3.66,0.0,9.95
3116,2,1,6,364,1,0,18,77.95,4.31,6.38,5.8
3117,9,4,2,561,21,1,27,46.0,2.25,2.58,14.71
3118,7,4,2,359,2,4,22,44.33,2.42,24.46,19.35
3119,4,1,4,297,8,4,21,51.6,3.31,11.07,24.29
3120,3,1,6,410,1,0,19,76.93,7.96,0.0,10.34
3121,7,4,2,550,11,0,24,26.34,8.63,16.35,20.19
3122,1,1,6,376,5,2,26,12.55,5.06,12.57,23.64
3123,8,5,5,495,15,3,29,40.8,0.0,17.85,29.42
3124,1,5,5,218,6,0,38,14.17,0.46,17.68,9.88
3125,6,0,3,334,1,4,27,25.54,10.41,2.32,21.6
3126,3,3,0,428,13,0,19,6.82,6.74,14.57,14.91
3127,2,1,6,227,14,1,33,76.85,7.18,2.31,5.54
3128,6,1,4,329,19,0,24,42.17,4.99,5.24,17.96
3129,5,2,1,651,10,4,33,22.46,4.23,2.87,25.93
3130,6,3,0,336,21,0,24,37.15,10.5,9.75,21.91
3131,8,4,2,80,14,0,31,4.78,0.0,8.57,8.02
3132,1,5,5,503,1,0,23,63.66,5.42,22.27,17.33
3133,8,0,3,555,23,0,34,8.14,7.45,10.51,9.0
3134,8,1,4,600,13,0,28,23.41,4.59,3.3,11.54
3135,1,1,6,600,5,0,31,38.0,4.14,0.0,5.92
3136,3,1,4,408,16,0,33,2.1,13.39,0.0,17.83
3137,0,1,4,491,13,0,30,15.77,7.19,0.0,12.11
3138,1,5,5,596,1,1,26,59.52,7.01,1.72,18.58
3139,5,2,1,130,18,4,20,57.28,4.47,13.02,20.01
3140,4,1,4,208,21,2,30,2.37,2.47,14.61,32.33
3141,4,1,6,627,15,0,37,47.85,4.86,9.53,22.3
3142,5,3,0,408,0,2,37,69.04,9.77,10.9,33.7
3143,1,2,1,548,0,4,32,79.4,0.0,8.36,15.22
3144,6,4,2,385,9,1,28,39.42,8.08,0.0,24.6
3145,2,1,4,533,18,1,39,40.07,0.0,9.62,18.84
3146,1,5,5,135,6,0,24,43.37,1.5,1.64,5.72
3147,1,5,5,232,17,0,33,41.65,5.6,0.0,19.43
3148,7,5,5,410,2,0,29,35.42,7.38,6.9,13.01
3149,2,3,0,250,9,0,23,60.55,9.51,11.64,19.69
3150,0,5,5,109,4,0,28,52.28,1.46,14.86,5.83
3151,8,0,3,458,15,0,20,42.33,5.43,14.71,16.87
3152,6,0,3,514,19,4,39,10.42,6.6,14.13,31.7
3153,2,3,0,646,4,0,35,59.41,5.64,15.96,23.72
3154,7,1,4,391,20,4,39,41.73,4.77,14.18,25.47
3155,5,3,0,526,15,0,23,44.26,0.62,21.48,18.74
3156,3,1,4,241,15,1,28,67.19,0.73,10.99,13.81
3157,2,0,3,601,14,1,40,55.11,2.44,5.92,8.63
3158,6,0,3,640,7,0,40,0.58,11.38,27.99,31.62
3159,6,2,1,438,13,3,41,53.13,7.55,2.94,32.65
3160,8,0,3,97,22,0,29,61.69,5.91,3.31,5.68
3161,2,3,0,442,1,0,26,55.63,8.52,0.8,11.53
3162,8,5,5,432,23,0,21,53.93,4.7,0.0,10.59
3163,6,3,0,439,23,3,32,54.31,6.48,11.24,31.83
3164,9,1,6,517,23,0,22,46.37,0.93,3.74,0.97
3165,3,1,6,473,6,0,22,11.64,2.47,19.73,14.58
3166,7,3,0,384,18,1,21,1.84,1.2,0.0,14.46
3167,1,3,0,557,8,0,32,41.02,12.46,13.26,29.51
3168,7,4,2,608,18,0,41,37.35,5.17,10.56,16.65
3169,4,1,4,640,5,2,30,60.84,10.31,15.91,28.88
3170,7,4,2,509,14,3,38,65.0,9.63,7.86,33.73
3171,7,2,1,214,6,1,29,78.28,8.53,17.09,18.77
3172,2,5,5,216,19,0,29,23.92,0.0,10.63,12.49
3173,9,2,1,482,21,0,30,75.03,7.83,15.35,13.86
3174,4,3,0,564,19,1,18,47.1,4.95,2.78,16.12
3175,2,3,0,587,19,1,34,6.75,5.86,4.37,25.65
3176,3,1,6,312,7,1,32,11.55,2.67,10.96,16.93
3177,7,5,5,168,13,1,28,48.97,2.37,17.07,15.83
3178,6,3,0,609,21,1,21,27.74,0.19,1.79,6.66
3179,2,4,2,598,20,0,30,64.89,7.91,6.26,25.28
3180,3,1,6,369,12,1,33,32.09,8.83,10.6,16.58
3181,4,5,5,375,9,0,28,32.69,8.15,4.84,22.93
3182,9,3,0,379,14,1,24,16.74,4.24,6.5,12.22
3183,7,3,0,117,8,1,39,4.38,10.7,11.65,31.42
3184,8,2,1,386,6,0,22,21.43,0.58,3.98,10.94
3185,8,3,0,695,10,1,23,46.65,5.1,2.65,23.67
3186,0,5,5,236,14,1,39,53.21,1.04,4.48,0.0
3187,6,1,4,565,4,0,39,67.04,5.09,14.55,16.4
3188,7,2,1,510,8,0,34,11.11,6.3,15.97,27.57
3189,2,0,3,248,9,0,31,18.86,14.9,3.67,29.76
3190,6,2,1,305,22,2,28,60.16,13.04,1.46,29.34
3191,8,0,3,323,10,1,18,64.31,4.92,4.11,16.79
3192,6,3,0,304,10,0,25,13.86,2.89,12.11,19.41
3193,0,1,4,123,14,2,41,48.89,8.03,11.92,26.47
3194,7,3,0,268,5,1,31,53.19,11.97,11.6,18.37
3195,4,4,2,646,7,0,19,49.25,7.33,7.25,25.85
3196,8,5,5,96,8,2,41,39.76,2.76,7.64,23.17
3197,8,3,0,80,8,0,37,24.22,9.37,6.83,27.43
3198,7,4,2,233,7,1,25,59.08,5.11,19.91,28.9
3199,9,2,1,247,20,0,36,33.15,3.25,11.2,14.75
3200,4,5,5,378,22,1,29,24.96,6.99,2.57,11.71
3201,8,1,4,121,22,0,32,53.53,8.69,11.61,18.61
3202,2,1,4,373,8,0,25,74.24,2.74,1.35,10.68
3203,1,0,3,654,22,0,39,4.59,5.71,6.42,13.25
3204,8,2,1,343,8,0,20,11.16,2.38,19.63,20.96
3205,1,4,2,580,13,0,39,1.4,8.15,0.0,11.03
3206,1,4,2,245,8,0,39,19.34,2.54,4.96,10.23
3207,9,1,6,265,7,0,21,31.9,0.0,8.32,14.44
3208,2,2,1,650,13,0,19,38.01,2.62,15.75,15.82
3209,0,0,3,173,5,0,37,6.15,8.57,0.0,10.1
3210,1,5,5,286,7,0,20,7.11,1.8,9.4,17.77
3211,3,2,1,647,13,3,26,46.4,0.59,0.0,27.12
3212,8,1,4,269,15,0,31,25.89,6.03,9.34,9.51
3213,6,1,6,293,16,0,35,31.4,7.2,13.56,14.78
3214,2,5,5,472,13,0,18,67.78,2.05,7.71,5.37
3215,3,3,0,485,10,1,40,4.95,0.0,21.87,27.64
3216,5,4,2,101,13,4,31,33.95,3.07,12.72,12.44
3217,0,3,0,266,15,3,24,31.03,3.88,11.04,28.55
3218,2,1,6,83,0,1,18,35.36,5.29,12.37,10.64
3219,4,2,1,322,22,4,29,20.59,3.98,3.59,24.2
3220,3,4,2,284,12,1,22,26.79,7.45,17.63,23.27
3221,3,5,5,581,6,0,23,8.22,9.56,0.0,19.28
3222,0,2,1,664,16,1,33,41.36,9.44,4.62,19.3
3223,3,1,6,259,6,2,28,1.82,3.79,5.24,21.91
3224,3,5,5,262,10,3,27,37.19,5.1,2.04,26.79
3225,7,0,3,690,9,4,22,54.28,0.01,15.84,22.41
3226,0,1,6,169,2,2,30,58.24,10.31,10.43,23.35
3227,2,3,0,114,11,0,39,60.45,5.39,3.27,7.3
3228,0,0,3,657,5,4,27,25.73,0.0,10.91,11.24
3229,1,3,0,556,1,3,40,66.44,1.05,8.54,24.07
3230,2,5,5,177,18,4,27,68.95,12.08,10.7,31.46
3231,2,3,0,598,3,0,41,14.98,6.92,2.38,16.94
3232,5,3,0,211,13,0,27,15.13,2.73,9.7,4.15
3233,9,1,6,222,7,0,34,50.01,5.71,1.91,16.38
3234,8,1,6,444,0,0,38,76.17,2.18,11.67,6.84
3235,4,4,2,248,8,4,18,63.0,3.03,11.21,27.54
3236,3,0,3,610,15,4,35,27.95,4.3,0.0,20.06
3237,4,1,6,673,3,0,32,76.94,2.89,4.15,14.98
3238,3,1,6,695,12,1,32,33.14,0.56,3.52,15.21
3239,1,1,6,436,16,0,21,49.85,13.12,3.65,18.37
3240,4,2,1,275,1,0,29,28.22,4.5,15.16,19.92
3241,8,3,0,638,15,3,18,0.91,7.43,2.63,38.32
3242,0,0,3,371,6,1,37,23.04,10.69,0.0,14.13
3243,0,5,5,471,23,0,21,49.37,5.09,22.92,22.01
3244,6,4,2,352,2,3,25,10.23,0.0,7.75,20.93
3245,2,3,0,385,6,0,29,41.58,3.82,10.63,12.26
3246,5,0,3,466,12,0,23,51.14,1.25,7.81,11.67
3247,7,1,4,282,15,3,34,74.48,12.45,6.41,32.43
3248,5,5,5,583,3,0,31,74.7,1.24,1.8,6.22
3249,0,3,0,222,7,1,37,6.09,0.0,8.62,14.1
3250,3,1,4,294,4,0,24,13.51,6.78,4.06,8.34
3251,0,0,3,154,19,3,33,44.31,0.0,8.79,23.79
3252,0,1,4,154,21,4,22,17.62,9.14,3.34,19.17
3253,8,5,5,525,19,0,27,64.15,0.0,9.25,12.36
3254,5,2,1,336,4,4,23,37.37,5.78,10.77,21.19
3255,8,1,4,151,11,1,19,78.53,7.02,4.63,9.12
3256,0,3,0,173,6,4,39,24.9,5.9,4.84,25.65
3257,9,0,3,484,11,0,39,40.85,0.0,1.39,0.0
3258,3,4,2,361,13,0,33,11.38,14.31,12.91,19.01
3259,3,2,1,362,9,1,39,8.53,4.82,12.31,20.55
3260,1,4,2,369,20,0,27,37.65,1.36,12.87,14.83
3261,9,4,2,608,12,0,31,22.75,10.59,14.66,27.94
3262,2,3,0,670,2,1,28,50.6,7.07,0.0,9.04
3263,2,1,4,231,0,0,37,9.46,7.45,12.13,14.97
3264,9,2,1,699,14,0,31,5.85,8.39,11.54,11.97
3265,2,1,6,415,2,3,28,2.31,4.36,12.74,25.88
3266,5,4,2,250,4,1,29,39.38,7.06,12.6,13.08
3267,0,1,6,113,4,0,39,29.29,10.35,8.36,17.83
3268,4,1,6,368,21,0,31,40.18,8.68,13.86,22.75
3269,9,1,4,314,18,1,32,43.18,4.21,10.27,16.86
3270,3,2,1,352,5,0,26,60.54,4.57,16.98,21.82
3271,8,3,0,375,5,2,31,35.21,6.96,18.63,29.18
3272,1,1,4,163,15,4,30,77.2,8.85,0.0,11.61
3273,4,0,3,464,16,1,20,54.04,8.05,0.0,20.0
3274,8,5,5,168,11,0,24,46.46,0.0,7.46,0.78
3275,4,5,5,550,7,1,28,38.38,0.0,28.34,23.1
3276,3,0,3,372,15,1,19,26.35,3.35,15.82,16.77
3277,6,3,0,329,7,1,29,64.5,4.17,0.0,11.48
3278,6,1,6,134,13,4,34,33.52,1.39,6.71,17.81
3279,9,5,5,125,9,2,35,72.43,4.0,3.53,26.49
3280,7,3,0,279,17,0,33,36.97,2.69,0.0,16.84
3281,5,1,4,344,6,1,40,71.43,2.08,17.17,12.91
3282,5,0,3,88,14,4,19,39.7,3.97,10.09,19.83
3283,1,2,1,104,5,0,39,5.18,6.11,15.38,15.03
3284,7,0,3,629,7,3,24,40.42,0.13,6.95,32.8
3285,5,3,0,273,16,3,37,43.11,0.0,24.23,20.76
3286,6,5,5,398,7,4,25,9.37,8.52,22.9,43.12
3287,5,5,5,135,6,3,31,5.97,9.78,9.03,26.41
3288,6,1,6,127,9,0,27,29.07,7.07,1.98,15.09
3289,9,1,6,254,6,1,22,54.46,8.03,4.15,11.37
3290,7,2,1,235,8,1,36,70.5,4.39,10.46,21.65
3291,5,1,4,246,6,2,28,55.38,7.28,21.12,28.21
3292,0,2,1,595,15,4,25,71.14,8.1,11.52,30.36
3293,6,5,5,246,15,3,27,15.97,3.01,9.48,19.41
3294,8,4,2,383,12,3,32,50.18,5.53,0.0,21.52
3295,9,5,5,305,22,1,37,17.76,8.15,18.16,18.88
3296,2,5,5,113,21,4,39,43.89,4.94,20.34,29.62
3297,7,1,6,290,17,1,36,23.81,9.37,6.89,23.08
3298,1,0,3,250,0,0,23,23.46,4.39,2.14,4.66
3299,1,1,4,325,4,0,21,78.7,5.86,2.02,9.72
3300,6,2,1,272,1,4,30,40.73,7.99,11.04,25.89
3301,4,1,6,420,18,4,18,22.24,7.13,11.88,26.36
3302,9,4,2,323,0,0,37,13.74,5.03,17.39,15.96
3303,9,5,5,441,20,4,26,60.31,3.65,7.17,18.66
3304,9,1,6,593,20,0,31,58.37,5.09,3.21,19.06
3305,0,4,2,234,9,0,30,79.13,9.95,11.8,22.84
3306,5,2,1,95,10,2,26,57.73,7.93,3.85,24.58
3307,6,1,6,374,1,4,25,60.44,2.68,11.88,11.61
3308,9,2,1,299,7,0,41,0.01,4.34,18.75,17.0
3309,8,4,2,502,18,0,33,5.3,5.48,0.0,21.06
3310,6,2,1,535,12,0,39,46.78,5.28,0.0,12.23
3311,4,2,1,359,0,0,36,22.76,4.01,8.41,17.82
3312,0,3,0,461,12,2,39,32.93,12.97,6.17,31.13
3313,9,3,0,518,17,3,26,42.78,6.4,7.47,35.02
3314,8,3,0,645,0,0,21,16.04,13.57,14.3,28.3
3315,4,2,1,594,3,0,19,79.33,8.89,19.36,25.36
3316,8,1,6,437,16,4,18,79.82,12.31,5.5,23.85
3317,2,3,0,402,0,0,30,10.34,9.89,8.61,16.46
3318,1,4,2,539,13,0,31,34.8,5.97,8.07,9.05
3319,0,5,5,593,13,2,41,31.58,2.53,0.0,20.5
3320,2,4,2,374,5,0,36,46.5,9.64,12.33,17.17
3321,4,5,5,158,0,0,21,18.64,6.94,1.3,7.49
3322,1,5,5,237,3,0,29,7.57,4.22,8.89,7.34
3323,6,5,5,688,14,4,30,9.83,10.27,4.55,22.04
3324,3,5,5,89,7,3,29,70.52,5.22,8.65,31.35
3325,2,3,0,138,5,0,31,61.02,10.67,17.01,20.05
3326,2,1,4,174,14,0,29,7.08,9.51,0.0,10.52
3327,1,3,0,292,5,2,28,73.05,0.74,9.62,18.15
3328,7,1,4,129,7,0,35,9.34,11.98,6.12,19.52
3329,0,2,1,438,9,0,34,27.59,9.27,0.0,18.72
3330,5,1,6,163,22,0,40,6.25,8.78,0.0,0.0
3331,1,4,2,506,11,1,38,56.01,0.0,11.88,7.31
3332,2,4,2,504,20,0,20,62.96,11.81,10.95,28.76
3333,3,4,2,172,0,3,27,65.27,2.42,9.85,23.21
3334,8,1,6,148,8,1,40,33.72,8.64,3.35,18.99
3335,6,3,0,353,20,4,26,6.23,5.67,15.74,26.22
3336,5,0,3,349,18,4,34,78.61,13.85,0.0,28.44
3337,8,3,0,99,6,4,19,39.48,7.28,6.9,17.11
3338,4,5,5,93,17,2,32,63.93,10.5,0.7,29.68
3339,6,0,3,603,2,0,38,1.91,3.03,11.12,19.66
3340,8,2,1,285,16,0,27,61.95,17.78,5.16,24.1
3341,3,5,5,283,22,3,37,52.69,6.4,7.87,25.4
3342,6,0,3,174,1,0,23,36.02,6.29,16.39,13.38
3343,0,5,5,324,22,0,27,58.54,2.28,0.88,11.78
3344,1,1,4,225,2,4,28,61.42,1.57,12.54,14.65
3345,0,1,4,585,13,4,31,48.58,5.24,5.59,16.25
3346,1,1,4,143,11,1,28,55.45,4.4,20.01,16.71
3347,3,3,0,243,20,2,32,67.46,1.8,4.16,15.66
3348,4,5,5,548,0,0,37,53.82,0.0,0.0,0.92
3349,5,1,6,648,15,4,21,17.95,1.6,2.22,17.67
3350,7,2,1,237,17,0,26,55.24,0.84,10.08,12.54
3351,4,3,0,310,1,0,41,27.74,7.01,16.89,20.62
3352,1,1,6,212,6,0,25,52.29,4.28,19.22,13.27
3353,6,5,5,522,13,4,29,55.41,2.89,11.95,27.56
3354,3,0,3,302,21,0,18,43.85,6.02,0.0,17.04
3355,3,0,3,409,23,1,22,67.79,3.26,7.26,11.86
3356,4,4,2,182,21,4,33,61.4,2.52,9.58,20.64
3357,6,3,0,458,16,0,26,43.32,2.85,13.24,13.94
3358,5,2,1,260,6,4,29,3.99,8.13,2.79,16.83
3359,3,0,3,178,11,1,28,75.62,0.0,13.57,14.54
3360,7,5,5,143,11,0,27,11.8,0.38,6.13,5.23
3361,5,4,2,315,1,4,18,70.28,9.42,15.77,25.0
3362,5,0,3,592,0,2,40,73.81,7.24,6.04,21.84
3363,7,3,0,586,22,4,37,58.91,7.4,8.86,24.02
3364,4,1,4,431,0,4,36,24.01,1.62,13.26,18.53
3365,4,3,0,246,9,0,37,30.22,8.47,8.72,31.55
3366,0,3,0,651,16,0,36,5.14,0.0,17.42,12.3
3367,0,1,6,379,18,4,28,10.38,2.55,9.3,22.9
3368,6,3,0,358,17,2,35,23.98,1.08,12.99,27.29
3369,8,1,4,107,15,2,33,66.3,5.07,19.2,21.48
3370,1,2,1,423,2,1,29,43.87,3.61,13.99,7.97
3371,0,0,3,105,2,0,40,9.86,13.12,0.95,8.89
3372,0,4,2,493,20,3,36,38.19,0.97,5.95,35.96
3373,9,1,4,149,10,1,31,6.94,7.53,8.17,22.44
3374,9,1,6,484,15,0,37,42.8,1.98,18.87,14.59
3375,8,4,2,139,1,3,31,70.16,8.72,21.12,37.43
3376,8,4,2,333,6,4,21,26.75,0.61,13.65,18.45
3377,9,1,4,180,6,1,37,39.85,4.73,0.18,2.65
3378,0,4,2,296,23,4,31,66.77,6.4,8.02,25.18
3379,6,3,0,99,22,1,37,30.21,2.49,15.83,10.78
3380,5,1,6,619,11,1,29,68.13,0.0,13.01,5.3
3381,3,3,0,482,21,1,23,32.86,1.84,3.69,17.71
3382,4,5,5,469,4,0,38,25.03,3.17,1.03,2.72
3383,4,1,4,261,9,1,35,41.39,5.73,7.64,16.78
3384,8,2,1,679,4,0,33,17.31,5.17,11.35,11.19
3385,1,3,0,498,11,2,37,3.92,9.38,13.31,24.68
3386,7,3,0,521,5,3,29,76.52,7.39,7.46,37.69
3387,2,2,1,479,17,3,23,63.4,0.0,15.26,32.89
3388,4,2,1,457,20,4,38,50.9,0.88,7.82,24.47
3389,4,3,0,543,21,0,27,67.14,7.0,11.87,30.23
3390,7,2,1,490,9,1,25,76.08,2.56,7.44,15.14
3391,1,2,1,658,7,0,34,79.27,6.48,22.45,32.69
3392,4,1,4,539,3,1,35,51.6,3.58,10.14,11.29
3393,3,0,3,609,5,0,34,37.55,7.6,3.09,12.94
3394,1,5,5,461,4,1,33,76.55,0.31,8.35,11.56
3395,5,2,1,549,13,1,37,34.09,0.77,11.68,10.51
3396,1,4,2,172,2,0,37,79.61,3.28,7.98,10.15
3397,8,0,3,86,21,1,27,62.35,4.5,0.0,11.55
3398,2,3,0,401,20,2,25,31.44,8.89,0.0,28.69
3399,5,2,1,285,12,1,19,7.09,1.21,7.06,8.49
3400,7,1,4,220,21,0,40,30.89,0.0,0.0,5.26
3401,7,2,1,549,23,0,20,69.59,8.27,4.97,16.98
3402,7,4,2,183,0,4,24,78.87,6.05,0.0,7.06
3403,2,5,5,535,5,0,36,36.57,9.26,9.46,17.13
3404,1,5,5,518,2,1,23,73.26,8.05,14.07,16.64
3405,6,4,2,331,1,0,18,43.59,2.27,6.35,12.82
3406,9,1,6,326,3,1,18,20.64,2.61,0.0,9.8
3407,3,1,6,555,10,0,36,62.99,1.12,13.19,21.45
3408,4,4,2,424,3,0,22,38.13,1.39,14.8,7.43
3409,7,1,4,99,22,0,22,52.75,7.02,9.3,2.61
3410,0,2,1,292,14,1,22,68.67,4.6,15.49,4.44
3411,4,5,5,501,13,1,28,73.45,2.61,0.0,13.69
3412,0,5,5,99,10,0,18,72.86,1.79,11.79,16.71
3413,6,2,1,664,4,0,31,62.66,0.0,9.23,2.36
3414,0,2,1,528,21,1,35,1.39,2.87,10.03,31.0
3415,7,1,4,408,8,0,18,2.0,8.13,0.32,20.28
3416,2,4,2,328,7,4,24,72.93,3.17,6.6,23.89
3417,7,1,6,92,11,1,27,18.41,4.99,3.03,8.38
3418,6,1,6,372,1,1,27,8.58,5.1,4.7,13.88
3419,4,0,3,312,11,0,20,13.51,8.09,0.0,19.01
3420,9,1,6,472,22,1,40,73.2,7.12,13.42,20.67
3421,5,3,0,626,3,1,41,33.38,1.72,11.68,13.4
3422,7,3,0,483,15,0,36,6.08,3.1,25.14,24.02
3423,9,4,2,349,16,1,37,66.24,3.33,8.8,6.67
3424,9,5,5,688,3,0,22,27.22,6.46,8.86,16.45
3425,4,0,3,520,22,0,39,45.41,2.96,15.2,6.99
3426,1,1,4,669,23,0,36,35.41,4.47,7.47,14.31
3427,9,3,0,406,20,4,23,37.28,13.76,7.06,40.13
3428,8,2,1,622,23,1,22,79.68,5.5,9.98,16.94
3429,1,1,6,546,6,4,25,61.59,9.84,15.6,30.35
3430,0,5,5,323,7,0,25,34.3,9.82,9.44,23.0
3431,2,3,0,136,19,1,21,31.34,6.26,20.28,25.88
3432,0,2,1,401,8,0,23,51.42,1.27,12.08,19.07
3433,2,0,3,599,10,0,36,62.59,0.3,10.95,18.36
3434,9,3,0,637,4,2,29,52.52,0.99,5.89,16.25
3435,7,0,3,197,21,4,34,58.27,11.91,12.09,33.46
3436,1,1,6,338,10,0,40,34.78,9.17,9.77,32.52
3437,9,0,3,286,14,1,26,2.82,3.06,17.27,9.95
3438,8,1,6,594,15,1,26,43.49,9.69,4.82,18.35
3439,8,4,2,618,8,0,31,30.39,10.5,0.0,20.46
3440,0,5,5,672,8,4,33,54.57,7.06,15.79,32.84
3441,2,3,0,459,8,4,35,38.86,7.17,9.85,26.02
3442,1,5,5,691,20,0,25,37.8,8.0,5.05,19.87
3443,2,0,3,454,17,0,36,8.49,0.0,6.69,9.64
3444,6,1,4,554,15,0,37,68.45,8.52,12.01,19.33
3445,6,3,0,635,13,0,24,72.02,13.93,8.97,20.05
3446,4,1,4,514,0,4,24,42.5,7.1,7.21,23.21
3447,1,1,4,246,15,0,37,32.52,9.46,4.08,9.29
3448,4,2,1,139,18,0,25,39.25,10.8,6.34,18.91
3449,5,3,0,443,14,1,19,65.3,3.96,6.85,11.39
3450,4,1,6,596,2,4,32,69.72,0.0,9.06,19.81
3451,5,1,6,126,19,1,21,56.34,10.75,10.88,17.86
3452,1,4,2,143,7,3,22,47.76,0.0,0.0,28.05
3453,8,5,5,642,20,2,34,17.71,2.62,6.38,26.0
3454,5,1,4,314,17,1,37,56.16,8.61,10.28,25.91
3455,9,5,5,201,16,0,24,18.55,7.54,0.0,13.06
3456,3,1,4,607,6,1,21,49.51,0.0,0.0,7.41
3457,2,1,4,636,14,2,34,53.47,8.05,9.8,30.47
3458,1,4,2,630,18,4,31,49.04,7.3,13.36,30.39
3459,7,1,4,427,6,0,26,12.48,1.33,10.64,8.36
3460,4,1,4,226,10,0,38,27.16,4.59,20.2,15.63
3461,5,1,6,194,10,0,19,5.61,1.11,3.38,12.67
3462,4,1,6,589,20,4,33,59.64,11.44,0.0,23.11
3463,4,1,4,576,7,3,30,36.1,4.07,4.28,32.07
3464,2,2,1,522,16,1,22,25.12,8.03,21.93,20.65
3465,4,3,0,395,7,0,33,0.44,12.68,2.81,24.12
3466,3,5,5,474,12,0,31,21.58,3.88,10.16,18.15
3467,1,3,0,577,19,1,33,69.41,0.0,14.07,19.79
3468,2,1,4,446,23,4,24,37.55,1.15,14.87,23.7
3469,4,0,3,331,9,3,32,26.29,0.61,19.09,34.74
3470,7,2,1,99,19,3,19,59.33,3.52,0.9,22.62
3471,1,0,3,162,5,1,26,46.66,4.64,17.56,22.02
3472,3,0,3,693,15,0,20,49.61,0.0,18.98,16.03
3473,2,2,1,162,23,1,29,66.91,8.62,2.22,15.68
3474,2,3,0,524,6,0,35,53.45,10.19,9.48,25.0
3475,5,1,4,627,16,1,38,9.04,9.53,19.34,28.95
3476,9,5,5,283,18,2,22,72.72,6.95,8.28,28.19
3477,6,3,0,541,19,0,23,9.16,2.67,13.99,23.83
3478,3,4,2,308,18,1,38,67.26,8.57,0.0,26.67
3479,7,5,5,231,12,1,24,53.29,10.19,9.44,15.55
3480,8,0,3,94,7,0,38,18.92,1.55,2.94,16.13
3481,7,0,3,213,2,1,41,13.4,2.8,5.12,11.87
3482,4,1,6,563,13,0,38,3.66,4.43,1.42,16.02
3483,3,0,3,538,20,0,21,57.12,4.59,1.24,15.61
3484,8,3,0,307,19,3,32,25.83,11.56,3.2,35.96
3485,0,4,2,365,11,0,41,53.84,5.03,12.33,13.9
3486,9,1,4,617,3,0,31,4.8,0.39,14.63,13.05
3487,4,2,1,364,3,1,25,53.03,3.3,9.65,9.66
3488,3,4,2,691,17,3,34,32.49,10.6,1.85,45.12
3489,1,3,0,442,23,3,39,9.57,9.97,12.95,37.6
3490,0,3,0,289,15,1,30,32.78,3.59,15.17,13.88
3491,9,3,0,125,23,2,20,54.59,3.5,7.27,17.09
3492,7,3,0,174,4,1,32,32.26,8.06,9.64,6.63
3493,6,5,5,287,11,2,37,50.79,2.11,13.02,22.0
3494,6,1,4,628,9,3,41,11.52,0.0,20.39,42.69
3495,9,4,2,92,19,0,35,64.0,5.27,0.0,8.33
3496,9,3,0,620,12,0,21,7.43,5.76,6.96,14.59
3497,7,3,0,430,10,0,31,16.75,0.8,12.39,17.49
3498,1,1,6,582,7,0,25,9.74,7.09,11.01,21.57
3499,1,1,6,205,18,1,34,22.87,6.84,4.63,16.5
3500,4,1,4,620,5,0,35,13.65,5.22,5.42,21.41
3501,5,2,1,242,14,0,41,6.48,5.72,11.79,17.5
3502,5,4,2,357,20,3,35,36.51,0.0,0.0,23.02
3503,4,0,3,396,11,0,21,25.36,5.32,3.89,5.54
3504,9,2,1,492,22,3,32,50.94,5.45,1.5,20.41
3505,4,4,2,550,14,0,29,74.62,6.64,20.5,20.48
3506,3,2,1,498,21,4,33,70.81,0.38,9.38,15.37
3507,1,5,5,300,23,1,21,53.31,10.26,3.42,15.97
3508,0,3,0,171,23,0,34,31.85,4.48,0.0,4.29
3509,4,3,0,534,0,1,22,45.67,0.0,2.66,7.76
3510,6,1,6,660,4,1,24,2.19,3.17,9.44,17.36
3511,1,1,6,302,10,0,35,18.59,1.8,16.07,15.31
3512,5,1,4,513,21,0,28,27.61,2.96,12.51,13.57
3513,5,0,3,653,2,3,37,40.15,4.3,0.14,22.36
3514,0,1,6,250,16,0,19,8.15,5.79,12.72,14.95
3515,8,1,4,471,4,0,24,32.72,8.13,12.69,21.95
3516,3,5,5,193,8,4,27,75.8,3.04,5.65,22.49
3517,3,4,2,196,1,1,33,70.64,0.39,16.15,9.49
3518,2,1,4,140,1,0,27,76.14,0.62,24.58,9.84
3519,2,0,3,304,9,0,31,58.72,6.74,21.1,34.1
3520,9,4,2,196,17,0,41,33.72,0.0,5.1,14.02
3521,9,2,1,191,9,0,28,10.94,0.7,0.0,10.33
3522,3,5,5,177,18,0,21,57.36,5.36,0.0,12.26
3523,6,2,1,457,14,1,40,78.74,5.84,9.53,13.82
3524,8,3,0,463,20,1,36,56.56,4.3,7.53,16.97
3525,6,1,4,607,5,4,26,59.11,1.94,0.0,8.81
3526,6,0,3,654,3,0,20,33.64,0.0,0.0,6.82
3527,8,5,5,130,23,1,41,36.96,7.63,0.0,10.01
3528,1,1,4,409,2,1,24,24.42,7.92,0.0,16.14
3529,4,2,1,248,8,0,20,10.71,9.0,0.0,18.43
3530,7,5,5,480,14,0,38,47.95,0.0,7.25,2.64
3531,4,4,2,269,2,1,31,56.38,9.89,0.91,14.53
3532,3,2,1,410,17,0,38,29.39,3.02,21.34,19.14
3533,8,5,5,337,9,1,28,26.25,3.18,7.6,15.1
3534,6,5,5,304,0,4,23,41.17,14.99,8.21,33.61
3535,8,3,0,80,12,4,22,56.03,7.06,17.09,20.75
3536,2,0,3,113,20,4,41,28.35,9.62,5.06,32.57
3537,4,1,6,180,16,1,41,55.63,4.0,3.95,13.22
3538,8,3,0,358,9,1,20,26.95,6.72,20.27,25.04
3539,6,3,0,571,8,0,37,46.76,10.73,0.0,24.87
3540,5,2,1,282,23,0,18,60.62,5.29,15.01,13.81
3541,1,5,5,141,20,0,30,18.26,3.94,11.64,15.64
3542,4,1,4,598,11,0,24,73.28,13.57,2.36,14.92
3543,6,4,2,659,12,2,33,58.57,12.16,0.0,30.0
3544,9,4,2,259,19,1,27,26.81,8.84,15.79,27.4
3545,1,1,4,151,14,0,21,19.21,5.72,7.23,8.44
3546,0,2,1,503,7,1,33,13.54,2.72,8.74,17.51
3547,6,2,1,358,18,0,31,34.33,6.14,2.23,24.04
3548,9,0,3,475,18,1,22,34.66,9.35,10.38,27.04
3549,2,0,3,253,8,0,21,6.96,5.11,23.86,27.56
3550,9,1,4,274,15,2,34,28.89,11.28,6.79,30.12
3551,6,2,1,405,11,0,37,72.5,5.91,0.0,10.55
3552,3,1,6,464,4,0,28,73.76,3.63,2.1,2.92
3553,6,3,0,569,5,0,22,43.02,9.45,9.83,20.35
3554,2,5,5,169,22,0,23,65.94,5.48,1.2,1.95
3555,1,1,4,566,19,0,29,0.07,5.66,9.35,20.63
3556,9,5,5,384,21,1,38,44.29,4.04,12.03,23.4
3557,0,1,4,104,15,4,40,42.67,0.0,10.29,17.93
3558,0,3,0,112,0,2,27,79.15,9.9,3.03,21.63
3559,8,4,2,343,4,1,23,63.71,3.69,2.95,8.35
3560,8,5,5,625,7,1,22,51.29,8.65,13.3,36.14
3561,9,0,3,487,17,2,35,11.41,8.86,11.76,34.25
3562,1,5,5,160,0,2,35,56.57,12.63,11.3,32.57
3563,1,1,4,614,2,0,41,50.65,7.64,6.65,14.79
3564,5,1,6,210,13,0,36,57.81,9.24,12.24,17.09
3565,9,0,3,119,17,0,41,8.46,5.99,13.31,15.18
3566,6,1,4,508,2,2,26,62.63,1.53,5.02,15.16
3567,5,1,6,188,8,1,21,27.46,1.55,14.93,24.55
3568,9,2,1,107,18,3,18,27.81,2.13,0.0,23.68
3569,0,1,4,224,14,4,30,57.38,2.63,22.88,24.67
3570,3,5,5,361,4,1,34,55.82,6.4,6.59,17.0
3571,6,1,6,277,1,0,25,63.75,5.95,14.34,15.44
3572,6,1,6,383,4,0,19,42.72,7.66,9.46,20.27
3573,4,0,3,347,19,0,23,8.14,5.19,6.57,15.48
3574,0,1,4,306,11,0,39,43.62,6.38,8.07,11.27
3575,5,3,0,238,12,0,28,63.18,8.3,7.7,10.67
3576,3,2,1,417,14,0,35,46.29,4.39,2.22,13.5
3577,9,0,3,261,3,1,26,36.72,2.8,0.0,3.28
3578,3,3,0,674,1,2,35,47.52,5.22,11.33,27.27
3579,6,1,6,641,23,1,21,10.17,6.92,16.45,23.69
3580,8,4,2,273,22,0,30,79.26,11.57,1.02,13.13
3581,9,3,0,463,21,2,35,57.85,9.57,4.4,28.28
3582,4,1,4,206,7,0,35,12.88,8.51,1.26,19.72
3583,8,3,0,487,15,0,24,43.26,7.31,4.45,12.45
3584,5,4,2,613,10,0,39,52.6,8.1,5.0,19.71
3585,3,1,4,565,6,3,23,42.32,5.55,9.83,29.59
3586,1,4,2,363,17,4,24,59.63,1.7,8.2,18.81
3587,3,5,5,203,18,1,27,56.55,0.0,9.97,10.35
3588,3,5,5,344,13,2,25,6.87,5.16,0.0,16.78
3589,6,0,3,222,5,0,36,1.77,0.0,3.57,12.48
3590,8,0,3,447,8,0,34,22.72,2.63,11.89,15.14
3591,3,5,5,300,10,1,26,15.97,0.0,6.81,7.72
3592,0,5,5,459,9,0,18,0.72,2.25,5.24,19.98
3593,2,2,1,228,19,1,19,72.61,4.93,10.81,9.24
3594,2,2,1,665,8,0,39,77.56,7.24,14.32,29.65
3595,0,1,4,397,12,3,26,37.01,3.06,20.87,32.13
3596,4,0,3,522,20,0,38,56.68,2.33,13.36,20.08
3597,2,1,4,150,13,3,19,5.64,4.41,10.95,16.24
3598,9,1,4,609,5,1,25,61.16,1.45,14.75,7.2
3599,1,4,2,633,0,3,40,71.07,4.69,14.57,39.7
3600,2,2,1,238,1,4,26,18.73,7.97,2.21,17.5
3601,7,5,5,113,23,4,31,62.88,7.07,0.0,19.13
3602,5,4,2,456,15,0,18,8.62,0.0,13.12,17.75
3603,1,2,1,377,20,2,22,6.82,10.37,4.39,24.95
3604,6,2,1,616,2,1,26,18.56,13.72,5.89,17.05
3605,7,2,1,148,5,1,20,41.13,0.0,2.48,1.88
3606,9,1,6,236,23,3,30,71.9,6.89,11.55,33.95
3607,8,1,6,660,7,1,26,13.65,0.17,0.0,15.03
3608,3,5,5,181,9,1,36,62.12,3.35,0.0,14.23
3609,0,4,2,699,13,0,27,0.97,0.42,24.78,24.52
3610,4,3,0,371,9,0,21,34.4,9.58,0.0,24.98
3611,8,2,1,429,18,1,27,8.45,5.56,1.06,19.19
3612,6,0,3,215,6,0,32,60.45,7.02,23.84,23.33
3613,2,1,4,286,14,1,37,51.09,2.47,16.07,10.95
3614,5,5,5,277,16,1,22,75.61,6.97,3.4,19.8
3615,4,1,6,589,3,4,31,3.31,14.5,11.81,27.52
3616,7,0,3,127,0,1,23,57.52,5.62,9.65,13.17
3617,4,1,4,363,2,0,37,46.52,0.87,8.92,11.81
3618,8,0,3,179,2,0,21,24.63,12.8,5.03,16.21
3619,1,1,4,438,12,0,35,37.15,6.22,2.88,10.05
3620,8,5,5,685,15,0,35,41.11,4.02,3.19,14.58
3621,2,1,4,333,7,0,36,23.2,5.99,8.71,30.73
3622,9,5,5,156,21,0,29,44.46,6.57,9.44,13.31
3623,1,5,5,602,6,4,29,65.78,5.18,0.93,17.19
3624,4,1,4,649,15,0,25,23.69,12.96,18.9,28.5
3625,7,1,4,692,1,1,33,42.01,5.13,16.36,25.38
3626,4,5,5,198,9,2,20,58.37,9.18,8.79,33.17
3627,4,1,6,380,5,0,39,51.59,10.13,16.39,25.12
3628,3,3,0,172,0,4,40,15.32,5.15,28.51,22.85
3629,8,1,4,360,6,1,26,20.82,0.0,0.39,4.3
3630,0,5,5,137,20,1,38,78.79,8.66,6.94,19.62
3631,3,1,6,245,22,0,38,45.8,4.08,14.9,9.71
3632,9,2,1,627,14,4,33,58.33,0.09,4.11,16.57
3633,3,3,0,335,12,3,34,43.48,2.84,9.42,25.83
3634,1,3,0,375,1,0,21,27.92,0.0,4.06,12.23
3635,4,1,6,357,23,0,25,56.36,9.1,10.18,17.28
3636,2,4,2,378,19,1,37,19.18,0.0,5.57,21.87
3637,2,1,6,181,22,2,18,73.93,7.2,11.7,17.16
3638,9,5,5,406,9,1,24,23.13,5.11,12.72,27.92
3639,3,4,2,613,22,1,26,30.92,8.72,6.47,22.21
3640,9,1,6,325,5,0,27,24.91,0.0,0.0,0.0
3641,7,3,0,141,18,0,33,77.78,0.97,0.88,8.96
3642,2,1,4,208,17,4,38,22.22,3.38,17.75,22.83
3643,3,5,5,146,12,1,21,47.86,4.62,4.42,11.58
3644,9,3,0,103,12,1,19,7.19,1.47,0.5,4.86
3645,1,4,2,558,12,1,30,34.07,0.0,14.36,13.36
3646,4,0,3,570,12,4,22,18.54,5.84,6.51,22.61
3647,9,4,2,311,13,0,25,45.96,2.13,8.18,13.74
3648,3,1,6,178,22,4,38,24.31,8.23,2.0,16.46
3649,1,2,1,137,4,0,38,22.65,3.53,2.59,5.03
3650,0,1,6,422,13,4,34,66.76,7.03,7.89,21.82
3651,7,4,2,276,0,1,36,47.54,8.38,7.14,17.29
3652,4,1,6,388,8,3,18,61.18,1.28,9.37,34.99
3653,5,0,3,419,11,4,21,75.75,5.01,0.0,16.18
3654,9,3,0,163,4,0,27,54.08,12.39,1.27,16.09
3655,6,5,5,463,15,4,33,13.15,12.31,0.0,24.12
3656,5,4,2,518,3,0,36,63.55,3.25,16.57,25.27
3657,6,5,5,482,15,2,39,29.81,3.43,7.74,20.57
3658,1,4,2,380,16,1,38,48.56,7.69,7.82,12.81
3659,5,2,1,391,6,1,27,45.43,2.36,0.0,15.58
3660,8,1,4,470,4,0,26,73.19,3.78,19.11,8.07
3661,6,1,6,696,0,0,23,42.83,7.89,17.17,19.75
3662,8,5,5,499,12,2,19,24.06,0.0,7.74,13.92
3663,5,0,3,631,3,1,18,58.37,6.35,8.89,15.76
3664,3,3,0,185,18,0,20,20.39,0.52,8.04,20.44
3665,3,1,6,416,9,0,22,55.47,2.25,3.51,16.18
3666,0,0,3,472,18,1,30,31.22,5.02,21.64,27.33
3667,3,0,3,332,12,0,28,3.8,4.26,4.5,10.53
3668,0,1,4,600,1,1,29,28.88,10.41,10.9,19.96
3669,7,3,0,413,18,0,21,5.91,2.43,9.87,21.98
3670,1,1,4,254,20,0,27,70.95,4.92,0.0,7.54
3671,6,0,3,694,0,1,25,22.88,4.76,0.52,15.78
3672,2,1,6,297,18,0,30,19.99,3.32,2.25,8.9
3673,0,4,2,346,8,1,39,22.36,0.0,0.99,13.54
3674,7,5,5,132,22,0,38,74.25,2.38,4.95,9.44
3675,9,4,2,601,5,4,36,46.64,2.99,6.33,18.02
3676,6,1,4,495,9,3,40,52.23,3.56,3.39,36.98
3677,2,1,4,138,15,1,27,40.74,6.98,7.55,22.19
3678,9,2,1,414,21,0,25,70.38,3.2,15.69,21.84
3679,2,3,0,344,11,0,22,13.75,1.0,0.0,3.88
3680,5,1,6,426,22,0,30,25.06,13.61,4.31,17.77
3681,5,0,3,260,11,0,21,29.75,12.02,1.43,5.59
3682,6,3,0,507,8,3,25,76.84,2.86,2.35,29.84
3683,6,2,1,512,7,1,36,41.71,3.85,7.34,15.57
3684,8,3,0,471,9,0,32,48.45,6.95,10.15,15.92
3685,7,0,3,598,6,4,36,51.67,2.04,9.04,8.57
3686,5,5,5,156,7,1,32,49.74,1.64,2.84,14.56
3687,5,1,4,493,0,1,18,68.69,3.62,14.96,22.09
3688,2,0,3,391,22,1,40,57.7,4.91,7.62,13.05
3689,7,5,5,149,22,1,23,11.31,3.44,10.73,7.01
3690,3,1,6,203,15,0,40,29.36,0.0,2.43,0.0
3691,8,1,4,647,22,0,39,17.45,9.32,11.49,24.7
3692,0,4,2,163,7,0,26,9.32,6.35,5.94,18.48
3693,7,0,3,357,14,1,21,67.27,4.88,13.33,17.19
3694,7,0,3,611,14,0,38,69.9,5.42,2.57,17.22
3695,5,1,4,455,15,0,29,20.89,9.61,9.79,21.3
3696,8,1,6,378,14,3,24,69.13,0.0,12.1,31.48
3697,5,4,2,683,1,2,22,53.92,6.02,5.1,22.8
3698,8,0,3,433,19,0,31,70.51,2.44,9.0,13.16
3699,3,5,5,507,7,0,19,47.66,5.94,13.3,24.9
3700,5,3,0,272,1,1,21,40.24,0.0,8.33,12.71
3701,1,2,1,395,6,4,31,13.63,9.32,5.61,27.07
3702,7,1,4,406,14,2,28,13.89,1.4,7.69,12.31
3703,1,3,0,680,1,0,34,50.09,9.53,9.71,20.96
3704,4,0,3,491,17,0,38,1.71,1.95,4.85,10.35
3705,7,5,5,592,16,0,23,28.49,0.0,4.31,3.43
3706,4,1,6,127,5,0,24,1.14,6.77,10.58,14.67
3707,8,1,6,319,23,0,29,72.52,5.72,9.19,9.81
3708,0,2,1,448,17,0,26,69.61,5.78,9.44,28.17
3709,4,1,6,136,15,0,26,76.23,7.62,14.56,13.7
3710,6,4,2,620,21,1,31,73.92,10.14,0.0,26.47
3711,6,1,6,618,23,1,35,35.02,2.33,5.81,16.98
3712,2,2,1,655,11,4,26,33.47,13.99,17.45,32.57
3713,0,0,3,188,1,2,34,2.96,7.88,9.67,25.82
3714,4,2,1,446,7,0,29,77.59,5.43,15.91,26.84
3715,5,4,2,154,9,0,26,21.48,2.49,0.0,5.84
3716,4,4,2,479,22,3,20,64.64,12.38,14.97,37.69
3717,3,2,1,564,18,3,24,75.51,3.38,2.82,38.58
3718,8,4,2,671,22,0,32,40.48,0.0,6.63,5.04
3719,2,0,3,337,5,4,35,62.3,0.0,4.52,11.06
3720,9,5,5,649,2,0,29,79.71,10.31,11.49,22.15
3721,1,0,3,663,12,1,28,33.09,7.53,13.28,23.62
3722,9,1,6,300,23,0,23,12.65,8.57,14.13,15.7
3723,5,1,6,579,14,1,37,30.56,9.26,20.22,35.51
3724,2,4,2,106,8,0,33,43.56,6.9,6.28,23.4
3725,2,3,0,518,1,1,40,74.12,1.49,8.65,11.37
3726,3,4,2,419,14,0,24,47.29,3.26,10.21,13.66
3727,5,3,0,158,7,0,35,42.28,6.1,4.19,18.14
3728,9,1,6,547,17,1,39,32.67,1.31,2.43,13.91
3729,3,0,3,394,1,0,35,33.65,5.52,8.86,12.17
3730,1,5,5,330,2,4,40,10.48,1.35,13.04,15.76
3731,7,4,2,681,12,1,32,18.8,8.74,29.93,25.2
3732,7,5,5,446,19,0,20,21.21,8.54,8.0,21.93
3733,1,3,0,658,7,0,32,28.3,4.71,14.44,25.1
3734,5,0,3,255,13,0,36,58.68,9.57,5.29,18.57
3735,0,1,6,413,23,0,36,39.97,4.88,19.65,16.78
3736,2,0,3,540,4,1,34,20.56,4.25,17.28,21.78
3737,2,3,0,128,19,2,22,33.88,6.18,9.69,28.32
3738,7,4,2,95,18,1,33,48.95,2.82,13.06,13.92
3739,1,1,6,612,20,0,24,28.9,7.58,12.72,32.49
3740,7,2,1,502,2,0,30,75.95,3.84,4.98,10.47
3741,3,5,5,492,12,0,29,9.91,14.23,17.33,13.45
3742,3,4,2,698,14,1,24,26.48,7.41,17.21,29.0
3743,5,2,1,656,20,0,20,0.11,0.0,0.0,7.47
3744,6,1,4,624,14,2,19,69.3,1.53,0.0,11.76
3745,3,5,5,621,4,4,36,19.93,0.0,0.0,13.71
3746,9,0,3,264,21,0,30,26.66,6.89,4.59,22.89
3747,7,1,6,316,8,0,33,2.31,8.35,0.18,14.69
3748,8,4,2,420,6,1,23,6.87,3.92,0.0,13.69
3749,5,1,4,607,19,0,28,14.4,8.47,22.08,27.72
3750,4,2,1,338,11,4,19,60.74,0.0,0.0,18.57
3751,4,3,0,658,7,0,32,61.46,2.98,15.9,30.88
3752,7,5,5,468,17,1,38,13.5,0.0,16.2,13.61
3753,4,5,5,226,17,3,34,37.09,4.31,11.56,32.32
3754,0,1,4,386,7,3,24,56.83,9.45,5.47,38.02
3755,5,2,1,434,18,0,20,79.66,7.55,4.83,11.07
3756,5,5,5,501,10,1,28,45.57,1.8,10.28,12.15
3757,1,2,1,571,7,0,19,78.68,3.53,0.0,22.28
3758,4,0,3,525,16,0,39,12.61,8.69,11.88,16.62
3759,3,5,5,574,13,0,41,25.63,12.09,0.0,15.83
3760,6,0,3,260,21,1,40,68.8,5.91,12.09,23.51
3761,0,5,5,249,13,4,19,22.31,2.29,5.52,11.61
3762,5,1,6,631,3,2,23,58.87,2.12,9.36,21.46
3763,7,1,6,156,5,1,18,56.33,3.39,4.93,10.2
3764,8,0,3,601,16,1,30,4.15,4.42,19.64,23.69
3765,5,1,4,164,0,0,39,46.17,7.44,6.42,5.56
3766,7,2,1,280,1,4,33,7.89,2.64,5.2,21.64
3767,8,1,6,542,0,1,31,43.16,3.81,5.88,11.44
3768,4,5,5,359,12,1,38,22.29,7.55,14.16,26.24
3769,0,0,3,233,15,3,21,66.09,9.63,1.61,23.32
3770,5,3,0,697,3,4,23,69.8,5.66,4.67,16.57
3771,5,3,0,517,6,0,39,58.88,2.96,11.57,15.95
3772,4,1,4,325,23,0,18,41.38,16.06,11.24,25.95
3773,4,3,0,254,21,1,32,18.59,7.9,22.61,23.61
3774,0,3,0,534,22,1,31,22.54,8.76,9.54,14.74
3775,7,1,4,254,0,0,30,72.97,7.74,0.0,12.94
3776,0,1,4,619,7,0,40,24.16,3.98,0.0,19.99
3777,9,5,5,98,8,3,23,22.72,3.05,17.1,39.49
3778,2,4,2,219,6,4,34,10.21,2.59,2.12,18.91
3779,2,2,1,270,18,1,30,63.74,5.04,0.0,10.2
3780,4,5,5,305,2,1,29,29.21,7.24,0.36,13.87
3781,1,1,6,164,7,4,37,14.31,5.46,27.71,33.2
3782,2,5,5,425,18,0,38,12.93,5.23,6.79,13.33
3783,3,0,3,83,0,4,33,46.83,7.26,3.14,8.97
3784,7,0,3,552,4,4,18,47.02,0.0,8.21,16.9
3785,9,1,4,160,22,1,19,73.14,0.0,15.86,11.02
3786,7,3,0,560,22,1,38,25.68,2.72,0.0,5.1
3787,9,0,3,102,8,3,37,23.68,3.09,0.0,30.42
3788,8,3,0,486,5,4,39,74.3,7.62,0.9,20.41
3789,0,1,4,355,4,4,21,63.1,2.2,17.81,16.84
3790,8,4,2,635,17,0,25,48.63,6.22,12.27,22.04
3791,9,0,3,95,6,0,26,75.13,6.11,10.02,9.46
3792,5,0,3,274,21,4,21,75.14,0.13,15.85,30.54
3793,8,1,6,423,15,0,38,68.03,7.65,7.07,10.32
3794,8,1,6,477,8,1,37,3.66,8.16,11.34,31.37
3795,3,5,5,534,14,4,21,52.02,10.46,13.02,33.64
3796,7,2,1,622,7,1,19,79.74,10.47,12.64,32.28
3797,2,3,0,460,0,0,32,46.05,0.0,9.87,10.07
3798,3,1,6,295,14,0,27,18.07,7.1,4.18,14.89
3799,0,1,6,355,0,0,24,38.19,4.37,5.71,0.3
3800,8,1,6,473,8,1,21,33.6,13.82,0.63,32.32
3801,1,1,4,173,3,4,24,66.08,1.92,18.92,23.16
3802,1,1,4,594,12,0,21,19.09,7.08,7.41,16.73
3803,6,5,5,638,21,3,20,61.38,1.73,0.0,27.35
3804,1,4,2,285,6,1,30,12.42,10.02,20.57,18.04
3805,5,3,0,424,4,4,25,51.05,0.99,14.35,15.73
3806,7,2,1,141,5,0,32,32.72,2.61,13.4,10.39
3807,7,2,1,611,7,4,40,52.95,4.45,9.33,24.4
3808,2,0,3,209,9,1,39,5.85,15.51,0.0,27.08
3809,6,1,4,115,10,0,18,61.06,7.83,15.09,21.22
3810,5,4,2,426,23,0,39,0.03,8.75,0.0,18.96
3811,3,5,5,92,23,4,33,26.26,6.0,7.74,6.81
3812,2,2,1,286,20,1,21,4.91,6.49,5.16,19.91
3813,5,2,1,591,15,0,22,20.73,14.33,4.59,19.95
3814,7,1,6,100,12,1,20,35.74,4.19,11.01,5.14
3815,2,1,4,229,15,1,19,42.38,0.0,2.11,8.93
3816,3,5,5,416,10,0,36,24.32,7.47,6.01,23.56
3817,7,2,1,528,6,4,20,39.11,4.78,18.74,19.08
3818,1,4,2,514,20,4,26,34.66,0.0,18.55,20.33
3819,3,5,5,521,2,4,35,42.87,9.36,8.68,24.59
3820,5,4,2,564,10,0,21,32.36,2.49,12.7,19.63
3821,9,1,6,224,3,0,33,69.81,4.9,0.47,4.08
3822,8,3,0,97,13,0,39,40.68,10.23,4.68,12.74
3823,2,3,0,340,16,0,35,30.12,9.98,6.5,17.67
3824,4,1,6,524,13,1,18,22.52,5.49,4.76,14.68
3825,5,1,4,500,9,1,24,19.65,2.24,12.4,25.12
3826,4,0,3,585,6,0,18,33.64,5.05,11.86,19.37
3827,6,0,3,633,16,4,28,14.83,4.71,0.94,13.13
3828,7,1,6,519,9,4,25,52.37,3.44,2.01,29.92
3829,6,4,2,324,10,0,25,33.81,3.04,15.36,28.1
3830,7,1,4,203,20,3,26,41.45,4.05,6.42,36.75
3831,2,2,1,130,6,1,38,14.03,2.29,10.67,9.63
3832,8,4,2,597,20,1,20,43.71,8.2,8.69,25.36
3833,2,2,1,185,4,0,40,38.8,3.52,4.69,14.51
3834,1,4,2,192,2,0,33,44.76,0.08,17.49,2.79
3835,5,5,5,386,21,0,18,3.72,5.45,6.08,15.58
3836,9,2,1,384,14,1,38,9.92,13.01,5.62,16.7
3837,1,3,0,298,11,0,41,25.45,3.23,0.0,4.55
3838,2,1,4,574,10,0,20,57.27,0.0,19.64,30.15
3839,8,1,4,253,13,1,39,60.85,6.03,10.69,11.9
3840,2,5,5,315,2,0,34,5.19,8.35,8.01,14.27
3841,6,5,5,345,12,4,25,65.84,14.91,9.61,30.73
3842,8,4,2,328,19,0,22,51.09,5.62,1.46,17.57
3843,5,1,4,414,22,3,21,40.39,0.0,0.0,25.12
3844,2,1,4,466,6,0,28,55.84,4.49,10.7,14.28
3845,1,2,1,365,0,0,31,64.77,14.3,12.37,21.87
3846,6,1,6,155,13,1,27,8.06,0.0,16.78,9.98
3847,4,0,3,472,12,0,24,27.29,3.02,9.75,12.18
3848,9,0,3,638,15,1,30,75.87,2.41,11.57,17.79
3849,9,1,6,185,23,0,19,52.81,10.03,1.48,16.46
3850,2,0,3,157,22,0,20,79.58,7.83,9.16,10.62
3851,8,2,1,184,1,2,27,68.08,0.0,3.64,9.46
3852,7,4,2,297,18,0,21,40.97,0.0,11.93,14.12
3853,4,5,5,496,18,0,22,41.15,11.66,15.4,29.82
3854,9,5,5,643,11,1,36,9.24,5.91,0.0,13.95
3855,8,1,4,537,7,0,40,27.28,4.48,0.0,14.13
3856,6,5,5,456,1,4,36,66.53,1.38,14.67,15.55
3857,4,1,4,141,16,0,30,13.8,8.24,6.62,12.7
3858,5,0,3,441,11,0,20,20.05,13.57,3.96,21.65
3859,8,1,6,460,10,1,21,58.44,14.85,16.65,41.68
3860,4,5,5,336,16,3,26,30.57,3.62,6.38,31.01
3861,9,1,4,488,5,2,39,42.39,8.14,19.59,31.54
3862,2,4,2,435,7,1,25,37.63,0.74,15.52,18.96
3863,4,1,4,647,10,1,29,18.68,8.13,13.27,30.68
3864,2,0,3,548,20,0,20,52.7,0.0,10.53,8.86
3865,5,4,2,196,14,4,28,71.74,8.82,9.79,17.37
3866,1,4,2,137,15,4,37,38.89,6.28,24.31,23.59
3867,3,1,4,83,6,1,29,20.49,8.84,8.69,22.74
3868,1,5,5,207,5,0,31,72.95,0.0,8.65,0.0
3869,4,0,3,225,10,1,20,43.39,5.9,11.65,22.5
3870,2,5,5,189,9,3,40,50.95,10.27,0.0,33.76
3871,4,0,3,156,4,4,33,46.38,6.24,0.0,22.05
3872,8,0,3,504,18,0,20,19.81,7.82,14.68,22.83
3873,8,4,2,367,8,0,32,43.97,3.91,6.34,15.18
3874,0,5,5,264,1,0,39,29.26,0.0,3.43,1.58
3875,3,0,3,500,20,4,25,23.32,0.22,19.5,22.65
3876,3,4,2,670,5,0,33,32.94,4.38,0.0,17.17
3877,6,3,0,542,12,0,39,74.87,6.46,1.32,14.57
3878,1,1,4,668,21,4,37,3.43,7.89,8.56,29.44
3879,8,5,5,544,5,1,41,33.08,8.82,6.53,23.86
3880,6,3,0,455,17,0,18,62.75,0.86,14.41,18.19
3881,7,3,0,106,12,2,38,1.58,3.92,14.03,17.48
3882,1,1,6,697,8,1,41,76.94,2.66,5.48,19.42
3883,2,5,5,341,5,1,33,44.55,4.47,5.63,18.9
3884,5,2,1,268,3,2,41,78.2,7.14,12.32,22.82
3885,0,2,1,171,8,1,33,2.17,8.04,10.26,22.87
3886,4,2,1,623,5,0,21,44.81,3.44,12.67,14.7
3887,4,4,2,528,0,0,21,4.44,0.0,0.0,3.24
3888,1,0,3,369,0,1,25,12.2,0.0,15.77,11.6
3889,5,3,0,551,12,4,18,9.02,2.92,19.19,24.08
3890,4,2,1,574,14,0,34,27.81,7.72,12.26,15.2
3891,0,5,5,303,7,3,22,72.98,8.42,13.08,35.96
3892,9,0,3,194,1,2,26,66.73,2.56,12.38,21.78
3893,2,4,2,329,2,2,32,44.44,1.61,8.79,18.82
3894,1,3,0,614,13,2,26,19.93,5.89,0.0,20.44
3895,1,4,2,604,1,0,27,55.25,9.34,6.53,15.43
3896,6,1,6,674,0,2,37,50.27,6.33,24.3,37.6
3897,9,4,2,295,11,1,37,31.93,0.15,3.1,3.56
3898,9,3,0,214,3,4,41,73.77,1.31,16.36,22.37
3899,9,2,1,561,2,2,36,63.56,9.26,2.4,27.9
3900,9,4,2,358,12,1,29,45.84,4.76,10.03,11.03
3901,1,2,1,485,9,0,21,25.27,3.16,19.96,28.02
3902,2,4,2,218,23,0,38,46.19,2.2,1.9,10.76
3903,1,1,6,438,19,4,24,18.38,7.84,12.44,37.06
3904,3,4,2,686,14,2,34,65.76,1.46,12.28,18.11
3905,1,2,1,483,10,3,26,4.55,3.79,14.25,32.26
3906,0,2,1,111,21,4,29,0.47,8.32,5.45,24.93
3907,7,4,2,229,2,0,19,56.04,7.41,0.0,9.46
3908,7,2,1,91,1,1,37,17.07,4.11,7.29,9.85
3909,4,5,5,275,4,1,25,14.49,7.75,4.03,7.71
3910,4,1,6,640,9,0,40,0.44,0.0,6.18,18.7
3911,2,2,1,388,21,3,39,63.03,6.52,10.4,36.04
3912,7,1,4,80,20,3,19,58.12,4.15,16.1,31.56
3913,5,2,1,424,6,4,36,39.12,2.65,6.79,9.89
3914,8,3,0,503,13,3,20,44.72,5.81,0.0,12.02
3915,6,2,1,202,1,0,24,61.87,6.54,0.0,4.31
3916,8,5,5,429,3,4,32,42.12,7.19,0.0,21.22
3917,1,0,3,99,3,4,19,25.75,2.77,4.96,6.73
3918,0,2,1,433,21,0,29,32.98,9.93,0.0,21.57
3919,6,5,5,699,11,0,28,54.31,0.0,13.31,12.31
3920,4,5,5,579,3,0,38,11.85,5.18,13.27,5.32
3921,8,5,5,366,20,2,34,25.23,5.7,6.06,27.47
3922,8,2,1,87,13,1,39,68.63,7.86,8.51,16.78
3923,4,2,1,165,11,1,38,54.82,4.55,10.99,14.99
3924,7,4,2,162,7,0,30,77.39,5.05,6.57,12.28
3925,2,2,1,80,14,4,33,30.52,1.08,1.54,9.77
3926,6,3,0,585,1,4,37,49.49,1.11,3.81,22.12
3927,1,2,1,492,17,1,25,20.69,1.47,12.47,19.34
3928,7,0,3,619,10,2,19,38.65,4.6,4.77,31.78
3929,1,5,5,380,15,0,21,78.36,6.67,0.0,9.14
3930,6,4,2,198,11,1,26,34.31,4.88,12.77,15.41
3931,8,0,3,123,4,0,38,71.12,1.97,0.0,6.65
3932,3,1,6,517,13,3,20,56.79,7.7,0.0,24.1
3933,1,3,0,199,15,4,23,40.89,9.19,12.88,21.98
3934,0,2,1,445,20,4,22,59.9,5.01,2.93,23.52
3935,2,0,3,448,15,2,29,2.57,3.1,0.0,24.04
3936,1,3,0,212,21,4,33,28.91,7.98,12.25,30.59
3937,7,1,6,254,23,0,29,51.98,8.92,20.18,18.58
3938,0,5,5,267,13,4,37,23.27,6.18,0.0,9.04
3939,8,1,4,595,12,0,20,14.27,1.7,5.02,5.52
3940,9,1,6,558,16,4,22,9.19,3.72,0.0,13.6
3941,7,3,0,353,12,4,37,16.9,8.09,17.11,22.81
3942,6,4,2,263,21,1,19,40.43,0.0,17.0,13.17
3943,1,0,3,179,16,0,34,33.61,10.03,16.9,20.66
3944,6,1,4,614,21,0,30,41.71,2.5,13.71,19.32
3945,4,3,0,212,23,0,37,32.45,3.15,13.06,13.11
3946,6,1,4,638,11,0,37,54.94,7.47,5.61,18.36
3947,6,4,2,515,11,0,21,10.69,1.56,6.3,7.69
3948,6,3,0,565,2,4,20,22.08,7.75,17.92,32.15
3949,1,0,3,532,2,2,37,12.94,9.06,14.63,29.46
3950,3,0,3,216,13,0,20,26.46,6.56,13.63,14.84
3951,3,5,5,566,18,1,30,15.44,4.66,15.64,33.64
3952,5,2,1,394,11,1,40,15.98,6.17,9.28,9.55
3953,5,3,0,348,3,0,36,3.4,3.57,12.78,8.61
3954,1,4,2,587,3,4,27,5.96,11.35,3.91,21.25
3955,0,3,0,453,16,0,22,77.06,7.79,12.79,18.1
3956,6,1,6,628,21,4,37,31.8,4.81,13.85,25.39
3957,6,4,2,332,9,4,24,32.09,4.56,12.98,21.73
3958,1,1,6,336,10,0,24,21.58,6.25,11.23,26.32
3959,1,2,1,661,10,1,23,2.42,0.0,7.99,15.38
3960,0,2,1,586,11,3,28,35.61,6.84,10.27,29.96
3961,6,4,2,125,20,0,27,0.47,6.1,2.14,14.77
3962,2,5,5,381,21,1,24,32.46,2.24,0.09,6.69
3963,9,1,6,284,2,1,39,61.81,2.8,10.95,9.93
3964,2,5,5,235,16,4,33,0.96,5.14,11.46,16.1
3965,0,1,4,602,4,0,38,14.37,8.36,3.31,14.31
3966,2,0,3,692,6,3,19,45.32,10.96,0.0,28.94
3967,3,1,4,534,4,0,24,24.09,0.0,11.18,10.09
3968,2,2,1,342,18,1,18,62.2,0.99,11.12,20.24
3969,8,5,5,183,13,1,22,70.82,1.66,11.59,16.49
3970,6,1,4,90,23,1,18,42.61,5.33,8.11,11.65
3971,1,1,6,288,18,0,25,47.09,5.96,9.92,22.35
3972,6,4,2,541,1,0,18,30.72,1.14,15.39,10.04
3973,7,2,1,246,15,0,27,49.53,3.23,13.95,14.58
3974,3,1,6,280,7,0,22,27.51,2.03,0.62,7.35
3975,5,1,6,225,3,2,27,59.84,3.79,17.0,16.28
3976,6,5,5,602,14,0,26,69.28,9.72,22.81,20.43
3977,7,0,3,596,17,3,34,75.03,10.88,10.29,42.97
3978,0,1,6,609,1,4,21,66.9,8.17,0.0,19.05
3979,8,1,6,615,12,4,27,14.42,9.39,7.21,23.16
3980,8,1,4,434,5,0,40,14.13,6.52,1.58,8.32
3981,2,4,2,523,22,1,23,24.6,5.68,0.26,10.31
3982,2,3,0,690,13,0,26,68.21,4.93,9.27,12.24
3983,5,2,1,617,9,2,25,52.73,5.09,0.0,32.46
3984,7,2,1,413,20,0,24,35.11,5.61,4.45,15.89
3985,6,3,0,408,22,1,39,68.89,0.0,7.21,8.15
3986,6,0,3,124,16,0,31,18.14,3.08,23.92,18.37
3987,4,5,5,194,23,0,41,19.45,9.48,6.94,12.6
3988,6,1,4,268,7,1,40,29.72,5.19,14.43,25.07
3989,2,4,2,692,3,0,40,28.26,12.94,0.0,24.02
3990,4,1,6,243,12,1,29,25.18,7.46,13.03,15.84
3991,5,5,5,157,7,0,40,56.4,0.92,7.49,13.65
3992,3,0,3,660,5,4,39,11.69,9.01,9.9,20.66
3993,8,5,5,575,5,2,19,53.69,5.22,16.84,22.75
3994,9,5,5,480,1,1,30,36.12,4.96,5.03,15.47
3995,3,3,0,218,4,0,27,70.4,0.0,0.0,0.0
3996,7,1,6,280,9,4,39,76.64,4.29,9.92,24.52
3997,1,1,6,358,6,1,41,26.92,10.17,16.82,22.29
3998,9,4,2,500,3,0,41,67.5,9.54,8.27,18.3
3999,8,5,5,366,18,2,23,79.2,13.46,11.02,36.61
4000,1,4,2,618,14,4,35,34.01,4.25,4.81,18.66
4001,6,3,0,550,0,0,31,73.54,6.14,8.95,12.43
4002,5,2,1,306,6,0,37,16.05,8.15,0.0,10.66
4003,8,1,4,474,20,3,27,36.76,4.33,16.48,40.73
4004,3,3,0,237,22,0,39,63.03,4.44,11.07,18.79
4005,4,4,2,526,11,1,32,6.82,2.26,11.16,9.52
4006,5,0,3,179,20,2,22,36.35,0.0,16.09,17.54
4007,2,3,0,231,20,0,25,37.89,12.17,1.32,21.66
4008,9,1,4,443,21,0,24,28.44,8.18,2.61,14.12
4009,9,1,6,397,5,1,33,74.39,9.06,11.91,29.02
4010,0,4,2,397,13,0,34,3.26,1.98,12.71,18.76
4011,4,5,5,463,5,0,21,16.6,4.5,10.52,13.86
4012,1,3,0,181,2,0,31,61.16,1.31,0.0,2.83
4013,5,3,0,529,23,0,34,78.35,7.81,12.78,16.0
4014,1,1,4,655,16,1,32,29.62,7.34,21.4,19.95
4015,4,2,1,215,17,1,40,40.44,0.0,15.48,14.33
4016,1,0,3,237,9,2,32,24.97,0.0,14.64,28.16
4017,2,5,5,381,2,0,19,22.95,3.09,15.39,16.19
4018,5,1,4,344,6,3,20,24.96,1.58,6.54,20.81
4019,6,1,4,157,3,0,31,40.02,2.14,0.0,5.17
4020,4,4,2,654,11,1,36,1.04,4.67,12.66,13.37
4021,0,1,4,244,9,0,24,34.39,4.74,3.71,20.86
4022,2,4,2,177,13,4,37,37.27,5.8,16.5,19.07
4023,4,1,6,580,12,1,21,43.88,9.86,14.57,22.12
4024,1,2,1,279,3,1,19,26.43,5.64,4.74,11.03
4025,0,4,2,121,3,0,35,22.98,1.62,1.34,1.65
4026,7,1,6,416,11,1,20,27.06,9.69,12.91,15.78
4027,4,4,2,348,6,1,20,44.75,1.83,2.25,2.6
4028,9,5,5,86,2,1,25,24.16,0.0,9.8,10.26
4029,2,2,1,92,21,1,39,5.49,1.76,9.27,18.9
4030,4,1,4,462,8,0,34,54.22,1.99,0.14,18.37
4031,3,4,2,134,18,1,30,33.92,2.41,2.3,9.53
4032,4,5,5,165,13,2,29,48.28,0.47,15.24,23.67
4033,2,1,6,592,7,0,18,23.98,7.03,12.16,32.17
4034,2,3,0,142,16,0,40,43.8,4.49,9.65,10.05
4035,0,4,2,410,23,4,21,45.56,2.22,7.92,17.73
4036,5,4,2,475,22,1,37,67.03,3.31,2.26,15.69
4037,2,3,0,699,18,0,35,1.05,3.95,9.12,17.94
4038,9,3,0,100,4,0,19,70.06,5.3,0.0,6.63
4039,5,0,3,473,9,0,27,41.61,0.0,0.87,13.36
4040,8,0,3,112,5,4,20,37.85,9.6,19.31,27.2
4041,7,0,3,217,18,1,25,35.98,0.0,0.0,8.44
4042,5,1,6,160,0,0,33,16.87,1.29,0.0,1.36
4043,3,1,6,211,6,1,36,46.7,0.0,2.96,1.89
4044,1,3,0,679,13,0,36,6.63,5.1,4.7,14.76
4045,6,0,3,377,3,0,20,66.52,4.65,0.0,11.74
4046,3,1,4,305,9,2,23,11.36,13.65,4.59,36.54
4047,8,3,0,573,23,2,20,45.07,3.13,4.56,14.81
4048,6,2,1,191,23,0,30,3.38,8.87,3.7,12.02
4049,5,1,6,551,7,0,25,61.91,3.8,12.75,25.78
4050,1,1,6,183,11,4,34,47.65,3.14,14.02,16.57
4051,4,2,1,124,15,1,36,43.43,5.05,12.31,20.15
4052,7,4,2,658,23,0,35,0.28,6.23,11.56,17.0
4053,3,4,2,147,17,1,21,63.78,0.0,3.8,9.96
4054,4,2,1,167,9,0,25,70.39,11.6,4.16,24.89
4055,5,0,3,150,0,0,25,72.3,3.99,13.77,11.15
4056,6,0,3,648,6,0,29,37.19,2.05,0.0,4.02
4057,4,2,1,598,14,0,21,65.52,4.51,0.0,11.07
4058,2,2,1,597,11,0,33,21.09,0.0,2.16,9.58
4059,2,4,2,565,13,4,20,6.73,4.09,6.87,27.02
4060,4,4,2,667,16,0,28,11.06,6.67,12.09,15.58
4061,8,4,2,304,17,3,25,28.7,8.46,5.18,31.78
4062,4,5,5,356,15,0,27,23.81,0.41,12.31,3.42
4063,2,2,1,110,11,0,23,55.77,4.38,6.43,7.91
4064,6,5,5,116,8,4,26,49.06,4.85,8.09,30.13
4065,8,4,2,696,9,0,21,5.85,5.83,1.08,14.36
4066,6,5,5,328,12,3,20,4.86,5.33,2.49,27.94
4067,4,1,4,368,13,4,28,15.04,0.0,26.4,11.66
4068,8,5,5,636,19,0,32,67.82,0.0,4.54,12.78
4069,2,1,4,187,4,0,40,52.44,7.58,0.0,14.98
4070,5,1,6,252,12,0,27,33.15,3.77,0.0,5.13
4071,2,5,5,527,6,2,30,57.87,4.26,0.0,21.17
4072,1,0,3,151,21,0,40,43.21,5.49,13.15,11.91
4073,8,5,5,434,14,0,30,13.76,3.48,5.64,5.72
4074,3,5,5,476,9,0,40,31.85,1.0,8.74,22.88
4075,8,0,3,161,19,3,38,75.79,3.76,0.0,28.68
4076,0,4,2,360,16,0,28,35.6,0.0,12.6,10.59
4077,4,1,4,142,10,1,24,47.0,2.3,12.4,16.85
4078,7,5,5,272,2,0,23,3.7,14.78,1.8,23.94
4079,0,5,5,185,5,3,41,10.56,4.72,16.14,17.95
4080,3,2,1,554,0,0,38,62.51,7.82,14.04,20.7
4081,4,5,5,81,14,1,30,65.52,8.05,17.81,23.35
4082,6,1,4,175,20,2,37,35.62,2.58,0.0,22.84
4083,8,1,4,105,1,1,23,70.24,7.91,8.42,12.93
4084,4,3,0,378,4,4,37,66.96,4.68,0.0,16.51
4085,4,0,3,538,1,1,26,2.9,12.01,22.86,27.92
4086,2,0,3,207,18,1,30,25.37,9.01,6.62,25.98
4087,1,2,1,280,3,0,21,39.78,10.64,8.8,10.98
4088,8,3,0,646,11,2,19,42.93,5.39,0.0,21.75
4089,0,5,5,622,20,0,36,30.17,7.86,0.0,22.37
4090,6,2,1,117,7,0,23,79.48,7.54,14.86,20.14
4091,8,1,4,231,22,0,24,5.52,8.22,10.24,6.05
4092,7,0,3,679,0,0,28,15.66,10.71,12.05,16.86
4093,0,1,6,440,14,0,25,68.97,4.96,24.0,22.8
4094,4,2,1,394,12,0,35,62.97,8.0,17.06,14.66
4095,4,1,6,475,9,0,29,76.49,3.11,6.5,11.48
4096,4,4,2,304,7,3,18,62.84,0.0,16.08,33.94
4097,1,2,1,136,6,0,30,39.53,9.91,0.0,8.12
4098,9,5,5,81,19,0,35,49.92,9.27,7.0,23.86
4099,4,0,3,189,16,0,19,58.23,1.44,9.13,12.63
4100,9,0,3,552,18,1,37,47.76,0.0,7.49,20.78
4101,6,1,4,583,19,1,30,69.72,3.71,9.03,25.1
4102,6,2,1,99,21,0,31,8.47,12.65,18.62,28.06
4103,8,3,0,387,18,4,31,73.08,8.12,1.29,17.89
4104,3,1,4,665,2,3,37,16.29,0.0,5.49,24.23
4105,0,3,0,97,7,1,27,41.07,8.18,24.97,32.41
4106,6,2,1,398,2,2,41,57.5,1.24,11.18,20.15
4107,6,0,3,630,7,1,22,67.91,6.98,0.0,28.07
4108,9,3,0,690,0,4,30,30.5,7.33,4.71,22.0
4109,1,0,3,623,8,0,35,8.36,1.83,10.75,14.74
4110,2,1,4,439,21,0,22,65.01,10.14,14.04,14.13
4111,7,1,4,539,12,0,27,48.9,1.69,11.84,4.82
4112,7,3,0,583,18,0,29,78.52,6.39,6.34,15.86
4113,7,1,6,316,6,0,27,39.98,9.27,8.2,12.62
4114,8,3,0,646,20,0,26,58.07,0.0,17.12,12.71
4115,3,3,0,461,1,1,34,43.32,6.49,7.34,20.62
4116,4,2,1,361,13,1,23,56.97,3.91,13.29,20.79
4117,9,1,4,695,7,1,33,35.52,6.61,9.19,28.23
4118,3,2,1,187,23,0,18,53.39,4.76,9.2,12.23
4119,2,5,5,356,2,2,39,56.35,8.24,8.87,25.12
4120,4,0,3,317,15,0,35,56.8,0.37,10.96,0.83
4121,9,1,6,96,4,0,40,32.42,6.42,7.82,18.73
4122,6,5,5,180,12,0,39,28.1,5.97,10.3,8.1
4123,2,0,3,456,11,0,37,63.58,3.69,5.6,9.04
4124,5,0,3,345,18,0,29,65.96,1.5,8.51,18.56
4125,7,3,0,698,13,0,39,19.64,3.36,21.5,23.86
4126,4,2,1,348,1,1,32,53.55,4.26,13.83,17.59
4127,5,1,6,453,23,0,18,38.15,7.07,18.63,23.89
4128,8,5,5,149,4,3,30,27.99,6.28,6.97,21.81
4129,6,1,6,99,2,1,25,62.64,3.43,18.28,13.78
4130,6,3,0,551,2,0,30,49.86,0.0,8.13,11.77
4131,8,5,5,289,21,1,29,33.76,5.41,5.99,23.93
4132,5,0,3,379,20,0,27,55.33,5.1,12.84,22.2
4133,3,1,6,165,3,4,39,36.14,4.07,1.58,8.01
4134,9,1,4,340,20,1,38,45.73,2.62,3.27,18.55
4135,1,0,3,322,12,0,28,53.28,8.62,14.47,13.46
4136,7,0,3,539,10,3,38,60.26,3.75,8.85,34.54
4137,9,0,3,80,7,0,36,7.49,13.43,14.24,22.82
4138,0,2,1,531,19,4,38,8.23,3.01,6.45,18.84
4139,0,4,2,567,22,0,37,1.26,5.87,0.66,12.04
4140,3,3,0,104,19,4,33,79.02,3.3,14.46,26.16
4141,6,1,6,555,12,1,38,54.7,4.51,7.84,18.73
4142,7,1,4,588,23,0,26,59.31,0.0,4.55,8.77
4143,8,4,2,579,4,2,21,74.98,1.98,24.67,19.76
4144,4,2,1,234,22,2,20,29.16,4.49,6.06,17.57
4145,9,0,3,380,9,1,36,76.46,3.6,32.63,34.12
4146,7,1,6,660,14,2,18,23.5,3.39,0.91,18.76
4147,7,0,3,190,4,2,37,75.6,10.32,13.34,23.24
4148,0,3,0,254,13,1,30,4.93,13.16,14.86,23.98
4149,2,4,2,683,23,0,27,58.99,8.36,7.94,17.0
4150,0,1,6,668,10,4,38,18.3,1.41,15.31,26.76
4151,1,1,6,393,0,0,36,75.08,10.57,8.97,18.16
4152,1,1,4,212,16,1,23,38.21,9.01,18.9,25.56
4153,0,4,2,93,0,4,26,35.22,3.59,7.51,21.79
4154,2,3,0,262,9,0,38,6.28,6.84,11.6,18.01
4155,7,0,3,424,11,0,21,20.38,4.53,0.0,7.8
4156,6,3,0,661,18,1,19,1.5,5.58,18.61,23.87
4157,1,0,3,696,13,4,41,22.09,12.02,5.06,34.49
4158,1,4,2,96,16,3,36,39.07,7.11,0.0,23.9
4159,9,0,3,562,4,0,30,24.17,3.26,0.48,0.34
4160,7,4,2,631,7,4,24,50.44,8.54,17.35,35.35
4161,8,0,3,270,17,0,24,9.02,2.2,1.83,19.25
4162,2,3,0,157,2,0,26,30.19,0.0,7.73,0.0
4163,3,0,3,432,22,1,23,44.52,0.0,5.85,5.77
4164,8,1,4,398,23,0,21,67.29,9.27,17.07,28.1
4165,6,0,3,552,14,0,22,67.3,1.65,4.33,16.57
4166,1,5,5,647,2,4,29,40.73,1.23,12.67,16.43
4167,9,2,1,224,5,0,39,18.29,0.0,6.41,6.91
4168,7,4,2,554,11,0,40,79.64,0.97,5.18,4.09
4169,7,2,1,217,8,4,25,38.74,0.17,16.91,20.6
4170,3,1,6,501,7,0,41,41.7,8.36,5.79,23.39
4171,0,1,6,421,11,2,23,20.55,0.78,10.82,22.96
4172,0,4,2,416,11,1,18,36.91,0.7,8.57,15.63
4173,5,1,6,424,10,1,39,67.07,4.04,0.0,17.52
4174,0,0,3,287,16,4,27,23.52,3.26,5.54,13.63
4175,9,3,0,455,22,0,25,48.68,4.44,0.0,5.62
4176,3,1,4,97,13,0,35,24.67,6.46,0.0,4.52
4177,7,0,3,640,16,1,23,4.1,4.94,8.21,14.99
4178,1,4,2,457,22,0,24,49.32,5.53,10.46,13.99
4179,9,4,2,321,13,1,20,52.77,9.72,12.44,29.18
4180,0,1,4,689,13,0,36,60.74,0.0,6.56,5.46
4181,5,3,0,635,4,0,29,36.29,3.02,11.88,18.83
4182,9,1,4,268,4,2,22,27.83,6.44,20.15,28.04
4183,3,4,2,649,1,1,41,42.3,3.66,7.37,15.44
4184,0,0,3,612,20,0,36,0.92,3.4,9.44,17.41
4185,8,2,1,427,9,1,32,10.51,1.55,3.13,20.82
4186,6,1,6,237,7,3,31,25.2,2.16,11.78,37.84
4187,2,1,4,218,7,0,24,29.72,2.66,11.11,16.49
4188,7,1,6,498,18,4,31,37.77,5.71,10.01,32.36
4189,6,3,0,468,14,1,25,0.33,3.0,2.05,9.54
4190,9,5,5,540,9,1,18,18.1,2.62,5.89,28.89
4191,2,3,0,633,4,1,38,71.06,0.91,8.73,10.89
4192,8,0,3,478,14,0,26,49.55,3.35,5.89,6.54
4193,2,0,3,344,15,1,39,46.35,3.54,11.32,14.38
4194,8,3,0,646,9,3,19,37.62,6.02,0.0,31.31
4195,5,3,0,268,11,0,41,25.45,5.46,11.16,14.59
4196,4,0,3,691,22,0,35,59.59,3.9,5.56,13.43
4197,0,5,5,465,18,0,31,47.14,8.54,0.0,16.29
4198,7,4,2,486,8,4,22,75.71,3.74,11.15,28.85
4199,0,2,1,99,1,3,31,58.93,6.8,6.96,28.76
4200,7,1,4,252,7,1,28,38.67,5.94,1.67,12.95
4201,4,1,4,616,15,2,27,24.99,0.45,18.93,23.29
4202,8,5,5,298,3,2,24,18.41,4.63,17.84,21.57
4203,0,5,5,638,23,0,35,55.84,5.86,6.63,16.71
4204,3,4,2,598,12,1,27,23.03,2.2,8.15,12.5
4205,0,1,4,367,19,1,39,31.03,3.12,0.0,11.17
4206,3,4,2,524,22,0,24,57.54,8.67,8.07,17.08
4207,8,3,0,437,20,0,20,6.45,6.88,1.57,21.96
4208,1,1,4,404,10,4,29,24.88,4.16,16.54,24.6
4209,5,1,6,580,16,0,37,77.25,9.86,4.38,19.94
4210,9,2,1,493,1,4,26,42.76,0.84,17.47,14.82
4211,1,5,5,361,16,1,22,50.91,7.72,0.82,14.62
4212,7,1,6,472,10,0,34,54.44,3.75,4.68,22.63
4213,5,2,1,199,6,4,18,78.72,1.63,2.48,10.03
4214,1,4,2,152,14,1,20,60.27,2.58,2.58,2.35
4215,1,4,2,592,23,1,30,39.36,16.33,11.31,31.87
4216,0,4,2,269,10,1,22,36.55,5.68,9.35,27.7
4217,5,5,5,395,12,0,36,62.44,5.02,16.21,9.82
4218,9,4,2,331,12,0,24,67.85,7.23,10.14,11.62
4219,8,2,1,243,9,2,21,63.57,11.25,0.0,35.35
4220,0,3,0,699,23,0,39,39.09,7.1,10.64,15.5
4221,7,3,0,632,2,1,32,52.02,0.0,4.27,8.2
4222,4,0,3,598,20,0,40,52.21,4.86,6.73,15.77
4223,2,4,2,360,19,2,30,67.56,0.0,10.28,25.84
4224,6,4,2,623,7,2,28,25.03,13.3,12.04,50.21
4225,0,5,5,472,21,0,36,60.46,5.57,0.0,11.43
4226,5,1,6,553,17,0,31,78.65,2.27,16.54,20.77
4227,1,3,0,323,8,0,33,6.13,8.32,0.0,15.99
4228,0,0,3,648,19,3,24,67.38,4.02,0.0,25.45
4229,5,1,6,241,5,0,40,24.89,0.0,15.9,6.59
4230,1,1,6,676,21,4,26,1.38,6.47,10.36,24.81
4231,8,4,2,599,20,2,41,17.26,2.95,14.92,35.03
4232,1,5,5,330,15,1,25,38.07,7.0,0.0,15.91
4233,1,2,1,300,3,0,20,20.68,5.66,5.66,6.77
4234,0,0,3,450,8,0,32,16.42,6.75,0.0,17.86
4235,1,2,1,647,9,1,26,10.3,0.45,7.01,13.84
4236,4,1,4,296,8,0,19,56.65,4.86,19.68,22.5
4237,1,5,5,685,3,4,35,69.22,9.93,8.92,22.88
4238,4,0,3,354,7,1,32,51.64,2.75,2.63,15.92
4239,8,0,3,336,3,4,35,33.61,2.71,3.47,16.82
4240,6,1,4,154,21,1,41,26.84,10.18,5.69,23.95
4241,2,1,6,300,18,0,20,63.72,0.0,6.53,22.41
4242,8,1,4,265,9,1,39,69.18,0.0,10.27,19.43
4243,9,0,3,565,18,1,22,48.38,1.92,2.16,26.64
4244,6,5,5,179,19,0,41,3.99,4.7,22.65,18.6
4245,6,2,1,377,22,0,32,65.46,7.42,11.94,16.98
4246,2,1,6,488,13,4,20,8.94,6.95,5.24,22.42
4247,9,1,6,657,8,4,22,50.68,5.02,5.15,31.83
4248,7,5,5,696,12,0,20,45.05,2.41,7.33,12.29
4249,2,4,2,325,12,0,36,33.84,13.42,6.18,23.85
4250,6,5,5,193,18,0,18,30.65,6.32,6.84,19.5
4251,4,4,2,244,1,0,22,25.17,1.9,12.8,9.43
4252,9,3,0,246,22,0,32,79.36,5.25,15.65,15.8
4253,6,2,1,101,19,0,28,18.38,11.96,0.0,19.24
4254,6,1,6,351,7,0,22,71.49,0.0,0.0,9.7
4255,5,2,1,344,8,1,26,14.1,6.39,6.31,25.17
4256,5,3,0,132,0,0,25,49.09,7.82,0.0,6.04
4257,4,1,6,280,18,0,32,53.25,1.49,0.0,15.96
4258,3,0,3,178,1,3,34,43.01,5.17,0.0,20.56
4259,2,1,4,253,22,0,34,2.93,10.83,12.75,26.53
4260,4,5,5,507,10,1,38,5.74,0.0,7.73,12.68
4261,8,4,2,254,3,2,32,52.85,4.7,6.84,21.08
4262,9,1,4,313,5,2,22,43.27,0.0,11.35,18.34
4263,9,3,0,681,4,2,23,9.47,0.0,5.08,23.79
4264,9,4,2,306,20,1,21,1.08,0.0,16.7,21.42
4265,2,1,4,546,8,0,32,9.73,0.0,12.78,22.6
4266,5,0,3,508,19,0,19,69.87,0.0,1.3,13.75
4267,2,2,1,398,6,0,26,50.41,3.22,8.71,5.23
4268,0,0,3,454,21,0,35,21.94,3.64,6.23,21.42
4269,2,4,2,337,11,1,40,11.39,0.0,9.13,6.15
4270,4,3,0,88,14,0,26,16.98,3.62,10.79,3.35
4271,0,5,5,135,14,1,31,68.41,3.41,9.89,9.33
4272,3,3,0,625,21,3,33,14.61,4.89,3.25,31.19
4273,9,3,0,460,21,0,33,9.6,8.37,13.71,25.57
4274,6,2,1,516,17,4,18,42.37,1.09,8.37,26.24
4275,0,5,5,201,5,4,19,72.07,0.0,0.13,7.3
4276,5,2,1,267,10,0,40,32.88,6.41,5.89,22.65
4277,1,2,1,419,18,1,35,21.61,2.02,12.15,18.98
4278,2,5,5,605,8,1,36,72.82,0.32,11.84,20.61
4279,8,3,0,373,0,2,36,19.52,3.92,7.77,20.87
4280,2,3,0,554,17,1,23,21.97,4.8,14.84,30.99
4281,3,1,6,567,12,0,39,54.57,9.43,13.49,16.95
4282,7,1,6,205,2,0,18,26.11,10.36,5.19,10.99
4283,1,5,5,399,22,4,24,79.91,13.12,16.02,29.22
4284,5,0,3,667,12,2,25,7.8,13.03,16.36,30.61
4285,6,5,5,108,20,1,37,27.68,6.6,2.99,15.48
4286,7,0,3,664,2,0,19,55.43,6.51,18.43,23.91
4287,9,2,1,610,3,2,39,8.47,10.14,3.47,32.07
4288,0,1,6,344,19,1,29,76.37,6.91,6.81,23.05
4289,7,5,5,380,6,1,27,38.96,6.13,10.19,12.99
4290,7,4,2,516,5,1,35,76.67,4.82,17.1,16.63
4291,3,1,6,566,2,1,38,47.79,6.71,7.6,16.48
4292,9,1,6,130,18,0,40,5.0,2.88,0.27,4.52
4293,0,0,3,359,2,1,31,60.4,5.39,8.21,16.13
4294,3,0,3,270,21,2,36,69.73,5.28,12.21,31.61
4295,8,1,4,116,2,1,27,54.43,9.66,8.87,16.15
4296,5,5,5,240,23,0,40,73.98,8.21,13.4,14.09
4297,4,1,6,676,0,0,30,14.45,0.0,3.49,5.19
4298,3,4,2,346,17,1,31,44.25,3.98,0.0,7.68
4299,8,0,3,500,1,1,23,61.84,1.44,0.0,9.5
4300,5,4,2,511,18,2,24,30.45,9.8,6.79,34.36
4301,9,0,3,147,18,0,32,37.23,1.81,9.03,0.43
4302,2,1,4,82,8,1,41,75.94,8.09,0.0,16.78
4303,4,0,3,510,6,0,19,15.21,8.5,17.26,17.3
4304,4,2,1,592,6,4,22,37.88,7.82,0.0,22.26
4305,1,0,3,306,19,1,24,54.64,2.47,3.15,7.12
4306,9,1,6,326,2,3,21,58.06,2.92,0.0,24.62
4307,2,1,6,265,13,0,38,4.84,9.11,1.88,18.45
4308,1,0,3,274,11,0,29,58.56,10.09,13.98,20.4
4309,5,5,5,492,8,0,25,70.89,10.82,0.0,17.55
4310,2,0,3,457,6,2,36,17.95,4.63,7.08,19.29
4311,4,1,4,300,16,1,22,77.71,1.19,2.95,3.02
4312,4,3,0,95,4,2,32,17.21,6.55,16.48,28.28
4313,7,2,1,339,4,3,27,8.97,4.83,6.67,22.51
4314,7,2,1,191,19,1,33,40.71,8.36,7.18,14.06
4315,5,1,4,166,13,0,35,19.11,3.99,21.41,13.61
4316,4,0,3,496,21,0,26,72.42,0.0,11.43,9.75
4317,7,1,4,593,13,4,38,15.66,6.85,5.53,27.12
4318,3,0,3,278,3,2,27,79.13,4.71,11.05,27.1
4319,9,1,6,698,2,1,24,79.41,5.24,16.25,15.19
4320,9,1,4,608,18,1,40,76.31,1.0,8.22,11.8
4321,5,3,0,248,14,3,25,11.01,2.91,5.06,22.96
4322,8,4,2,394,10,0,24,16.48,2.44,7.51,21.12
4323,4,4,2,171,9,0,36,71.73,0.81,6.75,17.32
4324,9,2,1,322,17,2,38,49.25,1.94,1.95,25.37
4325,0,1,6,123,15,1,20,45.06,7.54,17.27,19.87
4326,2,5,5,460,3,0,22,70.73,0.9,6.56,3.96
4327,4,3,0,473,3,4,38,49.12,2.17,5.92,19.95
4328,5,5,5,213,6,4,22,47.52,5.27,4.7,19.01
4329,0,1,4,484,18,0,23,35.91,3.64,6.89,17.31
4330,4,3,0,463,16,1,23,10.46,7.74,0.48,20.76
4331,2,2,1,546,5,1,32,79.14,8.75,3.04,18.45
4332,8,2,1,325,12,1,34,37.78,8.24,0.0,20.06
4333,7,3,0,152,5,0,36,66.44,8.63,15.12,7.74
4334,7,0,3,504,23,2,35,8.65,0.0,11.43,23.56
4335,8,2,1,113,14,2,18,8.34,2.52,6.9,16.97
4336,4,0,3,537,1,4,37,54.34,7.78,7.8,26.04
4337,0,2,1,220,23,3,36,37.26,6.27,10.7,28.65
4338,9,5,5,652,21,1,36,47.91,1.68,3.41,20.69
4339,6,3,0,581,22,2,37,47.76,0.0,4.22,23.36
4340,4,2,1,110,3,3,28,40.34,0.0,13.75,28.14
4341,0,3,0,506,22,1,37,59.41,8.3,11.6,16.39
4342,1,5,5,336,12,0,23,21.62,8.16,12.35,14.24
4343,9,1,4,638,12,1,21,72.85,8.53,18.73,26.75
4344,3,1,4,582,7,0,24,30.84,4.09,9.78,17.11
4345,9,1,6,251,18,0,40,23.77,3.77,3.0,14.8
4346,5,4,2,697,2,4,31,25.98,14.05,7.0,22.94
4347,5,3,0,482,15,0,20,61.16,0.9,6.78,5.84
4348,4,4,2,92,10,0,22,65.51,5.92,11.0,26.46
4349,6,5,5,501,1,2,41,60.78,0.0,17.31,12.13
4350,9,1,4,276,15,0,20,0.76,1.23,25.93,20.86
4351,6,1,6,520,15,0,23,2.54,1.75,5.54,6.26
4352,1,3,0,402,16,4,24,28.01,10.31,6.47,23.0
4353,8,2,1,448,7,4,19,60.53,7.68,7.89,33.47
4354,4,1,6,669,7,4,20,53.35,4.73,5.84,23.99
4355,1,1,4,269,14,0,32,16.98,1.84,10.18,11.94
4356,4,2,1,657,7,0,22,21.6,0.58,5.5,24.72
4357,7,5,5,476,18,0,24,39.66,9.72,0.0,18.37
4358,8,1,6,109,1,0,33,69.46,4.87,12.64,10.21
4359,3,1,6,194,1,0,38,47.66,3.72,11.13,10.69
4360,9,2,1,398,20,1,38,32.33,1.62,13.53,20.87
4361,4,0,3,330,21,4,27,19.97,7.66,0.0,22.15
4362,8,4,2,588,7,2,34,28.47,0.0,2.12,15.6
4363,9,2,1,548,3,0,23,18.01,11.6,0.0,13.74
4364,0,4,2,461,15,0,28,17.06,2.76,7.35,13.28
4365,4,5,5,689,22,2,37,58.24,3.68,9.58,23.25
4366,4,1,4,297,1,0,26,32.14,7.1,9.73,15.1
4367,4,5,5,451,6,4,33,76.61,5.08,0.0,18.72
4368,6,1,6,285,5,0,39,73.4,1.59,20.62,8.0
4369,8,1,6,466,13,0,28,41.91,5.62,11.52,12.01
4370,6,0,3,688,1,2,36,52.76,5.48,13.51,26.44
4371,7,0,3,358,5,0,27,28.62,9.8,4.8,12.03
4372,1,1,6,193,21,0,26,10.24,5.05,7.71,15.49
4373,7,1,6,285,20,0,27,35.58,5.66,8.89,21.84
4374,9,5,5,101,16,1,35,43.5,1.99,3.84,2.39
4375,8,5,5,120,13,1,37,11.95,6.75,8.09,12.54
4376,6,1,6,354,5,1,31,65.69,18.64,14.29,21.76
4377,4,4,2,491,7,1,36,28.51,5.89,3.36,19.53
4378,1,0,3,464,17,0,25,40.88,3.69,0.0,12.93
4379,6,0,3,231,12,3,38,66.25,0.0,8.68,24.75
4380,2,1,4,274,21,2,36,55.47,2.42,0.0,22.63
4381,1,3,0,486,0,0,32,9.84,3.4,9.37,8.36
4382,6,4,2,574,17,1,31,43.61,0.6,10.09,16.77
4383,9,3,0,136,5,0,34,54.47,4.7,10.45,12.56
4384,0,2,1,136,15,3,26,30.94,1.08,5.17,18.91
4385,1,4,2,211,4,0,30,61.46,4.8,10.84,13.26
4386,8,5,5,590,6,0,41,59.13,0.0,4.28,4.51
4387,7,3,0,130,22,0,25,60.91,3.36,6.77,5.08
4388,7,3,0,211,12,0,32,63.34,0.49,5.39,8.04
4389,4,1,4,670,15,1,36,28.69,0.02,9.36,14.44
4390,8,5,5,205,10,1,27,52.27,3.75,3.64,9.5
4391,9,4,2,95,4,3,25,61.2,5.29,0.0,17.85
4392,2,1,6,356,8,1,24,67.82,2.72,4.5,18.04
4393,8,5,5,249,8,3,25,37.42,9.01,0.0,37.47
4394,4,1,6,506,10,1,29,17.65,11.05,7.78,26.16
4395,7,0,3,199,14,0,36,40.58,12.66,13.92,21.39
4396,1,4,2,517,9,0,21,4.72,7.47,5.71,22.84
4397,9,3,0,246,13,1,23,42.92,4.15,5.68,10.77
4398,8,2,1,159,17,3,26,2.25,10.35,4.69,27.89
4399,5,2,1,661,3,0,41,25.37,6.76,0.0,10.34
4400,1,3,0,254,3,0,27,59.87,2.07,0.15,0.73
4401,2,3,0,251,6,0,32,35.67,8.16,19.26,22.29
4402,8,2,1,453,23,2,29,44.85,2.01,6.17,23.33
4403,4,3,0,618,9,1,19,53.39,0.2,13.42,22.11
4404,7,2,1,120,12,1,22,18.27,0.0,0.0,0.0
4405,2,1,4,107,22,0,20,79.05,6.25,2.21,13.01
4406,7,1,6,625,7,3,41,77.39,0.83,11.14,29.11
4407,7,3,0,643,22,3,19,54.01,4.79,10.57,20.18
4408,2,5,5,282,4,4,39,55.09,7.67,22.44,27.13
4409,4,3,0,205,23,0,30,7.66,4.97,11.92,12.39
4410,1,2,1,144,18,2,32,14.45,11.61,7.89,29.97
4411,3,1,4,285,12,2,27,60.28,8.33,13.49,23.47
4412,0,5,5,523,21,0,19,67.74,12.8,3.42,26.37
4413,8,5,5,272,20,0,38,17.83,5.18,14.05,21.2
4414,8,1,6,262,15,3,19,1.06,9.52,0.0,26.91
4415,5,4,2,167,19,1,32,1.1,9.48,9.31,21.8
4416,4,2,1,285,8,0,34,72.1,3.45,6.59,14.25
4417,0,5,5,652,6,0,21,36.84,5.78,19.17,11.19
4418,0,3,0,91,9,0,29,73.8,4.77,14.9,30.2
4419,3,0,3,444,11,0,28,23.07,12.57,6.51,18.14
4420,4,0,3,283,4,1,26,45.94,9.41,5.96,11.02
4421,4,3,0,545,7,0,37,1.01,0.0,1.25,11.95
4422,4,1,6,419,0,0,31,57.17,4.72,11.12,11.66
4423,7,1,6,649,23,1,21,72.36,4.61,18.56,22.73
4424,3,0,3,516,20,1,22,15.27,6.05,6.89,17.71
4425,2,5,5,377,0,0,33,73.59,4.68,1.78,9.75
4426,7,3,0,427,21,1,22,16.9,3.89,4.51,18.56
4427,0,0,3,442,18,0,21,70.49,9.4,8.06,20.66
4428,3,1,4,260,2,0,37,6.97,6.68,10.53,14.84
4429,3,1,6,423,13,1,27,48.94,4.54,13.4,11.48
4430,4,2,1,633,2,0,37,10.11,6.05,21.2,17.51
4431,5,5,5,500,17,0,30,10.57,2.72,5.25,19.46
4432,2,2,1,611,22,0,28,40.39,9.3,19.91,18.33
4433,3,2,1,584,16,3,30,13.94,7.58,18.61,35.87
4434,3,5,5,300,9,4,39,77.74,2.0,14.7,24.78
4435,0,4,2,221,11,0,29,30.87,0.0,15.09,10.93
4436,3,1,4,635,10,1,33,49.08,0.0,6.87,20.21
4437,9,5,5,425,17,0,22,48.22,5.77,24.06,30.06
4438,1,3,0,255,1,1,29,54.26,5.74,3.04,15.66
4439,5,4,2,297,14,2,38,54.74,9.99,9.59,22.67
4440,2,3,0,167,12,0,40,67.96,13.29,4.18,12.86
4441,8,1,4,465,16,1,24,50.58,5.63,8.23,0.0
4442,4,5,5,681,1,2,31,49.35,3.97,14.94,27.43
4443,2,5,5,280,19,1,41,43.2,3.18,5.74,13.45
4444,3,1,4,395,7,0,22,75.24,2.44,10.95,18.67
4445,0,4,2,176,10,1,26,78.33,7.01,2.73,22.54
4446,5,2,1,490,21,0,37,6.1,0.0,4.17,14.24
4447,4,5,5,512,15,1,25,24.05,7.98,5.75,23.26
4448,3,5,5,233,17,4,25,8.07,6.05,17.95,25.48
4449,2,1,4,137,17,0,35,11.4,0.0,19.34,12.04
4450,0,1,6,423,2,0,33,14.72,9.37,4.81,16.15
4451,5,1,6,386,14,3,22,68.0,5.58,4.07,29.75
4452,2,4,2,377,21,0,31,4.34,0.0,12.7,16.28
4453,9,2,1,518,21,0,32,40.68,1.9,27.13,28.14
4454,9,1,6,218,23,4,19,71.59,4.54,23.12,22.11
4455,9,0,3,371,18,3,41,77.66,0.0,0.0,19.02
4456,2,0,3,302,22,4,35,69.23,11.54,0.13,31.18
4457,2,4,2,232,10,2,38,70.52,1.48,7.62,24.05
4458,5,2,1,641,5,0,30,0.99,5.15,14.55,14.1
4459,4,2,1,470,12,1,24,26.29,5.51,13.53,18.47
4460,5,1,4,387,15,0,18,56.7,1.49,9.53,11.55
4461,4,5,5,616,17,0,26,6.29,0.0,9.04,22.44
4462,3,4,2,83,23,3,18,59.37,2.25,5.5,20.87
4463,0,1,4,151,21,4,29,50.32,5.6,10.4,20.02
4464,8,2,1,135,20,4,29,64.36,0.0,7.91,19.96
4465,5,1,6,344,14,3,20,21.29,7.55,6.15,32.1
4466,3,1,4,106,21,0,23,28.27,5.66,0.08,16.69
4467,8,0,3,374,16,0,37,26.18,6.37,12.91,16.17
4468,6,2,1,589,22,3,24,48.79,1.3,10.91,19.01
4469,1,3,0,96,17,0,28,55.03,3.87,4.89,14.74
4470,6,4,2,240,14,0,23,52.61,0.0,7.41,11.18
4471,8,2,1,153,22,4,35,6.35,4.13,18.33,14.85
4472,4,5,5,555,20,0,25,65.0,8.67,0.0,14.24
4473,0,3,0,404,21,0,26,9.01,5.85,8.92,22.82
4474,9,3,0,160,22,0,22,29.32,3.51,0.0,6.82
4475,4,2,1,678,22,1,22,12.26,6.53,11.14,17.75
4476,5,4,2,278,23,0,39,37.83,6.47,6.54,12.52
4477,3,0,3,516,14,1,33,12.12,0.0,9.66,13.47
4478,8,3,0,420,4,4,37,17.41,6.47,4.87,18.51
4479,6,3,0,593,15,4,39,39.93,1.1,20.0,22.59
4480,9,0,3,240,9,3,21,70.79,2.99,1.8,30.2
4481,0,1,4,247,10,0,31,73.09,4.46,9.67,14.85
4482,1,1,4,326,11,1,28,69.67,4.9,11.06,18.55
4483,8,0,3,576,1,0,30,58.39,1.98,10.77,13.85
4484,3,4,2,270,13,1,29,2.88,0.0,5.62,4.06
4485,2,1,4,492,4,0,32,69.3,5.39,8.61,10.81
4486,2,2,1,260,16,0,30,63.05,0.82,13.43,9.86
4487,6,3,0,110,4,0,36,2.16,1.01,14.8,16.28
4488,9,5,5,557,22,0,20,3.11,6.24,0.44,16.97
4489,8,4,2,425,23,0,26,27.14,0.0,12.36,8.82
4490,5,1,6,537,18,0,26,23.02,7.95,0.0,21.15
4491,3,1,6,467,22,0,30,10.29,6.37,0.0,10.89
4492,3,5,5,630,9,1,32,0.25,4.33,7.16,27.44
4493,1,1,6,207,8,0,36,37.78,6.62,0.0,16.78
4494,8,5,5,338,2,0,29,10.61,6.11,9.45,14.8
4495,8,5,5,631,6,1,34,29.86,8.63,0.0,18.94
4496,6,4,2,506,10,0,19,29.98,5.78,9.98,25.9
4497,6,4,2,241,1,2,33,73.56,10.05,16.03,26.3
4498,3,2,1,197,20,1,26,62.39,5.29,7.42,17.69
4499,7,3,0,201,11,0,36,29.58,6.25,23.83,21.46
4500,3,3,0,484,17,0,28,26.38,1.66,7.22,14.18
4501,4,5,5,504,2,1,23,5.78,5.73,7.09,27.16
4502,3,2,1,457,4,4,25,6.75,7.6,12.86,29.2
4503,5,2,1,476,4,0,35,17.36,3.6,0.49,3.49
4504,9,1,6,551,12,0,41,13.88,0.0,9.17,11.07
4505,1,1,4,638,23,0,33,28.84,4.08,2.13,15.34
4506,0,3,0,217,21,3,34,71.74,3.67,17.27,36.67
4507,6,1,4,389,3,4,23,69.33,2.43,0.3,15.48
4508,8,4,2,276,0,1,21,6.59,7.08,0.0,7.98
4509,8,4,2,468,5,1,25,69.98,0.0,15.37,9.45
4510,2,1,6,600,11,0,25,23.28,7.68,11.97,19.59
4511,2,4,2,209,6,4,29,10.45,6.74,11.6,17.39
4512,2,2,1,332,7,0,36,65.32,7.28,4.6,15.79
4513,5,4,2,431,20,0,38,74.04,7.61,8.09,18.41
4514,4,2,1,696,1,1,23,42.25,1.94,4.7,12.9
4515,0,4,2,210,21,1,19,4.76,5.89,8.98,20.75
4516,2,5,5,227,5,0,25,30.63,2.93,3.14,4.95
4517,7,0,3,232,4,0,21,45.04,6.27,18.26,12.2
4518,9,1,6,321,15,2,28,25.01,8.46,13.28,24.27
4519,4,1,6,397,10,0,26,39.01,3.98,9.19,20.84
4520,8,1,6,98,22,0,21,25.63,17.75,0.0,22.63
4521,7,3,0,365,3,0,30,41.42,6.09,8.52,11.45
4522,2,0,3,490,5,0,26,28.07,8.64,15.93,15.29
4523,3,5,5,384,17,0,24,6.99,8.64,2.6,24.95
4524,8,3,0,430,5,2,40,63.94,4.5,6.23,23.55
4525,2,3,0,138,13,0,37,33.07,1.56,6.16,5.5
4526,7,3,0,343,18,0,18,41.61,2.18,6.69,16.9
4527,1,1,6,400,1,0,22,55.93,8.38,8.16,24.96
4528,7,5,5,632,0,4,38,6.2,4.01,11.6,23.3
4529,1,3,0,242,6,1,30,79.93,2.16,0.0,1.86
4530,6,1,6,140,3,0,30,6.81,5.87,18.75,15.0
4531,5,1,6,503,6,0,22,48.66,5.4,2.28,16.86
4532,2,1,4,458,5,0,29,26.11,3.87,18.94,14.17
4533,3,1,6,99,15,3,29,4.02,3.76,15.89,27.55
4534,6,5,5,625,0,0,41,51.5,0.0,5.74,11.77
4535,6,2,1,403,23,4,26,63.08,0.0,6.48,13.89
4536,0,0,3,157,11,0,21,14.4,3.43,4.5,14.37
4537,8,0,3,697,1,1,33,79.08,7.09,5.39,18.85
4538,8,1,6,226,4,2,38,27.32,7.95,8.19,24.42
4539,0,1,6,613,20,1,23,64.7,8.78,7.03,19.73
4540,7,2,1,213,10,0,18,29.89,1.1,12.78,24.77
4541,9,1,6,298,23,0,40,45.38,0.0,21.39,16.3
4542,3,5,5,649,15,1,18,61.49,0.87,10.95,12.87
4543,3,4,2,387,2,0,33,44.28,7.73,2.25,14.88
4544,0,1,4,315,0,0,24,10.64,13.99,10.25,20.05
4545,3,3,0,558,4,0,20,50.86,7.14,0.0,5.73
4546,2,5,5,482,0,1,30,61.03,14.21,15.54,23.84
4547,0,2,1,648,6,2,37,64.87,5.98,11.65,27.43
4548,0,1,6,679,15,1,28,78.64,1.03,7.88,17.73
4549,9,2,1,123,18,0,26,37.6,8.39,2.18,9.86
4550,5,0,3,313,7,0,37,34.13,11.33,0.0,23.75
4551,6,3,0,349,21,0,19,6.4,8.38,34.09,34.6
4552,2,4,2,506,19,1,30,7.08,8.82,7.8,21.97
4553,8,5,5,693,4,0,19,26.64,4.69,3.72,12.02
4554,8,4,2,328,13,1,30,59.85,11.56,0.0,15.02
4555,7,1,4,583,21,0,27,13.53,6.81,0.0,27.71
4556,7,2,1,196,21,4,21,37.63,0.0,17.61,19.46
4557,8,2,1,491,13,4,37,16.45,8.59,10.66,22.6
4558,2,1,4,329,13,3,35,24.09,7.35,0.0,32.67
4559,4,5,5,524,3,4,25,79.76,11.06,2.79,18.29
4560,1,5,5,141,7,0,29,33.83,8.93,0.0,15.81
4561,9,4,2,249,18,0,28,47.84,0.0,12.66,12.31
4562,6,2,1,634,4,1,35,73.17,4.78,7.26,12.37
4563,2,0,3,579,6,0,39,14.48,2.69,2.86,8.44
4564,0,3,0,411,3,3,33,10.86,3.11,7.28,30.57
4565,4,1,6,453,11,1,18,61.71,0.0,8.38,8.98
4566,2,0,3,465,13,0,31,3.05,10.75,5.94,22.07
4567,4,3,0,220,12,0,38,4.05,4.7,12.59,17.05
4568,7,3,0,650,5,0,19,17.43,5.2,3.88,10.25
4569,6,3,0,128,4,0,31,12.0,2.8,6.25,4.44
4570,5,1,4,263,18,2,22,58.13,4.52,0.11,15.43
4571,7,1,4,226,9,0,25,25.81,5.14,0.0,15.72
4572,8,0,3,604,5,3,19,48.82,3.28,0.78,28.58
4573,4,0,3,476,0,1,25,8.69,15.57,20.94,32.71
4574,1,2,1,468,20,0,35,31.77,0.0,16.07,19.84
4575,5,2,1,194,21,1,22,73.71,6.43,17.39,29.75
4576,4,0,3,643,20,0,33,56.23,4.87,11.05,22.29
4577,3,5,5,447,14,4,18,77.71,12.17,10.75,27.26
4578,8,1,6,516,22,4,28,50.46,2.28,11.8,18.04
4579,9,1,4,153,1,0,21,66.43,5.67,10.88,5.19
4580,1,4,2,282,18,0,20,51.14,1.72,3.84,17.35
4581,8,1,4,162,22,2,34,24.38,8.47,7.48,22.7
4582,8,4,2,157,23,0,22,78.69,3.61,23.57,21.67
4583,2,0,3,410,20,4,41,47.28,5.57,0.0,20.43
4584,2,0,3,585,5,2,41,69.24,2.19,15.02,23.5
4585,1,5,5,259,19,4,22,71.14,5.14,0.99,19.88
4586,5,5,5,145,13,0,22,10.83,10.1,18.88,17.41
4587,3,4,2,101,1,2,22,43.01,2.32,7.59,10.13
4588,0,2,1,670,1,4,37,15.83,12.58,5.36,26.41
4589,9,4,2,411,11,0,25,62.27,2.0,7.88,7.4
4590,5,2,1,487,8,0,25,13.75,5.0,2.66,27.24
4591,3,5,5,607,4,0,40,38.76,7.33,14.68,23.42
4592,3,0,3,385,18,4,40,48.72,4.61,15.84,33.73
4593,2,1,4,488,13,3,25,27.66,9.71,7.5,29.16
4594,7,0,3,674,16,1,20,31.22,7.16,13.97,22.75
4595,6,2,1,479,15,4,31,19.09,1.47,8.08,13.18
4596,0,1,4,490,4,0,31,45.61,4.7,15.09,12.53
4597,5,3,0,549,20,1,18,4.1,2.13,8.68,23.65
4598,3,1,6,511,21,4,41,60.84,10.56,15.83,36.72
4599,4,0,3,119,22,1,27,17.13,8.22,10.24,9.78
4600,0,3,0,164,18,4,26,33.17,4.33,11.35,26.49
4601,9,1,6,553,21,0,21,18.35,5.21,0.0,11.86
4602,6,3,0,342,18,1,40,36.25,13.32,6.23,31.77
4603,3,1,4,239,23,1,19,39.83,5.21,1.42,8.66
4604,1,2,1,263,2,1,25,70.82,6.24,2.38,13.79
4605,8,1,4,230,21,0,27,2.23,0.0,5.22,14.72
4606,9,5,5,370,6,4,39,19.57,14.52,0.02,27.14
4607,1,3,0,677,23,4,30,64.42,0.97,0.0,9.87
4608,5,4,2,138,7,4,39,59.81,3.08,5.19,20.82
4609,9,5,5,162,20,3,22,27.28,2.67,11.27,27.2
4610,8,1,6,458,0,1,21,26.91,4.17,4.41,14.66
4611,3,1,6,178,8,3,36,36.44,2.63,16.43,28.81
4612,1,1,4,323,1,0,18,8.48,5.34,0.05,6.76
4613,5,5,5,237,17,1,38,4.85,9.06,15.61,18.45
4614,7,0,3,666,23,0,25,66.05,0.0,0.0,13.2
4615,5,0,3,619,3,0,29,58.46,4.2,11.7,17.07
4616,7,0,3,301,13,2,27,44.76,0.0,5.24,10.64
4617,0,2,1,242,6,2,27,76.7,2.39,12.68,16.88
4618,8,0,3,496,1,1,26,77.45,7.79,11.25,18.43
4619,9,0,3,327,14,0,31,52.35,2.08,0.1,2.61
4620,6,2,1,267,15,1,37,18.35,10.06,13.46,24.91
4621,5,1,6,647,19,4,34,51.4,5.7,23.37,29.37
4622,3,4,2,233,9,0,19,8.82,5.31,5.51,15.77
4623,3,2,1,271,16,0,29,74.22,2.17,7.75,9.63
4624,5,1,4,145,12,0,31,0.89,2.92,6.97,2.44
4625,3,3,0,412,9,4,36,56.84,6.9,12.35,28.81
4626,4,4,2,484,21,0,24,13.41,0.0,7.12,15.41
4627,4,1,4,491,21,3,27,75.93,0.73,0.0,22.54
4628,4,3,0,142,4,1,32,63.06,8.85,10.11,12.93
4629,1,3,0,639,10,2,18,2.3,2.55,3.14,26.62
4630,8,2,1,165,20,2,29,60.03,0.0,9.28,24.12
4631,5,0,3,498,7,2,19,52.09,5.55,3.62,27.39
4632,6,5,5,673,11,1,38,50.36,1.22,0.0,12.7
4633,4,1,4,483,15,3,33,13.46,4.53,2.21,21.62
4634,2,5,5,520,12,0,38,21.54,5.25,5.31,13.31
4635,9,4,2,610,4,4,41,76.16,9.71,3.91,26.15
4636,0,3,0,498,11,0,29,38.34,12.8,8.89,18.07
4637,6,3,0,567,15,3,28,36.74,4.51,19.01,24.96
4638,1,5,5,482,20,0,27,23.76,0.0,2.67,3.25
4639,9,3,0,252,22,0,27,74.54,1.28,14.9,7.79
4640,4,1,6,329,11,1,24,15.12,7.19,2.15,14.4
4641,3,3,0,335,8,0,29,6.69,12.29,0.0,19.76
4642,4,0,3,524,11,0,20,12.46,5.72,14.98,17.89
4643,0,1,4,143,19,3,34,70.51,1.88,10.37,25.64
4644,2,3,0,240,22,3,34,8.56,0.0,8.8,13.18
4645,9,3,0,536,5,0,24,53.07,5.43,15.24,20.07
4646,4,3,0,81,1,3,28,18.02,10.98,4.08,26.75
4647,8,2,1,114,6,3,22,72.27,5.81,9.6,28.35
4648,9,0,3,472,16,0,41,19.39,5.34,3.85,9.69
4649,5,4,2,417,20,2,36,16.96,7.59,4.69,33.86
4650,7,0,3,416,11,1,19,8.69,0.0,20.52,14.94
4651,0,5,5,177,10,2,20,27.15,1.82,6.08,15.83
4652,3,1,6,607,0,2,27,46.63,12.65,0.82,31.52
4653,6,5,5,572,4,4,30,63.03,8.19,16.97,28.64
4654,4,3,0,689,7,0,25,68.62,5.31,2.08,24.61
4655,3,4,2,177,4,1,20,74.72,0.46,6.5,2.21
4656,4,1,6,148,5,4,28,7.63,13.62,11.2,27.84
4657,0,0,3,280,4,1,22,45.77,7.1,4.52,14.67
4658,3,3,0,364,8,3,35,46.52,5.07,4.25,30.79
4659,2,2,1,558,9,1,18,38.23,5.2,8.64,24.7
4660,2,3,0,669,6,0,21,72.73,0.81,0.0,13.24
4661,8,3,0,122,8,0,32,51.54,5.5,10.81,25.06
4662,7,3,0,369,0,0,34,11.38,8.86,6.88,10.98
4663,1,1,4,271,14,0,23,77.52,9.93,8.54,19.02
4664,8,0,3,232,22,0,31,1.04,9.37,3.71,18.76
4665,2,1,4,315,5,0,29,61.2,4.63,15.86,10.49
4666,4,3,0,107,20,4,35,72.6,7.9,0.0,23.31
4667,6,1,6,511,0,0,36,15.0,3.22,13.32,15.32
4668,3,1,4,503,13,1,40,50.07,8.07,6.88,16.99
4669,2,0,3,258,16,1,18,61.81,8.3,3.88,9.9
4670,8,1,6,561,17,0,41,22.92,2.79,6.63,19.55
4671,2,1,6,668,16,1,18,49.82,11.08,5.72,21.64
4672,7,1,6,527,2,1,20,6.83,0.92,2.78,1.5
4673,1,2,1,151,23,0,40,43.56,7.2,0.0,5.26
4674,7,1,6,150,15,4,24,33.72,6.33,0.0,13.0
4675,7,5,5,408,16,0,27,49.02,7.52,0.0,8.87
4676,2,5,5,627,6,4,19,56.81,9.03,0.0,18.16
4677,9,2,1,627,2,4,20,34.86,8.85,0.0,19.83
4678,8,2,1,654,13,1,36,36.9,17.01,1.99,27.24
4679,1,3,0,381,15,1,38,10.58,5.69,13.51,15.15
4680,5,2,1,614,9,4,20,24.44,10.01,11.1,37.06
4681,7,2,1,414,20,4,40,45.95,1.46,13.67,27.32
4682,4,5,5,188,23,3,18,67.03,1.34,20.5,25.43
4683,6,5,5,404,17,0,24,12.88,6.15,11.29,24.8
4684,9,3,0,173,14,4,37,17.63,11.22,0.0,25.86
4685,5,1,4,576,21,0,33,12.4,1.56,14.93,16.63
4686,6,5,5,120,22,0,34,41.3,2.72,16.39,11.13
4687,4,2,1,209,9,3,36,18.2,6.55,9.52,36.53
4688,1,2,1,147,8,0,33,0.2,0.64,2.81,8.77
4689,0,5,5,167,1,2,23,2.27,0.0,24.55,16.26
4690,7,1,4,698,2,0,29,46.32,5.55,15.54,20.6
4691,0,2,1,82,16,1,34,76.24,3.2,5.71,6.33
4692,8,5,5,408,6,1,38,60.92,2.61,7.97,13.66
4693,9,2,1,246,1,0,31,38.09,3.19,4.43,3.02
4694,6,0,3,231,21,0,35,54.08,5.98,16.12,17.99
4695,4,0,3,109,19,1,22,22.81,3.53,22.8,12.53
4696,7,1,6,652,1,4,37,42.29,3.59,4.63,17.17
4697,2,3,0,475,22,1,19,66.54,4.17,14.02,19.73
4698,0,2,1,111,10,0,25,79.57,0.0,12.96,18.02
4699,6,2,1,368,15,0,36,72.43,8.61,11.53,12.32
4700,6,4,2,546,23,0,25,41.63,4.92,20.11,19.31
4701,4,1,6,103,10,0,26,51.24,3.49,2.72,18.72
4702,9,4,2,515,3,1,23,13.95,4.8,0.86,13.5
4703,1,3,0,426,21,4,31,20.23,0.0,3.17,22.35
4704,5,5,5,160,16,1,39,46.51,4.49,8.0,14.67
4705,5,0,3,375,0,0,34,11.11,6.76,2.88,13.64
4706,8,0,3,137,15,1,33,58.32,11.13,4.46,13.99
4707,4,5,5,180,9,0,36,25.66,9.08,10.6,26.21
4708,4,3,0,681,10,3,20,1.11,0.6,9.71,32.91
4709,6,4,2,324,10,1,39,42.65,3.94,12.68,23.72
4710,3,2,1,271,7,0,23,76.38,3.52,0.0,13.74
4711,1,3,0,321,4,1,36,15.8,2.05,6.73,10.26
4712,2,0,3,163,22,1,22,57.62,3.64,1.88,8.63
4713,3,0,3,609,22,4,26,10.2,6.16,5.2,21.15
4714,5,2,1,496,5,4,34,34.62,9.63,2.2,19.69
4715,5,5,5,552,5,0,23,60.52,3.95,4.94,14.43
4716,9,5,5,248,21,0,32,3.26,6.08,3.71,15.42
4717,0,4,2,566,18,0,20,58.28,5.64,18.96,27.25
4718,9,3,0,321,19,3,28,21.73,11.34,6.39,39.78
4719,9,4,2,154,21,0,18,25.34,9.09,1.79,22.94
4720,5,3,0,439,11,4,33,12.83,7.86,7.98,20.38
4721,2,3,0,510,5,0,40,53.42,2.04,0.0,7.58
4722,7,2,1,603,4,0,21,18.39,0.0,14.83,14.06
4723,1,1,4,525,1,3,36,52.15,11.14,11.23,38.77
4724,2,1,4,272,13,1,27,5.23,6.07,12.56,18.52
4725,1,3,0,118,20,1,31,21.36,5.74,10.78,12.77
4726,2,1,6,399,10,1,26,19.95,0.0,6.26,23.74
4727,8,4,2,264,8,0,37,2.9,5.01,14.04,27.61
4728,3,1,6,577,16,1,21,76.16,4.33,0.0,9.64
4729,9,3,0,317,4,3,33,68.18,0.0,3.98,16.51
4730,7,1,6,396,3,4,40,41.29,7.24,8.7,14.47
4731,8,0,3,112,0,0,27,45.69,10.53,3.18,13.64
4732,5,0,3,206,3,3,28,78.94,7.16,8.33,24.97
4733,7,5,5,373,21,0,39,6.81,1.33,3.05,11.35
4734,3,1,6,113,14,4,27,13.4,2.98,13.31,16.18
4735,6,4,2,477,18,0,18,63.02,2.63,0.0,8.82
4736,9,4,2,263,14,0,34,44.56,5.46,5.63,12.83
4737,1,3,0,647,8,0,41,64.86,6.68,0.0,24.43
4738,3,3,0,282,6,4,18,16.4,0.0,2.79,11.09
4739,7,4,2,307,18,3,36,44.91,2.82,2.76,39.44
4740,3,1,6,244,10,0,20,17.04,1.9,12.56,16.84
4741,6,3,0,268,7,3,37,66.67,1.72,12.98,40.34
4742,0,0,3,484,5,0,30,27.13,6.4,13.93,18.74
4743,7,1,6,207,9,2,37,43.08,4.21,9.47,31.88
4744,3,3,0,170,1,0,23,39.82,2.89,3.11,4.01
4745,1,1,4,345,1,3,30,70.76,9.66,0.0,36.08
4746,8,4,2,170,17,0,18,51.2,6.55,15.61,25.02
4747,6,0,3,121,20,0,38,44.2,1.49,14.92,8.57
4748,2,2,1,403,19,1,22,44.48,3.77,0.97,14.26
4749,1,2,1,229,0,1,22,15.96,5.51,2.08,6.12
4750,8,4,2,322,15,0,26,60.65,15.41,13.48,17.86
4751,4,5,5,302,14,3,19,53.28,0.94,3.66,17.56
4752,4,1,6,198,1,0,28,60.93,9.75,29.97,20.23
4753,0,3,0,195,2,0,26,50.81,6.37,0.0,4.93
4754,4,1,4,209,7,2,18,28.45,8.72,6.35,27.91
4755,6,3,0,307,14,0,21,39.35,9.3,1.73,19.01
4756,5,4,2,453,17,1,25,36.79,3.13,7.71,25.62
4757,9,3,0,579,2,1,36,36.62,5.4,11.93,25.64
4758,1,1,4,277,18,0,33,65.97,2.29,11.89,11.47
4759,3,0,3,88,16,0,33,44.93,0.0,8.04,10.4
4760,4,5,5,675,12,4,32,75.28,3.13,21.57,25.43
4761,3,1,4,461,13,0,28,7.18,0.61,7.45,5.84
4762,7,3,0,494,9,4,39,49.79,4.6,6.49,23.32
4763,9,0,3,450,17,2,30,3.67,2.67,3.7,22.24
4764,3,4,2,697,8,2,22,4.12,1.08,9.25,36.95
4765,6,5,5,162,7,0,28,63.46,4.32,1.81,14.97
4766,5,2,1,544,13,0,24,69.79,8.47,0.0,15.71
4767,7,1,4,676,6,2,18,32.28,3.18,0.0,26.28
4768,5,4,2,317,9,0,22,53.72,9.65,17.22,28.08
4769,4,1,6,325,21,1,20,31.69,7.42,0.0,22.13
4770,9,3,0,630,2,1,41,39.52,0.0,5.36,5.44
4771,0,5,5,462,8,1,18,71.39,5.96,2.34,23.66
4772,1,5,5,225,21,0,37,33.81,4.18,3.83,18.15
4773,6,1,4,682,10,1,27,49.4,5.64,10.72,31.59
4774,4,1,6,566,4,1,41,1.92,6.58,18.93,23.17
4775,8,1,6,666,3,0,30,36.47,3.95,7.25,13.08
4776,3,4,2,119,8,0,27,34.31,0.0,10.52,15.08
4777,9,0,3,625,23,3,40,16.76,0.0,4.17,28.65
4778,5,2,1,651,10,1,35,49.46,5.48,0.0,19.64
4779,9,5,5,154,13,0,18,12.28,6.07,10.72,13.19
4780,5,4,2,193,12,4,23,12.51,10.63,18.14,29.66
4781,0,0,3,682,1,4,41,9.65,3.93,0.0,21.6
4782,5,2,1,150,11,0,22,45.37,5.92,3.74,5.06
4783,3,5,5,340,11,0,19,57.44,7.0,13.98,16.32
4784,6,1,6,640,0,0,23,52.07,0.0,13.5,9.07
4785,5,1,4,242,13,1,30,70.73,0.0,0.53,4.18
4786,8,3,0,99,19,1,20,39.58,8.04,10.32,18.24
4787,4,3,0,280,8,0,26,53.72,3.34,7.55,14.97
4788,6,1,4,615,17,0,41,79.65,3.53,0.0,13.43
4789,9,0,3,140,21,0,25,71.04,7.45,11.44,16.31
4790,8,1,6,117,19,3,36,28.02,0.0,16.69,34.8
4791,0,5,5,375,10,0,29,4.57,7.38,0.0,23.5
4792,3,0,3,598,5,0,23,41.66,1.12,11.36,15.7
4793,1,1,4,478,8,0,36,71.51,6.13,7.32,24.87
4794,7,1,6,265,4,0,36,51.63,2.05,28.09,19.11
4795,6,4,2,110,2,0,30,56.29,4.39,4.2,4.71
4796,2,5,5,336,2,1,20,37.68,5.38,0.0,16.82
4797,3,1,6,82,16,1,25,2.77,8.69,5.62,17.96
4798,2,1,6,205,11,1,29,56.71,6.27,1.47,14.29
4799,8,1,6,414,3,0,39,57.79,5.2,9.35,10.25
4800,3,2,1,434,3,0,21,17.48,4.56,0.0,9.25
4801,4,5,5,601,16,0,40,62.35,3.32,13.55,19.61
4802,3,4,2,405,22,3,39,23.74,7.72,1.63,33.05
4803,4,2,1,135,21,4,29,52.35,2.26,17.08,18.01
4804,6,1,6,669,1,0,36,6.84,2.88,19.33,13.94
4805,1,4,2,594,4,1,40,5.78,10.43,0.0,19.95
4806,0,0,3,83,21,0,29,70.33,8.1,4.81,13.48
4807,5,1,6,594,11,2,29,5.09,10.23,4.64,29.83
4808,0,2,1,149,12,4,31,0.92,1.97,9.52,22.11
4809,3,5,5,101,8,0,26,68.67,6.91,0.84,20.35
4810,7,1,4,115,10,0,31,59.02,10.09,14.39,22.2
4811,0,2,1,512,15,1,26,12.14,4.74,3.12,12.96
4812,7,3,0,639,17,0,20,75.25,0.0,10.45,17.17
4813,1,4,2,82,12,0,23,41.3,5.5,3.58,11.84
4814,2,1,6,546,0,3,30,29.4,9.32,13.18,37.26
4815,8,2,1,453,21,0,40,47.25,9.99,16.93,25.25
4816,1,2,1,592,19,1,39,17.82,7.04,14.54,25.26
4817,4,2,1,579,17,0,31,37.3,8.28,8.31,25.52
4818,9,1,6,247,3,0,28,13.85,1.5,20.08,19.02
4819,0,4,2,201,18,0,38,27.76,0.42,10.59,13.93
4820,0,3,0,497,10,0,32,66.4,0.89,6.96,18.7
4821,2,5,5,346,22,1,37,79.58,4.19,21.92,17.31
4822,7,1,6,441,6,1,19,35.45,4.45,0.0,4.02
4823,4,4,2,260,2,0,27,10.24,4.91,0.0,7.6
4824,4,1,6,116,11,1,40,13.38,6.88,1.72,9.42
4825,2,2,1,570,21,2,23,66.83,2.99,13.02,31.06
4826,2,4,2,514,12,0,22,39.71,4.67,17.63,19.12
4827,1,2,1,594,8,1,25,42.37,2.83,0.0,15.35
4828,1,1,4,364,3,0,23,26.48,4.71,9.55,11.38
4829,2,3,0,210,16,0,40,9.23,3.38,5.29,0.0
4830,6,4,2,369,23,1,28,32.41,0.32,10.32,8.94
4831,8,3,0,393,8,4,30,19.43,1.94,4.53,24.12
4832,1,5,5,141,23,0,39,78.16,3.7,10.22,0.0
4833,5,4,2,662,14,3,39,25.56,7.76,0.0,25.7
4834,5,5,5,278,19,2,25,27.69,6.17,20.74,31.24
4835,1,5,5,339,10,0,39,65.46,6.65,0.0,15.67
4836,2,2,1,674,20,0,31,40.72,1.03,10.71,12.99
4837,0,2,1,659,1,4,19,70.82,4.82,4.67,30.96
4838,7,1,4,290,12,3,40,74.78,5.66,8.04,27.31
4839,1,3,0,591,14,0,24,25.6,0.11,9.88,8.7
4840,2,2,1,82,1,0,34,11.5,5.9,8.1,9.45
4841,1,4,2,306,16,0,27,55.37,4.08,17.12,13.28
4842,2,1,6,546,7,0,41,11.29,5.44,17.26,23.81
4843,2,4,2,530,11,0,18,22.06,7.24,7.62,15.4
4844,9,1,4,550,16,3,28,58.85,6.09,4.78,30.88
4845,0,2,1,434,11,1,26,70.16,10.72,15.63,26.22
4846,9,1,6,399,16,0,28,36.46,5.38,20.35,10.22
4847,9,0,3,165,5,3,37,76.67,2.48,16.3,19.79
4848,0,1,4,612,23,4,25,79.36,9.48,15.61,30.47
4849,3,4,2,243,12,3,28,51.19,5.28,18.43,29.7
4850,5,1,4,90,15,1,37,14.64,7.15,0.15,13.91
4851,1,1,6,552,7,0,25,46.35,8.6,15.45,28.29
4852,3,5,5,149,12,3,19,49.47,7.19,7.35,26.31
4853,6,4,2,371,20,1,39,10.29,0.0,11.07,20.66
4854,3,1,6,439,5,0,18,60.34,0.25,11.95,10.62
4855,5,4,2,233,15,2,32,28.54,5.92,1.61,16.19
4856,1,2,1,305,15,0,21,14.05,3.4,12.3,12.71
4857,9,0,3,101,2,1,32,61.93,4.18,0.0,10.79
4858,0,3,0,542,23,0,19,54.48,0.0,0.0,5.12
4859,4,3,0,546,17,1,20,15.13,0.87,6.88,15.1
4860,0,2,1,137,7,0,38,53.99,6.47,5.97,21.13
4861,1,1,6,349,0,1,40,26.28,4.51,0.0,10.15
4862,4,1,6,263,4,3,19,8.24,4.42,16.19,21.17
4863,8,2,1,408,16,1,41,39.65,7.41,3.38,15.02
4864,5,1,4,680,0,3,39,78.21,3.54,2.25,19.87
4865,3,4,2,323,9,0,34,66.18,4.38,7.96,15.23
4866,0,2,1,319,11,1,33,16.76,2.0,0.0,11.43
4867,4,1,6,631,12,0,34,7.06,7.06,11.7,18.47
4868,7,4,2,210,3,3,32,44.19,13.4,14.06,26.6
4869,3,3,0,568,19,0,36,69.73,7.53,16.32,19.59
4870,4,4,2,225,13,1,30,49.92,0.0,5.0,13.84
4871,8,1,6,120,8,3,20,58.59,5.75,0.0,31.41
4872,4,5,5,227,4,4,35,25.42,6.8,0.0,13.72
4873,5,1,4,566,0,0,39,44.15,3.65,12.83,19.94
4874,5,1,4,305,16,1,24,53.34,1.7,5.08,6.25
4875,1,4,2,380,13,0,19,11.46,9.22,0.0,11.34
4876,9,5,5,474,16,4,36,17.22,8.15,9.64,19.69
4877,9,3,0,553,10,0,25,7.75,1.12,13.67,19.55
4878,2,5,5,231,23,1,21,69.82,14.9,0.15,11.3
4879,1,1,4,691,22,0,35,24.35,8.58,15.47,30.01
4880,8,5,5,355,15,1,22,55.45,9.09,6.58,20.92
4881,4,5,5,653,0,1,37,6.48,0.0,6.95,9.95
4882,2,1,6,169,20,0,28,51.13,11.82,24.8,32.03
4883,8,3,0,577,5,2,30,58.11,6.46,0.0,24.52
4884,1,5,5,572,18,0,32,76.88,5.69,8.99,20.76
4885,2,4,2,170,8,0,23,56.4,5.1,2.7,13.96
4886,0,2,1,242,11,1,30,63.13,8.82,9.43,14.29
4887,1,1,6,374,11,1,27,14.54,1.82,12.78,16.59
4888,7,5,5,117,5,3,29,1.43,2.83,0.0,22.82
4889,9,5,5,337,1,0,39,8.57,7.29,12.66,20.79
4890,9,5,5,234,10,2,27,28.99,4.52,8.2,31.38
4891,3,3,0,346,17,0,32,18.25,1.61,9.36,11.69
4892,7,3,0,477,3,0,21,57.89,8.72,4.48,17.95
4893,6,2,1,646,13,4,28,51.33,0.0,0.0,19.16
4894,8,4,2,521,10,4,37,74.98,9.61,13.86,33.89
4895,7,1,4,165,19,4,28,59.1,12.44,7.97,24.88
4896,5,2,1,684,23,0,41,29.27,3.47,7.22,14.87
4897,5,1,4,308,20,1,22,18.05,2.08,17.7,21.15
4898,8,3,0,390,23,0,26,75.69,4.26,8.85,12.16
4899,6,3,0,406,10,1,34,56.46,7.53,0.97,22.02
4900,2,4,2,578,23,3,23,58.52,8.57,19.47,39.14
4901,3,3,0,632,18,4,38,32.96,5.01,6.93,33.08
4902,8,4,2,626,10,1,18,47.67,6.06,12.61,23.45
4903,8,2,1,432,10,0,32,39.23,4.79,4.06,15.36
4904,5,1,6,624,6,0,19,38.38,1.48,4.48,11.86
4905,5,2,1,447,9,2,35,57.18,10.97,15.31,35.87
4906,0,3,0,481,12,0,36,15.32,2.96,10.66,13.91
4907,3,1,4,461,1,3,31,51.26,0.0,8.7,17.04
4908,6,1,4,634,17,0,27,36.23,0.0,14.21,16.98
4909,1,0,3,593,2,0,18,69.31,6.85,21.96,29.15
4910,3,1,4,245,14,0,31,74.34,0.0,6.25,1.26
4911,0,1,4,167,23,0,36,61.55,5.73,7.55,7.03
4912,2,0,3,683,4,1,40,26.61,7.47,14.07,17.69
4913,6,2,1,278,10,4,31,39.89,0.0,10.6,22.71
4914,4,4,2,521,21,0,18,7.36,7.84,0.0,9.59
4915,5,0,3,437,20,0,23,56.42,4.62,8.86,22.9
4916,6,1,4,119,21,0,38,73.68,0.0,16.16,9.78
4917,0,2,1,366,12,1,30,18.19,6.03,6.36,18.78
4918,2,0,3,313,20,1,27,74.11,9.06,12.87,25.79
4919,0,4,2,401,20,1,41,63.04,7.73,13.22,31.27
4920,7,1,6,340,1,3,35,30.0,6.54,2.74,18.52
4921,8,0,3,85,12,0,20,75.84,7.75,16.68,20.46
4922,3,1,4,444,17,4,26,21.94,7.14,6.87,30.84
4923,6,5,5,604,10,0,23,31.79,2.97,8.06,26.86
4924,7,4,2,389,1,3,40,26.75,9.37,17.02,33.09
4925,0,1,6,489,23,0,30,55.26,6.79,11.02,5.56
4926,5,5,5,357,17,1,35,1.49,10.14,9.68,21.66
4927,2,1,4,346,13,1,41,57.67,2.34,6.72,13.09
4928,5,1,4,143,2,0,34,61.42,4.79,14.64,8.31
4929,8,5,5,501,22,0,33,62.67,0.0,5.94,8.1
4930,4,3,0,89,12,0,21,4.9,0.16,12.68,2.75
4931,7,1,6,259,5,3,36,5.07,2.85,8.84,23.39
4932,7,2,1,293,12,3,38,77.59,9.93,2.24,30.95
4933,9,1,4,423,7,0,32,66.49,5.36,1.93,22.98
4934,8,3,0,380,12,0,33,44.23,10.77,16.69,18.25
4935,9,4,2,665,2,4,18,43.95,0.0,15.42,17.71
4936,4,2,1,538,22,0,31,26.26,2.06,0.0,9.69
4937,3,1,6,582,17,2,24,58.2,6.48,2.24,28.2
4938,6,3,0,507,6,1,39,55.3,0.0,0.0,3.26
4939,7,2,1,540,0,0,40,31.0,3.37,9.59,11.39
4940,9,0,3,251,1,4,27,20.95,4.52,5.83,14.3
4941,4,1,6,676,12,0,26,75.19,10.08,7.56,21.84
4942,0,0,3,126,19,0,36,4.95,0.0,12.73,11.53
4943,7,0,3,332,22,0,27,8.13,7.11,9.05,16.44
4944,8,1,4,301,21,1,41,58.57,6.27,0.0,19.48
4945,0,4,2,95,22,0,31,16.3,6.23,5.45,4.27
4946,4,1,4,201,3,1,32,52.09,8.07,4.66,11.1
4947,1,4,2,436,13,0,19,45.43,13.01,0.0,12.02
4948,4,4,2,196,12,1,26,23.07,4.85,9.49,12.04
4949,6,0,3,689,18,1,35,22.65,2.23,15.08,21.31
4950,6,3,0,150,1,3,39,53.13,0.0,17.14,23.49
4951,1,1,4,517,14,2,32,27.1,8.15,6.73,22.93
4952,9,0,3,180,1,0,40,16.36,3.23,0.0,2.97
4953,2,1,4,427,12,1,21,76.91,5.96,15.95,22.51
4954,7,4,2,523,4,4,27,77.82,0.0,0.0,9.47
4955,3,2,1,668,2,0,36,22.0,1.26,0.0,7.61
4956,1,2,1,86,13,2,36,44.3,3.34,16.7,14.35
4957,5,2,1,178,18,1,23,75.28,4.41,6.89,24.2
4958,3,1,6,591,11,3,35,50.58,8.18,11.89,30.6
4959,5,0,3,652,7,2,31,56.67,3.85,10.74,25.65
4960,5,1,4,485,5,0,20,64.27,0.0,8.02,7.45
4961,8,4,2,657,13,0,40,7.0,4.75,3.79,19.14
4962,1,5,5,665,5,0,19,45.75,12.26,0.0,19.47
4963,7,5,5,421,21,1,21,38.51,0.88,0.0,16.41
4964,7,1,6,674,21,0,36,65.13,8.91,10.34,24.27
4965,3,2,1,122,8,0,36,44.56,0.68,16.26,13.16
4966,1,2,1,393,23,1,39,9.89,4.76,2.6,12.14
4967,9,2,1,667,16,1,23,50.3,7.79,5.54,19.06
4968,4,1,6,670,19,0,32,28.75,5.93,8.97,17.45
4969,0,2,1,588,11,1,27,42.99,0.98,5.87,11.73
4970,3,1,6,307,1,0,29,12.28,9.55,0.0,10.86
4971,6,2,1,435,22,2,36,20.66,5.56,22.88,25.37
4972,8,0,3,435,22,0,30,9.21,1.52,11.63,10.03
4973,3,1,4,527,11,1,31,20.44,10.34,5.0,10.09
4974,2,4,2,355,20,2,21,76.04,0.0,7.76,24.8
4975,5,4,2,647,12,1,22,54.44,6.74,7.98,15.32
4976,2,3,0,151,8,0,20,65.52,0.53,9.37,17.27
4977,0,1,6,283,7,4,39,75.46,7.37,0.0,28.1
4978,6,4,2,262,20,1,31,45.1,8.78,7.22,20.26
4979,2,4,2,500,7,1,25,24.87,11.36,4.41,29.01
4980,1,0,3,351,6,0,22,69.57,2.28,1.3,1.38
4981,5,3,0,352,20,0,32,64.91,7.66,8.81,13.01
4982,8,5,5,506,5,0,36,40.41,3.69,0.94,12.88
4983,8,4,2,378,1,4,21,54.81,1.56,5.02,13.52
4984,7,5,5,478,13,0,26,30.46,11.77,8.91,18.24
4985,5,4,2,321,1,1,37,17.91,3.47,10.34,15.57
4986,9,4,2,375,16,0,23,3.49,6.19,17.68,20.14
4987,2,2,1,541,8,0,38,49.26,0.35,19.81,19.52
4988,0,5,5,105,22,4,28,27.73,5.79,7.3,21.94
4989,1,1,4,141,10,1,36,10.32,9.36,5.16,24.43
4990,8,2,1,435,10,1,24,76.18,0.0,21.73,17.69
4991,4,1,4,671,7,3,25,3.51,1.76,10.88,29.2
4992,6,1,6,597,12,0,35,44.15,0.34,10.94,8.01
4993,6,1,6,294,16,0,19,12.72,10.91,7.33,20.68
4994,4,4,2,367,10,1,35,22.5,0.0,7.84,16.3
4995,1,4,2,624,21,0,22,17.71,0.96,9.72,23.67
4996,2,1,4,241,1,3,26,55.95,7.27,22.15,40.43
4997,3,0,3,535,22,4,28,30.41,0.56,3.5,13.22
4998,1,0,3,561,0,4,37,79.5,8.33,17.23,29.18
4999,1,2,1,448,5,0,41,75.19,1.22,9.73,4.93
