train_id,train_name,source,destination,distance_km,scheduled_departure,weather,temperature,rainfall,station_delay,previous_delay,delay_minutes
TRN1001,Jan Shatabdi,Guntur,Tirupati,350,10:00,Rain,38,12.48,6.12,15.07,28.32
TRN1002,Garib Rath,Hyderabad,Vijayawada,539,21:00,Clear,34,41.98,2.9,4.28,15.53
TRN1003,Shatabdi Express,Guntur,Tirupati,646,19:00,Cloudy,20,68.8,2.9,21.39,17.81
TRN1004,Krishna Express,Secunderabad,Nizamabad,419,14:00,Cloudy,29,39.61,9.48,13.76,16.29
TRN1005,Rajdhani Express,Nellore,Chennai,469,21:00,Cloudy,39,2.51,4.29,16.41,26.34
TRN1006,Superfast Express,Nellore,Chennai,331,07:00,Rain,30,21.71,4.31,4.78,28.76
TRN1007,Deccan Express,Secunderabad,Nizamabad,94,12:00,Clear,24,33.87,0.0,2.43,5.63
TRN1008,Garib Rath,Vijayawada,Visakhapatnam,310,08:00,Heavy Rain,26,49.86,7.71,4.65,34.93
TRN1009,Jan Shatabdi,Nellore,Chennai,178,11:00,Cloudy,20,37.78,6.45,3.48,13.07
TRN1010,Jan Shatabdi,Hyderabad,Warangal,472,14:00,Clear,27,35.15,11.15,9.05,19.04
TRN1011,Vande Bharat,Guntur,Tirupati,175,03:00,Heavy Rain,40,48.35,0.0,9.33,21.03
TRN1012,Shatabdi Express,Nellore,Chennai,657,09:00,Rain,38,69.72,7.43,4.29,32.77
TRN1013,Krishna Express,Kurnool,Hyderabad,427,06:00,Heavy Rain,18,18.23,10.09,5.96,21.13
TRN1014,Garib Rath,Hyderabad,Vijayawada,313,11:00,Clear,39,17.5,6.38,0.0,14.57
TRN1015,Vande Bharat,Vijayawada,Visakhapatnam,643,11:00,Clear,19,56.98,3.23,7.41,17.58
TRN1016,Rajdhani Express,Secunderabad,Nizamabad,495,22:00,Cloudy,28,29.57,0.0,13.09,9.71
TRN1017,Garib Rath,Guntur,Tirupati,689,05:00,Clear,33,63.87,5.11,0.0,15.16
TRN1018,Duronto Express,Hyderabad,Warangal,425,02:00,Rain,37,51.61,6.73,11.75,19.02
TRN1019,Jan Shatabdi,Vijayawada,Visakhapatnam,552,17:00,Heavy Rain,27,20.64,9.18,11.69,45.83
TRN1020,Rajdhani Express,Hyderabad,Vijayawada,383,11:00,Cloudy,40,27.12,15.16,17.1,24.36
TRN1021,Shatabdi Express,Guntur,Tirupati,231,21:00,Rain,41,68.07,8.42,20.52,34.2
TRN1022,Deccan Express,Secunderabad,Nizamabad,417,01:00,Cloudy,33,79.56,4.34,0.0,10.41
TRN1023,Superfast Express,Kurnool,Hyderabad,274,16:00,Clear,33,7.49,0.0,2.6,7.29
TRN1024,Rajdhani Express,Secunderabad,Nizamabad,688,14:00,Cloudy,22,18.41,4.04,27.49,23.79
TRN1025,Vande Bharat,Hyderabad,Vijayawada,251,13:00,Heavy Rain,20,59.82,4.49,10.39,34.63
TRN1026,Vande Bharat,Guntur,Tirupati,270,20:00,Clear,18,25.35,11.19,9.5,18.7
TRN1027,Intercity Express,Vijayawada,Visakhapatnam,402,07:00,Clear,35,49.2,9.23,8.36,28.08
TRN1028,Intercity Express,Kurnool,Hyderabad,556,09:00,Rain,20,20.5,9.26,2.87,31.75
TRN1029,Jan Shatabdi,Hyderabad,Vijayawada,115,12:00,Clear,25,56.16,5.93,9.23,6.16
TRN1030,Rajdhani Express,Kurnool,Hyderabad,130,21:00,Cloudy,39,20.02,0.0,0.0,11.0
TRN1031,Superfast Express,Secunderabad,Nizamabad,651,11:00,Fog,24,6.83,5.18,3.44,31.64
TRN1032,Duronto Express,Secunderabad,Nizamabad,449,09:00,Clear,34,31.91,7.54,19.15,25.95
TRN1033,Krishna Express,Secunderabad,Nizamabad,553,20:00,Clear,26,55.08,0.0,5.6,14.5
TRN1034,Jan Shatabdi,Kurnool,Hyderabad,660,21:00,Rain,20,19.82,7.31,16.87,30.83
TRN1035,Deccan Express,Secunderabad,Nizamabad,299,04:00,Clear,31,78.36,7.8,12.2,13.74
TRN1036,Garib Rath,Kurnool,Hyderabad,601,21:00,Cloudy,19,20.87,0.0,30.31,26.47
TRN1037,Duronto Express,Kurnool,Hyderabad,337,16:00,Heavy Rain,37,46.04,11.34,0.0,38.25
TRN1038,Garib Rath,Guntur,Tirupati,656,00:00,Cloudy,28,15.66,0.0,4.59,11.23
TRN1039,Superfast Express,Secunderabad,Nizamabad,681,01:00,Clear,24,9.45,8.81,18.17,24.33
TRN1040,Garib Rath,Secunderabad,Nizamabad,473,04:00,Rain,20,79.24,7.33,0.0,14.17
TRN1041,Jan Shatabdi,Kurnool,Hyderabad,269,04:00,Clear,40,60.07,3.37,9.83,10.04
TRN1042,Deccan Express,Nellore,Chennai,476,18:00,Clear,29,76.68,8.72,5.12,25.47
TRN1043,Duronto Express,Hyderabad,Warangal,585,14:00,Clear,22,23.46,9.82,0.0,18.75
TRN1044,Deccan Express,Kurnool,Hyderabad,188,20:00,Cloudy,24,79.67,7.67,20.7,27.44
TRN1045,Deccan Express,Vijayawada,Visakhapatnam,571,16:00,Clear,24,34.09,2.98,0.0,2.36
TRN1046,Superfast Express,Secunderabad,Nizamabad,421,19:00,Clear,24,78.88,5.32,3.35,22.31
TRN1047,Shatabdi Express,Secunderabad,Nizamabad,261,06:00,Clear,36,8.9,3.79,7.97,6.86
TRN1048,Superfast Express,Secunderabad,Nizamabad,440,06:00,Rain,30,19.0,4.81,4.16,8.03
TRN1049,Deccan Express,Hyderabad,Vijayawada,196,05:00,Rain,30,77.59,5.9,8.09,18.48
TRN1050,Duronto Express,Hyderabad,Vijayawada,481,14:00,Cloudy,31,23.56,1.91,18.06,13.13
TRN1051,Krishna Express,Nellore,Chennai,487,20:00,Clear,21,37.1,9.13,0.0,12.35
TRN1052,Duronto Express,Secunderabad,Nizamabad,637,02:00,Rain,35,33.33,6.45,13.46,25.81
TRN1053,Krishna Express,Nellore,Chennai,321,12:00,Clear,41,30.12,6.18,0.32,10.88
TRN1054,Vande Bharat,Secunderabad,Nizamabad,689,08:00,Clear,18,1.09,4.65,9.53,21.42
TRN1055,Garib Rath,Kurnool,Hyderabad,516,22:00,Rain,22,60.57,0.0,3.54,10.95
TRN1056,Duronto Express,Nellore,Chennai,528,16:00,Rain,19,28.65,1.88,10.33,15.3
TRN1057,Rajdhani Express,Nellore,Chennai,197,02:00,Cloudy,29,65.31,6.65,17.39,7.15
TRN1058,Garib Rath,Secunderabad,Nizamabad,657,10:00,Clear,23,49.38,2.38,8.38,21.26
TRN1059,Rajdhani Express,Nellore,Chennai,414,18:00,Heavy Rain,37,43.8,8.46,7.27,37.39
TRN1060,Vande Bharat,Secunderabad,Nizamabad,217,23:00,Rain,34,20.66,0.0,10.69,13.31
TRN1061,Garib Rath,Vijayawada,Visakhapatnam,284,10:00,Cloudy,28,6.07,0.59,11.41,20.99
TRN1062,Shatabdi Express,Hyderabad,Warangal,172,17:00,Cloudy,36,3.27,3.84,4.29,12.1
TRN1063,Intercity Express,Secunderabad,Nizamabad,592,04:00,Cloudy,31,29.14,12.86,8.25,21.28
TRN1064,Vande Bharat,Vijayawada,Visakhapatnam,336,07:00,Rain,37,16.75,5.86,6.07,17.44
TRN1065,Krishna Express,Guntur,Tirupati,157,23:00,Rain,31,11.82,6.6,2.51,18.06
TRN1066,Rajdhani Express,Vijayawada,Visakhapatnam,94,22:00,Clear,27,45.12,7.6,0.0,9.37
TRN1067,Duronto Express,Hyderabad,Vijayawada,659,09:00,Rain,30,38.37,11.25,11.89,45.93
TRN1068,Shatabdi Express,Vijayawada,Visakhapatnam,504,04:00,Clear,19,19.55,10.56,0.0,15.52
TRN1069,Deccan Express,Hyderabad,Vijayawada,516,21:00,Clear,23,19.68,3.47,5.11,13.36
TRN1070,Jan Shatabdi,Hyderabad,Vijayawada,322,07:00,Cloudy,41,8.96,2.82,10.73,19.99
TRN1071,Duronto Express,Kurnool,Hyderabad,197,16:00,Cloudy,23,53.49,5.4,13.26,7.99
TRN1072,Garib Rath,Nellore,Chennai,489,21:00,Rain,37,40.61,7.17,4.79,25.75
TRN1073,Krishna Express,Nellore,Chennai,399,05:00,Cloudy,28,74.56,8.53,0.0,11.53
TRN1074,Garib Rath,Kurnool,Hyderabad,251,01:00,Clear,19,7.03,0.0,7.5,1.41
TRN1075,Intercity Express,Kurnool,Hyderabad,498,16:00,Heavy Rain,29,32.68,2.97,0.0,23.68
TRN1076,Superfast Express,Hyderabad,Warangal,308,13:00,Rain,20,13.14,6.41,11.8,25.35
TRN1077,Krishna Express,Nellore,Chennai,211,12:00,Cloudy,35,65.33,0.0,0.94,0.0
TRN1078,Jan Shatabdi,Kurnool,Hyderabad,222,00:00,Clear,18,31.32,3.59,2.77,7.14
TRN1079,Superfast Express,Hyderabad,Warangal,118,18:00,Clear,20,50.22,1.5,5.2,12.8
TRN1080,Duronto Express,Nellore,Chennai,310,03:00,Fog,18,56.56,9.99,4.52,26.45
TRN1081,Duronto Express,Nellore,Chennai,601,04:00,Heavy Rain,18,8.23,0.0,12.73,35.13
TRN1082,Superfast Express,Secunderabad,Nizamabad,236,14:00,Clear,30,57.6,1.27,17.7,14.74
TRN1083,Duronto Express,Vijayawada,Visakhapatnam,362,04:00,Rain,27,27.4,3.37,0.0,17.25
TRN1084,Krishna Express,Secunderabad,Nizamabad,695,17:00,Cloudy,32,58.09,0.0,1.87,16.52
TRN1085,Duronto Express,Secunderabad,Nizamabad,206,09:00,Rain,26,33.93,5.74,8.7,25.91
TRN1086,Garib Rath,Secunderabad,Nizamabad,425,13:00,Clear,40,73.67,8.12,8.39,20.11
TRN1087,Superfast Express,Kurnool,Hyderabad,510,08:00,Rain,27,64.23,8.41,0.0,27.59
TRN1088,Rajdhani Express,Hyderabad,Warangal,497,16:00,Cloudy,29,73.02,7.51,11.3,12.88
TRN1089,Duronto Express,Nellore,Chennai,580,23:00,Clear,28,50.58,3.92,0.25,20.12
TRN1090,Jan Shatabdi,Hyderabad,Warangal,397,16:00,Clear,33,45.19,5.24,17.72,5.66
TRN1091,Vande Bharat,Vijayawada,Visakhapatnam,301,05:00,Rain,21,14.55,0.0,2.56,6.59
TRN1092,Jan Shatabdi,Kurnool,Hyderabad,555,17:00,Heavy Rain,25,2.17,12.01,3.07,36.87
TRN1093,Superfast Express,Nellore,Chennai,318,04:00,Clear,18,44.54,8.45,12.36,16.63
TRN1094,Duronto Express,Guntur,Tirupati,244,21:00,Clear,40,71.71,5.25,10.28,12.79
TRN1095,Rajdhani Express,Vijayawada,Visakhapatnam,602,09:00,Rain,20,47.22,8.03,0.0,34.03
TRN1096,Rajdhani Express,Secunderabad,Nizamabad,579,21:00,Rain,34,69.48,0.0,14.8,24.59
TRN1097,Vande Bharat,Vijayawada,Visakhapatnam,194,16:00,Clear,25,55.91,0.0,4.71,0.0
TRN1098,Krishna Express,Vijayawada,Visakhapatnam,108,12:00,Cloudy,22,1.47,12.42,0.0,17.7
TRN1099,Vande Bharat,Secunderabad,Nizamabad,232,05:00,Rain,40,8.53,3.3,3.48,17.66
TRN1100,Rajdhani Express,Guntur,Tirupati,534,09:00,Heavy Rain,38,30.65,1.33,3.63,31.23
TRN1101,Intercity Express,Hyderabad,Warangal,371,18:00,Clear,38,66.97,8.3,7.13,23.85
TRN1102,Intercity Express,Vijayawada,Visakhapatnam,134,14:00,Fog,39,58.61,11.0,12.25,21.17
TRN1103,Vande Bharat,Nellore,Chennai,586,12:00,Clear,26,61.67,4.86,20.4,16.37
TRN1104,Jan Shatabdi,Hyderabad,Warangal,210,17:00,Rain,29,77.42,12.25,14.9,30.93
TRN1105,Vande Bharat,Secunderabad,Nizamabad,96,09:00,Cloudy,34,14.81,9.26,8.84,27.02
TRN1106,Jan Shatabdi,Secunderabad,Nizamabad,453,15:00,Rain,35,39.15,7.47,11.01,24.24
TRN1107,Jan Shatabdi,Vijayawada,Visakhapatnam,165,06:00,Clear,38,58.48,4.23,6.92,14.08
TRN1108,Duronto Express,Kurnool,Hyderabad,481,09:00,Cloudy,31,47.7,3.56,4.96,19.12
TRN1109,Rajdhani Express,Hyderabad,Warangal,250,07:00,Clear,40,5.23,6.65,0.0,14.55
TRN1110,Rajdhani Express,Hyderabad,Vijayawada,95,12:00,Cloudy,19,1.95,9.17,8.58,19.82
TRN1111,Shatabdi Express,Hyderabad,Warangal,118,13:00,Clear,34,32.15,14.2,5.46,15.78
TRN1112,Jan Shatabdi,Guntur,Tirupati,468,00:00,Clear,20,37.38,10.81,13.5,19.09
TRN1113,Rajdhani Express,Nellore,Chennai,372,15:00,Clear,31,3.61,4.02,1.82,5.87
TRN1114,Intercity Express,Kurnool,Hyderabad,519,13:00,Cloudy,30,79.13,8.21,7.32,18.54
TRN1115,Superfast Express,Guntur,Tirupati,654,21:00,Cloudy,30,9.63,4.49,4.49,22.7
TRN1116,Intercity Express,Kurnool,Hyderabad,600,02:00,Cloudy,34,13.91,7.03,17.94,19.93
TRN1117,Vande Bharat,Hyderabad,Warangal,239,02:00,Clear,41,59.83,4.47,15.88,7.23
TRN1118,Deccan Express,Hyderabad,Warangal,411,09:00,Rain,25,74.53,2.14,1.66,25.81
TRN1119,Intercity Express,Hyderabad,Warangal,255,17:00,Clear,33,54.66,0.0,1.91,14.14
TRN1120,Superfast Express,Vijayawada,Visakhapatnam,119,12:00,Clear,23,41.7,6.37,5.35,11.89
TRN1121,Deccan Express,Secunderabad,Nizamabad,442,12:00,Cloudy,27,8.47,1.29,12.16,16.73
TRN1122,Krishna Express,Vijayawada,Visakhapatnam,442,20:00,Rain,35,65.44,4.62,8.2,30.44
TRN1123,Jan Shatabdi,Vijayawada,Visakhapatnam,303,12:00,Cloudy,34,44.79,3.87,1.83,8.06
TRN1124,Jan Shatabdi,Vijayawada,Visakhapatnam,312,01:00,Clear,32,74.56,2.32,4.87,8.16
TRN1125,Vande Bharat,Guntur,Tirupati,480,09:00,Cloudy,39,49.67,2.76,10.64,28.08
TRN1126,Krishna Express,Kurnool,Hyderabad,617,01:00,Clear,21,34.09,4.74,0.0,10.2
TRN1127,Jan Shatabdi,Secunderabad,Nizamabad,236,10:00,Clear,19,61.83,3.06,5.52,8.24
TRN1128,Krishna Express,Guntur,Tirupati,606,01:00,Clear,34,52.13,2.73,14.65,13.28
TRN1129,Superfast Express,Guntur,Tirupati,509,16:00,Clear,25,61.67,6.84,12.25,13.05
TRN1130,Garib Rath,Guntur,Tirupati,457,02:00,Clear,32,38.52,6.29,3.27,19.37
TRN1131,Intercity Express,Hyderabad,Vijayawada,580,20:00,Cloudy,25,24.83,3.89,7.82,20.13
TRN1132,Intercity Express,Hyderabad,Warangal,380,00:00,Fog,26,3.17,2.25,1.23,16.35
TRN1133,Vande Bharat,Guntur,Tirupati,125,14:00,Cloudy,39,16.83,9.73,3.38,18.43
TRN1134,Vande Bharat,Secunderabad,Nizamabad,195,21:00,Clear,23,45.4,5.37,14.92,21.78
TRN1135,Rajdhani Express,Vijayawada,Visakhapatnam,507,16:00,Fog,20,71.7,11.81,17.68,27.81
TRN1136,Superfast Express,Vijayawada,Visakhapatnam,397,19:00,Clear,24,52.87,8.44,23.09,32.34
TRN1137,Intercity Express,Vijayawada,Visakhapatnam,594,08:00,Clear,31,6.53,0.87,4.29,19.01
TRN1138,Shatabdi Express,Guntur,Tirupati,673,05:00,Rain,39,26.59,9.52,4.57,37.45
TRN1139,Krishna Express,Hyderabad,Warangal,114,21:00,Clear,18,67.24,9.53,6.08,24.63
TRN1140,Duronto Express,Guntur,Tirupati,231,17:00,Heavy Rain,26,35.09,8.03,7.26,41.37
TRN1141,Rajdhani Express,Kurnool,Hyderabad,497,03:00,Clear,27,79.37,1.45,0.0,3.73
TRN1142,Garib Rath,Kurnool,Hyderabad,599,03:00,Heavy Rain,40,50.6,0.0,9.61,15.54
TRN1143,Garib Rath,Secunderabad,Nizamabad,632,21:00,Heavy Rain,32,47.43,12.25,14.19,46.32
TRN1144,Deccan Express,Hyderabad,Vijayawada,107,01:00,Heavy Rain,22,26.02,2.15,4.73,21.49
TRN1145,Jan Shatabdi,Kurnool,Hyderabad,366,10:00,Heavy Rain,39,13.58,0.0,9.78,29.53
TRN1146,Duronto Express,Hyderabad,Warangal,592,21:00,Clear,28,58.91,9.93,5.75,32.46
TRN1147,Vande Bharat,Guntur,Tirupati,235,14:00,Heavy Rain,29,43.19,3.71,4.84,23.6
TRN1148,Shatabdi Express,Nellore,Chennai,564,20:00,Clear,18,40.58,3.09,14.41,21.88
TRN1149,Superfast Express,Kurnool,Hyderabad,506,17:00,Clear,23,11.17,1.25,12.51,18.42
TRN1150,Intercity Express,Secunderabad,Nizamabad,574,21:00,Clear,18,67.05,2.4,9.05,19.22
TRN1151,Rajdhani Express,Vijayawada,Visakhapatnam,224,07:00,Heavy Rain,34,2.43,5.79,11.14,31.18
TRN1152,Garib Rath,Secunderabad,Nizamabad,440,01:00,Fog,23,25.45,7.67,5.66,25.16
TRN1153,Deccan Express,Hyderabad,Warangal,403,01:00,Clear,31,74.05,8.61,7.03,13.99
TRN1154,Vande Bharat,Nellore,Chennai,534,20:00,Clear,29,48.79,8.01,0.0,23.64
TRN1155,Deccan Express,Hyderabad,Vijayawada,384,16:00,Clear,23,5.86,11.57,15.07,18.68
TRN1156,Shatabdi Express,Secunderabad,Nizamabad,407,15:00,Rain,38,65.1,14.01,0.0,25.76
TRN1157,Duronto Express,Kurnool,Hyderabad,122,15:00,Cloudy,31,57.45,8.04,9.97,15.66
TRN1158,Duronto Express,Secunderabad,Nizamabad,220,21:00,Clear,31,38.87,4.75,1.91,9.77
TRN1159,Shatabdi Express,Vijayawada,Visakhapatnam,499,17:00,Clear,30,33.08,4.46,6.89,14.33
TRN1160,Jan Shatabdi,Kurnool,Hyderabad,391,16:00,Cloudy,27,73.42,7.2,2.24,13.41
TRN1161,Intercity Express,Hyderabad,Vijayawada,251,23:00,Cloudy,32,76.11,9.82,10.69,17.47
TRN1162,Deccan Express,Kurnool,Hyderabad,89,23:00,Clear,27,72.0,6.6,0.0,4.72
TRN1163,Garib Rath,Guntur,Tirupati,129,23:00,Rain,24,53.4,5.96,2.53,24.15
TRN1164,Vande Bharat,Hyderabad,Warangal,187,01:00,Cloudy,38,7.66,0.05,8.31,6.65
TRN1165,Jan Shatabdi,Hyderabad,Warangal,669,12:00,Cloudy,19,21.96,11.69,14.46,18.69
TRN1166,Deccan Express,Hyderabad,Vijayawada,538,06:00,Clear,31,8.33,0.0,11.98,16.69
TRN1167,Jan Shatabdi,Secunderabad,Nizamabad,115,07:00,Cloudy,21,15.35,0.6,3.02,10.61
TRN1168,Vande Bharat,Guntur,Tirupati,596,11:00,Clear,38,21.69,4.21,19.83,21.58
TRN1169,Krishna Express,Hyderabad,Warangal,421,05:00,Clear,29,52.95,11.69,10.93,17.45
TRN1170,Krishna Express,Guntur,Tirupati,532,12:00,Cloudy,32,16.07,4.78,1.6,13.06
TRN1171,Deccan Express,Kurnool,Hyderabad,91,16:00,Clear,25,63.64,0.63,5.79,8.71
TRN1172,Garib Rath,Guntur,Tirupati,485,17:00,Rain,18,48.68,5.57,0.0,23.52
TRN1173,Duronto Express,Hyderabad,Vijayawada,193,12:00,Clear,38,27.71,5.24,0.0,4.97
TRN1174,Krishna Express,Guntur,Tirupati,545,22:00,Clear,39,39.76,8.25,8.57,16.74
TRN1175,Shatabdi Express,Nellore,Chennai,295,09:00,Heavy Rain,23,11.3,7.31,4.34,33.26
TRN1176,Duronto Express,Vijayawada,Visakhapatnam,345,01:00,Clear,39,25.1,2.82,0.84,7.82
TRN1177,Intercity Express,Nellore,Chennai,460,19:00,Cloudy,26,66.02,1.8,10.46,22.39
TRN1178,Duronto Express,Secunderabad,Nizamabad,91,12:00,Fog,37,35.16,0.0,9.98,11.73
TRN1179,Rajdhani Express,Guntur,Tirupati,546,18:00,Cloudy,19,36.78,5.59,5.64,18.86
TRN1180,Vande Bharat,Guntur,Tirupati,694,07:00,Rain,24,17.66,3.79,11.43,26.19
TRN1181,Intercity Express,Kurnool,Hyderabad,142,04:00,Heavy Rain,20,29.42,9.83,5.78,32.08
TRN1182,Jan Shatabdi,Vijayawada,Visakhapatnam,653,20:00,Clear,32,46.57,8.05,1.05,23.31
TRN1183,Garib Rath,Hyderabad,Vijayawada,92,20:00,Rain,30,78.07,1.02,7.78,10.22
TRN1184,Duronto Express,Kurnool,Hyderabad,589,03:00,Heavy Rain,33,58.99,13.24,0.0,32.35
TRN1185,Duronto Express,Secunderabad,Nizamabad,501,09:00,Rain,30,10.65,6.17,2.89,26.54
TRN1186,Rajdhani Express,Vijayawada,Visakhapatnam,311,20:00,Rain,40,52.75,3.48,9.94,26.76
TRN1187,Vande Bharat,Guntur,Tirupati,252,18:00,Clear,29,40.98,4.08,8.63,17.0
TRN1188,Shatabdi Express,Hyderabad,Warangal,96,04:00,Cloudy,25,28.26,3.18,1.13,1.28
TRN1189,Shatabdi Express,Kurnool,Hyderabad,578,18:00,Clear,22,43.97,1.81,6.99,20.18
TRN1190,Superfast Express,Hyderabad,Vijayawada,408,01:00,Cloudy,20,9.71,5.14,17.3,20.36
TRN1191,Deccan Express,Hyderabad,Vijayawada,457,22:00,Clear,35,25.78,4.71,0.53,9.34
TRN1192,Rajdhani Express,Hyderabad,Warangal,601,14:00,Clear,35,17.97,0.94,0.69,0.0
TRN1193,Krishna Express,Hyderabad,Vijayawada,493,19:00,Clear,36,70.95,0.0,14.39,17.9
TRN1194,Vande Bharat,Guntur,Tirupati,312,14:00,Clear,30,17.69,6.06,0.0,10.12
TRN1195,Intercity Express,Nellore,Chennai,314,21:00,Cloudy,30,13.19,6.6,3.44,17.0
TRN1196,Shatabdi Express,Kurnool,Hyderabad,167,11:00,Rain,28,60.65,7.35,12.62,26.8
TRN1197,Intercity Express,Hyderabad,Warangal,102,06:00,Cloudy,22,12.81,4.0,7.86,13.48
TRN1198,Vande Bharat,Guntur,Tirupati,183,02:00,Clear,27,52.6,1.29,15.7,5.97
TRN1199,Jan Shatabdi,Hyderabad,Warangal,145,08:00,Clear,26,44.34,0.0,0.26,7.74
TRN1200,Superfast Express,Hyderabad,Warangal,180,03:00,Clear,21,57.77,1.72,9.57,11.08
TRN1201,Garib Rath,Nellore,Chennai,548,21:00,Cloudy,38,2.33,3.42,5.12,13.17
TRN1202,Jan Shatabdi,Guntur,Tirupati,300,13:00,Rain,22,46.4,0.0,21.03,25.96
TRN1203,Superfast Express,Vijayawada,Visakhapatnam,673,18:00,Clear,36,39.86,9.46,3.46,27.37
TRN1204,Shatabdi Express,Secunderabad,Nizamabad,429,22:00,Rain,18,7.09,7.73,11.36,18.1
TRN1205,Deccan Express,Guntur,Tirupati,197,12:00,Clear,23,50.89,3.6,9.83,14.09
TRN1206,Jan Shatabdi,Hyderabad,Vijayawada,681,15:00,Clear,37,28.98,3.78,8.99,7.11
TRN1207,Shatabdi Express,Secunderabad,Nizamabad,505,02:00,Clear,36,30.15,0.0,0.0,7.83
TRN1208,Duronto Express,Nellore,Chennai,681,03:00,Clear,24,39.72,4.59,19.63,17.42
TRN1209,Intercity Express,Hyderabad,Vijayawada,261,13:00,Cloudy,37,52.56,4.6,6.57,8.33
TRN1210,Superfast Express,Vijayawada,Visakhapatnam,479,21:00,Clear,30,21.45,1.69,9.22,15.49
TRN1211,Duronto Express,Vijayawada,Visakhapatnam,329,10:00,Clear,21,25.22,4.32,8.78,22.27
TRN1212,Duronto Express,Kurnool,Hyderabad,278,20:00,Clear,29,63.02,1.44,7.27,22.55
TRN1213,Garib Rath,Vijayawada,Visakhapatnam,660,02:00,Rain,22,45.23,6.87,7.75,17.11
TRN1214,Deccan Express,Hyderabad,Vijayawada,257,20:00,Clear,27,7.11,9.66,11.29,30.4
TRN1215,Superfast Express,Secunderabad,Nizamabad,652,01:00,Clear,28,5.41,6.52,20.68,20.98
TRN1216,Vande Bharat,Vijayawada,Visakhapatnam,596,01:00,Cloudy,19,7.81,1.68,7.14,16.98
TRN1217,Jan Shatabdi,Nellore,Chennai,667,23:00,Rain,23,64.51,2.41,7.59,16.6
TRN1218,Jan Shatabdi,Secunderabad,Nizamabad,611,03:00,Rain,39,1.44,7.41,10.5,21.37
TRN1219,Duronto Express,Guntur,Tirupati,460,08:00,Cloudy,34,2.17,4.76,2.85,20.83
TRN1220,Duronto Express,Hyderabad,Warangal,515,22:00,Rain,35,7.47,8.53,0.0,19.62
TRN1221,Krishna Express,Guntur,Tirupati,555,08:00,Cloudy,38,24.99,0.43,11.75,20.88
TRN1222,Duronto Express,Nellore,Chennai,347,01:00,Clear,20,29.05,8.83,25.81,23.35
TRN1223,Jan Shatabdi,Secunderabad,Nizamabad,698,04:00,Clear,23,77.42,1.56,16.0,14.9
TRN1224,Garib Rath,Secunderabad,Nizamabad,348,01:00,Clear,23,78.38,6.21,1.97,11.93
TRN1225,Garib Rath,Hyderabad,Vijayawada,210,00:00,Clear,37,71.22,5.78,5.53,11.44
TRN1226,Duronto Express,Nellore,Chennai,513,05:00,Rain,29,79.05,3.82,9.94,22.85
TRN1227,Deccan Express,Secunderabad,Nizamabad,305,21:00,Rain,33,56.96,2.74,5.13,18.19
TRN1228,Krishna Express,Hyderabad,Warangal,358,15:00,Cloudy,34,67.32,0.0,10.83,9.81
TRN1229,Shatabdi Express,Hyderabad,Vijayawada,351,01:00,Clear,25,0.31,1.31,11.53,12.9
TRN1230,Intercity Express,Kurnool,Hyderabad,270,20:00,Clear,38,32.66,3.49,10.4,17.23
TRN1231,Vande Bharat,Kurnool,Hyderabad,472,02:00,Clear,32,20.82,6.09,12.55,11.97
TRN1232,Superfast Express,Nellore,Chennai,629,13:00,Heavy Rain,25,10.31,5.6,17.15,32.24
TRN1233,Duronto Express,Hyderabad,Vijayawada,360,07:00,Rain,23,22.4,3.26,13.25,27.94
TRN1234,Deccan Express,Guntur,Tirupati,252,06:00,Cloudy,26,24.38,6.27,4.25,15.72
TRN1235,Duronto Express,Nellore,Chennai,199,05:00,Clear,21,7.72,0.0,5.93,0.0
TRN1236,Deccan Express,Guntur,Tirupati,147,07:00,Heavy Rain,31,27.23,8.12,16.67,39.71
TRN1237,Shatabdi Express,Hyderabad,Warangal,655,13:00,Heavy Rain,38,5.09,6.39,16.14,35.46
TRN1238,Vande Bharat,Vijayawada,Visakhapatnam,559,00:00,Clear,40,34.43,7.57,3.42,7.2
TRN1239,Deccan Express,Hyderabad,Warangal,105,19:00,Clear,25,75.85,10.73,6.1,25.82
TRN1240,Duronto Express,Nellore,Chennai,155,12:00,Fog,29,76.04,9.44,18.35,30.77
TRN1241,Vande Bharat,Kurnool,Hyderabad,341,21:00,Clear,34,3.18,8.23,9.44,20.67
TRN1242,Deccan Express,Secunderabad,Nizamabad,503,13:00,Cloudy,30,37.94,0.0,14.74,22.38
TRN1243,Vande Bharat,Nellore,Chennai,269,07:00,Clear,18,27.11,6.28,17.38,16.42
TRN1244,Deccan Express,Hyderabad,Vijayawada,423,04:00,Clear,34,9.11,5.46,8.72,4.53
TRN1245,Deccan Express,Kurnool,Hyderabad,476,10:00,Clear,28,10.52,2.17,0.0,7.71
TRN1246,Superfast Express,Secunderabad,Nizamabad,188,11:00,Cloudy,18,65.9,0.0,9.01,5.03
TRN1247,Rajdhani Express,Vijayawada,Visakhapatnam,403,00:00,Cloudy,35,7.38,9.53,23.39,24.09
TRN1248,Shatabdi Express,Kurnool,Hyderabad,120,06:00,Clear,26,51.72,8.43,9.63,17.14
TRN1249,Rajdhani Express,Hyderabad,Warangal,197,08:00,Cloudy,20,57.92,5.23,2.79,11.53
TRN1250,Vande Bharat,Kurnool,Hyderabad,436,20:00,Rain,40,65.34,2.42,6.82,19.91
TRN1251,Rajdhani Express,Guntur,Tirupati,690,12:00,Clear,38,68.94,0.0,11.25,7.69
TRN1252,Deccan Express,Kurnool,Hyderabad,102,07:00,Heavy Rain,39,56.45,0.0,1.09,30.39
TRN1253,Superfast Express,Guntur,Tirupati,86,03:00,Clear,18,27.67,10.24,17.77,15.96
TRN1254,Vande Bharat,Hyderabad,Vijayawada,655,04:00,Cloudy,33,17.43,4.16,7.82,16.96
TRN1255,Duronto Express,Hyderabad,Vijayawada,513,04:00,Clear,41,40.44,4.59,10.86,9.67
TRN1256,Rajdhani Express,Nellore,Chennai,204,14:00,Cloudy,27,72.01,3.55,12.88,11.41
TRN1257,Duronto Express,Vijayawada,Visakhapatnam,280,16:00,Clear,32,12.13,15.53,0.0,16.27
TRN1258,Jan Shatabdi,Hyderabad,Warangal,633,01:00,Clear,36,14.17,2.29,22.23,17.86
TRN1259,Garib Rath,Guntur,Tirupati,218,06:00,Cloudy,18,46.44,4.31,0.24,7.77
TRN1260,Shatabdi Express,Secunderabad,Nizamabad,352,02:00,Heavy Rain,25,26.07,14.34,6.67,41.29
TRN1261,Jan Shatabdi,Secunderabad,Nizamabad,599,04:00,Cloudy,21,72.56,6.03,0.86,7.61
TRN1262,Intercity Express,Secunderabad,Nizamabad,474,06:00,Clear,34,54.46,9.57,4.34,15.89
TRN1263,Intercity Express,Hyderabad,Vijayawada,226,15:00,Clear,37,69.08,0.0,16.83,5.37
TRN1264,Superfast Express,Kurnool,Hyderabad,478,10:00,Heavy Rain,36,46.18,2.38,16.36,35.36
TRN1265,Duronto Express,Kurnool,Hyderabad,444,02:00,Clear,26,4.76,0.91,2.44,1.91
TRN1266,Garib Rath,Secunderabad,Nizamabad,573,22:00,Clear,39,55.02,1.6,14.66,17.6
TRN1267,Krishna Express,Nellore,Chennai,356,15:00,Rain,26,22.3,8.81,11.59,26.91
TRN1268,Vande Bharat,Kurnool,Hyderabad,628,12:00,Rain,22,65.75,7.06,9.26,24.63
TRN1269,Shatabdi Express,Vijayawada,Visakhapatnam,183,22:00,Cloudy,31,22.43,6.88,0.0,15.1
TRN1270,Rajdhani Express,Secunderabad,Nizamabad,652,18:00,Cloudy,33,54.54,12.52,7.04,23.39
TRN1271,Rajdhani Express,Vijayawada,Visakhapatnam,553,12:00,Cloudy,19,22.48,8.32,6.64,17.45
TRN1272,Vande Bharat,Hyderabad,Vijayawada,312,20:00,Clear,36,28.63,0.0,2.02,11.27
TRN1273,Vande Bharat,Kurnool,Hyderabad,102,09:00,Cloudy,25,44.37,6.7,23.53,20.87
TRN1274,Garib Rath,Kurnool,Hyderabad,101,03:00,Clear,40,57.65,4.13,0.14,3.9
TRN1275,Rajdhani Express,Vijayawada,Visakhapatnam,433,10:00,Clear,34,25.41,5.0,7.93,19.19
TRN1276,Rajdhani Express,Hyderabad,Vijayawada,469,04:00,Fog,28,66.14,5.62,9.29,19.82
TRN1277,Rajdhani Express,Guntur,Tirupati,531,03:00,Heavy Rain,36,34.71,4.09,13.29,29.46
TRN1278,Vande Bharat,Guntur,Tirupati,254,22:00,Clear,28,53.31,12.93,8.62,19.7
TRN1279,Deccan Express,Secunderabad,Nizamabad,372,09:00,Clear,39,76.54,0.0,8.12,9.2
TRN1280,Shatabdi Express,Guntur,Tirupati,534,08:00,Clear,22,65.77,4.16,5.22,21.52
TRN1281,Deccan Express,Nellore,Chennai,538,21:00,Heavy Rain,18,63.7,7.69,6.85,38.3
TRN1282,Intercity Express,Guntur,Tirupati,228,07:00,Cloudy,18,71.22,2.65,1.85,10.02
TRN1283,Deccan Express,Hyderabad,Vijayawada,197,21:00,Cloudy,29,7.99,0.67,13.52,16.75
TRN1284,Shatabdi Express,Hyderabad,Vijayawada,466,14:00,Clear,29,47.61,5.33,7.87,12.08
TRN1285,Duronto Express,Vijayawada,Visakhapatnam,267,05:00,Rain,40,61.92,5.48,18.83,21.74
TRN1286,Intercity Express,Kurnool,Hyderabad,580,00:00,Rain,24,27.85,5.77,14.92,19.13
TRN1287,Jan Shatabdi,Guntur,Tirupati,386,08:00,Cloudy,25,62.66,4.11,18.43,18.94
TRN1288,Shatabdi Express,Secunderabad,Nizamabad,568,01:00,Cloudy,30,59.8,1.69,3.13,10.46
TRN1289,Krishna Express,Hyderabad,Vijayawada,687,19:00,Cloudy,32,44.9,2.32,12.41,25.22
TRN1290,Deccan Express,Vijayawada,Visakhapatnam,104,09:00,Clear,36,11.76,10.79,11.49,28.99
TRN1291,Vande Bharat,Hyderabad,Vijayawada,643,05:00,Clear,32,4.85,9.46,15.8,22.19
TRN1292,Deccan Express,Hyderabad,Warangal,327,21:00,Clear,23,42.37,8.09,8.03,14.07
TRN1293,Garib Rath,Nellore,Chennai,532,05:00,Clear,39,60.87,0.0,9.34,18.21
TRN1294,Intercity Express,Secunderabad,Nizamabad,599,11:00,Heavy Rain,29,67.49,0.0,5.0,25.34
TRN1295,Intercity Express,Hyderabad,Vijayawada,351,03:00,Fog,33,32.53,5.12,12.36,22.71
TRN1296,Rajdhani Express,Hyderabad,Warangal,390,05:00,Cloudy,23,15.21,0.0,10.98,10.37
TRN1297,Jan Shatabdi,Secunderabad,Nizamabad,441,07:00,Rain,21,19.79,10.57,16.23,37.4
TRN1298,Intercity Express,Secunderabad,Nizamabad,165,11:00,Clear,27,62.75,0.19,14.26,0.0
TRN1299,Garib Rath,Vijayawada,Visakhapatnam,401,22:00,Rain,39,34.3,4.92,4.59,14.58
TRN1300,Deccan Express,Nellore,Chennai,326,01:00,Fog,24,29.74,6.36,17.94,24.39
TRN1301,Shatabdi Express,Hyderabad,Warangal,438,13:00,Cloudy,30,20.08,0.0,14.25,7.23
TRN1302,Krishna Express,Vijayawada,Visakhapatnam,483,19:00,Clear,28,60.14,7.92,11.09,19.73
TRN1303,Deccan Express,Secunderabad,Nizamabad,659,04:00,Rain,41,46.41,11.47,8.73,24.96
TRN1304,Jan Shatabdi,Kurnool,Hyderabad,233,07:00,Clear,31,62.43,0.0,5.47,0.0
TRN1305,Duronto Express,Secunderabad,Nizamabad,300,07:00,Clear,36,47.5,5.37,5.78,13.06
TRN1306,Shatabdi Express,Secunderabad,Nizamabad,446,23:00,Rain,21,55.49,1.27,12.76,22.61
TRN1307,Shatabdi Express,Vijayawada,Visakhapatnam,512,22:00,Clear,37,34.02,7.76,0.0,9.95
TRN1308,Duronto Express,Hyderabad,Warangal,463,18:00,Clear,21,77.35,0.91,12.76,12.04
TRN1309,Deccan Express,Secunderabad,Nizamabad,422,17:00,Heavy Rain,22,57.01,3.14,11.23,35.99
TRN1310,Intercity Express,Guntur,Tirupati,630,15:00,Rain,38,43.4,3.99,5.53,15.35
TRN1311,Jan Shatabdi,Kurnool,Hyderabad,281,01:00,Rain,26,21.51,3.7,24.1,25.05
TRN1312,Deccan Express,Hyderabad,Warangal,181,16:00,Cloudy,36,29.54,4.41,15.57,18.44
TRN1313,Intercity Express,Hyderabad,Vijayawada,486,06:00,Heavy Rain,34,2.47,7.57,0.2,30.46
TRN1314,Jan Shatabdi,Hyderabad,Vijayawada,553,14:00,Cloudy,21,30.75,9.56,7.58,21.94
TRN1315,Duronto Express,Hyderabad,Warangal,247,18:00,Clear,22,57.48,4.05,9.88,17.45
TRN1316,Krishna Express,Hyderabad,Vijayawada,174,03:00,Cloudy,19,69.71,10.55,15.42,22.92
TRN1317,Jan Shatabdi,Nellore,Chennai,454,02:00,Heavy Rain,40,72.49,5.28,3.52,22.22
TRN1318,Vande Bharat,Nellore,Chennai,176,04:00,Rain,31,48.44,0.59,2.9,5.4
TRN1319,Rajdhani Express,Hyderabad,Vijayawada,98,21:00,Clear,19,16.43,5.66,7.72,18.53
TRN1320,Jan Shatabdi,Nellore,Chennai,294,18:00,Rain,41,79.23,8.42,10.97,28.08
TRN1321,Deccan Express,Hyderabad,Vijayawada,471,09:00,Clear,23,43.82,5.18,10.65,23.51
TRN1322,Vande Bharat,Hyderabad,Warangal,283,06:00,Clear,27,41.34,0.0,13.2,13.57
TRN1323,Superfast Express,Vijayawada,Visakhapatnam,245,21:00,Clear,40,6.16,2.81,6.1,20.4
TRN1324,Rajdhani Express,Nellore,Chennai,388,01:00,Rain,23,20.07,10.36,16.33,31.83
TRN1325,Intercity Express,Hyderabad,Vijayawada,522,03:00,Clear,19,69.29,7.21,10.38,18.14
TRN1326,Rajdhani Express,Nellore,Chennai,104,12:00,Clear,34,30.85,0.0,8.49,7.33
TRN1327,Shatabdi Express,Hyderabad,Vijayawada,499,08:00,Rain,27,59.15,7.59,0.18,34.44
TRN1328,Rajdhani Express,Hyderabad,Warangal,586,20:00,Heavy Rain,32,20.7,4.95,19.74,37.73
TRN1329,Krishna Express,Hyderabad,Warangal,327,16:00,Cloudy,26,19.36,2.99,9.84,13.37
TRN1330,Duronto Express,Kurnool,Hyderabad,654,00:00,Clear,22,6.17,4.06,6.28,15.9
TRN1331,Rajdhani Express,Hyderabad,Warangal,393,00:00,Cloudy,35,29.78,8.07,5.67,15.73
TRN1332,Superfast Express,Nellore,Chennai,466,09:00,Cloudy,40,59.03,0.0,2.66,15.87
TRN1333,Krishna Express,Hyderabad,Vijayawada,152,05:00,Rain,24,21.51,8.24,6.11,23.63
TRN1334,Garib Rath,Vijayawada,Visakhapatnam,524,10:00,Cloudy,23,34.21,7.56,21.95,28.52
TRN1335,Garib Rath,Kurnool,Hyderabad,171,17:00,Rain,39,62.81,0.0,10.99,12.45
TRN1336,Intercity Express,Guntur,Tirupati,286,00:00,Rain,31,0.92,11.5,13.16,25.99
TRN1337,Garib Rath,Secunderabad,Nizamabad,100,17:00,Heavy Rain,30,66.12,10.44,6.33,42.45
TRN1338,Deccan Express,Secunderabad,Nizamabad,140,19:00,Heavy Rain,30,24.62,0.0,0.0,16.95
TRN1339,Krishna Express,Vijayawada,Visakhapatnam,176,16:00,Clear,26,6.21,3.1,15.23,16.74
TRN1340,Jan Shatabdi,Hyderabad,Vijayawada,155,22:00,Cloudy,39,23.68,5.42,0.0,4.71
TRN1341,Duronto Express,Kurnool,Hyderabad,124,16:00,Rain,38,57.5,5.45,20.21,20.65
TRN1342,Krishna Express,Kurnool,Hyderabad,194,03:00,Clear,27,48.62,6.7,0.0,6.38
TRN1343,Superfast Express,Hyderabad,Warangal,588,08:00,Clear,18,43.27,9.34,15.39,29.38
TRN1344,Shatabdi Express,Secunderabad,Nizamabad,172,15:00,Fog,33,48.45,0.0,5.65,10.82
TRN1345,Superfast Express,Vijayawada,Visakhapatnam,96,06:00,Clear,34,54.31,7.15,17.34,16.72
TRN1346,Shatabdi Express,Kurnool,Hyderabad,620,20:00,Clear,33,0.8,8.46,9.96,31.68
TRN1347,Vande Bharat,Secunderabad,Nizamabad,584,21:00,Rain,36,10.19,6.07,0.0,30.23
TRN1348,Deccan Express,Secunderabad,Nizamabad,218,20:00,Clear,25,1.24,5.18,1.72,11.35
TRN1349,Superfast Express,Nellore,Chennai,597,11:00,Clear,25,77.45,5.77,4.08,12.59
TRN1350,Intercity Express,Kurnool,Hyderabad,611,09:00,Clear,36,5.6,2.35,12.93,27.59
TRN1351,Jan Shatabdi,Nellore,Chennai,586,19:00,Clear,28,74.34,9.44,5.17,21.81
TRN1352,Rajdhani Express,Secunderabad,Nizamabad,583,14:00,Clear,21,61.32,9.21,17.78,23.81
TRN1353,Jan Shatabdi,Vijayawada,Visakhapatnam,579,16:00,Clear,36,49.64,2.12,11.7,13.19
TRN1354,Krishna Express,Hyderabad,Vijayawada,479,22:00,Cloudy,38,52.33,4.53,9.33,18.82
TRN1355,Intercity Express,Nellore,Chennai,524,12:00,Rain,33,16.18,0.64,2.51,12.4
TRN1356,Krishna Express,Guntur,Tirupati,474,14:00,Cloudy,19,10.69,0.0,0.0,0.0
TRN1357,Vande Bharat,Nellore,Chennai,584,14:00,Cloudy,20,50.91,0.3,1.73,11.22
TRN1358,Duronto Express,Kurnool,Hyderabad,665,06:00,Rain,32,62.24,1.21,3.12,18.43
TRN1359,Duronto Express,Vijayawada,Visakhapatnam,419,11:00,Clear,25,2.49,3.67,11.44,10.28
TRN1360,Rajdhani Express,Nellore,Chennai,296,23:00,Clear,41,26.02,5.27,10.35,13.63
TRN1361,Vande Bharat,Nellore,Chennai,629,15:00,Rain,29,26.13,8.03,12.29,22.17
TRN1362,Duronto Express,Hyderabad,Warangal,578,21:00,Cloudy,33,24.98,4.02,9.68,23.61
TRN1363,Duronto Express,Kurnool,Hyderabad,286,10:00,Clear,20,49.97,6.0,15.32,23.56
TRN1364,Shatabdi Express,Hyderabad,Warangal,529,09:00,Clear,37,45.56,5.1,5.8,24.54
TRN1365,Rajdhani Express,Kurnool,Hyderabad,619,04:00,Cloudy,22,79.65,7.5,14.2,19.0
TRN1366,Rajdhani Express,Hyderabad,Warangal,646,21:00,Clear,40,74.0,5.49,4.36,20.31
TRN1367,Deccan Express,Hyderabad,Vijayawada,261,09:00,Cloudy,18,50.88,0.18,10.61,15.44
TRN1368,Vande Bharat,Secunderabad,Nizamabad,509,13:00,Clear,35,62.33,12.28,18.88,28.34
TRN1369,Superfast Express,Nellore,Chennai,611,05:00,Cloudy,41,76.28,5.86,14.78,21.66
TRN1370,Intercity Express,Vijayawada,Visakhapatnam,666,07:00,Clear,28,4.16,9.16,7.48,25.01
TRN1371,Vande Bharat,Guntur,Tirupati,518,15:00,Cloudy,28,16.9,7.52,2.37,19.23
TRN1372,Shatabdi Express,Hyderabad,Warangal,291,04:00,Heavy Rain,32,48.24,2.47,12.08,25.84
TRN1373,Garib Rath,Nellore,Chennai,445,19:00,Clear,38,78.03,6.37,10.16,18.22
TRN1374,Krishna Express,Vijayawada,Visakhapatnam,355,17:00,Clear,27,5.99,4.29,16.62,10.34
TRN1375,Garib Rath,Nellore,Chennai,663,07:00,Clear,40,63.86,0.19,0.71,13.15
TRN1376,Jan Shatabdi,Guntur,Tirupati,128,03:00,Cloudy,21,16.84,3.59,5.34,10.34
TRN1377,Intercity Express,Kurnool,Hyderabad,455,22:00,Clear,40,56.53,0.72,10.55,15.54
TRN1378,Superfast Express,Hyderabad,Warangal,191,22:00,Clear,40,78.74,4.54,18.82,10.98
TRN1379,Garib Rath,Vijayawada,Visakhapatnam,168,15:00,Cloudy,29,62.16,3.34,13.64,17.38
TRN1380,Vande Bharat,Hyderabad,Vijayawada,119,19:00,Clear,38,39.15,5.55,7.63,22.61
TRN1381,Intercity Express,Hyderabad,Warangal,523,06:00,Clear,33,32.54,2.9,0.0,6.16
TRN1382,Vande Bharat,Hyderabad,Vijayawada,308,05:00,Cloudy,31,51.58,6.38,10.07,9.42
TRN1383,Deccan Express,Secunderabad,Nizamabad,266,05:00,Clear,41,14.82,1.37,2.99,6.99
TRN1384,Intercity Express,Secunderabad,Nizamabad,501,07:00,Cloudy,23,29.96,3.28,4.27,24.78
TRN1385,Vande Bharat,Hyderabad,Warangal,428,04:00,Clear,26,20.21,14.92,23.87,34.72
TRN1386,Krishna Express,Vijayawada,Visakhapatnam,355,19:00,Rain,39,21.23,7.11,0.0,24.66
TRN1387,Superfast Express,Vijayawada,Visakhapatnam,407,17:00,Fog,40,23.32,2.38,2.87,23.31
TRN1388,Vande Bharat,Guntur,Tirupati,552,15:00,Cloudy,39,34.4,8.56,4.32,23.36
TRN1389,Rajdhani Express,Secunderabad,Nizamabad,250,20:00,Rain,33,27.23,14.64,9.55,34.05
TRN1390,Garib Rath,Kurnool,Hyderabad,463,19:00,Clear,37,74.27,8.55,2.56,22.97
TRN1391,Vande Bharat,Secunderabad,Nizamabad,151,11:00,Clear,25,15.99,5.4,3.5,3.68
TRN1392,Krishna Express,Secunderabad,Nizamabad,503,22:00,Heavy Rain,39,5.29,7.42,18.74,35.5
TRN1393,Shatabdi Express,Hyderabad,Warangal,218,23:00,Clear,36,23.5,5.48,5.19,16.53
TRN1394,Superfast Express,Nellore,Chennai,107,01:00,Cloudy,22,70.79,9.31,1.78,16.91
TRN1395,Duronto Express,Vijayawada,Visakhapatnam,348,19:00,Cloudy,34,56.5,0.65,0.0,11.69
TRN1396,Vande Bharat,Vijayawada,Visakhapatnam,289,15:00,Rain,29,14.86,1.8,12.48,15.92
TRN1397,Deccan Express,Kurnool,Hyderabad,263,11:00,Clear,40,77.45,5.34,0.0,7.22
TRN1398,Krishna Express,Hyderabad,Vijayawada,361,19:00,Rain,27,14.18,0.0,3.46,16.61
TRN1399,Vande Bharat,Kurnool,Hyderabad,242,11:00,Heavy Rain,29,32.9,8.73,6.34,33.23
TRN1400,Vande Bharat,Nellore,Chennai,680,01:00,Clear,38,34.4,0.57,9.61,18.07
TRN1401,Intercity Express,Secunderabad,Nizamabad,222,13:00,Cloudy,31,50.58,0.0,17.62,9.62
TRN1402,Jan Shatabdi,Guntur,Tirupati,170,17:00,Clear,20,45.33,4.48,13.13,18.58
TRN1403,Rajdhani Express,Vijayawada,Visakhapatnam,424,19:00,Clear,40,20.32,4.03,9.18,17.11
TRN1404,Intercity Express,Secunderabad,Nizamabad,276,08:00,Heavy Rain,19,59.11,2.44,8.5,30.75
TRN1405,Jan Shatabdi,Vijayawada,Visakhapatnam,524,21:00,Clear,26,2.54,2.21,13.3,18.86
TRN1406,Intercity Express,Secunderabad,Nizamabad,190,00:00,Clear,27,28.74,3.13,11.01,11.17
TRN1407,Intercity Express,Hyderabad,Warangal,287,07:00,Clear,34,26.25,0.0,0.0,9.07
TRN1408,Superfast Express,Secunderabad,Nizamabad,588,12:00,Cloudy,38,16.34,7.21,7.01,14.85
TRN1409,Rajdhani Express,Vijayawada,Visakhapatnam,84,19:00,Clear,35,77.69,11.89,11.49,22.79
TRN1410,Jan Shatabdi,Kurnool,Hyderabad,98,10:00,Clear,20,6.14,2.17,13.0,8.15
TRN1411,Krishna Express,Guntur,Tirupati,396,16:00,Heavy Rain,35,8.47,0.72,0.0,24.31
TRN1412,Duronto Express,Hyderabad,Warangal,269,03:00,Clear,30,56.81,10.15,6.01,12.71
TRN1413,Deccan Express,Kurnool,Hyderabad,636,01:00,Heavy Rain,41,37.17,0.0,1.03,19.76
TRN1414,Intercity Express,Vijayawada,Visakhapatnam,276,20:00,Clear,19,65.96,3.95,9.64,15.57
TRN1415,Intercity Express,Vijayawada,Visakhapatnam,573,11:00,Clear,40,40.04,0.0,5.1,0.88
TRN1416,Krishna Express,Guntur,Tirupati,85,15:00,Heavy Rain,20,66.28,6.45,15.02,32.64
TRN1417,Duronto Express,Hyderabad,Vijayawada,495,21:00,Rain,20,75.74,10.39,4.68,30.5
TRN1418,Jan Shatabdi,Nellore,Chennai,304,17:00,Clear,26,15.85,3.65,7.27,4.79
TRN1419,Jan Shatabdi,Nellore,Chennai,360,01:00,Clear,33,35.38,7.62,14.07,12.55
TRN1420,Deccan Express,Hyderabad,Vijayawada,413,02:00,Cloudy,19,6.14,10.13,12.45,19.2
TRN1421,Intercity Express,Secunderabad,Nizamabad,582,16:00,Clear,19,74.12,2.62,7.26,11.68
TRN1422,Rajdhani Express,Hyderabad,Warangal,266,15:00,Clear,29,25.1,2.92,13.76,6.89
TRN1423,Duronto Express,Kurnool,Hyderabad,553,14:00,Clear,24,10.56,0.0,8.42,8.16
TRN1424,Vande Bharat,Kurnool,Hyderabad,332,16:00,Clear,38,7.01,1.66,8.99,6.56
TRN1425,Garib Rath,Nellore,Chennai,479,13:00,Rain,30,69.65,8.22,14.41,33.52
TRN1426,Duronto Express,Hyderabad,Warangal,540,09:00,Clear,22,60.81,4.38,6.8,19.82
TRN1427,Intercity Express,Kurnool,Hyderabad,243,01:00,Clear,33,13.7,6.26,16.47,19.59
TRN1428,Intercity Express,Secunderabad,Nizamabad,613,19:00,Heavy Rain,21,9.77,2.68,10.14,30.66
TRN1429,Duronto Express,Kurnool,Hyderabad,414,19:00,Cloudy,21,8.45,5.51,5.38,16.47
TRN1430,Duronto Express,Secunderabad,Nizamabad,379,01:00,Clear,26,12.5,5.28,12.24,18.43
TRN1431,Deccan Express,Secunderabad,Nizamabad,268,18:00,Fog,19,34.75,13.46,1.33,32.7
TRN1432,Jan Shatabdi,Secunderabad,Nizamabad,186,23:00,Rain,40,7.96,13.41,11.89,36.75
TRN1433,Vande Bharat,Hyderabad,Vijayawada,427,00:00,Cloudy,38,61.23,7.35,5.23,13.89
TRN1434,Krishna Express,Hyderabad,Warangal,261,01:00,Rain,19,46.03,8.58,0.0,16.09
TRN1435,Deccan Express,Secunderabad,Nizamabad,523,09:00,Clear,30,52.89,0.0,13.36,13.92
TRN1436,Deccan Express,Guntur,Tirupati,442,08:00,Fog,19,32.91,7.44,16.37,38.32
TRN1437,Duronto Express,Kurnool,Hyderabad,139,01:00,Clear,21,13.97,9.03,0.0,11.16
TRN1438,Jan Shatabdi,Secunderabad,Nizamabad,207,11:00,Clear,23,57.18,8.75,9.6,7.23
TRN1439,Duronto Express,Hyderabad,Vijayawada,175,00:00,Rain,37,75.67,1.48,3.01,16.18
TRN1440,Jan Shatabdi,Kurnool,Hyderabad,475,15:00,Heavy Rain,40,44.53,10.75,1.85,29.72
TRN1441,Vande Bharat,Hyderabad,Vijayawada,389,14:00,Cloudy,22,8.27,11.14,3.4,16.88
TRN1442,Vande Bharat,Secunderabad,Nizamabad,366,02:00,Clear,36,11.86,6.11,8.86,17.01
TRN1443,Deccan Express,Kurnool,Hyderabad,587,07:00,Clear,37,11.04,4.74,10.3,22.36
TRN1444,Krishna Express,Secunderabad,Nizamabad,190,00:00,Clear,37,54.58,8.91,2.45,10.19
TRN1445,Shatabdi Express,Guntur,Tirupati,554,11:00,Cloudy,30,20.54,3.7,17.31,20.89
TRN1446,Deccan Express,Nellore,Chennai,555,19:00,Cloudy,30,68.0,9.39,5.93,24.35
TRN1447,Krishna Express,Vijayawada,Visakhapatnam,105,22:00,Cloudy,26,6.88,9.72,23.95,24.98
TRN1448,Intercity Express,Vijayawada,Visakhapatnam,506,18:00,Cloudy,31,47.89,0.0,1.24,15.26
TRN1449,Shatabdi Express,Hyderabad,Warangal,131,21:00,Heavy Rain,24,51.28,0.0,6.96,27.1
TRN1450,Shatabdi Express,Secunderabad,Nizamabad,500,13:00,Rain,33,4.55,12.19,13.36,33.57
TRN1451,Deccan Express,Guntur,Tirupati,339,10:00,Fog,24,36.33,7.72,7.04,29.84
TRN1452,Deccan Express,Vijayawada,Visakhapatnam,133,18:00,Clear,31,12.95,3.64,0.0,8.22
TRN1453,Superfast Express,Hyderabad,Vijayawada,437,09:00,Cloudy,38,35.36,2.9,9.24,22.57
TRN1454,Deccan Express,Vijayawada,Visakhapatnam,520,06:00,Cloudy,35,32.12,5.52,2.17,12.14
TRN1455,Garib Rath,Guntur,Tirupati,595,16:00,Cloudy,39,4.69,13.66,16.33,28.99
TRN1456,Superfast Express,Hyderabad,Warangal,371,17:00,Cloudy,28,45.27,9.11,6.57,26.66
TRN1457,Shatabdi Express,Kurnool,Hyderabad,266,03:00,Cloudy,24,75.17,7.02,18.42,28.14
TRN1458,Duronto Express,Vijayawada,Visakhapatnam,169,20:00,Clear,18,25.85,3.38,18.79,12.27
TRN1459,Superfast Express,Nellore,Chennai,98,04:00,Clear,22,0.84,7.11,16.97,18.25
TRN1460,Jan Shatabdi,Secunderabad,Nizamabad,240,10:00,Clear,32,48.83,3.58,6.46,15.5
TRN1461,Rajdhani Express,Guntur,Tirupati,501,04:00,Heavy Rain,29,3.87,6.7,10.93,23.98
TRN1462,Superfast Express,Nellore,Chennai,529,11:00,Fog,27,62.75,9.26,0.0,31.53
TRN1463,Jan Shatabdi,Guntur,Tirupati,303,18:00,Cloudy,26,1.68,6.74,10.99,19.41
TRN1464,Krishna Express,Hyderabad,Warangal,202,14:00,Clear,27,16.18,8.66,4.23,11.83
TRN1465,Intercity Express,Secunderabad,Nizamabad,428,18:00,Heavy Rain,25,67.13,5.08,0.0,37.14
TRN1466,Deccan Express,Guntur,Tirupati,413,12:00,Clear,24,7.84,12.59,22.73,28.2
TRN1467,Vande Bharat,Vijayawada,Visakhapatnam,570,15:00,Rain,41,36.13,7.58,13.21,21.87
TRN1468,Jan Shatabdi,Hyderabad,Warangal,213,14:00,Rain,35,74.24,7.0,6.16,16.59
TRN1469,Deccan Express,Guntur,Tirupati,258,23:00,Clear,32,33.09,8.81,20.81,21.83
TRN1470,Jan Shatabdi,Nellore,Chennai,508,12:00,Clear,37,14.32,5.23,12.35,19.41
TRN1471,Jan Shatabdi,Secunderabad,Nizamabad,449,14:00,Heavy Rain,32,34.96,10.87,16.89,35.26
TRN1472,Krishna Express,Nellore,Chennai,93,21:00,Rain,41,31.95,8.63,10.26,26.42
TRN1473,Jan Shatabdi,Nellore,Chennai,354,17:00,Rain,18,66.61,6.36,9.97,27.53
TRN1474,Rajdhani Express,Kurnool,Hyderabad,562,07:00,Cloudy,30,49.49,3.54,3.33,20.9
TRN1475,Shatabdi Express,Guntur,Tirupati,637,07:00,Clear,40,45.74,0.84,6.71,10.88
TRN1476,Shatabdi Express,Kurnool,Hyderabad,431,12:00,Cloudy,40,19.5,0.62,0.25,9.32
TRN1477,Rajdhani Express,Hyderabad,Warangal,382,07:00,Clear,24,62.42,0.0,11.04,18.69
TRN1478,Garib Rath,Vijayawada,Visakhapatnam,375,15:00,Clear,34,10.65,12.11,4.28,11.31
TRN1479,Vande Bharat,Guntur,Tirupati,616,17:00,Clear,28,22.85,7.56,8.86,22.81
TRN1480,Superfast Express,Hyderabad,Warangal,225,16:00,Clear,41,41.71,0.0,7.73,5.54
TRN1481,Vande Bharat,Guntur,Tirupati,205,10:00,Cloudy,33,47.76,3.81,17.18,24.02
TRN1482,Vande Bharat,Vijayawada,Visakhapatnam,560,01:00,Clear,25,19.75,5.78,11.66,8.7
TRN1483,Intercity Express,Secunderabad,Nizamabad,149,08:00,Clear,24,57.85,7.99,14.64,22.32
TRN1484,Deccan Express,Kurnool,Hyderabad,94,03:00,Cloudy,26,24.7,5.17,0.79,4.79
TRN1485,Shatabdi Express,Hyderabad,Vijayawada,148,22:00,Cloudy,32,53.04,6.92,9.39,16.75
TRN1486,Deccan Express,Nellore,Chennai,196,10:00,Clear,27,68.73,3.54,22.35,22.45
TRN1487,Krishna Express,Guntur,Tirupati,152,19:00,Cloudy,39,32.85,7.24,9.31,24.5
TRN1488,Jan Shatabdi,Kurnool,Hyderabad,168,17:00,Clear,40,10.46,2.2,16.36,20.0
TRN1489,Jan Shatabdi,Guntur,Tirupati,185,22:00,Cloudy,20,34.2,10.16,13.35,17.35
TRN1490,Shatabdi Express,Nellore,Chennai,446,15:00,Rain,26,29.62,0.0,10.95,16.91
TRN1491,Jan Shatabdi,Nellore,Chennai,546,05:00,Cloudy,36,63.04,3.93,11.24,14.45
TRN1492,Vande Bharat,Kurnool,Hyderabad,252,12:00,Heavy Rain,27,61.17,15.02,11.11,33.68
TRN1493,Jan Shatabdi,Nellore,Chennai,364,22:00,Cloudy,41,18.5,1.79,0.58,7.61
TRN1494,Garib Rath,Nellore,Chennai,263,06:00,Rain,25,69.7,4.48,14.63,17.14
TRN1495,Jan Shatabdi,Hyderabad,Vijayawada,270,07:00,Cloudy,21,50.0,0.0,15.04,18.47
TRN1496,Jan Shatabdi,Hyderabad,Vijayawada,202,10:00,Cloudy,18,15.14,4.83,8.64,27.53
TRN1497,Vande Bharat,Hyderabad,Warangal,511,04:00,Fog,20,56.75,9.87,15.4,34.63
TRN1498,Superfast Express,Guntur,Tirupati,129,21:00,Heavy Rain,32,5.67,3.74,14.37,30.27
TRN1499,Jan Shatabdi,Kurnool,Hyderabad,466,14:00,Heavy Rain,19,62.04,0.91,5.88,23.02
TRN1500,Vande Bharat,Vijayawada,Visakhapatnam,525,14:00,Clear,19,13.4,3.94,4.42,10.8
TRN1501,Deccan Express,Nellore,Chennai,93,07:00,Clear,19,5.87,8.98,19.92,19.33
TRN1502,Garib Rath,Nellore,Chennai,370,04:00,Rain,34,10.99,0.0,9.42,16.63
TRN1503,Intercity Express,Hyderabad,Vijayawada,404,04:00,Heavy Rain,33,30.11,1.81,26.54,34.25
TRN1504,Intercity Express,Nellore,Chennai,518,05:00,Rain,18,57.92,16.54,7.16,34.54
TRN1505,Superfast Express,Guntur,Tirupati,339,17:00,Clear,18,57.5,4.57,4.82,13.6
TRN1506,Garib Rath,Hyderabad,Warangal,374,09:00,Heavy Rain,35,69.28,9.37,9.94,40.0
TRN1507,Superfast Express,Vijayawada,Visakhapatnam,697,06:00,Rain,39,62.6,4.04,14.41,22.11
TRN1508,Krishna Express,Nellore,Chennai,600,14:00,Clear,36,9.75,7.59,0.0,14.23
TRN1509,Intercity Express,Kurnool,Hyderabad,690,21:00,Fog,36,26.41,4.4,5.71,25.41
TRN1510,Deccan Express,Kurnool,Hyderabad,189,23:00,Clear,41,22.69,0.31,7.35,0.0
TRN1511,Garib Rath,Secunderabad,Nizamabad,607,11:00,Clear,39,1.06,11.28,8.48,18.18
TRN1512,Rajdhani Express,Nellore,Chennai,531,13:00,Cloudy,24,47.38,1.44,1.46,11.79
TRN1513,Vande Bharat,Secunderabad,Nizamabad,229,08:00,Cloudy,39,9.46,10.26,4.91,22.02
TRN1514,Jan Shatabdi,Vijayawada,Visakhapatnam,540,06:00,Clear,18,3.45,2.79,5.22,5.54
TRN1515,Deccan Express,Secunderabad,Nizamabad,209,22:00,Rain,33,78.5,10.26,4.04,25.75
TRN1516,Jan Shatabdi,Secunderabad,Nizamabad,625,00:00,Fog,40,59.66,0.0,11.78,24.54
TRN1517,Jan Shatabdi,Hyderabad,Vijayawada,80,13:00,Cloudy,23,28.48,6.19,0.41,7.38
TRN1518,Vande Bharat,Hyderabad,Vijayawada,153,18:00,Clear,27,45.15,9.73,8.97,23.61
TRN1519,Vande Bharat,Nellore,Chennai,266,17:00,Cloudy,21,41.38,0.0,5.34,9.91
TRN1520,Krishna Express,Hyderabad,Vijayawada,153,04:00,Clear,38,30.94,4.41,4.25,6.58
TRN1521,Garib Rath,Hyderabad,Vijayawada,209,23:00,Clear,34,8.92,12.5,19.33,18.45
TRN1522,Rajdhani Express,Kurnool,Hyderabad,231,09:00,Cloudy,35,58.31,8.2,13.65,19.52
TRN1523,Vande Bharat,Hyderabad,Vijayawada,93,16:00,Clear,21,76.16,7.47,18.57,14.87
TRN1524,Garib Rath,Kurnool,Hyderabad,610,19:00,Cloudy,31,76.92,0.0,3.97,4.09
TRN1525,Rajdhani Express,Hyderabad,Vijayawada,352,11:00,Rain,34,24.98,8.46,12.6,25.85
TRN1526,Duronto Express,Secunderabad,Nizamabad,208,16:00,Clear,39,53.9,10.25,19.3,18.76
TRN1527,Intercity Express,Guntur,Tirupati,415,06:00,Rain,28,9.03,3.4,25.67,24.51
TRN1528,Shatabdi Express,Guntur,Tirupati,147,10:00,Cloudy,29,38.01,3.79,8.42,22.43
TRN1529,Superfast Express,Nellore,Chennai,689,11:00,Clear,33,0.08,8.01,0.0,15.63
TRN1530,Duronto Express,Guntur,Tirupati,637,02:00,Cloudy,25,61.58,9.86,8.42,23.15
TRN1531,Rajdhani Express,Guntur,Tirupati,588,13:00,Clear,21,9.55,9.03,4.15,9.99
TRN1532,Jan Shatabdi,Hyderabad,Warangal,163,20:00,Clear,33,28.49,11.02,0.0,22.35
TRN1533,Shatabdi Express,Vijayawada,Visakhapatnam,660,22:00,Rain,26,50.83,2.68,3.72,17.39
TRN1534,Intercity Express,Vijayawada,Visakhapatnam,551,02:00,Clear,40,57.54,4.04,8.35,15.97
TRN1535,Rajdhani Express,Hyderabad,Vijayawada,601,16:00,Clear,36,38.58,9.13,15.08,21.91
TRN1536,Shatabdi Express,Vijayawada,Visakhapatnam,91,16:00,Rain,23,15.36,8.56,15.81,28.82
TRN1537,Deccan Express,Vijayawada,Visakhapatnam,599,10:00,Clear,21,15.8,2.91,11.55,21.01
TRN1538,Intercity Express,Vijayawada,Visakhapatnam,315,17:00,Clear,37,73.81,1.7,0.0,10.96
TRN1539,Intercity Express,Nellore,Chennai,325,11:00,Clear,27,73.64,5.12,6.11,10.39
TRN1540,Krishna Express,Secunderabad,Nizamabad,327,05:00,Cloudy,24,38.68,11.82,2.68,17.65
TRN1541,Deccan Express,Guntur,Tirupati,431,11:00,Clear,27,40.39,1.06,9.39,8.81
TRN1542,Garib Rath,Vijayawada,Visakhapatnam,609,14:00,Clear,19,49.34,2.68,5.29,14.52
TRN1543,Rajdhani Express,Nellore,Chennai,167,07:00,Clear,29,18.51,5.74,15.42,14.28
TRN1544,Deccan Express,Guntur,Tirupati,121,18:00,Cloudy,36,16.12,5.56,2.77,13.76
TRN1545,Superfast Express,Vijayawada,Visakhapatnam,609,15:00,Cloudy,39,19.98,8.73,5.09,21.66
TRN1546,Rajdhani Express,Hyderabad,Warangal,187,17:00,Clear,39,55.59,16.26,5.1,29.94
TRN1547,Jan Shatabdi,Nellore,Chennai,267,08:00,Clear,22,42.99,7.45,1.97,15.25
TRN1548,Krishna Express,Kurnool,Hyderabad,119,02:00,Clear,33,12.39,0.45,0.0,0.0
TRN1549,Krishna Express,Secunderabad,Nizamabad,500,22:00,Clear,33,20.2,9.68,6.65,18.93
TRN1550,Krishna Express,Hyderabad,Vijayawada,379,11:00,Clear,33,2.99,6.75,0.0,11.1
TRN1551,Duronto Express,Nellore,Chennai,363,23:00,Clear,19,74.83,0.61,17.94,10.96
TRN1552,Vande Bharat,Kurnool,Hyderabad,647,08:00,Rain,36,16.38,5.89,12.55,35.62
TRN1553,Garib Rath,Secunderabad,Nizamabad,674,21:00,Clear,29,76.36,0.98,0.0,16.32
TRN1554,Deccan Express,Secunderabad,Nizamabad,388,17:00,Rain,40,21.92,0.0,5.92,29.53
TRN1555,Rajdhani Express,Kurnool,Hyderabad,107,09:00,Heavy Rain,37,23.99,0.0,7.31,22.36
TRN1556,Superfast Express,Hyderabad,Warangal,249,21:00,Clear,34,27.12,0.0,12.45,6.98
TRN1557,Jan Shatabdi,Vijayawada,Visakhapatnam,640,23:00,Clear,32,29.46,4.78,10.37,18.89
TRN1558,Krishna Express,Hyderabad,Vijayawada,446,12:00,Heavy Rain,21,75.11,5.02,6.44,19.58
TRN1559,Shatabdi Express,Nellore,Chennai,448,21:00,Heavy Rain,35,38.44,5.34,2.77,35.89
TRN1560,Krishna Express,Kurnool,Hyderabad,325,20:00,Clear,40,77.75,4.13,0.0,13.83
TRN1561,Rajdhani Express,Secunderabad,Nizamabad,412,18:00,Clear,35,14.05,12.32,8.78,30.52
TRN1562,Jan Shatabdi,Vijayawada,Visakhapatnam,121,08:00,Clear,22,36.02,3.23,2.6,8.37
TRN1563,Shatabdi Express,Secunderabad,Nizamabad,471,00:00,Rain,24,50.87,4.55,8.5,18.25
TRN1564,Superfast Express,Nellore,Chennai,250,18:00,Rain,18,8.95,0.0,16.63,30.05
TRN1565,Vande Bharat,Guntur,Tirupati,457,11:00,Clear,23,72.71,4.74,18.47,20.59
TRN1566,Garib Rath,Secunderabad,Nizamabad,609,14:00,Clear,36,32.4,5.47,2.44,13.14
TRN1567,Shatabdi Express,Hyderabad,Vijayawada,316,05:00,Clear,37,25.32,3.97,4.23,12.02
TRN1568,Jan Shatabdi,Hyderabad,Vijayawada,588,01:00,Fog,41,7.31,0.0,5.76,18.28
TRN1569,Rajdhani Express,Kurnool,Hyderabad,653,03:00,Rain,22,79.63,6.3,0.0,10.26
TRN1570,Duronto Express,Nellore,Chennai,283,03:00,Cloudy,26,21.73,8.38,5.83,13.14
TRN1571,Krishna Express,Hyderabad,Vijayawada,289,16:00,Heavy Rain,28,13.64,0.0,0.0,23.63
TRN1572,Superfast Express,Guntur,Tirupati,498,21:00,Rain,30,64.8,3.61,2.68,19.78
TRN1573,Vande Bharat,Vijayawada,Visakhapatnam,126,06:00,Cloudy,35,67.58,5.9,4.8,14.51
TRN1574,Rajdhani Express,Guntur,Tirupati,663,21:00,Heavy Rain,19,29.76,6.42,7.36,33.44
TRN1575,Deccan Express,Hyderabad,Warangal,573,07:00,Fog,20,44.03,12.83,9.01,38.23
TRN1576,Rajdhani Express,Hyderabad,Warangal,229,22:00,Clear,23,8.51,8.69,6.09,14.39
TRN1577,Jan Shatabdi,Hyderabad,Vijayawada,430,11:00,Fog,29,15.38,0.0,0.0,15.46
TRN1578,Duronto Express,Kurnool,Hyderabad,397,08:00,Rain,40,39.68,5.18,7.97,26.35
TRN1579,Krishna Express,Hyderabad,Warangal,497,11:00,Cloudy,23,67.51,0.0,6.54,14.41
TRN1580,Superfast Express,Vijayawada,Visakhapatnam,83,09:00,Clear,34,21.69,0.0,13.6,18.01
TRN1581,Deccan Express,Hyderabad,Warangal,356,23:00,Heavy Rain,41,76.37,2.48,13.12,25.5
TRN1582,Superfast Express,Guntur,Tirupati,552,07:00,Clear,31,67.59,3.14,17.76,19.59
TRN1583,Superfast Express,Hyderabad,Vijayawada,434,16:00,Rain,30,32.73,9.88,0.46,18.36
TRN1584,Jan Shatabdi,Hyderabad,Warangal,306,11:00,Rain,37,68.14,9.15,15.98,35.59
TRN1585,Krishna Express,Hyderabad,Vijayawada,136,07:00,Clear,30,0.17,5.52,0.0,11.66
TRN1586,Krishna Express,Vijayawada,Visakhapatnam,195,01:00,Clear,28,35.94,7.2,10.84,12.71
TRN1587,Duronto Express,Hyderabad,Vijayawada,543,11:00,Clear,34,36.41,2.99,1.95,3.22
TRN1588,Intercity Express,Guntur,Tirupati,680,14:00,Cloudy,25,46.19,8.65,3.82,27.37
TRN1589,Garib Rath,Kurnool,Hyderabad,245,21:00,Clear,36,23.41,0.63,8.95,16.64
TRN1590,Vande Bharat,Nellore,Chennai,437,02:00,Cloudy,19,42.26,7.58,1.21,14.12
TRN1591,Jan Shatabdi,Guntur,Tirupati,260,06:00,Rain,41,51.45,8.98,0.0,17.43
TRN1592,Garib Rath,Hyderabad,Warangal,629,04:00,Fog,19,77.56,0.0,11.24,8.6
TRN1593,Shatabdi Express,Hyderabad,Vijayawada,655,21:00,Cloudy,36,34.94,10.83,6.73,34.7
TRN1594,Intercity Express,Vijayawada,Visakhapatnam,282,00:00,Rain,23,78.05,9.42,17.31,31.45
TRN1595,Shatabdi Express,Hyderabad,Warangal,491,06:00,Rain,28,35.13,4.54,5.31,20.73
TRN1596,Krishna Express,Secunderabad,Nizamabad,337,01:00,Cloudy,27,22.01,8.5,12.72,18.33
TRN1597,Intercity Express,Hyderabad,Vijayawada,466,09:00,Cloudy,38,52.98,1.03,14.44,18.43
TRN1598,Vande Bharat,Secunderabad,Nizamabad,338,19:00,Rain,30,35.92,3.5,2.38,20.53
TRN1599,Intercity Express,Hyderabad,Warangal,169,05:00,Rain,28,28.15,12.72,3.76,18.12
TRN1600,Intercity Express,Kurnool,Hyderabad,527,23:00,Clear,31,35.04,1.76,12.18,3.81
TRN1601,Krishna Express,Vijayawada,Visakhapatnam,581,15:00,Heavy Rain,30,14.74,5.5,3.62,28.14
TRN1602,Garib Rath,Hyderabad,Vijayawada,584,08:00,Clear,41,77.32,2.63,0.0,14.85
TRN1603,Superfast Express,Kurnool,Hyderabad,300,04:00,Heavy Rain,27,28.2,8.4,10.92,31.2
TRN1604,Duronto Express,Hyderabad,Vijayawada,204,02:00,Cloudy,23,62.15,6.55,9.45,12.15
TRN1605,Rajdhani Express,Guntur,Tirupati,483,06:00,Fog,37,51.24,5.8,7.43,23.92
TRN1606,Shatabdi Express,Nellore,Chennai,410,23:00,Clear,29,3.85,3.15,5.61,9.45
TRN1607,Krishna Express,Hyderabad,Warangal,615,03:00,Heavy Rain,33,60.3,6.81,6.02,22.85
TRN1608,Vande Bharat,Kurnool,Hyderabad,194,03:00,Clear,20,13.23,8.72,6.89,18.43
TRN1609,Jan Shatabdi,Hyderabad,Vijayawada,617,00:00,Clear,32,16.45,0.0,11.81,18.54
TRN1610,Vande Bharat,Guntur,Tirupati,135,02:00,Clear,39,26.85,6.9,11.74,23.71
TRN1611,Shatabdi Express,Hyderabad,Vijayawada,404,18:00,Clear,28,58.69,5.64,16.52,21.68
TRN1612,Rajdhani Express,Vijayawada,Visakhapatnam,543,08:00,Clear,19,54.17,4.04,15.24,29.43
TRN1613,Jan Shatabdi,Secunderabad,Nizamabad,681,20:00,Clear,36,66.59,9.36,16.4,24.37
TRN1614,Duronto Express,Vijayawada,Visakhapatnam,376,18:00,Heavy Rain,35,30.63,8.18,0.72,41.01
TRN1615,Jan Shatabdi,Guntur,Tirupati,468,16:00,Clear,27,75.24,3.08,24.05,15.9
TRN1616,Rajdhani Express,Nellore,Chennai,222,05:00,Rain,32,30.03,7.45,0.96,18.49
TRN1617,Jan Shatabdi,Hyderabad,Warangal,349,02:00,Clear,27,8.6,8.17,4.01,16.67
TRN1618,Duronto Express,Secunderabad,Nizamabad,599,11:00,Rain,22,10.86,0.08,4.45,11.46
TRN1619,Rajdhani Express,Guntur,Tirupati,108,02:00,Clear,26,27.38,5.11,8.73,4.94
TRN1620,Shatabdi Express,Kurnool,Hyderabad,550,08:00,Clear,39,4.53,3.81,9.47,17.15
TRN1621,Rajdhani Express,Vijayawada,Visakhapatnam,660,09:00,Rain,41,13.92,10.46,0.0,31.27
TRN1622,Jan Shatabdi,Hyderabad,Warangal,476,02:00,Cloudy,41,34.57,2.56,10.95,18.94
TRN1623,Krishna Express,Guntur,Tirupati,563,01:00,Clear,19,33.39,2.07,3.31,5.52
TRN1624,Superfast Express,Vijayawada,Visakhapatnam,408,18:00,Heavy Rain,36,32.54,9.59,4.05,37.96
TRN1625,Jan Shatabdi,Hyderabad,Warangal,631,18:00,Cloudy,27,60.04,2.48,11.06,19.77
TRN1626,Jan Shatabdi,Kurnool,Hyderabad,617,11:00,Clear,27,50.24,7.38,5.85,20.69
TRN1627,Intercity Express,Kurnool,Hyderabad,348,00:00,Cloudy,18,39.03,7.09,0.0,4.5
TRN1628,Intercity Express,Vijayawada,Visakhapatnam,448,05:00,Rain,23,0.06,0.0,19.06,21.82
TRN1629,Krishna Express,Hyderabad,Vijayawada,525,05:00,Rain,39,76.18,13.86,11.9,26.57
TRN1630,Jan Shatabdi,Vijayawada,Visakhapatnam,680,12:00,Cloudy,27,62.24,5.5,4.04,14.03
TRN1631,Rajdhani Express,Hyderabad,Vijayawada,305,18:00,Fog,20,41.38,0.06,14.7,21.3
TRN1632,Jan Shatabdi,Hyderabad,Vijayawada,451,11:00,Cloudy,28,23.15,5.81,11.28,16.75
TRN1633,Rajdhani Express,Guntur,Tirupati,412,08:00,Clear,30,32.55,5.72,0.0,19.43
TRN1634,Krishna Express,Hyderabad,Vijayawada,378,15:00,Heavy Rain,36,27.08,9.07,5.94,31.31
TRN1635,Shatabdi Express,Vijayawada,Visakhapatnam,413,15:00,Clear,20,50.65,6.0,13.67,15.29
TRN1636,Jan Shatabdi,Guntur,Tirupati,435,12:00,Cloudy,25,27.32,5.3,12.23,14.35
TRN1637,Rajdhani Express,Nellore,Chennai,294,04:00,Clear,28,14.63,0.0,15.59,10.09
TRN1638,Jan Shatabdi,Hyderabad,Vijayawada,209,07:00,Cloudy,20,3.96,4.81,0.0,21.12
TRN1639,Duronto Express,Secunderabad,Nizamabad,420,19:00,Cloudy,23,53.39,6.35,4.66,17.83
TRN1640,Shatabdi Express,Hyderabad,Vijayawada,592,18:00,Heavy Rain,36,49.05,0.75,2.46,28.79
TRN1641,Intercity Express,Kurnool,Hyderabad,284,14:00,Clear,38,74.75,7.67,2.17,11.63
TRN1642,Duronto Express,Guntur,Tirupati,95,17:00,Clear,30,68.26,9.44,6.35,17.3
TRN1643,Deccan Express,Vijayawada,Visakhapatnam,550,17:00,Cloudy,35,55.74,3.91,4.58,23.67
TRN1644,Rajdhani Express,Hyderabad,Vijayawada,225,06:00,Clear,22,10.17,1.97,0.0,3.21
TRN1645,Rajdhani Express,Secunderabad,Nizamabad,158,16:00,Clear,38,74.89,7.58,8.14,3.14
TRN1646,Shatabdi Express,Secunderabad,Nizamabad,438,23:00,Cloudy,40,27.09,8.13,8.56,15.3
TRN1647,Deccan Express,Hyderabad,Vijayawada,96,18:00,Clear,20,48.37,15.34,16.74,29.87
TRN1648,Vande Bharat,Kurnool,Hyderabad,351,02:00,Cloudy,25,6.56,3.76,15.25,10.52
TRN1649,Duronto Express,Hyderabad,Vijayawada,367,08:00,Cloudy,37,58.48,5.9,3.95,20.88
TRN1650,Jan Shatabdi,Hyderabad,Vijayawada,646,00:00,Fog,30,59.36,0.0,10.15,19.53
TRN1651,Krishna Express,Kurnool,Hyderabad,394,09:00,Clear,31,39.44,7.72,6.61,15.47
TRN1652,Krishna Express,Hyderabad,Vijayawada,587,02:00,Fog,37,58.29,6.33,0.0,22.74
TRN1653,Shatabdi Express,Hyderabad,Warangal,512,15:00,Cloudy,40,9.21,11.98,14.45,26.02
TRN1654,Krishna Express,Guntur,Tirupati,209,19:00,Clear,21,55.95,4.1,0.0,21.61
TRN1655,Rajdhani Express,Hyderabad,Warangal,492,10:00,Rain,40,7.62,4.7,5.39,22.88
TRN1656,Jan Shatabdi,Nellore,Chennai,491,10:00,Clear,38,59.65,7.06,13.72,25.4
TRN1657,Rajdhani Express,Kurnool,Hyderabad,220,04:00,Clear,31,36.01,6.25,0.0,3.1
TRN1658,Superfast Express,Hyderabad,Warangal,591,16:00,Rain,19,70.84,9.05,0.0,25.1
TRN1659,Jan Shatabdi,Secunderabad,Nizamabad,559,06:00,Clear,31,1.76,7.34,12.3,14.87
TRN1660,Rajdhani Express,Secunderabad,Nizamabad,359,05:00,Rain,32,0.17,3.34,1.31,15.93
TRN1661,Rajdhani Express,Guntur,Tirupati,392,10:00,Clear,24,32.2,5.91,12.45,19.52
TRN1662,Rajdhani Express,Guntur,Tirupati,359,07:00,Cloudy,30,55.4,0.12,5.91,14.04
TRN1663,Superfast Express,Kurnool,Hyderabad,142,14:00,Clear,22,63.88,1.39,12.22,4.46
TRN1664,Garib Rath,Vijayawada,Visakhapatnam,565,03:00,Clear,29,31.22,3.9,13.79,15.7
TRN1665,Shatabdi Express,Guntur,Tirupati,446,09:00,Fog,36,51.54,8.56,10.56,35.64
TRN1666,Krishna Express,Hyderabad,Vijayawada,383,18:00,Cloudy,33,15.0,1.4,14.69,19.67
TRN1667,Superfast Express,Vijayawada,Visakhapatnam,270,03:00,Cloudy,38,53.85,12.75,0.0,16.78
TRN1668,Rajdhani Express,Guntur,Tirupati,698,07:00,Heavy Rain,19,74.27,0.0,8.58,30.5
TRN1669,Rajdhani Express,Guntur,Tirupati,262,07:00,Clear,18,67.49,6.96,4.81,25.61
TRN1670,Duronto Express,Hyderabad,Vijayawada,589,07:00,Clear,34,34.57,6.46,7.64,25.42
TRN1671,Superfast Express,Kurnool,Hyderabad,498,17:00,Fog,38,79.41,0.69,15.25,32.62
TRN1672,Rajdhani Express,Nellore,Chennai,357,10:00,Rain,24,38.82,9.13,4.12,34.58
TRN1673,Intercity Express,Secunderabad,Nizamabad,298,07:00,Clear,32,64.7,6.56,0.0,12.75
TRN1674,Deccan Express,Hyderabad,Vijayawada,523,16:00,Rain,38,25.17,8.55,9.75,22.43
TRN1675,Shatabdi Express,Hyderabad,Vijayawada,144,19:00,Clear,31,35.39,0.08,15.86,16.99
TRN1676,Vande Bharat,Hyderabad,Vijayawada,296,10:00,Clear,21,40.7,6.53,13.66,19.56
TRN1677,Superfast Express,Hyderabad,Vijayawada,135,21:00,Cloudy,29,19.8,10.38,17.05,25.3
TRN1678,Jan Shatabdi,Nellore,Chennai,556,10:00,Cloudy,24,41.46,9.91,8.54,26.84
TRN1679,Krishna Express,Nellore,Chennai,319,07:00,Fog,19,75.6,3.1,9.32,21.65
TRN1680,Rajdhani Express,Guntur,Tirupati,302,07:00,Cloudy,37,73.27,4.16,0.0,19.0
TRN1681,Deccan Express,Secunderabad,Nizamabad,164,12:00,Rain,33,4.3,9.17,17.54,26.07
TRN1682,Shatabdi Express,Nellore,Chennai,188,06:00,Clear,35,34.14,7.09,17.15,19.25
TRN1683,Vande Bharat,Nellore,Chennai,416,09:00,Clear,31,39.86,2.34,0.0,16.22
TRN1684,Rajdhani Express,Guntur,Tirupati,607,16:00,Cloudy,41,26.33,8.33,8.91,12.02
TRN1685,Deccan Express,Guntur,Tirupati,681,11:00,Clear,40,31.68,3.66,0.0,13.44
TRN1686,Rajdhani Express,Kurnool,Hyderabad,303,05:00,Fog,28,10.98,4.18,14.53,15.98
TRN1687,Deccan Express,Nellore,Chennai,289,15:00,Rain,37,57.72,11.17,8.6,31.47
TRN1688,Deccan Express,Vijayawada,Visakhapatnam,300,15:00,Rain,39,1.68,13.22,14.69,38.39
TRN1689,Intercity Express,Hyderabad,Vijayawada,133,11:00,Rain,24,7.57,5.0,4.35,12.51
TRN1690,Shatabdi Express,Hyderabad,Warangal,291,01:00,Fog,29,70.66,5.59,7.86,24.28
TRN1691,Rajdhani Express,Secunderabad,Nizamabad,187,16:00,Rain,40,17.57,10.62,6.31,30.23
TRN1692,Duronto Express,Secunderabad,Nizamabad,283,20:00,Rain,20,38.6,7.58,7.72,20.88
TRN1693,Rajdhani Express,Guntur,Tirupati,374,16:00,Clear,30,23.91,0.0,4.95,4.69
TRN1694,Krishna Express,Hyderabad,Vijayawada,684,06:00,Clear,41,0.8,4.72,9.05,15.57
TRN1695,Jan Shatabdi,Hyderabad,Warangal,308,06:00,Clear,18,67.64,5.16,18.03,17.78
TRN1696,Rajdhani Express,Kurnool,Hyderabad,606,10:00,Rain,21,16.94,3.2,3.98,28.0
TRN1697,Garib Rath,Hyderabad,Vijayawada,484,11:00,Rain,24,29.23,5.77,16.39,27.35
TRN1698,Jan Shatabdi,Vijayawada,Visakhapatnam,403,05:00,Rain,22,26.91,0.29,10.85,15.73
TRN1699,Vande Bharat,Kurnool,Hyderabad,272,18:00,Clear,27,35.37,6.09,0.0,14.44
TRN1700,Rajdhani Express,Hyderabad,Vijayawada,554,16:00,Clear,21,76.41,5.06,2.64,7.15
TRN1701,Deccan Express,Vijayawada,Visakhapatnam,582,21:00,Clear,21,65.5,6.31,2.36,23.98
TRN1702,Jan Shatabdi,Guntur,Tirupati,240,13:00,Clear,34,6.23,1.85,11.22,9.65
TRN1703,Duronto Express,Secunderabad,Nizamabad,599,23:00,Cloudy,36,75.35,3.52,9.5,11.64
TRN1704,Vande Bharat,Secunderabad,Nizamabad,668,13:00,Clear,32,49.3,11.92,0.0,17.09
TRN1705,Vande Bharat,Hyderabad,Vijayawada,420,22:00,Clear,28,41.61,0.0,6.76,4.37
TRN1706,Krishna Express,Hyderabad,Vijayawada,213,00:00,Clear,39,53.02,7.34,0.0,16.76
TRN1707,Superfast Express,Hyderabad,Warangal,255,05:00,Clear,39,62.36,3.53,6.72,13.78
TRN1708,Jan Shatabdi,Hyderabad,Warangal,371,19:00,Cloudy,30,41.97,1.82,0.0,18.34
TRN1709,Jan Shatabdi,Secunderabad,Nizamabad,465,05:00,Clear,28,39.57,3.8,11.57,16.59
TRN1710,Krishna Express,Nellore,Chennai,136,17:00,Clear,32,69.2,4.21,1.24,9.91
TRN1711,Superfast Express,Guntur,Tirupati,122,06:00,Clear,27,58.35,0.0,13.94,5.02
TRN1712,Jan Shatabdi,Secunderabad,Nizamabad,167,03:00,Clear,39,31.56,9.88,3.3,16.43
TRN1713,Superfast Express,Nellore,Chennai,371,04:00,Clear,40,68.7,0.0,13.07,14.1
TRN1714,Vande Bharat,Hyderabad,Vijayawada,666,18:00,Clear,22,42.37,15.35,0.0,24.87
TRN1715,Shatabdi Express,Guntur,Tirupati,217,09:00,Clear,32,22.68,4.4,0.0,11.09
TRN1716,Krishna Express,Vijayawada,Visakhapatnam,209,16:00,Cloudy,24,0.31,10.43,4.63,10.75
TRN1717,Vande Bharat,Hyderabad,Vijayawada,664,19:00,Cloudy,21,18.19,4.9,0.0,13.74
TRN1718,Krishna Express,Hyderabad,Warangal,246,08:00,Clear,33,35.02,3.74,2.69,11.36
TRN1719,Vande Bharat,Hyderabad,Warangal,628,06:00,Rain,22,2.81,10.6,10.57,28.25
TRN1720,Rajdhani Express,Nellore,Chennai,318,19:00,Clear,28,74.68,3.62,1.11,11.44
TRN1721,Duronto Express,Secunderabad,Nizamabad,680,12:00,Clear,41,75.08,9.34,9.47,20.72
TRN1722,Garib Rath,Hyderabad,Vijayawada,520,04:00,Clear,39,41.47,4.96,0.0,11.46
TRN1723,Deccan Express,Hyderabad,Warangal,696,05:00,Cloudy,26,22.95,1.91,4.51,10.63
TRN1724,Deccan Express,Nellore,Chennai,428,13:00,Cloudy,38,70.5,1.79,2.79,7.87
TRN1725,Duronto Express,Nellore,Chennai,287,21:00,Cloudy,36,22.98,3.68,19.72,21.34
TRN1726,Vande Bharat,Kurnool,Hyderabad,267,19:00,Heavy Rain,26,75.3,0.0,9.36,31.78
TRN1727,Jan Shatabdi,Secunderabad,Nizamabad,345,21:00,Clear,30,25.35,0.0,6.08,11.7
TRN1728,Vande Bharat,Hyderabad,Vijayawada,178,16:00,Rain,27,65.94,5.46,0.0,15.27
TRN1729,Intercity Express,Nellore,Chennai,558,16:00,Cloudy,33,38.17,3.55,4.47,12.29
TRN1730,Krishna Express,Vijayawada,Visakhapatnam,122,09:00,Fog,23,18.73,12.41,8.2,32.07
TRN1731,Vande Bharat,Secunderabad,Nizamabad,663,15:00,Heavy Rain,32,40.92,3.4,0.79,21.03
TRN1732,Duronto Express,Guntur,Tirupati,257,09:00,Rain,26,26.48,6.51,4.53,29.41
TRN1733,Intercity Express,Nellore,Chennai,681,14:00,Fog,34,55.19,1.47,9.61,29.06
TRN1734,Deccan Express,Hyderabad,Warangal,207,06:00,Clear,39,69.83,5.24,4.02,11.61
TRN1735,Duronto Express,Kurnool,Hyderabad,126,12:00,Clear,19,46.25,5.02,12.15,11.97
TRN1736,Intercity Express,Vijayawada,Visakhapatnam,535,08:00,Cloudy,23,15.29,2.11,2.65,22.02
TRN1737,Deccan Express,Hyderabad,Vijayawada,409,22:00,Cloudy,27,0.39,4.75,16.6,18.06
TRN1738,Rajdhani Express,Guntur,Tirupati,318,13:00,Cloudy,39,8.93,13.53,9.31,21.48
TRN1739,Rajdhani Express,Nellore,Chennai,360,18:00,Heavy Rain,25,51.47,7.75,3.71,33.61
TRN1740,Garib Rath,Guntur,Tirupati,218,19:00,Clear,32,30.37,9.74,13.46,27.92
TRN1741,Superfast Express,Nellore,Chennai,126,11:00,Heavy Rain,38,68.04,5.54,15.23,23.23
TRN1742,Deccan Express,Secunderabad,Nizamabad,489,05:00,Cloudy,24,34.17,11.19,0.0,17.0
TRN1743,Garib Rath,Vijayawada,Visakhapatnam,461,21:00,Clear,26,69.37,3.69,8.87,23.91
TRN1744,Rajdhani Express,Hyderabad,Vijayawada,303,10:00,Clear,20,37.45,6.53,10.1,24.9
TRN1745,Garib Rath,Hyderabad,Vijayawada,142,10:00,Cloudy,39,31.98,5.54,11.0,18.51
TRN1746,Vande Bharat,Secunderabad,Nizamabad,542,06:00,Clear,27,48.13,3.46,7.1,9.12
TRN1747,Intercity Express,Guntur,Tirupati,666,19:00,Rain,36,15.53,7.94,8.43,32.16
TRN1748,Jan Shatabdi,Secunderabad,Nizamabad,134,07:00,Clear,33,68.37,6.16,4.08,21.61
TRN1749,Shatabdi Express,Nellore,Chennai,389,13:00,Heavy Rain,32,53.36,3.99,12.7,26.28
TRN1750,Vande Bharat,Secunderabad,Nizamabad,662,18:00,Clear,32,42.68,5.44,3.32,16.27
TRN1751,Krishna Express,Hyderabad,Vijayawada,246,01:00,Rain,38,2.91,4.06,10.4,14.2
TRN1752,Shatabdi Express,Hyderabad,Vijayawada,379,13:00,Cloudy,41,12.18,9.39,0.0,18.99
TRN1753,Duronto Express,Nellore,Chennai,444,11:00,Heavy Rain,35,79.74,7.4,0.0,25.31
TRN1754,Rajdhani Express,Nellore,Chennai,590,02:00,Rain,34,63.62,5.02,6.9,16.3
TRN1755,Garib Rath,Secunderabad,Nizamabad,696,02:00,Cloudy,26,39.24,5.84,6.15,18.85
TRN1756,Krishna Express,Hyderabad,Vijayawada,479,14:00,Cloudy,29,34.93,3.99,2.52,20.18
TRN1757,Shatabdi Express,Vijayawada,Visakhapatnam,362,09:00,Clear,34,1.07,7.58,3.89,21.53
TRN1758,Jan Shatabdi,Kurnool,Hyderabad,271,19:00,Clear,19,51.85,9.1,0.0,21.6
TRN1759,Deccan Express,Hyderabad,Warangal,664,19:00,Rain,18,10.17,9.5,0.0,30.78
TRN1760,Superfast Express,Guntur,Tirupati,132,13:00,Fog,27,15.3,3.89,6.97,10.11
TRN1761,Deccan Express,Vijayawada,Visakhapatnam,601,15:00,Fog,22,73.46,0.0,5.35,21.74
TRN1762,Duronto Express,Kurnool,Hyderabad,472,06:00,Cloudy,40,72.6,5.15,8.66,11.14
TRN1763,Superfast Express,Hyderabad,Warangal,521,00:00,Clear,34,38.3,7.13,3.17,14.05
TRN1764,Jan Shatabdi,Kurnool,Hyderabad,367,21:00,Rain,30,50.1,8.42,2.32,27.49
TRN1765,Shatabdi Express,Hyderabad,Warangal,430,19:00,Clear,20,50.09,5.06,14.93,20.43
TRN1766,Shatabdi Express,Hyderabad,Vijayawada,491,20:00,Heavy Rain,32,65.82,3.05,0.0,34.39
TRN1767,Duronto Express,Hyderabad,Vijayawada,547,01:00,Clear,35,50.34,9.29,15.09,14.07
TRN1768,Superfast Express,Secunderabad,Nizamabad,92,10:00,Heavy Rain,36,64.62,3.82,2.66,27.7
TRN1769,Superfast Express,Vijayawada,Visakhapatnam,571,03:00,Cloudy,34,78.52,3.38,2.42,0.6
TRN1770,Shatabdi Express,Kurnool,Hyderabad,168,16:00,Clear,25,44.79,0.0,16.99,0.0
TRN1771,Jan Shatabdi,Hyderabad,Warangal,582,03:00,Clear,36,37.24,8.62,1.65,18.67
TRN1772,Intercity Express,Nellore,Chennai,248,18:00,Clear,40,35.09,6.3,4.81,22.66
TRN1773,Jan Shatabdi,Vijayawada,Visakhapatnam,102,15:00,Clear,23,11.8,9.72,22.02,20.69
TRN1774,Deccan Express,Kurnool,Hyderabad,92,10:00,Cloudy,39,20.41,5.56,9.02,24.61
TRN1775,Vande Bharat,Nellore,Chennai,583,17:00,Cloudy,18,35.39,5.23,3.77,19.2
TRN1776,Shatabdi Express,Nellore,Chennai,521,14:00,Fog,31,72.45,0.0,8.61,14.51
TRN1777,Garib Rath,Nellore,Chennai,170,06:00,Heavy Rain,18,64.99,6.8,6.17,28.19
TRN1778,Duronto Express,Kurnool,Hyderabad,319,20:00,Clear,28,26.06,0.0,5.5,16.35
TRN1779,Intercity Express,Kurnool,Hyderabad,510,04:00,Clear,19,11.8,1.77,21.23,13.71
TRN1780,Vande Bharat,Secunderabad,Nizamabad,462,08:00,Cloudy,34,74.21,5.58,8.53,26.1
TRN1781,Garib Rath,Nellore,Chennai,680,00:00,Cloudy,27,78.26,4.82,0.0,19.18
TRN1782,Superfast Express,Hyderabad,Vijayawada,445,03:00,Clear,34,3.25,0.0,14.77,7.65
TRN1783,Rajdhani Express,Secunderabad,Nizamabad,125,09:00,Cloudy,33,21.12,5.31,10.42,19.31
TRN1784,Deccan Express,Nellore,Chennai,283,16:00,Cloudy,32,5.44,1.98,3.98,5.94
TRN1785,Krishna Express,Kurnool,Hyderabad,298,11:00,Cloudy,26,15.07,10.16,8.25,14.7
TRN1786,Shatabdi Express,Hyderabad,Vijayawada,565,21:00,Cloudy,33,75.25,0.0,6.01,15.63
TRN1787,Duronto Express,Secunderabad,Nizamabad,226,16:00,Fog,39,56.48,1.89,1.73,10.28
TRN1788,Rajdhani Express,Hyderabad,Vijayawada,245,20:00,Cloudy,30,41.17,11.42,10.22,23.38
TRN1789,Krishna Express,Guntur,Tirupati,151,10:00,Clear,30,9.68,5.21,2.25,21.86
TRN1790,Deccan Express,Hyderabad,Warangal,645,07:00,Rain,40,46.38,0.0,0.0,24.67
TRN1791,Vande Bharat,Nellore,Chennai,463,06:00,Cloudy,33,64.82,0.0,10.04,11.9
TRN1792,Vande Bharat,Hyderabad,Vijayawada,641,16:00,Cloudy,40,37.52,7.66,26.6,27.27
TRN1793,Duronto Express,Hyderabad,Warangal,295,22:00,Clear,24,33.93,0.0,5.54,4.93
TRN1794,Rajdhani Express,Hyderabad,Warangal,146,16:00,Clear,27,49.3,10.24,0.0,10.74
TRN1795,Garib Rath,Guntur,Tirupati,130,20:00,Clear,34,58.74,1.1,12.88,12.44
TRN1796,Vande Bharat,Hyderabad,Warangal,146,04:00,Heavy Rain,18,2.81,0.0,8.75,20.6
TRN1797,Vande Bharat,Nellore,Chennai,496,21:00,Rain,40,44.59,8.14,0.0,26.48
TRN1798,Deccan Express,Vijayawada,Visakhapatnam,306,05:00,Cloudy,26,7.52,0.94,7.46,9.77
TRN1799,Vande Bharat,Nellore,Chennai,413,16:00,Heavy Rain,31,72.12,9.28,9.17,33.43
TRN1800,Jan Shatabdi,Hyderabad,Vijayawada,404,05:00,Clear,33,31.86,6.36,22.64,19.32
TRN1801,Krishna Express,Hyderabad,Vijayawada,558,12:00,Clear,35,4.34,3.43,9.48,8.91
TRN1802,Rajdhani Express,Hyderabad,Vijayawada,327,04:00,Fog,24,8.75,8.36,0.0,17.47
TRN1803,Rajdhani Express,Secunderabad,Nizamabad,176,04:00,Heavy Rain,25,32.39,6.94,8.05,30.43
TRN1804,Krishna Express,Vijayawada,Visakhapatnam,118,21:00,Heavy Rain,18,74.44,2.31,16.27,32.61
TRN1805,Duronto Express,Vijayawada,Visakhapatnam,91,00:00,Rain,20,25.97,8.63,16.9,26.03
TRN1806,Rajdhani Express,Hyderabad,Vijayawada,100,18:00,Rain,39,40.02,8.54,11.45,30.46
TRN1807,Jan Shatabdi,Guntur,Tirupati,151,09:00,Rain,18,4.9,5.55,8.18,22.46
TRN1808,Duronto Express,Hyderabad,Warangal,166,18:00,Cloudy,41,52.96,8.24,23.46,24.9
TRN1809,Deccan Express,Hyderabad,Vijayawada,490,12:00,Clear,41,2.29,0.0,16.81,8.41
TRN1810,Superfast Express,Hyderabad,Vijayawada,245,21:00,Clear,37,43.38,0.0,11.13,10.35
TRN1811,Duronto Express,Hyderabad,Warangal,506,15:00,Cloudy,18,53.74,5.38,0.75,9.41
TRN1812,Rajdhani Express,Secunderabad,Nizamabad,202,00:00,Clear,23,75.52,12.05,4.67,20.63
TRN1813,Krishna Express,Hyderabad,Vijayawada,585,04:00,Clear,36,14.13,8.45,9.2,22.59
TRN1814,Intercity Express,Hyderabad,Vijayawada,516,15:00,Heavy Rain,23,37.83,0.13,8.79,22.31
TRN1815,Vande Bharat,Secunderabad,Nizamabad,655,12:00,Heavy Rain,22,7.38,1.58,16.99,25.78
TRN1816,Deccan Express,Hyderabad,Vijayawada,108,06:00,Cloudy,30,48.26,10.91,5.78,16.77
TRN1817,Rajdhani Express,Secunderabad,Nizamabad,645,09:00,Cloudy,33,3.7,0.25,3.82,21.04
TRN1818,Intercity Express,Guntur,Tirupati,640,08:00,Cloudy,41,1.6,10.15,9.18,34.01
TRN1819,Superfast Express,Hyderabad,Warangal,544,11:00,Rain,30,57.7,5.79,6.63,23.86
TRN1820,Garib Rath,Hyderabad,Vijayawada,621,08:00,Cloudy,36,51.42,6.97,13.25,30.04
TRN1821,Superfast Express,Hyderabad,Warangal,289,23:00,Cloudy,27,59.95,14.28,12.22,20.43
TRN1822,Jan Shatabdi,Vijayawada,Visakhapatnam,410,10:00,Clear,23,57.52,4.84,19.24,26.52
TRN1823,Shatabdi Express,Hyderabad,Warangal,371,10:00,Fog,26,36.95,8.62,0.95,37.94
TRN1824,Jan Shatabdi,Guntur,Tirupati,418,14:00,Clear,36,1.27,7.24,6.1,11.31
TRN1825,Jan Shatabdi,Guntur,Tirupati,244,22:00,Clear,19,34.07,5.13,10.12,13.22
TRN1826,Superfast Express,Nellore,Chennai,127,22:00,Clear,40,37.02,5.98,4.49,10.97
TRN1827,Superfast Express,Hyderabad,Vijayawada,415,05:00,Cloudy,36,53.22,5.72,2.88,15.06
TRN1828,Superfast Express,Hyderabad,Warangal,513,08:00,Clear,37,59.33,2.09,15.29,16.28
TRN1829,Deccan Express,Guntur,Tirupati,243,08:00,Heavy Rain,23,19.78,1.62,14.18,34.57
TRN1830,Superfast Express,Secunderabad,Nizamabad,267,06:00,Cloudy,39,30.24,0.07,10.11,6.6
TRN1831,Intercity Express,Secunderabad,Nizamabad,101,00:00,Clear,22,26.74,5.11,8.15,0.0
TRN1832,Superfast Express,Guntur,Tirupati,360,11:00,Clear,25,23.49,9.64,15.51,18.22
TRN1833,Garib Rath,Hyderabad,Vijayawada,460,00:00,Clear,20,74.72,3.26,5.44,11.75
TRN1834,Jan Shatabdi,Nellore,Chennai,560,15:00,Rain,22,78.91,8.38,2.98,20.8
TRN1835,Garib Rath,Kurnool,Hyderabad,427,17:00,Clear,20,19.14,12.21,0.0,11.2
TRN1836,Garib Rath,Hyderabad,Warangal,432,06:00,Heavy Rain,28,50.48,0.0,8.39,25.12
TRN1837,Jan Shatabdi,Vijayawada,Visakhapatnam,645,20:00,Heavy Rain,29,75.53,7.84,0.0,29.92
TRN1838,Intercity Express,Secunderabad,Nizamabad,254,00:00,Clear,39,55.35,3.42,14.75,10.64
TRN1839,Shatabdi Express,Vijayawada,Visakhapatnam,604,02:00,Clear,41,65.66,9.49,10.71,15.66
TRN1840,Duronto Express,Hyderabad,Vijayawada,377,08:00,Clear,25,40.98,4.93,9.46,16.21
TRN1841,Jan Shatabdi,Secunderabad,Nizamabad,311,08:00,Heavy Rain,40,4.43,0.0,15.16,27.12
TRN1842,Jan Shatabdi,Vijayawada,Visakhapatnam,343,10:00,Rain,25,71.37,0.0,24.04,35.52
TRN1843,Rajdhani Express,Guntur,Tirupati,83,19:00,Clear,28,7.51,16.2,11.84,34.77
TRN1844,Rajdhani Express,Kurnool,Hyderabad,180,15:00,Cloudy,34,40.29,4.82,6.14,16.56
TRN1845,Intercity Express,Hyderabad,Warangal,363,06:00,Rain,26,31.93,0.0,0.0,14.98
TRN1846,Jan Shatabdi,Secunderabad,Nizamabad,206,11:00,Clear,41,23.38,2.29,12.06,13.37
TRN1847,Shatabdi Express,Kurnool,Hyderabad,80,16:00,Clear,40,37.83,1.81,10.05,8.38
TRN1848,Intercity Express,Guntur,Tirupati,130,16:00,Clear,18,8.46,4.76,2.62,8.09
TRN1849,Duronto Express,Nellore,Chennai,435,04:00,Clear,41,2.99,1.07,7.02,16.06
TRN1850,Deccan Express,Hyderabad,Vijayawada,576,23:00,Clear,29,58.31,8.35,6.9,18.1
TRN1851,Duronto Express,Hyderabad,Warangal,542,14:00,Clear,20,66.12,6.92,18.22,22.2
TRN1852,Garib Rath,Hyderabad,Warangal,194,20:00,Clear,28,73.19,5.62,0.55,6.71
TRN1853,Deccan Express,Vijayawada,Visakhapatnam,668,14:00,Rain,22,16.88,0.84,12.89,25.47
TRN1854,Shatabdi Express,Secunderabad,Nizamabad,517,07:00,Rain,26,54.95,3.74,9.41,30.74
TRN1855,Rajdhani Express,Hyderabad,Vijayawada,273,01:00,Cloudy,36,36.43,8.84,15.89,12.13
TRN1856,Duronto Express,Secunderabad,Nizamabad,593,23:00,Cloudy,19,67.15,8.91,22.52,22.71
TRN1857,Shatabdi Express,Guntur,Tirupati,207,22:00,Clear,23,49.42,8.83,7.26,18.74
TRN1858,Duronto Express,Vijayawada,Visakhapatnam,108,08:00,Clear,31,17.09,4.97,0.0,19.72
TRN1859,Deccan Express,Secunderabad,Nizamabad,552,20:00,Clear,35,21.52,5.58,17.5,23.85
TRN1860,Krishna Express,Vijayawada,Visakhapatnam,105,14:00,Clear,18,8.06,2.4,6.99,5.58
TRN1861,Vande Bharat,Hyderabad,Warangal,215,03:00,Cloudy,39,44.15,0.0,13.14,1.1
TRN1862,Vande Bharat,Guntur,Tirupati,433,10:00,Clear,19,54.87,4.06,4.41,20.89
TRN1863,Rajdhani Express,Guntur,Tirupati,121,22:00,Clear,26,59.1,4.49,14.69,1.71
TRN1864,Intercity Express,Vijayawada,Visakhapatnam,415,03:00,Clear,30,35.47,8.57,10.5,17.18
TRN1865,Superfast Express,Secunderabad,Nizamabad,153,00:00,Clear,29,31.11,0.0,11.07,12.76
TRN1866,Garib Rath,Vijayawada,Visakhapatnam,605,15:00,Rain,27,53.07,4.85,0.0,15.25
TRN1867,Jan Shatabdi,Hyderabad,Vijayawada,482,15:00,Cloudy,33,23.2,1.48,10.08,7.17
TRN1868,Krishna Express,Hyderabad,Vijayawada,140,03:00,Clear,26,45.37,8.69,0.54,20.86
TRN1869,Duronto Express,Nellore,Chennai,212,03:00,Cloudy,39,32.33,4.1,14.99,12.4
TRN1870,Vande Bharat,Secunderabad,Nizamabad,457,05:00,Clear,41,62.5,4.62,0.0,6.48
TRN1871,Rajdhani Express,Secunderabad,Nizamabad,211,07:00,Heavy Rain,41,56.52,9.39,7.99,39.19
TRN1872,Garib Rath,Hyderabad,Warangal,305,16:00,Cloudy,32,7.3,1.86,18.73,19.25
TRN1873,Krishna Express,Hyderabad,Warangal,87,00:00,Rain,38,4.51,3.39,13.05,10.71
TRN1874,Krishna Express,Guntur,Tirupati,89,05:00,Clear,22,9.62,5.46,3.27,2.79
TRN1875,Superfast Express,Secunderabad,Nizamabad,495,23:00,Cloudy,23,0.23,10.64,4.59,21.95
TRN1876,Deccan Express,Vijayawada,Visakhapatnam,345,19:00,Fog,33,1.27,4.63,0.0,28.06
TRN1877,Duronto Express,Vijayawada,Visakhapatnam,191,18:00,Clear,29,58.13,3.01,3.31,8.23
TRN1878,Deccan Express,Vijayawada,Visakhapatnam,138,14:00,Cloudy,23,0.36,3.09,9.96,2.64
TRN1879,Garib Rath,Hyderabad,Warangal,148,03:00,Clear,20,56.81,0.0,1.55,0.0
TRN1880,Garib Rath,Hyderabad,Warangal,526,02:00,Rain,35,16.34,7.64,5.34,18.76
TRN1881,Garib Rath,Nellore,Chennai,238,11:00,Clear,29,25.59,11.59,18.63,26.82
TRN1882,Duronto Express,Nellore,Chennai,413,10:00,Clear,27,70.86,4.66,0.92,18.95
TRN1883,Superfast Express,Kurnool,Hyderabad,432,01:00,Clear,26,2.01,8.37,12.23,16.2
TRN1884,Krishna Express,Vijayawada,Visakhapatnam,604,11:00,Cloudy,27,34.96,6.1,7.02,17.34
TRN1885,Garib Rath,Secunderabad,Nizamabad,219,02:00,Fog,39,2.27,6.94,11.86,27.38
TRN1886,Garib Rath,Guntur,Tirupati,336,11:00,Rain,36,27.02,0.94,9.96,4.59
TRN1887,Krishna Express,Hyderabad,Warangal,673,12:00,Heavy Rain,20,31.66,7.96,5.16,34.22
TRN1888,Duronto Express,Kurnool,Hyderabad,552,23:00,Clear,31,56.93,6.7,12.51,12.9
TRN1889,Superfast Express,Guntur,Tirupati,119,06:00,Clear,23,34.29,5.74,0.75,0.99
TRN1890,Superfast Express,Hyderabad,Warangal,608,17:00,Cloudy,28,13.09,2.06,11.64,20.51
TRN1891,Duronto Express,Hyderabad,Vijayawada,665,16:00,Clear,23,27.84,4.71,14.84,15.65
TRN1892,Intercity Express,Secunderabad,Nizamabad,292,03:00,Rain,23,77.43,9.07,6.91,26.17
TRN1893,Shatabdi Express,Hyderabad,Vijayawada,300,19:00,Cloudy,32,43.05,0.0,6.04,13.42
TRN1894,Jan Shatabdi,Hyderabad,Warangal,609,12:00,Clear,36,5.33,0.0,9.64,14.91
TRN1895,Intercity Express,Guntur,Tirupati,683,12:00,Cloudy,36,76.5,2.11,11.83,16.17
TRN1896,Superfast Express,Hyderabad,Warangal,300,23:00,Rain,22,39.92,2.24,8.95,18.65
TRN1897,Krishna Express,Nellore,Chennai,579,05:00,Clear,38,5.32,5.02,7.36,16.69
TRN1898,Krishna Express,Guntur,Tirupati,331,07:00,Cloudy,33,59.67,8.06,4.45,13.94
TRN1899,Krishna Express,Kurnool,Hyderabad,533,03:00,Clear,22,0.13,4.92,0.0,5.04
TRN1900,Duronto Express,Kurnool,Hyderabad,554,19:00,Clear,38,4.24,3.65,0.0,16.38
TRN1901,Vande Bharat,Nellore,Chennai,221,07:00,Clear,18,62.85,2.0,10.36,14.18
TRN1902,Deccan Express,Kurnool,Hyderabad,498,23:00,Fog,25,59.43,12.27,15.64,36.63
TRN1903,Intercity Express,Kurnool,Hyderabad,324,20:00,Clear,32,23.59,3.21,0.0,12.88
TRN1904,Krishna Express,Nellore,Chennai,432,20:00,Clear,39,39.2,4.62,6.65,13.86
TRN1905,Duronto Express,Secunderabad,Nizamabad,426,11:00,Clear,25,41.11,2.39,4.15,7.05
TRN1906,Superfast Express,Secunderabad,Nizamabad,556,00:00,Fog,21,34.12,6.07,9.1,29.56
TRN1907,Intercity Express,Vijayawada,Visakhapatnam,325,05:00,Clear,38,28.81,4.5,15.03,12.68
TRN1908,Garib Rath,Vijayawada,Visakhapatnam,178,19:00,Clear,30,36.19,0.58,0.0,7.34
TRN1909,Intercity Express,Kurnool,Hyderabad,105,09:00,Clear,26,42.39,11.33,0.0,14.61
TRN1910,Garib Rath,Hyderabad,Vijayawada,633,14:00,Clear,31,71.01,0.0,15.34,12.14
TRN1911,Superfast Express,Guntur,Tirupati,565,23:00,Cloudy,24,26.83,7.02,11.7,17.07
TRN1912,Krishna Express,Guntur,Tirupati,543,14:00,Clear,21,61.76,4.25,5.33,13.33
TRN1913,Deccan Express,Secunderabad,Nizamabad,648,23:00,Rain,28,43.36,0.0,5.25,9.31
TRN1914,Duronto Express,Kurnool,Hyderabad,593,13:00,Heavy Rain,38,21.44,0.0,16.31,22.35
TRN1915,Deccan Express,Guntur,Tirupati,617,17:00,Rain,26,8.47,6.48,4.59,28.21
TRN1916,Shatabdi Express,Hyderabad,Warangal,491,02:00,Rain,41,72.58,10.67,10.08,33.28
TRN1917,Garib Rath,Hyderabad,Vijayawada,600,16:00,Cloudy,20,0.11,11.61,7.87,23.09
TRN1918,Deccan Express,Nellore,Chennai,478,08:00,Cloudy,27,70.2,5.29,13.77,24.92
TRN1919,Vande Bharat,Vijayawada,Visakhapatnam,393,18:00,Clear,25,78.49,5.29,19.33,19.88
TRN1920,Deccan Express,Hyderabad,Warangal,643,01:00,Rain,24,34.44,6.11,0.0,18.74
TRN1921,Vande Bharat,Nellore,Chennai,207,12:00,Clear,28,44.46,5.03,12.68,10.96
TRN1922,Superfast Express,Secunderabad,Nizamabad,303,04:00,Cloudy,26,42.9,8.3,0.0,6.28
TRN1923,Jan Shatabdi,Hyderabad,Vijayawada,651,11:00,Cloudy,29,33.02,6.77,0.0,11.93
TRN1924,Duronto Express,Kurnool,Hyderabad,553,15:00,Fog,19,34.7,0.0,4.74,17.07
TRN1925,Duronto Express,Hyderabad,Warangal,343,13:00,Cloudy,23,13.74,4.63,8.21,25.19
TRN1926,Shatabdi Express,Kurnool,Hyderabad,134,15:00,Cloudy,36,56.79,8.21,0.0,11.99
TRN1927,Duronto Express,Secunderabad,Nizamabad,412,10:00,Clear,32,31.57,1.91,20.09,16.69
TRN1928,Jan Shatabdi,Vijayawada,Visakhapatnam,432,11:00,Clear,18,21.1,9.19,8.08,15.52
TRN1929,Vande Bharat,Vijayawada,Visakhapatnam,658,06:00,Cloudy,37,33.25,0.0,4.06,15.22
TRN1930,Vande Bharat,Nellore,Chennai,187,04:00,Heavy Rain,32,53.92,7.25,12.11,24.1
TRN1931,Rajdhani Express,Vijayawada,Visakhapatnam,639,20:00,Rain,36,67.62,12.73,9.8,36.0
TRN1932,Vande Bharat,Secunderabad,Nizamabad,365,11:00,Rain,36,32.3,9.12,3.78,16.51
TRN1933,Superfast Express,Vijayawada,Visakhapatnam,535,19:00,Clear,24,38.45,0.9,7.02,8.31
TRN1934,Shatabdi Express,Kurnool,Hyderabad,381,14:00,Clear,36,2.46,2.65,17.54,15.94
TRN1935,Garib Rath,Hyderabad,Warangal,254,18:00,Cloudy,22,15.75,7.34,11.41,17.6
TRN1936,Intercity Express,Kurnool,Hyderabad,488,21:00,Cloudy,32,9.09,2.66,3.69,20.07
TRN1937,Duronto Express,Vijayawada,Visakhapatnam,314,21:00,Clear,22,10.17,0.34,5.49,8.24
TRN1938,Intercity Express,Nellore,Chennai,603,22:00,Rain,33,77.9,1.44,13.13,16.83
TRN1939,Krishna Express,Nellore,Chennai,131,19:00,Clear,30,34.87,3.67,7.77,13.63
TRN1940,Shatabdi Express,Vijayawada,Visakhapatnam,340,15:00,Clear,23,50.2,4.44,0.0,3.36
TRN1941,Superfast Express,Vijayawada,Visakhapatnam,547,14:00,Cloudy,36,39.41,1.34,5.08,17.21
TRN1942,Duronto Express,Nellore,Chennai,93,04:00,Cloudy,19,9.83,6.31,4.99,6.04
TRN1943,Vande Bharat,Hyderabad,Vijayawada,499,06:00,Cloudy,20,18.95,0.0,14.55,11.84
TRN1944,Intercity Express,Hyderabad,Vijayawada,388,18:00,Clear,23,40.92,0.77,26.67,21.71
TRN1945,Garib Rath,Hyderabad,Vijayawada,248,19:00,Clear,21,19.35,5.92,8.86,14.93
TRN1946,Garib Rath,Vijayawada,Visakhapatnam,116,16:00,Cloudy,40,11.53,12.78,7.21,22.03
TRN1947,Superfast Express,Kurnool,Hyderabad,610,13:00,Cloudy,24,19.1,6.85,11.84,21.91
TRN1948,Garib Rath,Kurnool,Hyderabad,82,22:00,Cloudy,30,17.94,8.22,0.0,11.85
TRN1949,Krishna Express,Kurnool,Hyderabad,686,12:00,Rain,30,35.43,4.91,7.59,24.16
TRN1950,Intercity Express,Nellore,Chennai,699,14:00,Clear,21,31.64,8.85,10.22,18.74
TRN1951,Jan Shatabdi,Guntur,Tirupati,600,08:00,Clear,18,6.01,4.36,11.69,23.24
TRN1952,Duronto Express,Vijayawada,Visakhapatnam,450,15:00,Cloudy,25,8.93,5.31,6.39,9.86
TRN1953,Jan Shatabdi,Nellore,Chennai,213,09:00,Clear,34,41.13,4.14,16.77,24.9
TRN1954,Garib Rath,Hyderabad,Vijayawada,351,05:00,Rain,40,47.4,15.26,5.15,31.79
TRN1955,Duronto Express,Kurnool,Hyderabad,305,05:00,Cloudy,35,51.48,0.0,1.47,0.0
TRN1956,Shatabdi Express,Nellore,Chennai,101,22:00,Clear,40,17.21,1.87,0.0,4.63
TRN1957,Jan Shatabdi,Vijayawada,Visakhapatnam,342,05:00,Clear,21,2.13,0.0,10.17,12.05
TRN1958,Deccan Express,Hyderabad,Warangal,329,20:00,Cloudy,34,47.35,2.45,11.4,24.74
TRN1959,Jan Shatabdi,Hyderabad,Vijayawada,659,14:00,Clear,37,13.46,9.09,17.53,18.69
TRN1960,Deccan Express,Hyderabad,Vijayawada,455,15:00,Cloudy,29,55.72,10.88,11.91,21.57
TRN1961,Rajdhani Express,Secunderabad,Nizamabad,352,02:00,Clear,36,54.38,13.21,14.76,20.49
TRN1962,Duronto Express,Vijayawada,Visakhapatnam,559,04:00,Clear,29,57.99,9.96,21.98,20.41
TRN1963,Vande Bharat,Hyderabad,Vijayawada,584,19:00,Clear,22,46.36,1.49,0.0,12.45
TRN1964,Intercity Express,Hyderabad,Vijayawada,429,13:00,Clear,27,21.8,4.49,7.69,16.21
TRN1965,Duronto Express,Hyderabad,Warangal,121,01:00,Cloudy,23,29.45,1.17,2.28,3.77
TRN1966,Krishna Express,Secunderabad,Nizamabad,543,21:00,Rain,30,50.73,5.19,0.0,16.75
TRN1967,Deccan Express,Hyderabad,Warangal,105,20:00,Cloudy,21,79.34,4.17,11.24,19.8
TRN1968,Jan Shatabdi,Nellore,Chennai,125,22:00,Cloudy,32,68.21,4.33,4.3,14.71
TRN1969,Superfast Express,Kurnool,Hyderabad,581,12:00,Fog,26,68.61,5.43,0.0,22.46
TRN1970,Superfast Express,Kurnool,Hyderabad,369,15:00,Cloudy,32,57.81,2.0,3.77,4.79
TRN1971,Rajdhani Express,Hyderabad,Warangal,382,12:00,Clear,30,68.32,3.47,7.3,11.08
TRN1972,Superfast Express,Kurnool,Hyderabad,548,19:00,Clear,40,41.57,1.56,8.91,22.81
TRN1973,Shatabdi Express,Kurnool,Hyderabad,593,23:00,Clear,18,34.62,0.0,7.64,12.7
TRN1974,Shatabdi Express,Hyderabad,Vijayawada,141,11:00,Fog,25,44.05,7.51,3.83,14.63
TRN1975,Vande Bharat,Kurnool,Hyderabad,239,00:00,Heavy Rain,28,33.26,11.3,13.31,34.58
TRN1976,Duronto Express,Vijayawada,Visakhapatnam,253,00:00,Rain,40,25.83,11.69,24.57,29.54
TRN1977,Krishna Express,Vijayawada,Visakhapatnam,660,09:00,Cloudy,41,50.63,6.1,0.0,20.29
TRN1978,Rajdhani Express,Vijayawada,Visakhapatnam,432,03:00,Clear,28,52.49,7.18,3.41,8.68
TRN1979,Garib Rath,Vijayawada,Visakhapatnam,280,05:00,Cloudy,36,26.68,4.93,0.0,10.83
TRN1980,Superfast Express,Hyderabad,Vijayawada,444,20:00,Clear,31,68.43,0.0,2.02,8.68
TRN1981,Krishna Express,Kurnool,Hyderabad,386,15:00,Cloudy,33,3.82,3.17,5.03,13.2
TRN1982,Deccan Express,Nellore,Chennai,199,18:00,Clear,26,76.31,1.0,11.06,15.02
TRN1983,Superfast Express,Guntur,Tirupati,397,19:00,Clear,31,45.64,4.67,12.54,17.32
TRN1984,Shatabdi Express,Hyderabad,Vijayawada,580,13:00,Cloudy,39,63.35,14.81,13.84,28.82
TRN1985,Deccan Express,Hyderabad,Vijayawada,476,02:00,Cloudy,28,26.35,8.5,8.55,19.41
TRN1986,Vande Bharat,Secunderabad,Nizamabad,90,05:00,Clear,26,9.63,1.66,9.64,4.96
TRN1987,Jan Shatabdi,Hyderabad,Warangal,551,10:00,Clear,37,8.04,12.87,7.73,34.47
TRN1988,Shatabdi Express,Kurnool,Hyderabad,293,20:00,Clear,31,21.49,0.77,16.83,16.96
TRN1989,Jan Shatabdi,Kurnool,Hyderabad,190,14:00,Rain,37,28.55,8.31,2.78,10.81
TRN1990,Superfast Express,Hyderabad,Vijayawada,207,18:00,Clear,22,76.59,2.1,0.54,7.62
TRN1991,Superfast Express,Secunderabad,Nizamabad,470,15:00,Clear,22,64.84,5.15,8.85,13.52
TRN1992,Garib Rath,Nellore,Chennai,127,09:00,Rain,31,48.74,8.91,23.71,32.35
TRN1993,Rajdhani Express,Secunderabad,Nizamabad,476,13:00,Cloudy,18,45.21,5.97,10.11,16.62
TRN1994,Superfast Express,Secunderabad,Nizamabad,175,01:00,Rain,34,31.78,0.0,2.08,4.45
TRN1995,Vande Bharat,Hyderabad,Vijayawada,259,23:00,Clear,41,62.86,4.39,11.3,14.1
TRN1996,Rajdhani Express,Secunderabad,Nizamabad,673,02:00,Clear,34,78.19,0.0,5.65,10.42
TRN1997,Intercity Express,Kurnool,Hyderabad,382,15:00,Heavy Rain,22,16.9,5.84,8.41,26.44
TRN1998,Duronto Express,Secunderabad,Nizamabad,522,08:00,Rain,33,79.87,0.0,12.01,26.61
TRN1999,Garib Rath,Nellore,Chennai,223,18:00,Clear,25,70.11,7.13,11.2,20.69
TRN2000,Vande Bharat,Vijayawada,Visakhapatnam,104,05:00,Rain,41,22.79,4.19,30.93,26.76
TRN2001,Garib Rath,Vijayawada,Visakhapatnam,175,15:00,Cloudy,27,4.01,8.26,0.59,16.19
TRN2002,Duronto Express,Kurnool,Hyderabad,128,18:00,Clear,40,57.21,4.05,4.47,13.63
TRN2003,Jan Shatabdi,Hyderabad,Warangal,572,09:00,Clear,38,75.93,1.92,18.04,19.27
TRN2004,Shatabdi Express,Vijayawada,Visakhapatnam,682,02:00,Cloudy,34,24.97,0.0,6.17,10.81
TRN2005,Jan Shatabdi,Nellore,Chennai,539,21:00,Cloudy,34,4.74,7.53,5.83,28.23
TRN2006,Intercity Express,Nellore,Chennai,212,23:00,Cloudy,34,78.74,7.61,14.84,25.89
TRN2007,Duronto Express,Vijayawada,Visakhapatnam,468,17:00,Heavy Rain,28,56.09,0.91,0.6,31.02
TRN2008,Intercity Express,Nellore,Chennai,191,13:00,Clear,31,5.56,1.22,16.82,18.0
TRN2009,Rajdhani Express,Secunderabad,Nizamabad,605,19:00,Rain,25,50.1,3.71,5.43,23.24
TRN2010,Deccan Express,Kurnool,Hyderabad,100,16:00,Fog,35,54.7,7.49,17.56,25.28
TRN2011,Deccan Express,Nellore,Chennai,380,03:00,Clear,30,28.81,12.67,5.53,17.78
TRN2012,Intercity Express,Hyderabad,Warangal,468,15:00,Clear,18,22.39,6.18,13.79,10.33
TRN2013,Shatabdi Express,Nellore,Chennai,422,14:00,Clear,24,34.61,14.08,8.38,25.85
TRN2014,Intercity Express,Guntur,Tirupati,532,16:00,Cloudy,19,5.93,0.93,23.96,15.05
TRN2015,Rajdhani Express,Nellore,Chennai,91,16:00,Clear,23,14.36,2.37,8.92,10.49
TRN2016,Duronto Express,Vijayawada,Visakhapatnam,108,15:00,Clear,39,31.64,2.8,14.9,3.49
TRN2017,Jan Shatabdi,Hyderabad,Warangal,132,12:00,Heavy Rain,19,79.11,4.26,12.12,24.34
TRN2018,Shatabdi Express,Hyderabad,Warangal,408,13:00,Rain,24,5.71,9.57,14.61,23.73
TRN2019,Rajdhani Express,Guntur,Tirupati,270,04:00,Clear,39,36.07,0.98,16.85,12.17
TRN2020,Garib Rath,Secunderabad,Nizamabad,505,19:00,Cloudy,22,62.9,4.23,0.0,19.27
TRN2021,Krishna Express,Hyderabad,Vijayawada,489,03:00,Cloudy,32,32.17,4.44,4.32,18.06
TRN2022,Vande Bharat,Nellore,Chennai,89,02:00,Clear,38,32.43,1.26,6.19,0.07
TRN2023,Superfast Express,Hyderabad,Warangal,147,21:00,Rain,30,40.82,6.51,3.87,16.58
TRN2024,Krishna Express,Secunderabad,Nizamabad,455,10:00,Clear,26,41.6,2.41,3.36,19.11
TRN2025,Jan Shatabdi,Secunderabad,Nizamabad,468,14:00,Rain,36,19.51,5.14,7.77,10.35
TRN2026,Jan Shatabdi,Hyderabad,Warangal,106,00:00,Heavy Rain,22,55.03,1.75,8.81,22.25
TRN2027,Jan Shatabdi,Guntur,Tirupati,356,14:00,Cloudy,30,30.97,10.43,9.96,14.03
TRN2028,Duronto Express,Secunderabad,Nizamabad,143,04:00,Cloudy,19,53.18,3.37,1.72,4.94
TRN2029,Shatabdi Express,Nellore,Chennai,505,18:00,Rain,20,38.69,0.0,8.08,20.0
TRN2030,Garib Rath,Kurnool,Hyderabad,114,16:00,Fog,38,42.56,1.18,12.32,17.31
TRN2031,Krishna Express,Kurnool,Hyderabad,196,23:00,Cloudy,27,72.17,2.35,0.0,4.94
TRN2032,Superfast Express,Nellore,Chennai,576,13:00,Clear,29,17.54,8.61,14.76,23.09
TRN2033,Shatabdi Express,Nellore,Chennai,674,12:00,Cloudy,39,31.85,7.41,8.75,19.71
TRN2034,Rajdhani Express,Kurnool,Hyderabad,476,16:00,Clear,31,65.59,1.93,0.0,14.86
TRN2035,Rajdhani Express,Nellore,Chennai,254,02:00,Clear,41,77.38,0.0,0.0,1.57
TRN2036,Shatabdi Express,Hyderabad,Warangal,631,03:00,Rain,28,32.07,9.6,3.81,22.09
TRN2037,Duronto Express,Guntur,Tirupati,455,10:00,Heavy Rain,31,13.81,4.98,7.71,38.62
TRN2038,Rajdhani Express,Nellore,Chennai,695,12:00,Cloudy,23,17.21,0.0,2.6,7.86
TRN2039,Krishna Express,Vijayawada,Visakhapatnam,457,23:00,Cloudy,23,10.47,0.0,5.81,6.98
TRN2040,Garib Rath,Nellore,Chennai,354,17:00,Rain,28,1.47,8.51,15.22,25.5
TRN2041,Superfast Express,Nellore,Chennai,403,11:00,Heavy Rain,38,21.23,9.06,12.56,32.33
TRN2042,Duronto Express,Vijayawada,Visakhapatnam,306,11:00,Cloudy,23,21.56,7.19,10.33,11.04
TRN2043,Deccan Express,Hyderabad,Warangal,472,11:00,Cloudy,32,70.77,7.31,0.0,16.23
TRN2044,Rajdhani Express,Hyderabad,Vijayawada,226,06:00,Cloudy,25,20.54,2.36,7.38,7.75
TRN2045,Duronto Express,Hyderabad,Vijayawada,507,08:00,Cloudy,30,4.18,6.1,3.12,21.31
TRN2046,Vande Bharat,Hyderabad,Vijayawada,419,12:00,Cloudy,30,39.05,5.35,12.87,18.29
TRN2047,Deccan Express,Secunderabad,Nizamabad,142,02:00,Fog,31,62.09,4.87,11.31,18.24
TRN2048,Shatabdi Express,Kurnool,Hyderabad,313,12:00,Fog,28,20.76,0.0,6.67,16.06
TRN2049,Krishna Express,Secunderabad,Nizamabad,294,06:00,Cloudy,20,40.14,8.46,0.0,16.15
TRN2050,Intercity Express,Kurnool,Hyderabad,482,19:00,Heavy Rain,29,31.84,6.68,13.87,34.2
TRN2051,Garib Rath,Vijayawada,Visakhapatnam,357,20:00,Clear,30,71.2,8.28,1.62,19.87
TRN2052,Krishna Express,Nellore,Chennai,697,20:00,Cloudy,18,65.22,6.19,9.51,22.05
TRN2053,Deccan Express,Vijayawada,Visakhapatnam,150,08:00,Fog,38,58.87,4.8,15.68,26.83
TRN2054,Garib Rath,Secunderabad,Nizamabad,584,00:00,Cloudy,23,64.48,3.22,0.0,9.78
TRN2055,Superfast Express,Hyderabad,Warangal,609,18:00,Cloudy,39,47.93,10.68,2.24,17.25
TRN2056,Rajdhani Express,Nellore,Chennai,404,15:00,Clear,33,29.6,10.98,2.22,13.62
TRN2057,Jan Shatabdi,Secunderabad,Nizamabad,475,13:00,Fog,35,58.37,6.17,4.23,26.36
TRN2058,Duronto Express,Hyderabad,Vijayawada,254,13:00,Clear,38,74.4,7.03,9.96,13.18
TRN2059,Deccan Express,Nellore,Chennai,451,15:00,Cloudy,41,1.47,6.45,4.28,9.94
TRN2060,Intercity Express,Guntur,Tirupati,352,14:00,Clear,30,69.59,4.61,19.15,21.66
TRN2061,Krishna Express,Hyderabad,Warangal,306,15:00,Clear,32,54.95,2.14,15.33,12.65
TRN2062,Rajdhani Express,Kurnool,Hyderabad,523,22:00,Clear,30,6.62,5.19,11.7,18.96
TRN2063,Superfast Express,Guntur,Tirupati,348,23:00,Clear,41,26.47,5.35,0.0,11.19
TRN2064,Krishna Express,Hyderabad,Warangal,126,19:00,Rain,41,27.96,0.0,14.02,23.11
TRN2065,Garib Rath,Hyderabad,Vijayawada,387,18:00,Cloudy,34,61.59,10.36,2.57,18.47
TRN2066,Garib Rath,Vijayawada,Visakhapatnam,154,09:00,Fog,19,74.6,6.48,12.58,32.96
TRN2067,Rajdhani Express,Hyderabad,Warangal,241,20:00,Clear,40,9.94,12.22,14.08,28.63
TRN2068,Intercity Express,Hyderabad,Warangal,495,14:00,Clear,31,6.37,4.68,12.2,14.96
TRN2069,Intercity Express,Guntur,Tirupati,93,23:00,Rain,22,20.02,9.44,13.98,24.6
TRN2070,Shatabdi Express,Guntur,Tirupati,659,15:00,Rain,39,58.32,4.32,6.52,22.68
TRN2071,Superfast Express,Nellore,Chennai,647,05:00,Clear,31,20.82,2.24,11.27,18.47
TRN2072,Deccan Express,Secunderabad,Nizamabad,299,18:00,Heavy Rain,18,61.6,9.68,8.41,41.47
TRN2073,Vande Bharat,Guntur,Tirupati,400,02:00,Clear,25,37.54,3.81,1.94,8.8
TRN2074,Deccan Express,Secunderabad,Nizamabad,547,18:00,Heavy Rain,22,40.96,4.28,5.29,29.33
TRN2075,Intercity Express,Vijayawada,Visakhapatnam,468,17:00,Clear,38,48.68,3.3,20.76,24.28
TRN2076,Duronto Express,Vijayawada,Visakhapatnam,582,18:00,Fog,39,6.94,3.64,2.12,24.84
TRN2077,Jan Shatabdi,Guntur,Tirupati,342,02:00,Clear,19,47.07,12.89,13.05,19.47
TRN2078,Intercity Express,Nellore,Chennai,160,17:00,Clear,34,52.02,4.99,0.48,7.47
TRN2079,Deccan Express,Hyderabad,Warangal,259,00:00,Clear,34,24.21,5.96,0.0,7.52
TRN2080,Jan Shatabdi,Hyderabad,Vijayawada,227,21:00,Clear,40,40.95,14.87,1.5,21.72
TRN2081,Vande Bharat,Secunderabad,Nizamabad,301,22:00,Clear,31,20.21,9.73,13.66,22.52
TRN2082,Superfast Express,Vijayawada,Visakhapatnam,541,23:00,Cloudy,24,16.06,10.51,6.99,16.91
TRN2083,Deccan Express,Guntur,Tirupati,339,23:00,Cloudy,41,5.22,0.58,0.97,3.82
TRN2084,Rajdhani Express,Hyderabad,Warangal,199,19:00,Clear,35,14.19,4.23,2.27,0.0
TRN2085,Superfast Express,Guntur,Tirupati,548,15:00,Clear,33,34.73,4.48,0.43,11.98
TRN2086,Shatabdi Express,Nellore,Chennai,458,23:00,Clear,37,32.37,6.75,15.34,16.86
TRN2087,Deccan Express,Vijayawada,Visakhapatnam,536,12:00,Clear,32,68.83,12.59,10.95,12.25
TRN2088,Rajdhani Express,Hyderabad,Warangal,118,09:00,Clear,24,71.28,0.0,1.69,8.15
TRN2089,Duronto Express,Kurnool,Hyderabad,440,12:00,Cloudy,33,41.6,2.66,9.78,19.61
TRN2090,Garib Rath,Secunderabad,Nizamabad,234,18:00,Clear,35,41.7,3.94,4.28,10.41
TRN2091,Krishna Express,Secunderabad,Nizamabad,248,07:00,Rain,24,58.27,8.27,0.0,27.53
TRN2092,Jan Shatabdi,Vijayawada,Visakhapatnam,301,12:00,Fog,23,40.18,8.45,11.62,22.75
TRN2093,Jan Shatabdi,Vijayawada,Visakhapatnam,210,04:00,Fog,30,69.44,3.14,23.75,28.76
TRN2094,Vande Bharat,Guntur,Tirupati,355,19:00,Clear,25,68.84,11.45,17.94,27.68
TRN2095,Shatabdi Express,Secunderabad,Nizamabad,144,06:00,Cloudy,29,26.91,5.31,20.45,18.43
TRN2096,Deccan Express,Vijayawada,Visakhapatnam,577,20:00,Clear,38,63.44,2.78,9.59,20.7
TRN2097,Jan Shatabdi,Nellore,Chennai,357,13:00,Heavy Rain,28,21.69,5.57,0.0,25.7
TRN2098,Duronto Express,Hyderabad,Warangal,315,04:00,Clear,29,36.11,5.78,0.0,1.01
TRN2099,Garib Rath,Vijayawada,Visakhapatnam,107,19:00,Clear,38,28.84,0.0,0.0,9.73
TRN2100,Duronto Express,Hyderabad,Vijayawada,156,00:00,Clear,22,13.12,4.22,8.83,10.6
TRN2101,Jan Shatabdi,Hyderabad,Warangal,494,05:00,Heavy Rain,29,28.32,7.09,12.16,27.13
TRN2102,Intercity Express,Kurnool,Hyderabad,350,10:00,Rain,20,29.44,5.61,9.48,26.23
TRN2103,Deccan Express,Vijayawada,Visakhapatnam,386,11:00,Clear,30,24.76,6.12,20.83,12.19
TRN2104,Vande Bharat,Kurnool,Hyderabad,645,20:00,Clear,31,33.8,4.51,11.26,14.16
TRN2105,Rajdhani Express,Nellore,Chennai,487,01:00,Clear,29,62.91,2.98,0.0,11.56
TRN2106,Intercity Express,Vijayawada,Visakhapatnam,685,08:00,Clear,21,72.41,3.46,4.44,8.9
TRN2107,Krishna Express,Nellore,Chennai,366,01:00,Cloudy,18,55.14,1.99,7.2,8.36
TRN2108,Intercity Express,Nellore,Chennai,557,23:00,Clear,20,69.42,10.06,4.7,21.99
TRN2109,Intercity Express,Guntur,Tirupati,171,00:00,Cloudy,32,10.5,12.01,16.44,23.93
TRN2110,Intercity Express,Hyderabad,Vijayawada,612,14:00,Clear,38,78.05,8.67,8.75,22.28
TRN2111,Rajdhani Express,Secunderabad,Nizamabad,663,11:00,Clear,27,26.64,0.0,0.0,0.86
TRN2112,Intercity Express,Guntur,Tirupati,583,18:00,Clear,19,31.63,8.41,9.92,29.35
TRN2113,Rajdhani Express,Kurnool,Hyderabad,254,06:00,Rain,30,5.79,1.33,3.7,3.89
TRN2114,Jan Shatabdi,Kurnool,Hyderabad,170,05:00,Clear,23,38.38,8.89,2.47,14.21
TRN2115,Intercity Express,Secunderabad,Nizamabad,579,10:00,Rain,21,67.02,3.27,23.3,32.39
TRN2116,Superfast Express,Hyderabad,Warangal,502,10:00,Clear,33,74.48,7.94,0.0,25.72
TRN2117,Superfast Express,Nellore,Chennai,552,23:00,Fog,32,79.5,4.3,17.37,23.95
TRN2118,Deccan Express,Secunderabad,Nizamabad,270,12:00,Cloudy,22,77.92,0.0,0.33,0.0
TRN2119,Vande Bharat,Kurnool,Hyderabad,610,01:00,Clear,32,67.24,0.86,12.54,15.47
TRN2120,Intercity Express,Guntur,Tirupati,511,19:00,Rain,18,55.57,4.67,2.74,27.05
TRN2121,Vande Bharat,Hyderabad,Warangal,265,07:00,Fog,27,42.69,6.75,17.07,30.18
TRN2122,Krishna Express,Vijayawada,Visakhapatnam,229,07:00,Cloudy,34,17.22,9.35,8.38,22.02
TRN2123,Deccan Express,Secunderabad,Nizamabad,646,20:00,Rain,41,20.25,3.16,10.97,31.01
TRN2124,Vande Bharat,Hyderabad,Vijayawada,660,23:00,Cloudy,23,59.18,7.83,10.14,27.87
TRN2125,Intercity Express,Hyderabad,Warangal,629,03:00,Clear,35,69.18,12.01,4.88,24.71
TRN2126,Rajdhani Express,Guntur,Tirupati,191,05:00,Clear,34,0.25,5.93,8.7,13.32
TRN2127,Intercity Express,Guntur,Tirupati,282,15:00,Rain,37,24.89,9.55,0.0,18.95
TRN2128,Shatabdi Express,Secunderabad,Nizamabad,590,13:00,Clear,40,46.67,14.46,8.46,30.39
TRN2129,Rajdhani Express,Hyderabad,Vijayawada,302,17:00,Clear,20,15.23,5.14,12.93,19.36
TRN2130,Intercity Express,Vijayawada,Visakhapatnam,553,13:00,Cloudy,19,28.34,5.52,9.04,15.99
TRN2131,Vande Bharat,Guntur,Tirupati,150,07:00,Cloudy,34,54.23,0.04,7.41,10.15
TRN2132,Jan Shatabdi,Nellore,Chennai,341,03:00,Cloudy,20,51.17,2.17,5.33,9.7
TRN2133,Intercity Express,Guntur,Tirupati,365,19:00,Cloudy,21,45.1,0.01,0.0,11.07
TRN2134,Intercity Express,Kurnool,Hyderabad,349,15:00,Cloudy,32,60.15,8.02,5.3,11.96
TRN2135,Duronto Express,Hyderabad,Vijayawada,107,03:00,Heavy Rain,35,13.82,0.0,1.5,19.91
TRN2136,Jan Shatabdi,Vijayawada,Visakhapatnam,591,21:00,Cloudy,29,41.98,5.92,19.41,29.08
TRN2137,Garib Rath,Secunderabad,Nizamabad,337,19:00,Fog,26,74.57,8.8,13.47,32.4
TRN2138,Vande Bharat,Hyderabad,Vijayawada,223,21:00,Clear,26,37.62,0.2,10.4,12.48
TRN2139,Rajdhani Express,Kurnool,Hyderabad,665,14:00,Heavy Rain,22,48.0,5.68,0.0,31.12
TRN2140,Krishna Express,Vijayawada,Visakhapatnam,601,16:00,Heavy Rain,19,56.97,1.3,20.95,26.91
TRN2141,Krishna Express,Nellore,Chennai,88,21:00,Clear,33,20.51,3.7,9.21,17.17
TRN2142,Shatabdi Express,Kurnool,Hyderabad,163,11:00,Clear,24,47.82,1.77,6.32,2.53
TRN2143,Superfast Express,Hyderabad,Vijayawada,508,17:00,Clear,39,3.09,3.67,4.86,17.58
TRN2144,Superfast Express,Guntur,Tirupati,491,13:00,Clear,21,35.45,5.72,9.32,10.96
TRN2145,Jan Shatabdi,Nellore,Chennai,241,02:00,Cloudy,25,52.75,9.46,2.27,11.91
TRN2146,Deccan Express,Guntur,Tirupati,161,13:00,Clear,27,40.72,0.0,10.36,8.46
TRN2147,Rajdhani Express,Secunderabad,Nizamabad,631,00:00,Clear,21,44.23,5.29,5.71,15.3
TRN2148,Deccan Express,Hyderabad,Warangal,643,18:00,Cloudy,30,13.23,3.32,3.06,21.86
TRN2149,Superfast Express,Secunderabad,Nizamabad,183,18:00,Clear,24,13.98,0.0,8.78,7.59
TRN2150,Duronto Express,Secunderabad,Nizamabad,543,00:00,Rain,38,22.66,9.67,3.7,23.57
TRN2151,Superfast Express,Secunderabad,Nizamabad,183,12:00,Clear,24,51.66,11.25,7.83,19.75
TRN2152,Duronto Express,Secunderabad,Nizamabad,379,09:00,Cloudy,19,40.19,0.15,9.66,19.73
TRN2153,Deccan Express,Nellore,Chennai,585,13:00,Clear,38,69.02,0.0,10.67,15.99
TRN2154,Vande Bharat,Secunderabad,Nizamabad,185,00:00,Cloudy,39,27.9,1.51,5.73,8.5
TRN2155,Krishna Express,Secunderabad,Nizamabad,149,15:00,Fog,32,78.91,3.97,4.46,22.36
TRN2156,Rajdhani Express,Guntur,Tirupati,585,02:00,Clear,22,56.45,2.64,14.58,15.07
TRN2157,Garib Rath,Guntur,Tirupati,697,01:00,Clear,36,76.37,6.56,2.86,12.84
TRN2158,Deccan Express,Nellore,Chennai,196,18:00,Clear,38,4.79,5.02,8.4,18.51
TRN2159,Deccan Express,Kurnool,Hyderabad,342,13:00,Clear,32,38.02,4.62,16.14,12.9
TRN2160,Intercity Express,Guntur,Tirupati,671,06:00,Cloudy,35,75.03,7.84,8.01,17.06
TRN2161,Deccan Express,Nellore,Chennai,468,10:00,Rain,28,8.37,5.26,19.19,24.21
TRN2162,Superfast Express,Hyderabad,Vijayawada,283,23:00,Cloudy,35,3.09,10.38,9.13,25.4
TRN2163,Rajdhani Express,Vijayawada,Visakhapatnam,609,15:00,Fog,24,22.47,3.94,11.9,32.24
TRN2164,Intercity Express,Nellore,Chennai,572,18:00,Clear,20,30.98,0.0,10.39,25.9
TRN2165,Shatabdi Express,Hyderabad,Warangal,199,03:00,Clear,30,6.39,3.25,15.34,7.11
TRN2166,Vande Bharat,Vijayawada,Visakhapatnam,591,17:00,Clear,36,41.15,6.38,17.47,26.94
TRN2167,Duronto Express,Guntur,Tirupati,565,03:00,Clear,29,51.81,3.94,0.0,7.14
TRN2168,Rajdhani Express,Hyderabad,Warangal,315,17:00,Clear,35,51.44,8.65,11.34,22.19
TRN2169,Rajdhani Express,Kurnool,Hyderabad,412,19:00,Clear,20,73.86,2.6,12.75,20.6
TRN2170,Jan Shatabdi,Vijayawada,Visakhapatnam,299,15:00,Clear,30,49.79,0.0,0.0,7.34
TRN2171,Rajdhani Express,Hyderabad,Warangal,90,17:00,Clear,32,78.53,0.0,2.39,2.5
TRN2172,Deccan Express,Hyderabad,Warangal,546,00:00,Clear,27,32.62,5.8,11.39,19.8
TRN2173,Shatabdi Express,Secunderabad,Nizamabad,355,01:00,Clear,35,46.15,0.65,11.93,11.22
TRN2174,Shatabdi Express,Hyderabad,Vijayawada,499,23:00,Heavy Rain,37,25.36,4.45,0.81,28.16
TRN2175,Deccan Express,Secunderabad,Nizamabad,652,07:00,Heavy Rain,22,64.11,5.81,4.78,38.66
TRN2176,Jan Shatabdi,Kurnool,Hyderabad,450,14:00,Cloudy,24,45.13,0.22,0.13,7.18
TRN2177,Krishna Express,Hyderabad,Warangal,270,10:00,Fog,28,69.58,4.21,5.83,26.18
TRN2178,Jan Shatabdi,Vijayawada,Visakhapatnam,326,19:00,Clear,27,2.48,8.81,4.2,20.59
TRN2179,Shatabdi Express,Secunderabad,Nizamabad,132,01:00,Rain,32,37.53,11.37,3.89,15.47
TRN2180,Duronto Express,Guntur,Tirupati,245,09:00,Cloudy,41,75.39,7.55,0.0,18.43
TRN2181,Garib Rath,Hyderabad,Vijayawada,414,07:00,Rain,30,10.67,9.43,11.97,35.93
TRN2182,Garib Rath,Vijayawada,Visakhapatnam,224,06:00,Clear,23,57.65,5.59,8.98,9.74
TRN2183,Rajdhani Express,Hyderabad,Vijayawada,132,20:00,Clear,19,42.59,6.65,6.37,14.71
TRN2184,Duronto Express,Vijayawada,Visakhapatnam,499,18:00,Clear,30,65.53,4.48,18.35,16.88
TRN2185,Jan Shatabdi,Nellore,Chennai,115,20:00,Heavy Rain,19,8.42,7.98,15.43,39.8
TRN2186,Shatabdi Express,Kurnool,Hyderabad,386,23:00,Rain,25,0.88,8.61,9.72,23.05
TRN2187,Shatabdi Express,Kurnool,Hyderabad,658,10:00,Cloudy,27,71.82,0.0,19.33,19.41
TRN2188,Superfast Express,Guntur,Tirupati,479,12:00,Clear,21,76.52,3.85,18.04,10.69
TRN2189,Shatabdi Express,Secunderabad,Nizamabad,461,20:00,Rain,18,72.17,0.0,9.7,23.08
TRN2190,Krishna Express,Nellore,Chennai,85,05:00,Clear,38,24.79,7.4,10.09,14.83
TRN2191,Krishna Express,Kurnool,Hyderabad,230,16:00,Clear,31,1.62,3.54,22.18,18.32
TRN2192,Jan Shatabdi,Hyderabad,Vijayawada,228,15:00,Cloudy,29,34.68,3.47,12.4,7.32
TRN2193,Garib Rath,Hyderabad,Warangal,380,03:00,Cloudy,33,46.36,0.0,7.85,3.2
TRN2194,Shatabdi Express,Kurnool,Hyderabad,521,14:00,Cloudy,40,75.49,6.68,10.52,18.73
TRN2195,Duronto Express,Secunderabad,Nizamabad,430,10:00,Fog,26,2.46,6.94,9.87,34.71
TRN2196,Superfast Express,Hyderabad,Warangal,446,15:00,Cloudy,39,54.86,10.37,12.9,24.04
TRN2197,Duronto Express,Secunderabad,Nizamabad,464,05:00,Cloudy,38,26.17,7.83,7.87,15.43
TRN2198,Vande Bharat,Nellore,Chennai,509,04:00,Heavy Rain,41,18.27,0.0,7.51,21.94
TRN2199,Garib Rath,Guntur,Tirupati,417,01:00,Clear,40,23.51,7.87,7.15,12.61
TRN2200,Krishna Express,Vijayawada,Visakhapatnam,422,05:00,Cloudy,40,33.89,0.0,10.07,10.79
TRN2201,Jan Shatabdi,Kurnool,Hyderabad,682,16:00,Cloudy,30,14.94,17.6,15.74,32.29
TRN2202,Shatabdi Express,Nellore,Chennai,146,04:00,Cloudy,36,53.47,9.21,2.92,9.52
TRN2203,Garib Rath,Secunderabad,Nizamabad,125,05:00,Cloudy,28,57.43,6.36,7.1,12.17
TRN2204,Deccan Express,Secunderabad,Nizamabad,109,18:00,Rain,36,48.99,3.95,19.74,24.11
TRN2205,Jan Shatabdi,Guntur,Tirupati,234,12:00,Clear,39,70.52,11.4,9.42,20.43
TRN2206,Jan Shatabdi,Kurnool,Hyderabad,124,22:00,Clear,20,61.24,9.69,12.57,17.24
TRN2207,Superfast Express,Vijayawada,Visakhapatnam,649,06:00,Cloudy,35,35.23,7.79,19.52,26.32
TRN2208,Rajdhani Express,Kurnool,Hyderabad,399,08:00,Rain,24,53.15,0.0,5.67,15.58
TRN2209,Duronto Express,Vijayawada,Visakhapatnam,577,18:00,Clear,37,23.65,10.63,7.13,21.67
TRN2210,Superfast Express,Vijayawada,Visakhapatnam,362,07:00,Rain,20,48.17,9.18,0.0,25.18
TRN2211,Vande Bharat,Vijayawada,Visakhapatnam,448,17:00,Clear,22,1.53,8.68,17.82,28.0
TRN2212,Intercity Express,Hyderabad,Warangal,191,03:00,Rain,34,40.23,2.74,0.0,11.13
TRN2213,Rajdhani Express,Kurnool,Hyderabad,234,15:00,Clear,25,40.8,8.52,12.48,11.75
TRN2214,Deccan Express,Secunderabad,Nizamabad,524,21:00,Rain,27,0.35,4.93,12.67,22.06
TRN2215,Superfast Express,Guntur,Tirupati,523,22:00,Clear,24,60.09,10.71,11.33,26.57
TRN2216,Intercity Express,Hyderabad,Warangal,690,14:00,Clear,31,78.51,3.32,12.38,14.28
TRN2217,Rajdhani Express,Nellore,Chennai,377,04:00,Clear,29,21.81,5.78,6.9,15.15
TRN2218,Rajdhani Express,Vijayawada,Visakhapatnam,352,09:00,Cloudy,36,57.98,6.61,0.0,15.83
TRN2219,Deccan Express,Guntur,Tirupati,366,01:00,Clear,29,24.93,4.9,9.57,8.77
TRN2220,Krishna Express,Hyderabad,Warangal,227,12:00,Heavy Rain,24,36.21,6.3,6.58,30.12
TRN2221,Duronto Express,Kurnool,Hyderabad,116,04:00,Cloudy,26,40.48,1.22,6.24,3.95
TRN2222,Deccan Express,Hyderabad,Vijayawada,480,12:00,Clear,24,46.44,4.43,0.0,12.14
TRN2223,Shatabdi Express,Kurnool,Hyderabad,164,09:00,Clear,37,55.58,5.68,2.73,23.21
TRN2224,Garib Rath,Nellore,Chennai,675,08:00,Fog,35,77.04,8.3,13.9,39.78
TRN2225,Rajdhani Express,Guntur,Tirupati,116,21:00,Cloudy,19,76.78,8.37,22.48,23.83
TRN2226,Superfast Express,Hyderabad,Warangal,158,17:00,Clear,40,2.0,11.7,9.19,22.82
TRN2227,Duronto Express,Guntur,Tirupati,619,13:00,Cloudy,30,69.55,4.27,7.2,9.41
TRN2228,Krishna Express,Kurnool,Hyderabad,96,20:00,Clear,40,51.6,9.61,5.84,23.27
TRN2229,Duronto Express,Hyderabad,Warangal,299,08:00,Clear,30,17.84,5.63,7.79,21.24
TRN2230,Vande Bharat,Kurnool,Hyderabad,299,14:00,Cloudy,28,43.38,10.65,10.29,22.65
TRN2231,Krishna Express,Nellore,Chennai,252,19:00,Cloudy,38,55.16,3.49,1.7,14.64
TRN2232,Rajdhani Express,Nellore,Chennai,357,20:00,Clear,28,25.91,7.15,15.33,23.0
TRN2233,Intercity Express,Vijayawada,Visakhapatnam,253,21:00,Clear,26,40.22,4.23,12.19,12.93
TRN2234,Shatabdi Express,Kurnool,Hyderabad,662,03:00,Rain,22,68.37,3.51,18.73,26.3
TRN2235,Superfast Express,Hyderabad,Warangal,583,14:00,Fog,34,77.71,3.9,1.25,30.54
TRN2236,Superfast Express,Kurnool,Hyderabad,105,03:00,Clear,32,36.98,5.7,14.13,6.24
TRN2237,Garib Rath,Hyderabad,Warangal,275,05:00,Heavy Rain,24,14.42,8.33,12.19,34.79
TRN2238,Garib Rath,Vijayawada,Visakhapatnam,151,14:00,Clear,26,20.3,11.42,6.65,19.79
TRN2239,Duronto Express,Hyderabad,Warangal,121,02:00,Cloudy,40,8.02,1.7,14.55,7.35
TRN2240,Jan Shatabdi,Guntur,Tirupati,492,17:00,Cloudy,39,64.88,4.54,5.93,17.98
TRN2241,Jan Shatabdi,Kurnool,Hyderabad,430,04:00,Cloudy,32,19.54,8.46,5.25,26.4
TRN2242,Garib Rath,Secunderabad,Nizamabad,229,07:00,Cloudy,22,69.82,13.59,8.51,35.04
TRN2243,Vande Bharat,Nellore,Chennai,222,05:00,Cloudy,33,10.34,3.54,6.95,13.06
TRN2244,Deccan Express,Secunderabad,Nizamabad,322,21:00,Clear,38,67.07,6.31,9.62,20.37
TRN2245,Deccan Express,Hyderabad,Warangal,165,23:00,Heavy Rain,39,3.0,0.0,10.74,20.59
TRN2246,Duronto Express,Guntur,Tirupati,479,15:00,Heavy Rain,27,6.21,11.44,11.11,32.51
TRN2247,Deccan Express,Nellore,Chennai,555,12:00,Rain,18,78.89,3.97,16.92,19.53
TRN2248,Jan Shatabdi,Kurnool,Hyderabad,665,03:00,Cloudy,35,65.18,8.7,15.37,16.13
TRN2249,Rajdhani Express,Secunderabad,Nizamabad,580,17:00,Clear,34,79.9,0.0,1.53,17.26
TRN2250,Krishna Express,Nellore,Chennai,642,03:00,Rain,36,6.16,7.13,0.0,13.41
TRN2251,Intercity Express,Kurnool,Hyderabad,266,16:00,Cloudy,25,17.46,3.03,3.61,2.07
TRN2252,Deccan Express,Nellore,Chennai,457,11:00,Rain,24,35.75,5.08,2.68,19.9
TRN2253,Garib Rath,Guntur,Tirupati,611,08:00,Clear,36,74.17,4.95,0.25,17.96
TRN2254,Rajdhani Express,Secunderabad,Nizamabad,587,03:00,Fog,40,20.47,1.95,24.72,33.48
TRN2255,Deccan Express,Secunderabad,Nizamabad,176,22:00,Clear,38,20.22,2.08,5.45,5.94
TRN2256,Krishna Express,Guntur,Tirupati,260,20:00,Clear,27,21.16,9.49,7.93,16.88
TRN2257,Garib Rath,Secunderabad,Nizamabad,548,17:00,Clear,21,21.96,4.7,13.36,23.48
TRN2258,Intercity Express,Hyderabad,Warangal,336,07:00,Clear,39,71.4,10.7,18.78,27.86
TRN2259,Vande Bharat,Kurnool,Hyderabad,389,14:00,Heavy Rain,26,41.38,6.38,14.39,38.92
TRN2260,Rajdhani Express,Guntur,Tirupati,234,14:00,Fog,28,0.67,2.44,6.02,15.5
TRN2261,Shatabdi Express,Kurnool,Hyderabad,596,19:00,Cloudy,39,54.24,7.14,0.0,25.08
TRN2262,Deccan Express,Secunderabad,Nizamabad,187,00:00,Rain,33,34.39,8.75,15.69,25.85
TRN2263,Vande Bharat,Guntur,Tirupati,93,18:00,Clear,20,35.97,2.14,14.7,18.63
TRN2264,Duronto Express,Nellore,Chennai,654,18:00,Clear,41,2.42,0.1,4.6,11.95
TRN2265,Rajdhani Express,Secunderabad,Nizamabad,503,20:00,Rain,33,24.76,5.9,12.25,34.47
TRN2266,Garib Rath,Secunderabad,Nizamabad,244,14:00,Clear,24,19.47,3.76,6.37,9.92
TRN2267,Rajdhani Express,Nellore,Chennai,697,17:00,Heavy Rain,24,59.18,6.33,14.42,38.14
TRN2268,Superfast Express,Vijayawada,Visakhapatnam,495,16:00,Heavy Rain,32,42.14,7.77,17.33,28.79
TRN2269,Shatabdi Express,Nellore,Chennai,557,07:00,Clear,33,42.55,3.29,17.39,29.4
TRN2270,Superfast Express,Hyderabad,Vijayawada,336,01:00,Rain,30,46.77,6.23,8.11,20.15
TRN2271,Superfast Express,Kurnool,Hyderabad,364,01:00,Rain,37,36.35,0.0,0.0,7.92
TRN2272,Duronto Express,Vijayawada,Visakhapatnam,248,11:00,Clear,21,0.01,3.31,3.87,8.66
TRN2273,Vande Bharat,Guntur,Tirupati,581,09:00,Clear,38,28.0,2.14,7.36,16.31
TRN2274,Shatabdi Express,Guntur,Tirupati,595,10:00,Cloudy,28,5.2,7.95,19.81,29.06
TRN2275,Shatabdi Express,Hyderabad,Warangal,667,19:00,Cloudy,22,8.15,9.33,6.19,28.88
TRN2276,Krishna Express,Vijayawada,Visakhapatnam,187,04:00,Fog,29,19.43,6.39,14.24,28.44
TRN2277,Garib Rath,Hyderabad,Vijayawada,467,12:00,Heavy Rain,34,25.88,6.12,15.47,38.74
TRN2278,Superfast Express,Kurnool,Hyderabad,348,15:00,Rain,27,56.35,5.5,2.12,14.43
TRN2279,Garib Rath,Nellore,Chennai,131,19:00,Rain,25,7.87,1.64,5.21,19.92
TRN2280,Shatabdi Express,Secunderabad,Nizamabad,594,03:00,Clear,27,76.32,1.48,14.08,13.14
TRN2281,Garib Rath,Secunderabad,Nizamabad,678,00:00,Clear,38,36.24,8.45,2.19,14.98
TRN2282,Deccan Express,Guntur,Tirupati,258,10:00,Clear,19,35.8,2.45,7.55,19.42
TRN2283,Deccan Express,Guntur,Tirupati,332,22:00,Clear,37,45.83,0.0,0.0,2.14
TRN2284,Jan Shatabdi,Secunderabad,Nizamabad,204,14:00,Fog,30,32.47,4.78,8.21,21.31
TRN2285,Intercity Express,Hyderabad,Vijayawada,235,21:00,Heavy Rain,20,19.39,5.64,18.76,36.0
TRN2286,Rajdhani Express,Guntur,Tirupati,660,18:00,Clear,18,26.33,7.97,11.76,20.28
TRN2287,Jan Shatabdi,Hyderabad,Warangal,252,01:00,Clear,25,56.43,9.09,12.1,16.83
TRN2288,Rajdhani Express,Kurnool,Hyderabad,538,21:00,Clear,18,27.09,0.0,9.9,21.7
TRN2289,Intercity Express,Hyderabad,Warangal,91,02:00,Rain,40,16.55,0.0,17.07,14.09
TRN2290,Shatabdi Express,Nellore,Chennai,634,03:00,Fog,20,64.68,9.78,4.51,24.87
TRN2291,Rajdhani Express,Hyderabad,Warangal,217,19:00,Rain,40,32.29,0.0,4.59,17.19
TRN2292,Intercity Express,Secunderabad,Nizamabad,498,01:00,Clear,36,74.44,3.79,0.0,5.64
TRN2293,Rajdhani Express,Nellore,Chennai,514,08:00,Clear,29,57.92,2.18,21.58,23.48
TRN2294,Vande Bharat,Kurnool,Hyderabad,352,22:00,Clear,41,5.95,5.18,14.08,8.57
TRN2295,Garib Rath,Secunderabad,Nizamabad,537,20:00,Cloudy,26,50.74,2.15,15.75,24.31
TRN2296,Garib Rath,Hyderabad,Vijayawada,474,09:00,Heavy Rain,38,9.49,6.65,20.61,39.99
TRN2297,Rajdhani Express,Guntur,Tirupati,653,00:00,Clear,27,14.88,6.31,3.98,17.57
TRN2298,Deccan Express,Vijayawada,Visakhapatnam,409,23:00,Rain,27,63.12,2.72,2.99,19.94
TRN2299,Intercity Express,Secunderabad,Nizamabad,269,00:00,Fog,41,41.44,6.67,0.0,13.9
TRN2300,Rajdhani Express,Nellore,Chennai,659,09:00,Clear,18,9.12,6.47,16.55,24.84
TRN2301,Krishna Express,Secunderabad,Nizamabad,146,08:00,Cloudy,27,36.17,2.25,12.54,13.94
TRN2302,Vande Bharat,Hyderabad,Vijayawada,239,05:00,Clear,38,73.86,4.35,3.34,3.76
TRN2303,Rajdhani Express,Kurnool,Hyderabad,126,17:00,Rain,27,30.15,8.15,22.96,28.83
TRN2304,Intercity Express,Secunderabad,Nizamabad,323,05:00,Clear,23,6.01,0.23,16.26,3.69
TRN2305,Deccan Express,Vijayawada,Visakhapatnam,138,12:00,Clear,40,38.78,3.76,4.14,7.29
TRN2306,Krishna Express,Secunderabad,Nizamabad,128,02:00,Rain,40,49.12,8.88,0.0,18.9
TRN2307,Jan Shatabdi,Hyderabad,Vijayawada,585,05:00,Fog,34,77.23,4.72,16.42,21.87
TRN2308,Garib Rath,Guntur,Tirupati,160,22:00,Heavy Rain,26,46.51,5.04,0.0,18.92
TRN2309,Jan Shatabdi,Nellore,Chennai,594,18:00,Fog,26,39.34,7.16,21.45,33.8
TRN2310,Intercity Express,Vijayawada,Visakhapatnam,263,02:00,Clear,33,26.84,3.02,8.7,5.83
TRN2311,Deccan Express,Guntur,Tirupati,552,18:00,Clear,39,5.4,5.37,5.16,21.23
TRN2312,Rajdhani Express,Guntur,Tirupati,153,06:00,Clear,31,53.92,14.2,2.07,16.65
TRN2313,Jan Shatabdi,Hyderabad,Vijayawada,311,02:00,Rain,24,29.98,7.94,0.0,17.89
TRN2314,Deccan Express,Guntur,Tirupati,288,20:00,Clear,20,7.98,5.36,3.86,20.88
TRN2315,Vande Bharat,Vijayawada,Visakhapatnam,382,01:00,Cloudy,39,73.92,0.99,16.54,19.24
TRN2316,Superfast Express,Hyderabad,Vijayawada,666,23:00,Clear,36,17.28,2.36,13.89,19.85
TRN2317,Jan Shatabdi,Guntur,Tirupati,339,09:00,Rain,39,30.37,4.09,14.44,31.68
TRN2318,Krishna Express,Hyderabad,Warangal,297,14:00,Cloudy,35,34.47,6.1,0.13,6.71
TRN2319,Intercity Express,Kurnool,Hyderabad,507,01:00,Heavy Rain,26,33.83,5.5,8.73,27.66
TRN2320,Garib Rath,Hyderabad,Warangal,614,09:00,Clear,32,71.52,8.99,6.98,24.82
TRN2321,Shatabdi Express,Kurnool,Hyderabad,673,20:00,Clear,18,78.85,2.0,5.9,17.1
TRN2322,Jan Shatabdi,Hyderabad,Warangal,110,12:00,Cloudy,22,67.67,0.0,9.36,4.61
TRN2323,Garib Rath,Hyderabad,Vijayawada,603,08:00,Heavy Rain,28,68.39,1.74,0.0,24.93
TRN2324,Shatabdi Express,Nellore,Chennai,367,09:00,Clear,25,62.66,5.75,0.0,15.69
TRN2325,Duronto Express,Kurnool,Hyderabad,344,07:00,Cloudy,19,66.45,0.0,1.79,7.58
TRN2326,Vande Bharat,Hyderabad,Vijayawada,553,19:00,Rain,18,49.99,0.0,6.36,19.48
TRN2327,Rajdhani Express,Hyderabad,Vijayawada,683,00:00,Rain,21,76.68,8.46,0.08,23.01
TRN2328,Deccan Express,Kurnool,Hyderabad,271,11:00,Cloudy,34,0.3,6.86,9.88,8.8
TRN2329,Vande Bharat,Hyderabad,Warangal,198,00:00,Clear,35,79.9,3.93,10.5,15.81
TRN2330,Deccan Express,Secunderabad,Nizamabad,188,04:00,Clear,23,66.58,6.49,24.14,13.96
TRN2331,Krishna Express,Nellore,Chennai,346,23:00,Fog,35,5.04,3.89,7.7,16.22
TRN2332,Superfast Express,Vijayawada,Visakhapatnam,145,11:00,Cloudy,40,12.29,0.0,0.52,5.1
TRN2333,Vande Bharat,Kurnool,Hyderabad,308,22:00,Clear,37,70.15,2.71,14.37,9.85
TRN2334,Rajdhani Express,Nellore,Chennai,210,14:00,Heavy Rain,41,51.48,2.84,5.57,27.92
TRN2335,Krishna Express,Nellore,Chennai,80,18:00,Clear,29,48.43,9.1,16.18,18.38
TRN2336,Shatabdi Express,Nellore,Chennai,376,14:00,Clear,25,7.07,0.11,9.88,8.83
TRN2337,Rajdhani Express,Guntur,Tirupati,355,15:00,Clear,40,40.54,6.12,16.14,16.87
TRN2338,Rajdhani Express,Vijayawada,Visakhapatnam,647,22:00,Heavy Rain,37,50.13,0.0,8.34,30.12
TRN2339,Jan Shatabdi,Guntur,Tirupati,191,04:00,Cloudy,39,74.96,4.29,0.0,7.15
TRN2340,Krishna Express,Hyderabad,Warangal,328,20:00,Clear,28,34.61,4.37,10.23,17.66
TRN2341,Jan Shatabdi,Kurnool,Hyderabad,83,00:00,Clear,32,37.16,3.8,11.65,6.35
TRN2342,Garib Rath,Hyderabad,Vijayawada,409,15:00,Clear,21,46.41,0.4,16.76,14.86
TRN2343,Duronto Express,Guntur,Tirupati,262,04:00,Cloudy,23,20.54,5.9,2.08,15.73
TRN2344,Duronto Express,Kurnool,Hyderabad,484,18:00,Clear,37,49.05,10.52,21.74,31.39
TRN2345,Deccan Express,Secunderabad,Nizamabad,602,18:00,Rain,40,54.25,4.08,13.7,31.47
TRN2346,Garib Rath,Hyderabad,Vijayawada,501,13:00,Cloudy,34,39.57,8.6,8.27,11.03
TRN2347,Deccan Express,Hyderabad,Warangal,234,23:00,Clear,38,12.83,4.15,2.82,8.41
TRN2348,Superfast Express,Hyderabad,Warangal,487,12:00,Rain,25,39.17,2.49,2.53,14.54
TRN2349,Rajdhani Express,Vijayawada,Visakhapatnam,161,06:00,Cloudy,33,62.02,7.23,15.89,27.09
TRN2350,Duronto Express,Guntur,Tirupati,121,08:00,Cloudy,34,47.91,0.79,5.91,13.09
TRN2351,Superfast Express,Nellore,Chennai,424,09:00,Fog,25,6.54,10.51,13.34,35.55
TRN2352,Intercity Express,Kurnool,Hyderabad,152,21:00,Heavy Rain,26,6.31,1.03,1.12,19.29
TRN2353,Duronto Express,Guntur,Tirupati,378,11:00,Clear,27,57.75,3.56,16.91,11.78
TRN2354,Rajdhani Express,Guntur,Tirupati,687,13:00,Clear,38,13.25,10.95,12.51,18.88
TRN2355,Superfast Express,Vijayawada,Visakhapatnam,239,11:00,Clear,41,4.89,0.0,8.24,11.93
TRN2356,Jan Shatabdi,Secunderabad,Nizamabad,570,21:00,Clear,28,60.68,2.18,3.25,13.96
TRN2357,Garib Rath,Vijayawada,Visakhapatnam,207,05:00,Clear,21,26.95,1.7,15.1,12.94
TRN2358,Krishna Express,Nellore,Chennai,242,15:00,Clear,32,16.83,8.35,13.76,16.44
TRN2359,Intercity Express,Hyderabad,Warangal,189,14:00,Clear,36,18.21,5.13,9.87,8.18
TRN2360,Duronto Express,Vijayawada,Visakhapatnam,299,18:00,Rain,33,20.71,6.43,13.76,31.71
TRN2361,Rajdhani Express,Hyderabad,Warangal,122,17:00,Cloudy,31,32.54,9.27,0.0,15.02
TRN2362,Intercity Express,Hyderabad,Vijayawada,642,16:00,Cloudy,29,44.82,4.46,9.93,19.12
TRN2363,Shatabdi Express,Secunderabad,Nizamabad,681,17:00,Clear,27,24.48,2.32,0.33,10.84
TRN2364,Shatabdi Express,Vijayawada,Visakhapatnam,651,18:00,Clear,41,76.07,6.73,8.43,20.8
TRN2365,Vande Bharat,Vijayawada,Visakhapatnam,633,07:00,Clear,24,14.05,3.84,7.45,20.33
TRN2366,Jan Shatabdi,Secunderabad,Nizamabad,307,16:00,Cloudy,31,69.97,4.09,3.4,6.21
TRN2367,Duronto Express,Hyderabad,Warangal,244,04:00,Cloudy,37,43.66,7.4,9.23,11.65
TRN2368,Jan Shatabdi,Hyderabad,Vijayawada,266,02:00,Clear,23,27.43,0.0,4.18,2.12
TRN2369,Krishna Express,Secunderabad,Nizamabad,455,21:00,Heavy Rain,37,0.01,4.81,6.52,37.41
TRN2370,Shatabdi Express,Vijayawada,Visakhapatnam,341,12:00,Clear,38,48.05,9.36,0.0,12.6
TRN2371,Intercity Express,Hyderabad,Vijayawada,476,10:00,Clear,37,34.8,2.31,8.62,17.4
TRN2372,Superfast Express,Nellore,Chennai,294,23:00,Heavy Rain,39,37.83,5.49,12.42,34.07
TRN2373,Jan Shatabdi,Kurnool,Hyderabad,372,02:00,Clear,22,78.59,0.13,4.48,12.8
TRN2374,Vande Bharat,Nellore,Chennai,632,14:00,Clear,39,1.88,0.0,2.01,6.03
TRN2375,Jan Shatabdi,Guntur,Tirupati,546,21:00,Cloudy,29,44.53,7.69,0.81,21.28
TRN2376,Krishna Express,Hyderabad,Vijayawada,546,08:00,Fog,36,35.98,7.25,9.2,34.05
TRN2377,Garib Rath,Kurnool,Hyderabad,109,00:00,Rain,24,70.15,0.0,10.39,14.66
TRN2378,Vande Bharat,Kurnool,Hyderabad,652,23:00,Fog,36,11.18,2.65,5.88,25.81
TRN2379,Garib Rath,Hyderabad,Warangal,110,22:00,Clear,26,44.55,15.41,17.17,24.31
TRN2380,Rajdhani Express,Vijayawada,Visakhapatnam,595,07:00,Rain,32,39.08,8.06,0.0,24.68
TRN2381,Superfast Express,Nellore,Chennai,98,16:00,Cloudy,27,32.92,4.56,20.82,8.82
TRN2382,Vande Bharat,Guntur,Tirupati,594,14:00,Clear,38,70.9,0.0,18.18,20.74
TRN2383,Deccan Express,Vijayawada,Visakhapatnam,399,07:00,Heavy Rain,33,77.41,5.0,16.38,44.6
TRN2384,Intercity Express,Nellore,Chennai,300,14:00,Cloudy,22,34.11,0.0,7.24,10.58
TRN2385,Duronto Express,Nellore,Chennai,126,19:00,Rain,31,65.4,0.0,11.01,23.76
TRN2386,Garib Rath,Nellore,Chennai,507,09:00,Cloudy,23,22.61,8.7,2.28,28.24
TRN2387,Deccan Express,Hyderabad,Warangal,388,01:00,Clear,30,15.14,3.42,8.61,9.32
TRN2388,Vande Bharat,Hyderabad,Warangal,214,14:00,Fog,27,45.58,2.11,0.0,21.03
TRN2389,Garib Rath,Secunderabad,Nizamabad,225,19:00,Clear,40,47.15,6.76,8.44,19.71
TRN2390,Intercity Express,Nellore,Chennai,656,20:00,Clear,20,23.46,1.32,7.35,13.95
TRN2391,Deccan Express,Kurnool,Hyderabad,486,19:00,Heavy Rain,32,24.85,5.93,18.48,39.14
TRN2392,Deccan Express,Kurnool,Hyderabad,658,19:00,Rain,41,0.81,6.13,9.85,24.51
TRN2393,Garib Rath,Hyderabad,Warangal,595,12:00,Clear,26,51.1,5.55,16.33,19.41
TRN2394,Krishna Express,Vijayawada,Visakhapatnam,186,06:00,Cloudy,35,19.37,4.75,0.0,6.86
TRN2395,Krishna Express,Vijayawada,Visakhapatnam,646,09:00,Clear,23,23.95,0.36,2.02,12.83
TRN2396,Rajdhani Express,Kurnool,Hyderabad,112,03:00,Clear,37,78.07,10.28,0.0,9.19
TRN2397,Vande Bharat,Kurnool,Hyderabad,168,17:00,Clear,31,12.04,5.48,13.45,15.09
TRN2398,Shatabdi Express,Guntur,Tirupati,443,14:00,Clear,21,46.19,3.36,0.0,6.63
TRN2399,Duronto Express,Hyderabad,Vijayawada,553,20:00,Cloudy,32,7.01,5.54,0.0,19.96
TRN2400,Vande Bharat,Vijayawada,Visakhapatnam,523,17:00,Fog,32,65.36,0.0,14.92,28.99
TRN2401,Duronto Express,Kurnool,Hyderabad,329,18:00,Heavy Rain,32,23.75,3.11,15.56,34.56
TRN2402,Intercity Express,Hyderabad,Vijayawada,486,13:00,Clear,30,69.0,3.54,6.07,11.74
TRN2403,Rajdhani Express,Hyderabad,Vijayawada,247,15:00,Clear,20,28.17,10.0,6.07,12.42
TRN2404,Krishna Express,Hyderabad,Vijayawada,526,05:00,Heavy Rain,24,75.75,10.28,3.34,30.87
TRN2405,Vande Bharat,Vijayawada,Visakhapatnam,348,03:00,Clear,21,52.38,6.82,9.36,15.83
TRN2406,Deccan Express,Kurnool,Hyderabad,310,19:00,Clear,35,31.54,1.72,16.03,9.57
TRN2407,Rajdhani Express,Vijayawada,Visakhapatnam,660,00:00,Fog,23,28.27,2.63,12.85,17.27
TRN2408,Intercity Express,Kurnool,Hyderabad,589,14:00,Cloudy,19,75.55,0.0,18.59,18.43
TRN2409,Vande Bharat,Kurnool,Hyderabad,562,03:00,Clear,34,28.05,4.31,6.97,22.12
TRN2410,Jan Shatabdi,Hyderabad,Warangal,324,12:00,Cloudy,19,44.93,8.8,10.23,25.78
TRN2411,Shatabdi Express,Secunderabad,Nizamabad,231,23:00,Clear,20,33.54,3.91,0.0,5.97
TRN2412,Garib Rath,Secunderabad,Nizamabad,389,21:00,Clear,23,78.92,4.69,0.0,12.06
TRN2413,Intercity Express,Kurnool,Hyderabad,204,05:00,Clear,33,79.68,0.0,8.8,17.23
TRN2414,Vande Bharat,Kurnool,Hyderabad,297,14:00,Heavy Rain,37,17.58,6.92,13.05,31.17
TRN2415,Duronto Express,Vijayawada,Visakhapatnam,618,08:00,Clear,29,6.3,0.0,7.52,20.32
TRN2416,Garib Rath,Vijayawada,Visakhapatnam,217,17:00,Heavy Rain,41,18.73,9.17,19.32,37.43
TRN2417,Rajdhani Express,Kurnool,Hyderabad,675,05:00,Cloudy,27,66.2,9.22,14.61,19.11
TRN2418,Vande Bharat,Nellore,Chennai,470,19:00,Clear,40,27.09,10.0,1.33,18.51
TRN2419,Jan Shatabdi,Nellore,Chennai,558,19:00,Clear,31,26.04,9.9,14.65,29.43
TRN2420,Shatabdi Express,Hyderabad,Warangal,345,11:00,Fog,35,26.15,5.37,10.54,18.34
TRN2421,Krishna Express,Hyderabad,Warangal,538,09:00,Cloudy,30,72.12,3.09,0.6,15.14
TRN2422,Duronto Express,Nellore,Chennai,444,13:00,Rain,30,32.36,0.0,1.1,8.78
TRN2423,Rajdhani Express,Hyderabad,Warangal,463,22:00,Clear,26,17.59,2.18,6.18,3.33
TRN2424,Intercity Express,Hyderabad,Vijayawada,191,14:00,Clear,21,43.28,5.35,0.0,7.77
TRN2425,Garib Rath,Secunderabad,Nizamabad,595,00:00,Cloudy,41,34.67,4.3,0.74,16.14
TRN2426,Krishna Express,Hyderabad,Vijayawada,168,03:00,Clear,23,39.46,9.55,0.83,6.75
TRN2427,Intercity Express,Kurnool,Hyderabad,380,06:00,Cloudy,27,69.04,11.16,4.31,16.95
TRN2428,Krishna Express,Nellore,Chennai,276,01:00,Rain,23,4.43,8.26,9.52,26.94
TRN2429,Rajdhani Express,Hyderabad,Vijayawada,543,03:00,Cloudy,19,20.87,6.42,14.32,18.03
TRN2430,Krishna Express,Secunderabad,Nizamabad,508,17:00,Clear,21,71.67,7.85,16.92,28.96
TRN2431,Krishna Express,Secunderabad,Nizamabad,521,03:00,Rain,26,49.54,14.2,0.0,31.57
TRN2432,Rajdhani Express,Vijayawada,Visakhapatnam,143,09:00,Clear,29,28.85,7.63,15.06,28.28
TRN2433,Rajdhani Express,Vijayawada,Visakhapatnam,430,22:00,Clear,18,75.04,6.57,20.04,16.41
TRN2434,Deccan Express,Vijayawada,Visakhapatnam,91,14:00,Clear,21,54.95,10.17,24.26,15.01
TRN2435,Rajdhani Express,Kurnool,Hyderabad,416,06:00,Heavy Rain,36,67.23,3.88,5.4,24.88
TRN2436,Garib Rath,Hyderabad,Warangal,202,04:00,Heavy Rain,36,24.98,8.34,14.95,27.64
TRN2437,Duronto Express,Hyderabad,Warangal,577,20:00,Rain,29,61.95,1.58,0.0,21.08
TRN2438,Intercity Express,Nellore,Chennai,432,12:00,Clear,35,23.62,0.0,4.2,11.51
TRN2439,Rajdhani Express,Vijayawada,Visakhapatnam,362,05:00,Clear,25,71.06,10.13,0.0,12.06
TRN2440,Jan Shatabdi,Guntur,Tirupati,502,10:00,Clear,32,5.25,6.79,10.71,31.39
TRN2441,Superfast Express,Guntur,Tirupati,503,07:00,Fog,22,5.18,1.47,16.12,26.37
TRN2442,Duronto Express,Hyderabad,Vijayawada,683,13:00,Cloudy,24,30.96,2.6,0.0,11.49
TRN2443,Duronto Express,Vijayawada,Visakhapatnam,597,01:00,Heavy Rain,25,2.75,1.23,9.35,23.14
TRN2444,Shatabdi Express,Nellore,Chennai,271,18:00,Fog,31,13.39,1.38,5.29,15.54
TRN2445,Deccan Express,Guntur,Tirupati,680,16:00,Heavy Rain,35,65.19,5.81,10.98,32.15
TRN2446,Duronto Express,Vijayawada,Visakhapatnam,145,01:00,Fog,39,25.64,0.0,10.86,14.41
TRN2447,Duronto Express,Secunderabad,Nizamabad,296,01:00,Fog,26,20.59,2.58,0.0,13.43
TRN2448,Krishna Express,Secunderabad,Nizamabad,536,06:00,Heavy Rain,21,22.56,3.54,2.17,25.15
TRN2449,Deccan Express,Guntur,Tirupati,168,09:00,Fog,22,69.18,0.0,0.0,20.56
TRN2450,Krishna Express,Hyderabad,Warangal,259,04:00,Clear,18,68.75,7.32,6.0,9.34
TRN2451,Vande Bharat,Guntur,Tirupati,161,00:00,Clear,26,4.21,6.15,0.64,6.51
TRN2452,Krishna Express,Guntur,Tirupati,541,21:00,Clear,29,32.37,5.39,0.0,15.28
TRN2453,Superfast Express,Guntur,Tirupati,245,10:00,Clear,33,2.38,5.18,13.24,26.91
TRN2454,Superfast Express,Hyderabad,Warangal,209,05:00,Cloudy,41,70.86,5.81,18.12,15.53
TRN2455,Rajdhani Express,Vijayawada,Visakhapatnam,400,19:00,Fog,26,12.77,6.26,3.27,21.04
TRN2456,Krishna Express,Hyderabad,Warangal,373,00:00,Clear,23,39.33,9.92,18.56,17.07
TRN2457,Rajdhani Express,Hyderabad,Warangal,248,15:00,Clear,36,26.09,4.87,0.2,5.52
TRN2458,Vande Bharat,Secunderabad,Nizamabad,395,19:00,Clear,26,11.27,6.21,9.92,24.49
TRN2459,Krishna Express,Kurnool,Hyderabad,679,23:00,Clear,29,79.86,4.42,7.15,15.7
TRN2460,Superfast Express,Guntur,Tirupati,588,15:00,Clear,22,53.92,1.39,7.23,6.37
TRN2461,Duronto Express,Vijayawada,Visakhapatnam,139,01:00,Clear,36,41.58,2.89,21.32,21.04
TRN2462,Duronto Express,Secunderabad,Nizamabad,358,10:00,Clear,39,48.71,10.45,5.91,32.18
TRN2463,Rajdhani Express,Vijayawada,Visakhapatnam,486,08:00,Heavy Rain,25,60.64,1.17,10.08,30.86
TRN2464,Shatabdi Express,Vijayawada,Visakhapatnam,209,10:00,Cloudy,19,67.49,5.61,18.33,25.28
TRN2465,Jan Shatabdi,Vijayawada,Visakhapatnam,455,23:00,Fog,32,38.93,4.37,15.72,21.27
TRN2466,Intercity Express,Nellore,Chennai,340,04:00,Clear,37,5.84,15.24,6.57,25.54
TRN2467,Intercity Express,Kurnool,Hyderabad,375,01:00,Cloudy,40,78.34,7.94,7.93,12.38
TRN2468,Intercity Express,Hyderabad,Warangal,515,17:00,Heavy Rain,34,59.85,0.51,3.18,25.19
TRN2469,Duronto Express,Secunderabad,Nizamabad,559,04:00,Rain,31,16.96,0.0,0.13,9.32
TRN2470,Duronto Express,Hyderabad,Warangal,126,14:00,Clear,19,52.54,7.37,9.77,18.36
TRN2471,Vande Bharat,Kurnool,Hyderabad,342,09:00,Clear,29,54.27,1.54,12.85,17.28
TRN2472,Shatabdi Express,Nellore,Chennai,336,10:00,Clear,35,26.25,3.45,4.81,18.59
TRN2473,Jan Shatabdi,Kurnool,Hyderabad,204,00:00,Cloudy,26,11.33,0.0,2.24,4.79
TRN2474,Garib Rath,Guntur,Tirupati,214,12:00,Cloudy,21,71.5,9.56,2.04,11.33
TRN2475,Rajdhani Express,Secunderabad,Nizamabad,96,07:00,Cloudy,36,16.59,1.56,0.75,11.22
TRN2476,Vande Bharat,Kurnool,Hyderabad,168,04:00,Heavy Rain,38,55.47,10.92,2.14,25.07
TRN2477,Duronto Express,Hyderabad,Vijayawada,401,22:00,Heavy Rain,30,77.19,8.35,9.17,36.73
TRN2478,Krishna Express,Kurnool,Hyderabad,413,20:00,Clear,23,9.86,4.49,1.51,13.09
TRN2479,Intercity Express,Vijayawada,Visakhapatnam,363,03:00,Cloudy,30,76.07,3.58,15.62,17.54
TRN2480,Garib Rath,Kurnool,Hyderabad,529,13:00,Clear,40,0.59,5.65,8.5,19.73
TRN2481,Deccan Express,Hyderabad,Vijayawada,125,16:00,Clear,40,77.04,4.44,16.85,10.05
TRN2482,Shatabdi Express,Kurnool,Hyderabad,623,06:00,Clear,22,55.92,6.52,20.13,11.07
TRN2483,Deccan Express,Kurnool,Hyderabad,244,22:00,Clear,38,48.07,3.25,4.41,7.77
TRN2484,Duronto Express,Hyderabad,Warangal,506,04:00,Clear,41,66.63,0.0,2.31,1.24
TRN2485,Garib Rath,Vijayawada,Visakhapatnam,137,11:00,Clear,30,62.6,9.13,0.0,9.54
TRN2486,Garib Rath,Guntur,Tirupati,80,10:00,Clear,25,76.08,8.77,0.0,12.51
TRN2487,Jan Shatabdi,Secunderabad,Nizamabad,441,21:00,Clear,34,1.08,7.54,0.82,20.72
TRN2488,Deccan Express,Guntur,Tirupati,433,15:00,Cloudy,40,29.73,6.9,2.83,8.48
TRN2489,Deccan Express,Guntur,Tirupati,641,04:00,Rain,25,41.78,12.79,9.16,30.06
TRN2490,Intercity Express,Secunderabad,Nizamabad,640,02:00,Cloudy,23,64.37,4.59,10.01,17.64
TRN2491,Intercity Express,Hyderabad,Warangal,497,16:00,Rain,27,33.26,5.1,7.44,22.73
TRN2492,Deccan Express,Kurnool,Hyderabad,119,10:00,Cloudy,21,34.35,1.04,4.58,13.0
TRN2493,Garib Rath,Vijayawada,Visakhapatnam,669,12:00,Clear,25,27.56,6.54,5.62,13.41
TRN2494,Vande Bharat,Secunderabad,Nizamabad,206,07:00,Rain,26,59.32,6.01,0.0,17.41
TRN2495,Superfast Express,Kurnool,Hyderabad,538,00:00,Rain,25,46.76,0.0,5.98,20.04
TRN2496,Garib Rath,Secunderabad,Nizamabad,545,02:00,Cloudy,19,59.53,9.36,13.01,26.96
TRN2497,Krishna Express,Nellore,Chennai,446,00:00,Clear,31,16.02,1.49,1.11,5.93
TRN2498,Shatabdi Express,Kurnool,Hyderabad,126,07:00,Clear,30,6.2,6.73,0.0,17.51
TRN2499,Duronto Express,Secunderabad,Nizamabad,462,02:00,Clear,22,44.25,2.26,1.51,7.51
TRN2500,Shatabdi Express,Hyderabad,Warangal,641,22:00,Clear,18,73.3,8.55,18.11,15.52
TRN2501,Deccan Express,Guntur,Tirupati,562,17:00,Rain,32,58.95,0.76,16.83,26.79
TRN2502,Jan Shatabdi,Kurnool,Hyderabad,617,01:00,Rain,22,14.14,1.34,15.09,29.84
TRN2503,Krishna Express,Secunderabad,Nizamabad,358,13:00,Clear,20,48.45,0.0,0.0,0.4
TRN2504,Deccan Express,Guntur,Tirupati,381,09:00,Clear,18,2.08,0.0,10.64,11.94
TRN2505,Deccan Express,Nellore,Chennai,595,12:00,Clear,34,72.9,11.23,0.7,11.84
TRN2506,Garib Rath,Nellore,Chennai,606,20:00,Rain,34,11.74,6.8,6.67,29.26
TRN2507,Shatabdi Express,Guntur,Tirupati,470,07:00,Heavy Rain,35,77.13,9.18,3.7,39.27
TRN2508,Rajdhani Express,Kurnool,Hyderabad,228,23:00,Clear,32,26.42,0.0,0.98,0.0
TRN2509,Rajdhani Express,Guntur,Tirupati,109,07:00,Cloudy,41,77.77,2.59,4.16,21.86
TRN2510,Duronto Express,Secunderabad,Nizamabad,480,00:00,Clear,41,44.14,3.81,2.62,8.15
TRN2511,Shatabdi Express,Hyderabad,Warangal,347,12:00,Fog,18,34.8,0.0,0.0,12.14
TRN2512,Krishna Express,Hyderabad,Warangal,469,22:00,Cloudy,20,51.32,6.27,3.93,10.82
TRN2513,Garib Rath,Guntur,Tirupati,359,21:00,Fog,39,25.88,2.85,6.72,20.46
TRN2514,Garib Rath,Kurnool,Hyderabad,574,03:00,Cloudy,25,20.62,10.88,0.0,17.77
TRN2515,Duronto Express,Nellore,Chennai,357,16:00,Clear,34,37.37,0.85,15.79,9.12
TRN2516,Intercity Express,Guntur,Tirupati,562,05:00,Rain,23,42.99,4.32,15.99,10.94
TRN2517,Shatabdi Express,Hyderabad,Warangal,553,23:00,Clear,36,69.83,0.26,5.73,10.72
TRN2518,Shatabdi Express,Kurnool,Hyderabad,578,01:00,Heavy Rain,36,56.01,7.04,0.83,34.45
TRN2519,Shatabdi Express,Hyderabad,Vijayawada,160,01:00,Cloudy,28,1.09,1.46,5.46,8.02
TRN2520,Jan Shatabdi,Nellore,Chennai,322,08:00,Fog,32,11.26,4.08,17.02,32.43
TRN2521,Jan Shatabdi,Hyderabad,Vijayawada,134,19:00,Cloudy,25,70.01,8.16,0.0,11.78
TRN2522,Jan Shatabdi,Guntur,Tirupati,355,16:00,Clear,24,4.89,0.0,17.56,10.39
TRN2523,Shatabdi Express,Hyderabad,Warangal,434,11:00,Clear,31,18.69,0.0,9.6,9.11
TRN2524,Intercity Express,Kurnool,Hyderabad,590,13:00,Cloudy,21,21.32,0.52,19.35,13.08
TRN2525,Jan Shatabdi,Vijayawada,Visakhapatnam,190,10:00,Clear,20,12.52,4.69,0.0,18.04
TRN2526,Jan Shatabdi,Hyderabad,Vijayawada,162,02:00,Cloudy,34,0.14,0.0,1.39,6.8
TRN2527,Rajdhani Express,Nellore,Chennai,318,08:00,Fog,21,21.75,0.0,8.28,25.14
TRN2528,Intercity Express,Guntur,Tirupati,408,02:00,Clear,21,3.22,5.52,4.84,17.66
TRN2529,Deccan Express,Guntur,Tirupati,306,23:00,Fog,32,73.28,5.86,7.33,26.8
TRN2530,Krishna Express,Guntur,Tirupati,640,15:00,Clear,28,66.8,3.97,3.32,3.29
TRN2531,Krishna Express,Hyderabad,Vijayawada,203,21:00,Rain,29,28.65,2.79,3.98,19.22
TRN2532,Superfast Express,Vijayawada,Visakhapatnam,376,16:00,Heavy Rain,36,2.22,0.0,9.49,18.2
TRN2533,Rajdhani Express,Hyderabad,Warangal,589,14:00,Heavy Rain,24,56.31,2.48,0.0,24.12
TRN2534,Shatabdi Express,Hyderabad,Vijayawada,129,20:00,Clear,39,9.78,0.0,0.0,0.0
TRN2535,Superfast Express,Hyderabad,Warangal,281,22:00,Clear,29,65.51,9.15,26.35,24.18
TRN2536,Duronto Express,Vijayawada,Visakhapatnam,153,23:00,Clear,37,1.77,5.74,16.24,21.1
TRN2537,Shatabdi Express,Nellore,Chennai,205,16:00,Clear,41,25.94,8.9,24.33,25.56
TRN2538,Deccan Express,Hyderabad,Vijayawada,542,02:00,Fog,40,36.66,8.31,7.93,24.67
TRN2539,Duronto Express,Kurnool,Hyderabad,383,18:00,Rain,21,3.59,4.01,0.09,18.92
TRN2540,Rajdhani Express,Kurnool,Hyderabad,254,21:00,Clear,36,7.55,0.48,10.11,12.88
TRN2541,Garib Rath,Hyderabad,Warangal,649,18:00,Fog,28,48.61,7.73,8.26,31.36
TRN2542,Shatabdi Express,Kurnool,Hyderabad,582,04:00,Rain,41,13.79,2.08,4.33,20.71
TRN2543,Rajdhani Express,Hyderabad,Warangal,522,19:00,Cloudy,23,74.85,0.0,12.99,19.48
TRN2544,Deccan Express,Kurnool,Hyderabad,90,08:00,Cloudy,26,58.85,3.86,12.54,22.1
TRN2545,Jan Shatabdi,Guntur,Tirupati,278,19:00,Cloudy,20,9.35,5.79,8.3,22.75
TRN2546,Vande Bharat,Hyderabad,Vijayawada,653,16:00,Cloudy,29,42.37,0.0,16.59,16.97
TRN2547,Deccan Express,Guntur,Tirupati,620,22:00,Clear,38,50.26,7.94,17.96,21.53
TRN2548,Krishna Express,Nellore,Chennai,681,20:00,Clear,29,56.55,7.51,8.4,21.45
TRN2549,Superfast Express,Vijayawada,Visakhapatnam,502,11:00,Clear,31,73.55,10.32,1.79,23.93
TRN2550,Deccan Express,Guntur,Tirupati,577,18:00,Clear,27,27.9,2.06,14.17,18.61
TRN2551,Superfast Express,Kurnool,Hyderabad,354,13:00,Clear,34,13.56,6.92,7.81,7.86
TRN2552,Rajdhani Express,Secunderabad,Nizamabad,445,17:00,Rain,39,29.11,0.0,10.55,25.73
TRN2553,Garib Rath,Hyderabad,Warangal,461,21:00,Rain,36,79.47,7.1,0.0,21.37
TRN2554,Vande Bharat,Vijayawada,Visakhapatnam,614,02:00,Fog,26,3.19,2.24,4.82,22.4
TRN2555,Superfast Express,Secunderabad,Nizamabad,267,15:00,Clear,19,5.75,1.92,18.64,10.79
TRN2556,Jan Shatabdi,Vijayawada,Visakhapatnam,263,20:00,Clear,20,22.56,11.12,12.18,25.73
TRN2557,Jan Shatabdi,Kurnool,Hyderabad,215,18:00,Fog,32,74.73,3.41,9.81,23.31
TRN2558,Rajdhani Express,Guntur,Tirupati,402,07:00,Fog,37,1.0,0.0,1.5,27.05
TRN2559,Intercity Express,Hyderabad,Vijayawada,260,12:00,Clear,20,28.86,4.25,16.93,15.11
TRN2560,Vande Bharat,Hyderabad,Warangal,284,00:00,Cloudy,30,51.61,5.07,12.19,13.85
TRN2561,Jan Shatabdi,Nellore,Chennai,333,15:00,Rain,19,28.29,14.77,12.27,37.67
TRN2562,Duronto Express,Hyderabad,Vijayawada,369,12:00,Cloudy,29,20.56,8.32,7.72,6.72
TRN2563,Jan Shatabdi,Nellore,Chennai,231,20:00,Rain,32,48.11,0.68,4.31,23.01
TRN2564,Deccan Express,Hyderabad,Vijayawada,543,15:00,Cloudy,23,27.33,0.52,0.21,7.19
TRN2565,Vande Bharat,Secunderabad,Nizamabad,481,17:00,Cloudy,31,37.0,10.66,5.13,26.92
TRN2566,Rajdhani Express,Hyderabad,Vijayawada,444,07:00,Rain,28,38.78,0.08,5.53,20.88
TRN2567,Vande Bharat,Hyderabad,Warangal,143,15:00,Clear,40,46.31,3.96,8.08,13.63
TRN2568,Duronto Express,Guntur,Tirupati,572,14:00,Clear,29,5.33,4.79,5.87,15.45
TRN2569,Shatabdi Express,Guntur,Tirupati,110,12:00,Heavy Rain,19,41.29,0.11,1.59,13.57
TRN2570,Intercity Express,Guntur,Tirupati,294,23:00,Cloudy,39,41.04,6.35,11.98,14.49
TRN2571,Vande Bharat,Secunderabad,Nizamabad,521,01:00,Clear,39,62.96,8.15,5.6,20.24
TRN2572,Garib Rath,Kurnool,Hyderabad,229,22:00,Heavy Rain,30,66.89,6.65,16.23,34.98
TRN2573,Superfast Express,Guntur,Tirupati,400,02:00,Clear,30,39.2,0.28,5.62,5.21
TRN2574,Krishna Express,Guntur,Tirupati,331,03:00,Cloudy,32,13.66,6.58,4.42,19.37
TRN2575,Jan Shatabdi,Kurnool,Hyderabad,154,23:00,Cloudy,31,13.45,9.86,2.96,14.07
TRN2576,Shatabdi Express,Nellore,Chennai,141,06:00,Rain,32,49.98,6.85,1.52,11.91
TRN2577,Jan Shatabdi,Vijayawada,Visakhapatnam,637,07:00,Fog,27,46.75,0.0,0.0,20.17
TRN2578,Duronto Express,Hyderabad,Vijayawada,489,11:00,Clear,28,4.21,11.34,0.0,18.18
TRN2579,Rajdhani Express,Nellore,Chennai,416,10:00,Clear,40,31.86,10.43,0.0,26.36
TRN2580,Deccan Express,Vijayawada,Visakhapatnam,102,01:00,Cloudy,35,77.55,0.72,11.22,16.06
TRN2581,Garib Rath,Kurnool,Hyderabad,453,17:00,Clear,35,71.28,10.11,10.74,21.09
TRN2582,Superfast Express,Kurnool,Hyderabad,452,22:00,Fog,25,47.48,4.28,6.32,10.91
TRN2583,Superfast Express,Guntur,Tirupati,522,14:00,Clear,33,60.92,0.0,7.87,7.59
TRN2584,Duronto Express,Nellore,Chennai,564,18:00,Clear,30,44.18,5.3,7.06,27.14
TRN2585,Duronto Express,Kurnool,Hyderabad,692,13:00,Fog,24,54.37,9.98,13.87,32.8
TRN2586,Deccan Express,Hyderabad,Warangal,593,00:00,Fog,30,43.05,6.33,0.0,19.5
TRN2587,Duronto Express,Kurnool,Hyderabad,621,10:00,Cloudy,38,23.19,3.51,0.0,12.68
TRN2588,Garib Rath,Secunderabad,Nizamabad,165,15:00,Cloudy,39,38.86,6.94,0.0,10.62
TRN2589,Superfast Express,Secunderabad,Nizamabad,246,11:00,Clear,33,60.26,4.96,0.0,9.17
TRN2590,Garib Rath,Nellore,Chennai,640,03:00,Clear,41,38.79,6.79,5.69,18.01
TRN2591,Vande Bharat,Hyderabad,Vijayawada,433,01:00,Cloudy,24,34.22,2.71,20.34,23.11
TRN2592,Rajdhani Express,Hyderabad,Warangal,352,15:00,Clear,33,31.59,3.12,12.83,13.06
TRN2593,Garib Rath,Hyderabad,Warangal,522,14:00,Clear,36,56.25,8.16,5.96,24.65
TRN2594,Garib Rath,Nellore,Chennai,310,08:00,Heavy Rain,34,22.76,5.13,0.96,32.42
TRN2595,Krishna Express,Vijayawada,Visakhapatnam,543,17:00,Rain,36,61.07,5.09,5.08,23.6
TRN2596,Jan Shatabdi,Hyderabad,Vijayawada,364,19:00,Clear,27,54.9,3.74,10.47,12.22
TRN2597,Deccan Express,Kurnool,Hyderabad,583,14:00,Clear,24,6.03,3.64,21.67,13.24
TRN2598,Superfast Express,Nellore,Chennai,475,21:00,Clear,28,52.14,5.54,0.0,17.7
TRN2599,Garib Rath,Guntur,Tirupati,445,19:00,Fog,24,59.16,0.0,18.7,29.03
TRN2600,Duronto Express,Secunderabad,Nizamabad,264,12:00,Cloudy,39,72.58,3.51,8.48,14.81
TRN2601,Duronto Express,Secunderabad,Nizamabad,281,21:00,Clear,33,42.85,8.34,9.17,23.54
TRN2602,Shatabdi Express,Nellore,Chennai,225,21:00,Rain,38,29.35,4.27,7.37,28.9
TRN2603,Vande Bharat,Kurnool,Hyderabad,223,21:00,Heavy Rain,18,3.94,0.0,0.0,25.73
TRN2604,Deccan Express,Guntur,Tirupati,100,20:00,Heavy Rain,32,71.12,0.0,10.54,30.71
TRN2605,Rajdhani Express,Guntur,Tirupati,519,23:00,Heavy Rain,25,30.79,3.56,18.21,27.35
TRN2606,Garib Rath,Guntur,Tirupati,190,16:00,Clear,19,51.04,0.0,5.28,7.94
TRN2607,Deccan Express,Kurnool,Hyderabad,269,22:00,Cloudy,39,79.24,10.33,3.51,22.12
TRN2608,Garib Rath,Kurnool,Hyderabad,151,00:00,Cloudy,20,46.4,4.08,4.18,3.6
TRN2609,Intercity Express,Secunderabad,Nizamabad,298,05:00,Clear,29,63.71,0.63,5.72,4.67
TRN2610,Duronto Express,Guntur,Tirupati,678,13:00,Cloudy,36,53.69,6.48,6.98,17.74
TRN2611,Superfast Express,Hyderabad,Vijayawada,103,16:00,Rain,40,72.4,1.22,18.15,16.92
TRN2612,Vande Bharat,Kurnool,Hyderabad,121,03:00,Cloudy,28,73.31,1.22,19.82,8.78
TRN2613,Duronto Express,Vijayawada,Visakhapatnam,694,00:00,Rain,25,6.88,7.34,1.27,21.57
TRN2614,Jan Shatabdi,Guntur,Tirupati,506,22:00,Cloudy,21,62.07,2.03,19.73,16.2
TRN2615,Shatabdi Express,Kurnool,Hyderabad,271,01:00,Clear,18,8.8,9.35,0.0,14.23
TRN2616,Vande Bharat,Vijayawada,Visakhapatnam,664,16:00,Clear,24,74.65,2.8,11.88,8.87
TRN2617,Jan Shatabdi,Vijayawada,Visakhapatnam,438,03:00,Clear,35,6.15,11.46,0.87,6.94
TRN2618,Duronto Express,Nellore,Chennai,481,03:00,Rain,23,35.78,2.61,21.68,28.26
TRN2619,Jan Shatabdi,Hyderabad,Warangal,652,23:00,Cloudy,29,44.72,2.24,7.63,14.83
TRN2620,Krishna Express,Hyderabad,Warangal,364,01:00,Clear,40,46.64,0.0,10.97,5.77
TRN2621,Rajdhani Express,Hyderabad,Vijayawada,677,21:00,Cloudy,27,8.77,1.18,4.26,13.96
TRN2622,Krishna Express,Nellore,Chennai,589,16:00,Cloudy,27,37.46,4.13,5.21,17.73
TRN2623,Jan Shatabdi,Hyderabad,Vijayawada,215,13:00,Heavy Rain,25,28.98,10.28,16.6,27.42
TRN2624,Rajdhani Express,Vijayawada,Visakhapatnam,268,11:00,Clear,31,33.46,1.5,14.89,13.3
TRN2625,Rajdhani Express,Vijayawada,Visakhapatnam,628,05:00,Cloudy,27,76.35,5.08,0.0,8.87
TRN2626,Vande Bharat,Kurnool,Hyderabad,132,21:00,Cloudy,25,58.71,8.21,2.35,17.01
TRN2627,Shatabdi Express,Secunderabad,Nizamabad,482,12:00,Clear,36,46.56,2.79,11.35,13.32
TRN2628,Jan Shatabdi,Vijayawada,Visakhapatnam,287,15:00,Rain,40,6.33,3.16,8.55,22.62
TRN2629,Deccan Express,Hyderabad,Vijayawada,145,15:00,Clear,35,17.13,6.53,8.29,10.53
TRN2630,Intercity Express,Kurnool,Hyderabad,460,02:00,Rain,30,16.18,3.49,22.93,26.94
TRN2631,Duronto Express,Vijayawada,Visakhapatnam,438,10:00,Clear,21,32.1,7.57,13.04,25.48
TRN2632,Vande Bharat,Secunderabad,Nizamabad,644,13:00,Cloudy,41,23.42,8.56,3.7,15.27
TRN2633,Duronto Express,Secunderabad,Nizamabad,635,08:00,Fog,24,37.19,0.0,17.32,41.86
TRN2634,Duronto Express,Hyderabad,Warangal,311,19:00,Fog,20,30.06,9.97,0.0,37.07
TRN2635,Garib Rath,Secunderabad,Nizamabad,458,00:00,Fog,31,33.82,4.45,11.15,21.7
TRN2636,Garib Rath,Kurnool,Hyderabad,668,00:00,Cloudy,31,73.89,1.41,3.83,13.74
TRN2637,Deccan Express,Vijayawada,Visakhapatnam,338,03:00,Cloudy,37,45.91,13.74,4.19,17.2
TRN2638,Intercity Express,Hyderabad,Warangal,235,18:00,Clear,37,48.67,2.71,17.14,15.06
TRN2639,Deccan Express,Nellore,Chennai,235,17:00,Cloudy,40,14.2,8.41,0.0,13.29
TRN2640,Vande Bharat,Vijayawada,Visakhapatnam,637,00:00,Clear,40,77.94,0.0,16.87,7.8
TRN2641,Intercity Express,Guntur,Tirupati,656,18:00,Rain,32,62.85,4.33,9.68,22.27
TRN2642,Deccan Express,Guntur,Tirupati,296,08:00,Clear,26,12.83,11.38,0.0,24.9
TRN2643,Krishna Express,Vijayawada,Visakhapatnam,465,15:00,Fog,33,15.36,0.0,10.09,22.71
TRN2644,Deccan Express,Hyderabad,Vijayawada,413,23:00,Clear,24,53.52,1.44,0.0,3.33
TRN2645,Shatabdi Express,Vijayawada,Visakhapatnam,320,05:00,Clear,23,13.49,4.96,11.08,19.29
TRN2646,Rajdhani Express,Nellore,Chennai,216,02:00,Clear,41,37.57,7.9,9.5,12.1
TRN2647,Intercity Express,Hyderabad,Warangal,550,03:00,Clear,31,79.09,5.28,9.8,11.47
TRN2648,Intercity Express,Secunderabad,Nizamabad,697,11:00,Cloudy,23,42.56,4.62,11.86,13.31
TRN2649,Deccan Express,Nellore,Chennai,414,22:00,Clear,18,67.45,4.54,7.92,6.9
TRN2650,Rajdhani Express,Nellore,Chennai,196,14:00,Cloudy,18,67.36,3.45,13.6,14.98
TRN2651,Duronto Express,Hyderabad,Warangal,312,00:00,Clear,33,46.76,10.79,0.0,5.93
TRN2652,Superfast Express,Vijayawada,Visakhapatnam,254,19:00,Clear,27,64.18,5.98,21.72,24.46
TRN2653,Jan Shatabdi,Hyderabad,Warangal,368,01:00,Rain,27,52.23,3.58,0.0,13.16
TRN2654,Intercity Express,Hyderabad,Warangal,325,06:00,Clear,27,70.64,6.21,15.71,11.32
TRN2655,Shatabdi Express,Hyderabad,Warangal,134,14:00,Clear,27,28.45,9.71,0.13,13.91
TRN2656,Duronto Express,Guntur,Tirupati,305,11:00,Clear,21,69.16,1.2,13.61,3.71
TRN2657,Shatabdi Express,Nellore,Chennai,412,08:00,Heavy Rain,25,4.83,4.7,8.56,45.34
TRN2658,Deccan Express,Vijayawada,Visakhapatnam,453,02:00,Clear,19,16.12,6.48,7.98,15.1
TRN2659,Krishna Express,Nellore,Chennai,502,14:00,Clear,25,1.74,7.05,21.46,22.29
TRN2660,Jan Shatabdi,Guntur,Tirupati,102,14:00,Rain,40,29.3,3.3,13.46,17.55
TRN2661,Garib Rath,Guntur,Tirupati,345,05:00,Cloudy,27,40.69,5.8,5.51,15.87
TRN2662,Deccan Express,Guntur,Tirupati,641,07:00,Clear,40,57.81,5.25,13.83,27.54
TRN2663,Deccan Express,Guntur,Tirupati,199,17:00,Clear,36,43.23,1.21,17.58,18.87
TRN2664,Superfast Express,Kurnool,Hyderabad,430,12:00,Clear,34,18.79,10.51,9.06,15.54
TRN2665,Krishna Express,Hyderabad,Vijayawada,684,07:00,Rain,34,44.68,6.68,10.29,31.5
TRN2666,Deccan Express,Guntur,Tirupati,192,05:00,Cloudy,27,29.95,1.86,24.11,12.38
TRN2667,Deccan Express,Hyderabad,Vijayawada,535,02:00,Clear,31,42.8,6.15,5.5,14.66
TRN2668,Intercity Express,Nellore,Chennai,126,06:00,Cloudy,26,36.51,12.36,3.74,14.65
TRN2669,Duronto Express,Secunderabad,Nizamabad,655,06:00,Cloudy,39,22.98,8.2,19.38,32.88
TRN2670,Vande Bharat,Secunderabad,Nizamabad,344,08:00,Rain,19,19.39,4.44,5.44,20.47
TRN2671,Vande Bharat,Hyderabad,Warangal,542,00:00,Clear,29,37.63,9.13,1.81,12.93
TRN2672,Intercity Express,Vijayawada,Visakhapatnam,342,13:00,Heavy Rain,31,9.7,7.35,14.23,35.08
TRN2673,Jan Shatabdi,Kurnool,Hyderabad,567,04:00,Clear,30,13.36,0.34,24.82,20.38
TRN2674,Rajdhani Express,Vijayawada,Visakhapatnam,533,00:00,Clear,30,8.86,7.41,1.51,10.67
TRN2675,Superfast Express,Guntur,Tirupati,224,09:00,Clear,19,48.82,8.91,16.89,24.53
TRN2676,Deccan Express,Hyderabad,Vijayawada,209,15:00,Cloudy,36,77.33,2.45,17.07,14.99
TRN2677,Rajdhani Express,Vijayawada,Visakhapatnam,686,12:00,Cloudy,24,78.99,8.7,16.94,24.46
TRN2678,Garib Rath,Kurnool,Hyderabad,281,18:00,Cloudy,21,74.14,6.53,16.62,23.85
TRN2679,Duronto Express,Secunderabad,Nizamabad,457,12:00,Cloudy,23,8.68,0.21,0.0,5.32
TRN2680,Duronto Express,Guntur,Tirupati,80,22:00,Heavy Rain,33,53.06,4.71,5.32,17.27
TRN2681,Vande Bharat,Kurnool,Hyderabad,118,17:00,Cloudy,38,11.46,2.09,13.38,12.94
TRN2682,Garib Rath,Kurnool,Hyderabad,595,11:00,Clear,41,24.09,8.4,7.82,13.5
TRN2683,Rajdhani Express,Hyderabad,Vijayawada,163,15:00,Clear,27,36.98,4.37,12.46,17.79
TRN2684,Deccan Express,Hyderabad,Vijayawada,692,23:00,Fog,25,46.93,0.61,6.23,22.36
TRN2685,Shatabdi Express,Hyderabad,Warangal,494,10:00,Rain,24,63.12,6.18,6.63,30.92
TRN2686,Superfast Express,Nellore,Chennai,602,15:00,Cloudy,41,9.75,1.19,6.07,11.75
TRN2687,Garib Rath,Hyderabad,Warangal,497,23:00,Clear,33,16.88,0.0,0.0,5.39
TRN2688,Superfast Express,Secunderabad,Nizamabad,664,14:00,Clear,31,47.67,2.86,4.28,11.28
TRN2689,Vande Bharat,Vijayawada,Visakhapatnam,611,15:00,Fog,28,32.14,4.88,3.44,19.47
TRN2690,Superfast Express,Guntur,Tirupati,361,09:00,Rain,25,30.67,11.06,25.05,37.25
TRN2691,Garib Rath,Nellore,Chennai,641,01:00,Clear,31,57.01,5.96,12.23,23.31
TRN2692,Garib Rath,Hyderabad,Vijayawada,355,02:00,Clear,41,6.9,4.38,20.75,11.09
TRN2693,Superfast Express,Hyderabad,Warangal,354,13:00,Clear,21,53.2,2.74,5.6,10.31
TRN2694,Duronto Express,Nellore,Chennai,598,13:00,Cloudy,31,59.58,0.0,2.15,8.47
TRN2695,Krishna Express,Kurnool,Hyderabad,425,00:00,Rain,41,27.76,4.08,5.61,20.23
TRN2696,Rajdhani Express,Vijayawada,Visakhapatnam,534,14:00,Rain,26,20.04,5.37,0.0,12.61
TRN2697,Vande Bharat,Kurnool,Hyderabad,337,19:00,Fog,20,49.17,6.57,13.2,34.15
TRN2698,Vande Bharat,Vijayawada,Visakhapatnam,341,10:00,Clear,40,11.28,0.0,5.07,12.29
TRN2699,Rajdhani Express,Secunderabad,Nizamabad,190,15:00,Rain,34,58.12,1.67,18.41,16.96
TRN2700,Deccan Express,Vijayawada,Visakhapatnam,565,21:00,Clear,29,21.86,6.81,11.74,16.05
TRN2701,Jan Shatabdi,Nellore,Chennai,307,12:00,Heavy Rain,37,36.19,6.03,5.79,30.0
TRN2702,Jan Shatabdi,Secunderabad,Nizamabad,490,18:00,Cloudy,38,37.01,5.58,0.0,22.75
TRN2703,Deccan Express,Hyderabad,Warangal,128,12:00,Clear,19,32.79,2.64,0.0,5.78
TRN2704,Shatabdi Express,Vijayawada,Visakhapatnam,443,13:00,Rain,34,45.1,4.26,0.0,11.02
TRN2705,Intercity Express,Vijayawada,Visakhapatnam,603,07:00,Clear,37,0.77,5.01,4.33,16.97
TRN2706,Vande Bharat,Secunderabad,Nizamabad,561,13:00,Clear,22,2.99,2.79,16.21,14.89
TRN2707,Garib Rath,Secunderabad,Nizamabad,204,20:00,Clear,35,9.96,0.0,12.1,18.48
TRN2708,Duronto Express,Vijayawada,Visakhapatnam,332,16:00,Cloudy,24,16.35,0.0,13.33,13.34
TRN2709,Deccan Express,Kurnool,Hyderabad,341,12:00,Clear,41,65.77,6.34,9.67,12.57
TRN2710,Garib Rath,Secunderabad,Nizamabad,687,09:00,Clear,30,3.13,4.84,13.15,23.65
TRN2711,Shatabdi Express,Hyderabad,Vijayawada,556,00:00,Fog,38,13.81,7.13,5.55,18.23
TRN2712,Shatabdi Express,Vijayawada,Visakhapatnam,645,17:00,Cloudy,35,1.96,3.11,5.0,16.74
TRN2713,Deccan Express,Hyderabad,Warangal,489,21:00,Clear,21,43.02,5.34,3.21,18.92
TRN2714,Garib Rath,Guntur,Tirupati,436,11:00,Cloudy,19,30.49,10.53,12.27,23.2
TRN2715,Duronto Express,Vijayawada,Visakhapatnam,607,05:00,Cloudy,40,73.56,0.94,0.0,9.69
TRN2716,Vande Bharat,Nellore,Chennai,372,22:00,Heavy Rain,34,59.61,2.46,0.0,23.65
TRN2717,Jan Shatabdi,Nellore,Chennai,164,05:00,Cloudy,33,48.68,6.7,7.32,16.0
TRN2718,Jan Shatabdi,Hyderabad,Warangal,208,02:00,Heavy Rain,24,72.4,5.45,4.62,24.26
TRN2719,Garib Rath,Kurnool,Hyderabad,657,14:00,Rain,27,30.4,4.51,5.65,21.22
TRN2720,Deccan Express,Hyderabad,Vijayawada,605,12:00,Clear,23,39.16,0.0,3.38,8.73
TRN2721,Superfast Express,Nellore,Chennai,146,17:00,Cloudy,40,59.66,7.19,5.49,13.04
TRN2722,Jan Shatabdi,Guntur,Tirupati,555,15:00,Cloudy,33,77.78,4.2,0.0,8.06
TRN2723,Jan Shatabdi,Vijayawada,Visakhapatnam,428,03:00,Heavy Rain,24,51.15,11.04,10.67,35.23
TRN2724,Rajdhani Express,Hyderabad,Vijayawada,439,00:00,Rain,38,28.32,11.46,7.61,25.12
TRN2725,Vande Bharat,Vijayawada,Visakhapatnam,105,09:00,Clear,26,55.08,7.01,0.0,15.61
TRN2726,Superfast Express,Nellore,Chennai,612,09:00,Clear,29,19.83,5.53,12.53,26.63
TRN2727,Rajdhani Express,Secunderabad,Nizamabad,469,20:00,Cloudy,27,65.42,5.49,15.59,29.25
TRN2728,Deccan Express,Secunderabad,Nizamabad,653,19:00,Cloudy,24,51.64,0.86,8.39,16.36
TRN2729,Vande Bharat,Hyderabad,Vijayawada,108,20:00,Clear,25,67.9,7.91,14.31,22.87
TRN2730,Shatabdi Express,Guntur,Tirupati,391,03:00,Rain,37,74.33,12.14,2.29,19.51
TRN2731,Deccan Express,Hyderabad,Vijayawada,149,02:00,Clear,41,56.47,11.52,24.46,19.2
TRN2732,Jan Shatabdi,Vijayawada,Visakhapatnam,514,16:00,Heavy Rain,31,8.93,7.68,0.03,32.2
TRN2733,Krishna Express,Hyderabad,Vijayawada,605,02:00,Cloudy,34,27.79,3.93,7.79,17.16
TRN2734,Rajdhani Express,Hyderabad,Warangal,261,17:00,Heavy Rain,29,46.76,5.16,0.0,26.57
TRN2735,Intercity Express,Secunderabad,Nizamabad,678,09:00,Clear,31,51.8,1.27,4.67,12.87
TRN2736,Intercity Express,Vijayawada,Visakhapatnam,463,20:00,Cloudy,18,17.41,7.55,10.18,29.18
TRN2737,Jan Shatabdi,Guntur,Tirupati,96,08:00,Clear,36,72.77,0.0,5.21,12.73
TRN2738,Shatabdi Express,Vijayawada,Visakhapatnam,343,09:00,Cloudy,27,44.75,1.7,20.72,24.71
TRN2739,Vande Bharat,Nellore,Chennai,470,01:00,Clear,39,44.71,6.59,0.0,7.82
TRN2740,Deccan Express,Hyderabad,Vijayawada,203,05:00,Cloudy,25,26.08,1.95,1.73,8.09
TRN2741,Duronto Express,Nellore,Chennai,557,08:00,Rain,38,49.4,0.0,10.06,16.98
TRN2742,Rajdhani Express,Vijayawada,Visakhapatnam,290,02:00,Rain,19,77.16,1.74,0.0,15.84
TRN2743,Duronto Express,Nellore,Chennai,280,19:00,Clear,21,36.19,5.03,20.18,15.55
TRN2744,Garib Rath,Secunderabad,Nizamabad,439,21:00,Clear,37,13.59,8.36,4.92,24.12
TRN2745,Krishna Express,Guntur,Tirupati,266,21:00,Clear,34,18.87,3.45,9.56,21.65
TRN2746,Duronto Express,Kurnool,Hyderabad,96,15:00,Clear,39,29.86,3.79,3.09,6.4
TRN2747,Garib Rath,Vijayawada,Visakhapatnam,213,01:00,Rain,36,50.32,2.82,11.37,17.15
TRN2748,Superfast Express,Nellore,Chennai,444,07:00,Heavy Rain,20,64.65,0.0,0.0,26.84
TRN2749,Garib Rath,Nellore,Chennai,640,01:00,Rain,28,1.38,0.94,3.8,17.44
TRN2750,Vande Bharat,Guntur,Tirupati,697,00:00,Heavy Rain,28,53.9,6.43,15.95,30.58
TRN2751,Duronto Express,Kurnool,Hyderabad,632,11:00,Heavy Rain,40,23.48,3.49,0.95,32.44
TRN2752,Shatabdi Express,Hyderabad,Vijayawada,447,20:00,Clear,36,39.65,0.22,4.01,14.49
TRN2753,Duronto Express,Hyderabad,Vijayawada,300,22:00,Rain,28,0.52,6.31,9.08,21.92
TRN2754,Vande Bharat,Guntur,Tirupati,187,04:00,Cloudy,39,24.17,0.48,9.92,9.93
TRN2755,Superfast Express,Nellore,Chennai,400,14:00,Rain,21,25.18,4.91,10.29,17.17
TRN2756,Krishna Express,Kurnool,Hyderabad,656,01:00,Cloudy,20,76.72,7.21,10.58,20.05
TRN2757,Duronto Express,Vijayawada,Visakhapatnam,406,09:00,Clear,39,63.46,10.19,2.87,22.81
TRN2758,Rajdhani Express,Nellore,Chennai,114,19:00,Clear,37,60.5,7.15,0.0,7.21
TRN2759,Krishna Express,Secunderabad,Nizamabad,493,00:00,Rain,26,42.34,7.58,24.99,33.82
TRN2760,Rajdhani Express,Guntur,Tirupati,603,10:00,Cloudy,26,51.09,5.19,0.68,22.52
TRN2761,Intercity Express,Secunderabad,Nizamabad,368,20:00,Clear,41,36.74,5.42,12.06,18.63
TRN2762,Superfast Express,Hyderabad,Warangal,382,18:00,Clear,35,21.29,10.5,0.23,21.56
TRN2763,Krishna Express,Vijayawada,Visakhapatnam,346,12:00,Cloudy,22,52.04,10.94,4.03,18.01
TRN2764,Duronto Express,Vijayawada,Visakhapatnam,229,03:00,Cloudy,20,5.12,7.61,16.38,18.96
TRN2765,Deccan Express,Hyderabad,Vijayawada,84,14:00,Rain,30,20.79,9.11,0.0,21.31
TRN2766,Intercity Express,Kurnool,Hyderabad,451,06:00,Clear,27,69.91,9.18,2.35,13.13
TRN2767,Intercity Express,Guntur,Tirupati,610,10:00,Rain,19,48.79,12.28,8.13,31.31
TRN2768,Shatabdi Express,Hyderabad,Warangal,651,04:00,Rain,22,30.46,8.33,14.22,25.86
TRN2769,Superfast Express,Secunderabad,Nizamabad,350,18:00,Rain,31,27.4,0.0,11.74,25.86
TRN2770,Duronto Express,Kurnool,Hyderabad,530,16:00,Clear,32,43.41,3.2,16.66,12.98
TRN2771,Duronto Express,Secunderabad,Nizamabad,601,15:00,Rain,31,40.83,0.0,1.56,13.04
TRN2772,Shatabdi Express,Secunderabad,Nizamabad,392,07:00,Clear,24,29.37,1.45,17.89,19.98
TRN2773,Garib Rath,Nellore,Chennai,252,03:00,Clear,37,73.96,2.09,8.86,16.68
TRN2774,Duronto Express,Vijayawada,Visakhapatnam,254,02:00,Cloudy,32,38.46,10.95,9.36,20.74
TRN2775,Krishna Express,Secunderabad,Nizamabad,646,23:00,Rain,28,21.97,6.91,7.33,34.15
TRN2776,Shatabdi Express,Hyderabad,Warangal,393,03:00,Cloudy,41,64.65,9.54,9.93,24.19
TRN2777,Jan Shatabdi,Kurnool,Hyderabad,609,18:00,Clear,29,2.1,11.29,5.9,33.95
TRN2778,Krishna Express,Hyderabad,Vijayawada,678,04:00,Clear,33,9.13,7.5,10.76,15.58
TRN2779,Jan Shatabdi,Secunderabad,Nizamabad,130,09:00,Cloudy,26,0.2,0.0,8.36,16.56
TRN2780,Superfast Express,Nellore,Chennai,594,13:00,Clear,33,14.62,2.23,9.97,13.98
TRN2781,Jan Shatabdi,Hyderabad,Vijayawada,376,06:00,Clear,33,55.89,13.0,11.61,19.59
TRN2782,Duronto Express,Hyderabad,Warangal,536,22:00,Clear,34,51.18,9.59,10.15,27.58
TRN2783,Shatabdi Express,Guntur,Tirupati,263,02:00,Fog,38,61.93,11.23,3.25,25.56
TRN2784,Krishna Express,Hyderabad,Warangal,232,16:00,Clear,28,37.7,5.16,7.43,14.43
TRN2785,Vande Bharat,Hyderabad,Vijayawada,434,05:00,Clear,33,14.56,3.65,7.08,11.24
TRN2786,Jan Shatabdi,Hyderabad,Warangal,402,11:00,Clear,31,45.92,7.34,20.21,19.2
TRN2787,Duronto Express,Guntur,Tirupati,546,11:00,Clear,34,28.9,10.47,5.21,19.22
TRN2788,Intercity Express,Kurnool,Hyderabad,682,22:00,Clear,39,39.46,3.63,11.07,14.87
TRN2789,Duronto Express,Guntur,Tirupati,692,15:00,Heavy Rain,32,31.64,16.2,11.44,37.75
TRN2790,Rajdhani Express,Hyderabad,Warangal,209,09:00,Rain,39,54.42,7.62,18.4,35.64
TRN2791,Vande Bharat,Kurnool,Hyderabad,283,15:00,Clear,23,76.53,2.26,11.69,10.55
TRN2792,Duronto Express,Kurnool,Hyderabad,353,03:00,Clear,28,67.12,10.03,2.46,20.1
TRN2793,Vande Bharat,Vijayawada,Visakhapatnam,575,11:00,Rain,33,27.29,3.35,5.48,14.23
TRN2794,Deccan Express,Guntur,Tirupati,179,08:00,Cloudy,18,59.15,0.91,8.53,17.46
TRN2795,Superfast Express,Nellore,Chennai,94,15:00,Rain,19,73.29,1.54,2.62,8.46
TRN2796,Intercity Express,Guntur,Tirupati,321,22:00,Cloudy,22,64.24,0.0,17.96,11.95
TRN2797,Intercity Express,Hyderabad,Vijayawada,675,11:00,Clear,39,68.73,5.0,13.97,22.33
TRN2798,Rajdhani Express,Vijayawada,Visakhapatnam,698,12:00,Rain,32,6.03,5.68,6.42,27.09
TRN2799,Krishna Express,Guntur,Tirupati,92,08:00,Heavy Rain,30,64.65,0.1,11.13,36.39
TRN2800,Jan Shatabdi,Secunderabad,Nizamabad,241,15:00,Clear,36,40.47,3.84,8.81,4.53
TRN2801,Jan Shatabdi,Hyderabad,Vijayawada,639,17:00,Cloudy,35,54.39,0.0,15.77,23.34
TRN2802,Deccan Express,Vijayawada,Visakhapatnam,363,01:00,Fog,36,72.66,1.3,0.0,11.83
TRN2803,Shatabdi Express,Kurnool,Hyderabad,406,10:00,Clear,31,47.08,10.18,0.0,20.11
TRN2804,Superfast Express,Vijayawada,Visakhapatnam,621,06:00,Clear,24,6.14,5.39,8.48,7.12
TRN2805,Vande Bharat,Hyderabad,Warangal,656,16:00,Cloudy,31,70.61,4.75,11.38,18.69
TRN2806,Krishna Express,Nellore,Chennai,684,04:00,Cloudy,26,0.98,3.05,4.69,13.04
TRN2807,Shatabdi Express,Nellore,Chennai,384,21:00,Clear,29,16.32,5.12,0.65,15.85
TRN2808,Krishna Express,Guntur,Tirupati,590,14:00,Clear,28,67.08,1.95,3.37,10.8
TRN2809,Jan Shatabdi,Guntur,Tirupati,436,14:00,Clear,19,59.27,4.26,3.48,10.29
TRN2810,Superfast Express,Nellore,Chennai,288,16:00,Heavy Rain,34,36.35,4.56,14.19,30.18
TRN2811,Deccan Express,Nellore,Chennai,438,18:00,Clear,27,8.11,8.69,6.08,21.28
TRN2812,Vande Bharat,Hyderabad,Warangal,137,22:00,Clear,36,5.61,5.97,11.32,5.3
TRN2813,Rajdhani Express,Hyderabad,Warangal,649,14:00,Clear,32,75.07,11.09,11.06,18.23
TRN2814,Jan Shatabdi,Nellore,Chennai,553,06:00,Clear,22,63.72,1.05,10.51,14.88
TRN2815,Vande Bharat,Guntur,Tirupati,314,07:00,Clear,34,49.54,3.85,10.11,23.71
TRN2816,Rajdhani Express,Vijayawada,Visakhapatnam,256,21:00,Cloudy,20,4.98,0.0,8.92,15.58
TRN2817,Krishna Express,Hyderabad,Warangal,673,06:00,Rain,28,65.81,1.11,11.26,22.98
TRN2818,Krishna Express,Vijayawada,Visakhapatnam,315,07:00,Clear,20,18.88,8.75,4.65,17.75
TRN2819,Shatabdi Express,Hyderabad,Vijayawada,280,03:00,Rain,40,13.34,0.0,5.93,14.44
TRN2820,Garib Rath,Kurnool,Hyderabad,659,13:00,Clear,29,10.77,3.54,12.14,20.36
TRN2821,Deccan Express,Secunderabad,Nizamabad,676,22:00,Fog,24,70.21,5.82,20.75,33.67
TRN2822,Shatabdi Express,Kurnool,Hyderabad,262,04:00,Cloudy,32,59.19,3.21,15.04,15.83
TRN2823,Superfast Express,Guntur,Tirupati,101,11:00,Rain,36,77.63,18.27,13.21,22.88
TRN2824,Krishna Express,Guntur,Tirupati,415,01:00,Heavy Rain,31,64.87,4.7,1.11,22.25
TRN2825,Rajdhani Express,Kurnool,Hyderabad,320,12:00,Clear,20,8.31,6.7,14.81,15.37
TRN2826,Rajdhani Express,Kurnool,Hyderabad,378,17:00,Cloudy,18,35.95,6.26,0.0,13.82
TRN2827,Deccan Express,Vijayawada,Visakhapatnam,387,10:00,Heavy Rain,20,7.74,5.04,10.96,42.17
TRN2828,Intercity Express,Guntur,Tirupati,83,23:00,Heavy Rain,39,52.56,9.45,2.99,28.85
TRN2829,Intercity Express,Nellore,Chennai,449,20:00,Rain,22,14.38,9.96,9.2,34.61
TRN2830,Vande Bharat,Nellore,Chennai,389,17:00,Cloudy,23,78.19,2.93,10.04,29.31
TRN2831,Jan Shatabdi,Nellore,Chennai,510,20:00,Clear,36,14.5,4.13,5.51,21.08
TRN2832,Superfast Express,Nellore,Chennai,381,08:00,Cloudy,19,45.33,0.0,4.45,15.84
TRN2833,Vande Bharat,Nellore,Chennai,507,15:00,Heavy Rain,29,43.69,3.38,14.79,37.83
TRN2834,Deccan Express,Hyderabad,Warangal,172,19:00,Clear,29,29.92,8.98,10.45,21.69
TRN2835,Deccan Express,Vijayawada,Visakhapatnam,140,09:00,Heavy Rain,37,62.43,2.36,13.59,34.46
TRN2836,Shatabdi Express,Secunderabad,Nizamabad,171,18:00,Clear,35,64.1,5.14,23.25,20.64
TRN2837,Shatabdi Express,Vijayawada,Visakhapatnam,145,16:00,Clear,30,50.62,2.5,6.48,9.86
TRN2838,Shatabdi Express,Guntur,Tirupati,479,01:00,Rain,37,0.49,8.71,0.0,20.11
TRN2839,Deccan Express,Hyderabad,Warangal,419,09:00,Clear,20,9.6,1.8,13.07,21.94
TRN2840,Jan Shatabdi,Hyderabad,Warangal,602,03:00,Cloudy,33,61.61,8.83,11.86,16.33
TRN2841,Deccan Express,Kurnool,Hyderabad,675,21:00,Clear,38,57.68,11.84,16.47,32.94
TRN2842,Garib Rath,Hyderabad,Warangal,437,05:00,Fog,36,36.46,8.62,3.49,28.83
TRN2843,Intercity Express,Hyderabad,Warangal,414,11:00,Cloudy,24,5.57,2.91,7.42,12.42
TRN2844,Superfast Express,Vijayawada,Visakhapatnam,431,02:00,Rain,24,43.66,6.47,11.58,22.12
TRN2845,Jan Shatabdi,Nellore,Chennai,85,12:00,Cloudy,19,34.04,9.32,2.59,10.89
TRN2846,Intercity Express,Kurnool,Hyderabad,213,02:00,Clear,39,21.45,13.54,5.85,9.83
TRN2847,Garib Rath,Hyderabad,Vijayawada,202,03:00,Cloudy,33,8.26,1.31,8.53,10.02
TRN2848,Rajdhani Express,Hyderabad,Vijayawada,316,11:00,Clear,24,30.19,10.61,14.45,20.7
TRN2849,Krishna Express,Hyderabad,Vijayawada,220,13:00,Clear,29,1.33,1.74,13.49,3.14
TRN2850,Jan Shatabdi,Guntur,Tirupati,123,16:00,Clear,19,13.63,3.67,2.5,6.36
TRN2851,Rajdhani Express,Secunderabad,Nizamabad,442,07:00,Cloudy,28,56.24,6.72,19.88,22.44
TRN2852,Deccan Express,Nellore,Chennai,621,06:00,Cloudy,19,20.36,5.7,7.43,24.56
TRN2853,Deccan Express,Vijayawada,Visakhapatnam,582,21:00,Clear,24,40.55,1.7,12.45,20.83
TRN2854,Rajdhani Express,Kurnool,Hyderabad,147,09:00,Clear,40,64.29,0.01,3.98,11.8
TRN2855,Intercity Express,Guntur,Tirupati,543,07:00,Heavy Rain,32,46.92,2.23,6.53,28.84
TRN2856,Jan Shatabdi,Secunderabad,Nizamabad,377,08:00,Clear,41,8.8,3.07,1.64,11.97
TRN2857,Duronto Express,Nellore,Chennai,445,19:00,Clear,25,78.96,8.48,0.0,18.11
TRN2858,Duronto Express,Secunderabad,Nizamabad,419,22:00,Rain,34,10.26,0.0,5.26,4.25
TRN2859,Krishna Express,Guntur,Tirupati,555,09:00,Clear,28,13.55,7.52,0.0,26.59
TRN2860,Jan Shatabdi,Vijayawada,Visakhapatnam,395,00:00,Rain,35,48.68,6.9,6.5,23.92
TRN2861,Krishna Express,Secunderabad,Nizamabad,650,10:00,Clear,19,40.33,5.9,17.61,30.9
TRN2862,Rajdhani Express,Vijayawada,Visakhapatnam,187,19:00,Clear,22,72.41,2.21,14.35,20.19
TRN2863,Garib Rath,Kurnool,Hyderabad,641,11:00,Cloudy,26,35.18,8.87,17.97,25.49
TRN2864,Duronto Express,Vijayawada,Visakhapatnam,131,15:00,Cloudy,30,31.45,3.6,1.5,4.5
TRN2865,Vande Bharat,Secunderabad,Nizamabad,85,09:00,Clear,38,15.29,0.29,12.4,11.61
TRN2866,Krishna Express,Guntur,Tirupati,694,13:00,Clear,19,27.36,0.79,1.83,6.86
TRN2867,Jan Shatabdi,Nellore,Chennai,533,09:00,Clear,38,61.75,3.19,24.18,23.38
TRN2868,Deccan Express,Hyderabad,Warangal,465,20:00,Cloudy,36,32.64,7.97,7.72,24.35
TRN2869,Shatabdi Express,Guntur,Tirupati,550,17:00,Clear,36,61.98,0.15,15.0,13.66
TRN2870,Krishna Express,Guntur,Tirupati,633,02:00,Clear,26,11.29,4.89,0.98,3.08
TRN2871,Superfast Express,Secunderabad,Nizamabad,239,13:00,Cloudy,35,14.3,4.19,7.62,9.94
TRN2872,Duronto Express,Nellore,Chennai,687,18:00,Rain,36,74.73,5.36,21.31,35.12
TRN2873,Rajdhani Express,Guntur,Tirupati,376,22:00,Clear,35,62.47,3.02,21.23,12.33
TRN2874,Jan Shatabdi,Secunderabad,Nizamabad,163,00:00,Clear,40,43.41,4.45,8.2,18.32
TRN2875,Deccan Express,Guntur,Tirupati,511,19:00,Rain,24,33.75,10.02,3.81,28.49
TRN2876,Deccan Express,Hyderabad,Warangal,407,02:00,Clear,31,55.23,0.0,9.95,3.72
TRN2877,Vande Bharat,Kurnool,Hyderabad,675,21:00,Clear,18,79.7,1.23,0.0,10.97
TRN2878,Superfast Express,Kurnool,Hyderabad,139,03:00,Clear,23,64.73,4.18,20.54,18.4
TRN2879,Shatabdi Express,Nellore,Chennai,96,17:00,Rain,31,14.62,11.21,20.41,25.9
TRN2880,Deccan Express,Vijayawada,Visakhapatnam,381,23:00,Clear,33,20.99,15.82,13.26,18.92
TRN2881,Rajdhani Express,Secunderabad,Nizamabad,220,02:00,Fog,35,31.47,4.2,8.62,24.85
TRN2882,Krishna Express,Kurnool,Hyderabad,474,01:00,Fog,35,63.15,0.76,1.2,19.1
TRN2883,Vande Bharat,Hyderabad,Vijayawada,575,19:00,Heavy Rain,40,55.52,4.71,9.1,37.42
TRN2884,Intercity Express,Hyderabad,Warangal,239,12:00,Cloudy,37,63.41,0.0,16.12,10.76
TRN2885,Garib Rath,Secunderabad,Nizamabad,662,15:00,Clear,23,30.57,3.84,7.79,14.21
TRN2886,Duronto Express,Hyderabad,Vijayawada,648,09:00,Cloudy,41,43.47,10.08,12.44,32.67
TRN2887,Superfast Express,Guntur,Tirupati,472,00:00,Cloudy,36,36.73,5.04,20.3,16.61
TRN2888,Garib Rath,Kurnool,Hyderabad,468,12:00,Heavy Rain,24,44.72,3.91,17.68,25.29
TRN2889,Vande Bharat,Hyderabad,Vijayawada,123,12:00,Cloudy,22,62.6,1.48,12.03,6.76
TRN2890,Deccan Express,Hyderabad,Vijayawada,652,17:00,Rain,29,59.03,9.44,10.14,32.9
TRN2891,Shatabdi Express,Hyderabad,Warangal,320,12:00,Clear,20,66.44,2.0,3.05,11.19
TRN2892,Krishna Express,Nellore,Chennai,564,05:00,Cloudy,33,56.05,6.63,8.36,18.07
TRN2893,Krishna Express,Secunderabad,Nizamabad,95,05:00,Cloudy,26,51.17,0.0,0.0,8.24
TRN2894,Intercity Express,Secunderabad,Nizamabad,554,15:00,Clear,38,76.66,4.81,1.69,16.23
TRN2895,Jan Shatabdi,Hyderabad,Warangal,420,06:00,Clear,23,66.81,7.45,1.71,0.52
TRN2896,Jan Shatabdi,Hyderabad,Vijayawada,400,17:00,Cloudy,38,40.49,2.91,18.27,34.07
TRN2897,Duronto Express,Hyderabad,Vijayawada,508,16:00,Rain,18,70.16,10.31,0.0,21.12
TRN2898,Shatabdi Express,Vijayawada,Visakhapatnam,154,12:00,Rain,32,47.29,6.64,11.16,22.8
TRN2899,Krishna Express,Hyderabad,Vijayawada,108,13:00,Clear,37,45.43,3.09,22.6,13.43
TRN2900,Duronto Express,Vijayawada,Visakhapatnam,214,20:00,Clear,25,12.22,0.19,20.61,22.37
TRN2901,Intercity Express,Vijayawada,Visakhapatnam,286,06:00,Rain,20,42.91,1.25,0.0,5.95
TRN2902,Superfast Express,Vijayawada,Visakhapatnam,401,15:00,Clear,27,34.87,0.32,5.39,3.04
TRN2903,Garib Rath,Guntur,Tirupati,368,10:00,Cloudy,18,32.99,5.38,6.89,15.07
TRN2904,Intercity Express,Nellore,Chennai,115,19:00,Clear,23,63.04,0.76,1.38,10.89
TRN2905,Vande Bharat,Hyderabad,Vijayawada,517,06:00,Rain,34,10.13,10.48,2.76,26.23
TRN2906,Intercity Express,Kurnool,Hyderabad,260,16:00,Clear,39,50.16,0.0,13.1,9.96
TRN2907,Duronto Express,Vijayawada,Visakhapatnam,607,23:00,Clear,23,76.12,3.16,6.04,19.84
TRN2908,Duronto Express,Secunderabad,Nizamabad,480,22:00,Rain,23,1.05,0.65,17.06,16.17
TRN2909,Vande Bharat,Hyderabad,Vijayawada,626,18:00,Clear,39,58.01,3.92,10.05,19.92
TRN2910,Jan Shatabdi,Nellore,Chennai,371,21:00,Clear,36,2.0,0.0,23.05,14.91
TRN2911,Rajdhani Express,Hyderabad,Warangal,254,09:00,Cloudy,31,39.3,8.73,20.81,29.0
TRN2912,Krishna Express,Nellore,Chennai,581,11:00,Heavy Rain,34,5.15,4.37,12.84,24.35
TRN2913,Vande Bharat,Hyderabad,Vijayawada,651,13:00,Rain,26,65.39,7.98,0.18,17.67
TRN2914,Vande Bharat,Hyderabad,Warangal,627,16:00,Fog,29,52.26,4.3,3.32,19.65
TRN2915,Superfast Express,Secunderabad,Nizamabad,617,13:00,Clear,23,16.28,0.0,10.03,11.07
TRN2916,Rajdhani Express,Nellore,Chennai,465,21:00,Clear,41,20.21,0.0,0.0,8.97
TRN2917,Superfast Express,Hyderabad,Vijayawada,263,15:00,Rain,37,37.48,5.95,0.0,15.53
TRN2918,Intercity Express,Guntur,Tirupati,638,22:00,Clear,36,79.86,0.05,11.97,7.51
TRN2919,Rajdhani Express,Secunderabad,Nizamabad,140,20:00,Cloudy,22,53.98,2.83,0.0,10.66
TRN2920,Shatabdi Express,Secunderabad,Nizamabad,311,07:00,Rain,39,38.52,4.86,0.43,25.3
TRN2921,Intercity Express,Guntur,Tirupati,474,09:00,Clear,26,28.34,6.4,9.08,18.69
TRN2922,Rajdhani Express,Kurnool,Hyderabad,236,01:00,Cloudy,32,30.81,6.46,6.93,11.32
TRN2923,Superfast Express,Hyderabad,Warangal,202,12:00,Clear,39,76.48,4.32,10.53,14.33
TRN2924,Rajdhani Express,Guntur,Tirupati,474,19:00,Heavy Rain,41,4.4,0.62,8.65,32.52
TRN2925,Vande Bharat,Hyderabad,Warangal,568,16:00,Clear,40,4.9,0.54,7.77,7.6
TRN2926,Rajdhani Express,Hyderabad,Warangal,322,00:00,Cloudy,41,37.3,9.63,0.0,20.69
TRN2927,Garib Rath,Hyderabad,Warangal,245,03:00,Clear,24,57.34,9.92,10.78,20.24
TRN2928,Deccan Express,Hyderabad,Vijayawada,292,22:00,Heavy Rain,38,6.13,12.62,7.82,32.9
TRN2929,Vande Bharat,Guntur,Tirupati,83,21:00,Clear,26,32.1,0.48,6.42,10.43
TRN2930,Intercity Express,Hyderabad,Vijayawada,694,02:00,Cloudy,40,12.56,3.23,15.83,21.74
TRN2931,Superfast Express,Vijayawada,Visakhapatnam,359,23:00,Clear,36,57.91,7.37,2.56,0.93
TRN2932,Garib Rath,Guntur,Tirupati,112,18:00,Clear,33,29.4,0.07,15.21,16.77
TRN2933,Garib Rath,Kurnool,Hyderabad,518,07:00,Clear,19,47.59,4.26,8.03,23.58
TRN2934,Vande Bharat,Vijayawada,Visakhapatnam,156,04:00,Fog,27,31.87,5.37,24.25,26.25
TRN2935,Shatabdi Express,Secunderabad,Nizamabad,132,15:00,Clear,34,24.86,3.76,12.41,9.11
TRN2936,Krishna Express,Secunderabad,Nizamabad,646,18:00,Fog,38,61.73,3.5,11.41,33.7
TRN2937,Duronto Express,Guntur,Tirupati,311,08:00,Clear,28,64.77,4.8,12.45,25.1
TRN2938,Krishna Express,Hyderabad,Vijayawada,551,11:00,Fog,22,67.56,8.57,14.24,31.55
TRN2939,Duronto Express,Guntur,Tirupati,291,21:00,Heavy Rain,38,64.77,7.22,14.02,38.26
TRN2940,Intercity Express,Hyderabad,Warangal,172,07:00,Clear,27,11.01,1.66,2.89,10.1
TRN2941,Rajdhani Express,Nellore,Chennai,164,15:00,Clear,33,28.53,2.16,19.85,13.89
TRN2942,Superfast Express,Vijayawada,Visakhapatnam,595,00:00,Heavy Rain,19,4.52,6.16,0.0,31.94
TRN2943,Deccan Express,Nellore,Chennai,203,19:00,Clear,25,31.02,2.4,0.0,6.31
TRN2944,Duronto Express,Kurnool,Hyderabad,447,00:00,Clear,22,24.27,5.82,7.44,5.32
TRN2945,Superfast Express,Hyderabad,Warangal,385,14:00,Cloudy,30,30.37,1.54,9.91,8.3
TRN2946,Krishna Express,Hyderabad,Vijayawada,394,01:00,Clear,33,73.09,0.0,17.62,10.29
TRN2947,Jan Shatabdi,Nellore,Chennai,522,05:00,Rain,25,69.75,0.0,17.05,21.27
TRN2948,Rajdhani Express,Secunderabad,Nizamabad,483,04:00,Rain,25,63.04,1.2,1.72,16.88
TRN2949,Garib Rath,Kurnool,Hyderabad,463,11:00,Fog,23,7.6,1.91,5.69,18.76
TRN2950,Deccan Express,Guntur,Tirupati,145,18:00,Clear,41,71.77,10.08,0.0,16.54
TRN2951,Garib Rath,Hyderabad,Vijayawada,384,16:00,Heavy Rain,30,62.39,9.78,14.17,36.52
TRN2952,Rajdhani Express,Guntur,Tirupati,176,06:00,Fog,21,30.22,7.45,0.54,20.5
TRN2953,Deccan Express,Hyderabad,Vijayawada,446,03:00,Cloudy,39,34.37,7.05,11.88,16.94
TRN2954,Vande Bharat,Vijayawada,Visakhapatnam,603,21:00,Clear,32,16.68,5.73,3.71,17.89
TRN2955,Vande Bharat,Secunderabad,Nizamabad,530,11:00,Clear,24,10.2,0.01,7.07,17.04
TRN2956,Jan Shatabdi,Secunderabad,Nizamabad,642,11:00,Fog,21,8.93,2.95,22.31,26.2
TRN2957,Deccan Express,Hyderabad,Vijayawada,370,08:00,Clear,20,44.03,2.22,14.41,26.77
TRN2958,Deccan Express,Nellore,Chennai,389,06:00,Clear,23,11.66,7.76,0.0,16.74
TRN2959,Garib Rath,Secunderabad,Nizamabad,551,12:00,Rain,24,11.76,0.21,3.43,13.3
TRN2960,Duronto Express,Hyderabad,Vijayawada,475,12:00,Clear,26,15.01,4.57,12.06,17.13
TRN2961,Superfast Express,Kurnool,Hyderabad,283,10:00,Clear,26,76.5,8.18,11.78,27.5
TRN2962,Intercity Express,Secunderabad,Nizamabad,239,08:00,Rain,24,79.45,0.43,0.0,16.67
TRN2963,Garib Rath,Nellore,Chennai,316,10:00,Cloudy,25,41.14,5.99,3.04,19.23
TRN2964,Garib Rath,Nellore,Chennai,325,02:00,Cloudy,33,43.64,0.46,0.5,9.12
TRN2965,Rajdhani Express,Kurnool,Hyderabad,89,09:00,Clear,23,7.02,9.62,7.45,19.08
TRN2966,Intercity Express,Hyderabad,Warangal,659,16:00,Cloudy,41,36.88,5.28,11.3,22.34
TRN2967,Jan Shatabdi,Hyderabad,Vijayawada,278,23:00,Rain,41,64.95,0.0,11.22,13.21
TRN2968,Rajdhani Express,Vijayawada,Visakhapatnam,281,04:00,Cloudy,40,23.87,4.34,0.0,6.88
TRN2969,Rajdhani Express,Guntur,Tirupati,203,11:00,Rain,37,52.01,1.91,15.89,14.92
TRN2970,Vande Bharat,Hyderabad,Warangal,379,01:00,Clear,38,29.48,9.4,19.45,22.29
TRN2971,Vande Bharat,Hyderabad,Warangal,96,10:00,Rain,24,16.24,6.2,4.73,27.72
TRN2972,Vande Bharat,Hyderabad,Warangal,344,23:00,Heavy Rain,31,24.05,7.38,12.31,34.97
TRN2973,Vande Bharat,Hyderabad,Warangal,631,18:00,Rain,30,36.8,9.25,17.53,34.63
TRN2974,Superfast Express,Secunderabad,Nizamabad,110,19:00,Heavy Rain,30,25.83,0.0,0.0,17.13
TRN2975,Deccan Express,Kurnool,Hyderabad,679,16:00,Rain,27,10.82,0.0,6.18,16.8
TRN2976,Jan Shatabdi,Guntur,Tirupati,323,05:00,Fog,27,45.24,11.95,2.85,29.95
TRN2977,Jan Shatabdi,Hyderabad,Warangal,133,17:00,Heavy Rain,38,17.91,0.99,7.23,19.67
TRN2978,Duronto Express,Guntur,Tirupati,505,01:00,Clear,23,52.33,10.42,9.42,23.75
TRN2979,Shatabdi Express,Secunderabad,Nizamabad,250,19:00,Clear,37,47.4,11.13,5.74,20.0
TRN2980,Deccan Express,Hyderabad,Vijayawada,265,21:00,Cloudy,41,19.77,2.82,1.88,13.65
TRN2981,Vande Bharat,Hyderabad,Vijayawada,356,17:00,Rain,28,0.1,8.1,14.01,26.36
TRN2982,Intercity Express,Kurnool,Hyderabad,424,01:00,Clear,26,25.91,13.82,8.09,25.07
TRN2983,Garib Rath,Guntur,Tirupati,348,01:00,Clear,29,47.99,7.59,13.35,17.28
TRN2984,Rajdhani Express,Vijayawada,Visakhapatnam,611,11:00,Clear,25,21.2,5.39,11.75,15.26
TRN2985,Deccan Express,Guntur,Tirupati,360,01:00,Clear,35,74.37,11.69,16.76,19.62
TRN2986,Deccan Express,Nellore,Chennai,282,19:00,Cloudy,36,56.22,6.8,3.83,22.85
TRN2987,Superfast Express,Nellore,Chennai,644,12:00,Clear,30,20.99,5.5,0.0,11.33
TRN2988,Rajdhani Express,Guntur,Tirupati,150,02:00,Rain,24,68.78,2.38,4.84,7.4
TRN2989,Duronto Express,Nellore,Chennai,637,12:00,Clear,38,36.96,3.24,15.95,13.02
TRN2990,Deccan Express,Nellore,Chennai,304,00:00,Clear,21,47.56,11.15,10.49,19.96
TRN2991,Shatabdi Express,Kurnool,Hyderabad,548,09:00,Cloudy,20,53.8,0.0,4.36,17.61
TRN2992,Shatabdi Express,Hyderabad,Warangal,535,23:00,Rain,40,77.05,12.38,24.93,34.58
TRN2993,Rajdhani Express,Guntur,Tirupati,192,20:00,Cloudy,23,3.77,3.9,5.73,19.39
TRN2994,Intercity Express,Hyderabad,Warangal,176,18:00,Clear,19,76.56,1.37,10.45,12.43
TRN2995,Shatabdi Express,Kurnool,Hyderabad,131,20:00,Cloudy,33,70.5,8.31,13.62,23.47
TRN2996,Vande Bharat,Secunderabad,Nizamabad,555,12:00,Clear,38,40.16,13.71,20.52,32.26
TRN2997,Deccan Express,Vijayawada,Visakhapatnam,241,16:00,Clear,38,4.09,0.0,6.96,0.0
TRN2998,Garib Rath,Guntur,Tirupati,690,11:00,Clear,30,63.49,0.0,9.95,11.5
TRN2999,Deccan Express,Secunderabad,Nizamabad,635,17:00,Cloudy,40,26.73,1.25,8.77,13.58
TRN3000,Garib Rath,Hyderabad,Vijayawada,475,10:00,Heavy Rain,19,53.63,9.51,1.36,34.34
TRN3001,Garib Rath,Secunderabad,Nizamabad,255,03:00,Heavy Rain,27,43.45,9.39,0.31,26.98
TRN3002,Deccan Express,Hyderabad,Vijayawada,667,02:00,Rain,25,12.22,2.56,2.55,16.19
TRN3003,Deccan Express,Nellore,Chennai,222,13:00,Clear,36,44.07,3.64,24.13,17.0
TRN3004,Superfast Express,Vijayawada,Visakhapatnam,125,07:00,Clear,35,66.51,6.47,0.0,15.47
TRN3005,Shatabdi Express,Vijayawada,Visakhapatnam,342,00:00,Rain,39,56.87,1.89,11.91,25.03
TRN3006,Duronto Express,Secunderabad,Nizamabad,220,14:00,Clear,24,15.33,0.61,7.06,8.06
TRN3007,Rajdhani Express,Hyderabad,Vijayawada,90,00:00,Cloudy,33,45.81,6.89,3.99,15.57
TRN3008,Vande Bharat,Hyderabad,Warangal,213,18:00,Fog,39,35.18,0.0,11.07,25.17
TRN3009,Vande Bharat,Nellore,Chennai,98,18:00,Clear,31,9.05,6.27,4.11,14.49
TRN3010,Superfast Express,Hyderabad,Warangal,270,02:00,Cloudy,30,68.22,0.43,3.05,11.08
TRN3011,Duronto Express,Guntur,Tirupati,598,01:00,Rain,31,54.29,5.47,16.18,29.56
TRN3012,Deccan Express,Secunderabad,Nizamabad,440,21:00,Rain,36,55.98,2.18,9.48,21.7
TRN3013,Garib Rath,Kurnool,Hyderabad,669,09:00,Clear,25,63.91,5.08,0.0,22.44
TRN3014,Duronto Express,Guntur,Tirupati,461,21:00,Clear,40,62.18,5.72,19.34,23.29
TRN3015,Duronto Express,Guntur,Tirupati,672,19:00,Clear,36,72.93,12.6,4.27,22.86
TRN3016,Vande Bharat,Vijayawada,Visakhapatnam,517,19:00,Clear,26,17.39,4.62,2.86,13.32
TRN3017,Shatabdi Express,Hyderabad,Vijayawada,549,23:00,Rain,30,34.48,8.07,5.65,25.01
TRN3018,Garib Rath,Hyderabad,Vijayawada,224,00:00,Cloudy,33,59.93,10.0,0.0,16.96
TRN3019,Superfast Express,Hyderabad,Warangal,151,20:00,Rain,32,65.82,3.15,1.37,23.42
TRN3020,Superfast Express,Hyderabad,Vijayawada,411,02:00,Clear,21,47.59,4.11,13.11,16.89
TRN3021,Garib Rath,Nellore,Chennai,697,19:00,Cloudy,35,71.21,10.13,8.33,21.17
TRN3022,Superfast Express,Kurnool,Hyderabad,211,06:00,Rain,39,4.49,0.0,11.12,18.24
TRN3023,Garib Rath,Secunderabad,Nizamabad,527,03:00,Heavy Rain,39,6.84,2.66,5.39,23.8
TRN3024,Vande Bharat,Hyderabad,Vijayawada,527,19:00,Heavy Rain,31,52.92,4.09,0.0,27.65
TRN3025,Vande Bharat,Kurnool,Hyderabad,224,08:00,Heavy Rain,31,22.18,5.45,15.21,39.04
TRN3026,Superfast Express,Hyderabad,Warangal,253,12:00,Clear,26,0.73,4.48,10.46,17.34
TRN3027,Garib Rath,Guntur,Tirupati,355,07:00,Rain,24,11.12,0.0,1.59,17.02
TRN3028,Shatabdi Express,Guntur,Tirupati,113,06:00,Clear,37,2.67,6.8,11.03,11.99
TRN3029,Deccan Express,Vijayawada,Visakhapatnam,302,03:00,Rain,34,14.31,0.0,16.09,18.77
TRN3030,Shatabdi Express,Guntur,Tirupati,668,14:00,Clear,19,79.26,2.37,4.49,9.87
TRN3031,Jan Shatabdi,Kurnool,Hyderabad,637,17:00,Clear,25,57.33,10.16,2.22,21.99
TRN3032,Deccan Express,Vijayawada,Visakhapatnam,454,16:00,Clear,21,53.59,0.0,18.63,10.41
TRN3033,Jan Shatabdi,Nellore,Chennai,545,14:00,Cloudy,18,1.12,10.13,6.29,20.39
TRN3034,Jan Shatabdi,Vijayawada,Visakhapatnam,589,21:00,Clear,28,51.53,11.08,7.4,33.7
TRN3035,Krishna Express,Secunderabad,Nizamabad,342,07:00,Clear,36,36.57,5.79,4.74,24.29
TRN3036,Jan Shatabdi,Vijayawada,Visakhapatnam,146,08:00,Cloudy,40,73.75,1.83,21.08,21.71
TRN3037,Vande Bharat,Kurnool,Hyderabad,609,18:00,Clear,19,73.01,4.55,0.99,17.03
TRN3038,Shatabdi Express,Hyderabad,Vijayawada,371,06:00,Rain,39,12.83,4.82,6.39,11.77
TRN3039,Intercity Express,Vijayawada,Visakhapatnam,611,00:00,Clear,41,3.96,3.67,13.68,17.01
TRN3040,Garib Rath,Nellore,Chennai,414,14:00,Clear,31,16.95,8.11,0.0,23.55
TRN3041,Shatabdi Express,Kurnool,Hyderabad,507,14:00,Cloudy,20,28.64,6.28,13.92,14.9
TRN3042,Rajdhani Express,Guntur,Tirupati,491,10:00,Rain,40,25.69,8.85,4.27,24.54
TRN3043,Rajdhani Express,Kurnool,Hyderabad,92,06:00,Clear,34,6.8,7.37,14.63,15.31
TRN3044,Garib Rath,Guntur,Tirupati,375,10:00,Clear,34,16.37,6.41,5.69,26.66
TRN3045,Duronto Express,Secunderabad,Nizamabad,406,06:00,Clear,22,13.96,10.78,17.13,22.32
TRN3046,Rajdhani Express,Hyderabad,Warangal,196,03:00,Cloudy,29,15.52,2.45,30.7,25.34
TRN3047,Deccan Express,Guntur,Tirupati,649,14:00,Cloudy,21,26.71,1.16,0.0,11.88
TRN3048,Vande Bharat,Secunderabad,Nizamabad,121,04:00,Fog,37,40.83,11.98,0.08,23.28
TRN3049,Garib Rath,Nellore,Chennai,485,22:00,Rain,35,78.45,5.31,4.29,15.29
TRN3050,Jan Shatabdi,Hyderabad,Warangal,491,11:00,Clear,32,71.86,8.42,3.7,14.53
TRN3051,Duronto Express,Nellore,Chennai,369,05:00,Cloudy,24,13.34,0.0,3.32,0.0
TRN3052,Krishna Express,Kurnool,Hyderabad,316,11:00,Heavy Rain,36,13.21,0.47,7.87,22.76
TRN3053,Krishna Express,Secunderabad,Nizamabad,579,05:00,Heavy Rain,21,18.84,4.66,8.79,24.54
TRN3054,Duronto Express,Guntur,Tirupati,418,14:00,Clear,29,73.92,1.03,10.28,4.77
TRN3055,Duronto Express,Hyderabad,Warangal,445,01:00,Clear,23,78.52,5.05,24.49,22.34
TRN3056,Shatabdi Express,Kurnool,Hyderabad,337,20:00,Cloudy,38,59.67,0.0,3.69,12.85
TRN3057,Duronto Express,Hyderabad,Warangal,207,13:00,Rain,34,67.13,7.19,10.11,18.94
TRN3058,Krishna Express,Hyderabad,Warangal,439,02:00,Cloudy,35,50.11,0.77,14.42,6.86
TRN3059,Garib Rath,Vijayawada,Visakhapatnam,360,12:00,Heavy Rain,35,75.36,0.0,16.25,28.0
TRN3060,Duronto Express,Kurnool,Hyderabad,516,15:00,Rain,32,42.14,4.95,14.6,24.89
TRN3061,Rajdhani Express,Kurnool,Hyderabad,152,21:00,Cloudy,18,9.79,7.37,12.41,21.62
TRN3062,Deccan Express,Hyderabad,Vijayawada,545,00:00,Rain,27,55.93,4.04,14.22,18.47
TRN3063,Garib Rath,Hyderabad,Warangal,651,12:00,Rain,25,37.32,4.01,13.93,29.75
TRN3064,Superfast Express,Nellore,Chennai,298,01:00,Clear,22,15.21,0.0,16.28,13.43
TRN3065,Shatabdi Express,Nellore,Chennai,345,12:00,Cloudy,22,78.35,2.89,1.14,3.72
TRN3066,Duronto Express,Kurnool,Hyderabad,452,03:00,Heavy Rain,23,34.31,5.64,7.71,29.27
TRN3067,Shatabdi Express,Nellore,Chennai,495,07:00,Cloudy,23,64.92,0.0,10.94,22.15
TRN3068,Deccan Express,Vijayawada,Visakhapatnam,284,10:00,Clear,27,67.97,3.8,2.7,18.56
TRN3069,Rajdhani Express,Hyderabad,Warangal,211,11:00,Clear,33,28.94,2.8,0.8,11.91
TRN3070,Jan Shatabdi,Kurnool,Hyderabad,254,19:00,Clear,31,58.92,6.88,3.56,19.51
TRN3071,Superfast Express,Vijayawada,Visakhapatnam,170,06:00,Rain,31,79.69,5.5,11.55,17.22
TRN3072,Vande Bharat,Guntur,Tirupati,332,05:00,Clear,32,68.61,10.2,6.23,12.09
TRN3073,Deccan Express,Secunderabad,Nizamabad,559,06:00,Heavy Rain,37,29.47,4.3,7.11,24.99
TRN3074,Deccan Express,Guntur,Tirupati,226,20:00,Rain,33,35.98,2.64,8.79,24.59
TRN3075,Rajdhani Express,Kurnool,Hyderabad,474,03:00,Fog,24,14.48,0.0,14.03,25.59
TRN3076,Jan Shatabdi,Hyderabad,Warangal,557,21:00,Clear,26,79.72,3.66,11.45,21.62
TRN3077,Jan Shatabdi,Hyderabad,Warangal,476,22:00,Cloudy,27,20.94,1.64,19.34,9.67
TRN3078,Jan Shatabdi,Hyderabad,Vijayawada,163,17:00,Fog,26,47.64,2.47,9.26,28.94
TRN3079,Deccan Express,Hyderabad,Warangal,381,23:00,Clear,23,78.85,7.17,7.81,12.74
TRN3080,Rajdhani Express,Kurnool,Hyderabad,393,20:00,Cloudy,30,39.57,4.7,7.13,18.51
TRN3081,Superfast Express,Guntur,Tirupati,662,16:00,Fog,22,30.39,4.21,0.53,25.65
TRN3082,Jan Shatabdi,Secunderabad,Nizamabad,606,23:00,Clear,19,17.18,0.0,13.49,12.14
TRN3083,Vande Bharat,Secunderabad,Nizamabad,358,00:00,Clear,32,58.96,3.78,12.79,14.29
TRN3084,Rajdhani Express,Guntur,Tirupati,199,00:00,Clear,29,61.9,7.78,7.34,12.55
TRN3085,Duronto Express,Hyderabad,Vijayawada,335,18:00,Rain,29,30.79,7.71,2.54,26.58
TRN3086,Intercity Express,Nellore,Chennai,275,17:00,Heavy Rain,29,76.01,3.24,0.73,31.97
TRN3087,Vande Bharat,Hyderabad,Warangal,383,06:00,Rain,24,48.82,7.7,13.01,18.71
TRN3088,Jan Shatabdi,Secunderabad,Nizamabad,137,12:00,Clear,18,62.21,0.0,3.11,0.81
TRN3089,Shatabdi Express,Hyderabad,Warangal,89,01:00,Clear,31,40.78,7.32,0.0,1.56
TRN3090,Garib Rath,Hyderabad,Vijayawada,611,20:00,Cloudy,29,42.4,2.61,11.67,23.0
TRN3091,Shatabdi Express,Hyderabad,Vijayawada,133,06:00,Clear,27,36.74,0.86,9.97,3.16
TRN3092,Vande Bharat,Kurnool,Hyderabad,468,22:00,Cloudy,25,13.03,0.0,3.07,4.94
TRN3093,Superfast Express,Kurnool,Hyderabad,278,19:00,Cloudy,28,39.45,9.52,4.33,21.0
TRN3094,Krishna Express,Secunderabad,Nizamabad,571,22:00,Clear,38,69.29,5.39,8.65,13.83
TRN3095,Superfast Express,Vijayawada,Visakhapatnam,297,18:00,Cloudy,21,68.24,7.48,10.32,18.95
TRN3096,Garib Rath,Kurnool,Hyderabad,398,10:00,Clear,26,43.51,0.0,12.48,20.34
TRN3097,Vande Bharat,Vijayawada,Visakhapatnam,538,14:00,Cloudy,30,51.66,5.19,0.0,9.11
TRN3098,Superfast Express,Secunderabad,Nizamabad,446,13:00,Clear,20,79.94,0.0,0.0,10.35
TRN3099,Intercity Express,Vijayawada,Visakhapatnam,144,17:00,Rain,41,56.84,2.07,5.5,16.21
TRN3100,Rajdhani Express,Kurnool,Hyderabad,485,03:00,Cloudy,34,17.62,0.0,13.08,13.3
TRN3101,Intercity Express,Kurnool,Hyderabad,259,02:00,Clear,37,59.3,0.0,13.57,8.4
TRN3102,Duronto Express,Nellore,Chennai,609,15:00,Cloudy,26,60.1,8.12,1.55,13.97
TRN3103,Duronto Express,Guntur,Tirupati,151,02:00,Clear,28,79.91,6.8,0.0,12.14
TRN3104,Krishna Express,Hyderabad,Warangal,466,06:00,Heavy Rain,25,74.53,4.21,21.61,32.33
TRN3105,Intercity Express,Hyderabad,Warangal,634,03:00,Clear,32,49.27,0.0,6.97,8.98
TRN3106,Jan Shatabdi,Vijayawada,Visakhapatnam,135,04:00,Clear,21,67.7,0.48,18.56,8.26
TRN3107,Krishna Express,Vijayawada,Visakhapatnam,673,08:00,Clear,41,3.99,4.31,6.09,20.17
TRN3108,Superfast Express,Guntur,Tirupati,629,14:00,Clear,38,60.16,8.02,6.07,15.61
TRN3109,Superfast Express,Hyderabad,Warangal,142,08:00,Cloudy,26,34.48,8.74,15.66,33.78
TRN3110,Garib Rath,Kurnool,Hyderabad,540,10:00,Clear,21,12.97,6.69,5.94,20.44
TRN3111,Garib Rath,Vijayawada,Visakhapatnam,341,21:00,Rain,34,38.49,4.39,13.49,23.91
TRN3112,Vande Bharat,Nellore,Chennai,391,21:00,Rain,32,36.04,3.12,19.59,29.76
TRN3113,Intercity Express,Hyderabad,Vijayawada,306,10:00,Cloudy,38,28.81,0.0,2.12,9.3
TRN3114,Superfast Express,Secunderabad,Nizamabad,113,22:00,Clear,34,72.03,0.66,16.95,7.04
TRN3115,Rajdhani Express,Hyderabad,Vijayawada,474,13:00,Clear,32,55.29,5.87,0.0,8.51
TRN3116,Shatabdi Express,Vijayawada,Visakhapatnam,471,15:00,Rain,40,62.33,12.55,15.15,30.21
TRN3117,Intercity Express,Hyderabad,Vijayawada,667,21:00,Clear,19,69.43,9.72,16.74,23.88
TRN3118,Deccan Express,Secunderabad,Nizamabad,277,21:00,Clear,37,76.28,6.71,4.66,20.09
TRN3119,Jan Shatabdi,Hyderabad,Vijayawada,191,15:00,Heavy Rain,39,36.5,9.66,5.82,26.46
TRN3120,Duronto Express,Hyderabad,Vijayawada,360,13:00,Clear,29,2.87,4.33,0.0,11.34
TRN3121,Rajdhani Express,Nellore,Chennai,135,18:00,Clear,24,49.53,4.78,10.54,13.3
TRN3122,Duronto Express,Nellore,Chennai,276,21:00,Cloudy,29,37.3,0.0,9.36,8.74
TRN3123,Garib Rath,Guntur,Tirupati,543,02:00,Heavy Rain,38,56.03,7.87,16.09,21.5
TRN3124,Deccan Express,Nellore,Chennai,370,04:00,Cloudy,18,56.9,4.39,0.0,2.92
TRN3125,Garib Rath,Kurnool,Hyderabad,87,07:00,Cloudy,40,6.42,2.43,6.11,22.49
TRN3126,Vande Bharat,Guntur,Tirupati,131,11:00,Clear,38,34.09,11.72,17.0,15.2
TRN3127,Krishna Express,Vijayawada,Visakhapatnam,230,21:00,Cloudy,38,4.49,3.95,12.27,24.08
TRN3128,Deccan Express,Kurnool,Hyderabad,273,01:00,Clear,32,54.85,3.89,9.51,13.67
TRN3129,Deccan Express,Nellore,Chennai,94,13:00,Cloudy,39,46.28,2.03,7.11,8.79
TRN3130,Vande Bharat,Vijayawada,Visakhapatnam,603,05:00,Clear,36,50.59,8.45,2.01,19.39
TRN3131,Shatabdi Express,Hyderabad,Warangal,624,16:00,Cloudy,26,44.5,9.08,4.92,17.33
TRN3132,Jan Shatabdi,Secunderabad,Nizamabad,300,17:00,Clear,22,43.29,5.12,15.48,17.46
TRN3133,Intercity Express,Vijayawada,Visakhapatnam,341,05:00,Rain,18,31.73,5.07,13.07,28.75
TRN3134,Rajdhani Express,Secunderabad,Nizamabad,685,03:00,Cloudy,23,68.34,3.48,14.09,20.52
TRN3135,Garib Rath,Nellore,Chennai,226,07:00,Cloudy,24,71.08,5.11,9.32,23.11
TRN3136,Rajdhani Express,Hyderabad,Vijayawada,317,13:00,Clear,23,60.76,6.54,3.68,11.65
TRN3137,Jan Shatabdi,Hyderabad,Warangal,418,16:00,Clear,22,67.4,5.87,8.82,16.56
TRN3138,Rajdhani Express,Hyderabad,Vijayawada,346,19:00,Rain,27,56.4,8.6,6.39,24.96
TRN3139,Intercity Express,Hyderabad,Warangal,608,14:00,Clear,19,56.85,7.59,7.86,14.55
TRN3140,Rajdhani Express,Vijayawada,Visakhapatnam,680,21:00,Cloudy,32,66.05,6.22,0.17,17.44
TRN3141,Rajdhani Express,Kurnool,Hyderabad,690,12:00,Cloudy,21,64.06,4.1,6.69,8.6
TRN3142,Shatabdi Express,Nellore,Chennai,400,02:00,Clear,24,4.98,5.11,7.04,8.58
TRN3143,Jan Shatabdi,Secunderabad,Nizamabad,91,18:00,Clear,39,42.45,6.22,3.96,11.91
TRN3144,Vande Bharat,Secunderabad,Nizamabad,531,19:00,Cloudy,28,58.68,4.07,8.98,18.35
TRN3145,Duronto Express,Guntur,Tirupati,584,15:00,Heavy Rain,22,60.34,8.17,1.89,27.19
TRN3146,Intercity Express,Vijayawada,Visakhapatnam,416,13:00,Cloudy,33,7.36,8.03,10.49,18.62
TRN3147,Shatabdi Express,Guntur,Tirupati,456,19:00,Cloudy,21,38.57,11.47,0.0,24.51
TRN3148,Garib Rath,Vijayawada,Visakhapatnam,304,16:00,Rain,30,33.14,7.11,32.6,31.55
TRN3149,Krishna Express,Kurnool,Hyderabad,238,21:00,Heavy Rain,38,77.67,0.0,10.65,22.02
TRN3150,Shatabdi Express,Kurnool,Hyderabad,279,14:00,Clear,34,69.49,0.99,7.15,3.2
TRN3151,Krishna Express,Hyderabad,Vijayawada,105,14:00,Clear,26,58.26,4.59,12.26,15.72
TRN3152,Duronto Express,Hyderabad,Vijayawada,130,22:00,Clear,34,70.16,0.57,7.38,4.01
TRN3153,Intercity Express,Guntur,Tirupati,337,03:00,Rain,40,53.06,11.85,7.1,21.16
TRN3154,Krishna Express,Vijayawada,Visakhapatnam,354,13:00,Clear,41,63.52,8.03,5.85,16.15
TRN3155,Intercity Express,Vijayawada,Visakhapatnam,556,22:00,Fog,34,53.84,0.0,12.36,19.29
TRN3156,Jan Shatabdi,Nellore,Chennai,629,01:00,Cloudy,26,5.87,4.13,10.29,21.66
TRN3157,Shatabdi Express,Nellore,Chennai,229,13:00,Clear,18,60.16,0.91,15.12,5.28
TRN3158,Deccan Express,Hyderabad,Warangal,659,06:00,Clear,21,63.09,2.57,13.23,15.64
TRN3159,Shatabdi Express,Hyderabad,Vijayawada,643,15:00,Cloudy,38,56.78,4.12,4.39,19.35
TRN3160,Garib Rath,Hyderabad,Vijayawada,651,10:00,Clear,19,70.52,1.18,6.67,16.76
TRN3161,Shatabdi Express,Guntur,Tirupati,425,22:00,Clear,21,62.9,11.72,2.79,10.6
TRN3162,Jan Shatabdi,Nellore,Chennai,158,07:00,Clear,33,23.18,5.18,14.88,12.74
TRN3163,Krishna Express,Vijayawada,Visakhapatnam,675,05:00,Clear,20,33.72,7.32,8.88,17.09
TRN3164,Krishna Express,Hyderabad,Vijayawada,401,03:00,Cloudy,35,78.95,3.76,3.21,9.62
TRN3165,Superfast Express,Nellore,Chennai,685,19:00,Cloudy,32,4.98,0.0,7.8,17.0
TRN3166,Vande Bharat,Kurnool,Hyderabad,663,18:00,Clear,27,26.68,8.52,14.4,26.8
TRN3167,Intercity Express,Guntur,Tirupati,166,06:00,Clear,37,79.94,6.69,14.59,9.25
TRN3168,Krishna Express,Hyderabad,Vijayawada,546,01:00,Cloudy,33,4.47,7.34,12.49,14.65
TRN3169,Intercity Express,Secunderabad,Nizamabad,298,17:00,Rain,33,49.08,5.61,10.72,23.54
TRN3170,Rajdhani Express,Secunderabad,Nizamabad,529,10:00,Clear,27,79.1,9.96,5.58,21.29
TRN3171,Jan Shatabdi,Kurnool,Hyderabad,594,01:00,Clear,25,14.78,5.8,11.58,10.02
TRN3172,Deccan Express,Vijayawada,Visakhapatnam,583,12:00,Rain,30,58.88,4.93,4.84,19.81
TRN3173,Garib Rath,Kurnool,Hyderabad,113,23:00,Clear,18,78.8,5.26,14.44,15.89
TRN3174,Jan Shatabdi,Hyderabad,Warangal,162,22:00,Cloudy,38,3.79,5.28,2.91,5.18
TRN3175,Jan Shatabdi,Hyderabad,Warangal,271,17:00,Clear,37,78.1,7.2,5.24,22.64
TRN3176,Superfast Express,Guntur,Tirupati,187,23:00,Clear,39,65.91,6.78,5.09,5.99
TRN3177,Garib Rath,Kurnool,Hyderabad,672,22:00,Heavy Rain,36,24.59,6.69,10.14,35.09
TRN3178,Deccan Express,Vijayawada,Visakhapatnam,345,21:00,Cloudy,19,48.45,5.76,9.13,14.4
TRN3179,Shatabdi Express,Kurnool,Hyderabad,629,20:00,Clear,39,65.93,2.25,0.0,11.9
TRN3180,Shatabdi Express,Guntur,Tirupati,116,04:00,Cloudy,35,69.26,5.71,13.52,14.44
TRN3181,Superfast Express,Vijayawada,Visakhapatnam,202,13:00,Clear,27,6.91,7.96,2.76,7.14
TRN3182,Krishna Express,Guntur,Tirupati,543,14:00,Clear,36,52.34,6.91,3.76,23.37
TRN3183,Garib Rath,Vijayawada,Visakhapatnam,256,17:00,Clear,26,7.93,5.58,9.09,21.54
TRN3184,Rajdhani Express,Guntur,Tirupati,615,22:00,Cloudy,39,56.7,11.43,16.08,26.53
TRN3185,Garib Rath,Nellore,Chennai,407,11:00,Cloudy,38,38.52,4.9,9.62,15.35
TRN3186,Rajdhani Express,Secunderabad,Nizamabad,582,02:00,Clear,33,71.12,5.85,2.18,16.32
TRN3187,Vande Bharat,Hyderabad,Warangal,341,22:00,Clear,33,30.58,4.0,10.73,9.09
TRN3188,Deccan Express,Nellore,Chennai,128,04:00,Clear,40,58.72,3.52,5.55,15.2
TRN3189,Rajdhani Express,Hyderabad,Vijayawada,292,02:00,Clear,24,45.11,3.58,9.31,5.41
TRN3190,Rajdhani Express,Hyderabad,Warangal,143,19:00,Clear,34,48.14,6.48,16.99,20.08
TRN3191,Intercity Express,Nellore,Chennai,216,10:00,Clear,28,60.84,5.08,13.18,19.7
TRN3192,Krishna Express,Secunderabad,Nizamabad,265,17:00,Cloudy,40,54.71,1.25,7.65,12.09
TRN3193,Intercity Express,Vijayawada,Visakhapatnam,635,11:00,Clear,33,28.89,0.0,12.21,11.79
TRN3194,Vande Bharat,Hyderabad,Warangal,82,18:00,Clear,25,5.31,8.13,10.89,18.14
TRN3195,Duronto Express,Hyderabad,Warangal,404,11:00,Rain,27,16.89,6.06,0.0,15.9
TRN3196,Krishna Express,Hyderabad,Warangal,549,13:00,Cloudy,21,28.77,1.66,5.06,12.52
TRN3197,Superfast Express,Nellore,Chennai,582,06:00,Clear,29,35.58,6.18,18.67,26.65
TRN3198,Intercity Express,Vijayawada,Visakhapatnam,91,04:00,Clear,25,67.63,0.35,18.74,14.87
TRN3199,Krishna Express,Guntur,Tirupati,315,12:00,Clear,21,40.45,0.8,3.6,8.08
TRN3200,Superfast Express,Hyderabad,Vijayawada,592,13:00,Heavy Rain,35,73.75,7.46,17.34,39.88
TRN3201,Deccan Express,Vijayawada,Visakhapatnam,552,18:00,Cloudy,31,70.52,0.0,14.94,23.6
TRN3202,Garib Rath,Guntur,Tirupati,527,07:00,Rain,34,71.3,4.6,0.15,24.72
TRN3203,Vande Bharat,Nellore,Chennai,661,00:00,Clear,21,35.06,6.45,17.05,14.81
TRN3204,Krishna Express,Secunderabad,Nizamabad,230,01:00,Cloudy,32,38.7,6.8,4.57,16.56
TRN3205,Garib Rath,Nellore,Chennai,251,01:00,Clear,31,57.82,4.6,11.38,11.95
TRN3206,Duronto Express,Vijayawada,Visakhapatnam,603,00:00,Clear,36,77.89,3.67,6.63,9.47
TRN3207,Jan Shatabdi,Vijayawada,Visakhapatnam,316,21:00,Clear,22,41.7,0.0,5.99,13.01
TRN3208,Deccan Express,Vijayawada,Visakhapatnam,395,18:00,Cloudy,28,79.66,7.17,16.62,26.18
TRN3209,Superfast Express,Kurnool,Hyderabad,232,07:00,Fog,35,10.19,1.14,0.0,18.02
TRN3210,Garib Rath,Nellore,Chennai,154,00:00,Cloudy,41,1.42,7.25,13.13,21.24
TRN3211,Garib Rath,Hyderabad,Warangal,80,16:00,Clear,33,62.11,1.79,27.27,13.81
TRN3212,Garib Rath,Kurnool,Hyderabad,579,11:00,Cloudy,31,79.1,2.69,1.91,16.88
TRN3213,Duronto Express,Vijayawada,Visakhapatnam,226,11:00,Cloudy,29,27.17,0.0,0.67,1.31
TRN3214,Shatabdi Express,Guntur,Tirupati,524,08:00,Rain,39,35.52,7.01,10.7,31.41
TRN3215,Shatabdi Express,Vijayawada,Visakhapatnam,88,14:00,Cloudy,41,12.59,11.79,7.18,19.9
TRN3216,Rajdhani Express,Vijayawada,Visakhapatnam,424,04:00,Cloudy,40,32.35,2.32,11.73,13.23
TRN3217,Duronto Express,Nellore,Chennai,455,16:00,Clear,33,73.86,0.87,12.14,8.43
TRN3218,Intercity Express,Nellore,Chennai,157,04:00,Clear,35,74.89,2.41,12.3,2.05
TRN3219,Duronto Express,Secunderabad,Nizamabad,265,22:00,Rain,27,48.31,1.44,18.92,22.15
TRN3220,Shatabdi Express,Vijayawada,Visakhapatnam,106,12:00,Clear,29,24.24,6.88,15.25,14.65
TRN3221,Krishna Express,Kurnool,Hyderabad,167,09:00,Rain,24,23.9,11.08,16.83,29.54
TRN3222,Deccan Express,Hyderabad,Warangal,116,13:00,Clear,35,19.9,2.87,11.68,5.72
TRN3223,Krishna Express,Nellore,Chennai,375,02:00,Cloudy,24,70.4,13.83,3.01,18.04
TRN3224,Vande Bharat,Guntur,Tirupati,441,10:00,Rain,21,5.19,4.2,3.16,18.97
TRN3225,Garib Rath,Kurnool,Hyderabad,143,07:00,Clear,21,53.38,5.48,10.39,23.59
TRN3226,Intercity Express,Hyderabad,Vijayawada,385,03:00,Clear,37,67.61,6.07,0.0,6.69
TRN3227,Intercity Express,Nellore,Chennai,658,22:00,Heavy Rain,18,63.38,5.75,2.6,27.6
TRN3228,Jan Shatabdi,Kurnool,Hyderabad,494,02:00,Clear,20,44.13,0.68,5.06,1.25
TRN3229,Garib Rath,Vijayawada,Visakhapatnam,492,07:00,Rain,24,38.62,4.62,8.02,31.34
TRN3230,Garib Rath,Hyderabad,Warangal,613,21:00,Rain,19,43.51,0.0,11.72,21.27
TRN3231,Jan Shatabdi,Vijayawada,Visakhapatnam,531,21:00,Clear,37,30.5,0.0,9.4,18.79
TRN3232,Superfast Express,Kurnool,Hyderabad,130,08:00,Heavy Rain,31,14.9,9.05,2.88,24.82
TRN3233,Vande Bharat,Hyderabad,Warangal,144,00:00,Clear,35,12.97,8.32,9.08,14.55
TRN3234,Intercity Express,Guntur,Tirupati,681,19:00,Clear,32,28.82,9.57,11.3,31.29
TRN3235,Krishna Express,Hyderabad,Warangal,588,15:00,Clear,29,9.25,2.06,0.0,9.16
TRN3236,Superfast Express,Vijayawada,Visakhapatnam,582,17:00,Rain,26,63.6,5.59,8.03,26.04
TRN3237,Shatabdi Express,Vijayawada,Visakhapatnam,390,21:00,Heavy Rain,24,62.58,0.0,14.77,34.44
TRN3238,Rajdhani Express,Hyderabad,Warangal,101,23:00,Cloudy,22,42.02,7.84,10.19,7.81
TRN3239,Vande Bharat,Guntur,Tirupati,161,15:00,Rain,28,36.07,1.17,5.51,11.12
TRN3240,Superfast Express,Secunderabad,Nizamabad,575,09:00,Clear,21,69.23,12.8,24.67,37.33
TRN3241,Duronto Express,Nellore,Chennai,639,20:00,Clear,41,79.47,5.39,15.2,22.14
TRN3242,Garib Rath,Secunderabad,Nizamabad,581,01:00,Cloudy,35,16.23,0.0,9.74,14.37
TRN3243,Rajdhani Express,Nellore,Chennai,444,03:00,Heavy Rain,26,17.65,0.0,9.26,25.82
TRN3244,Shatabdi Express,Secunderabad,Nizamabad,385,12:00,Fog,37,41.23,0.0,15.18,19.56
TRN3245,Rajdhani Express,Guntur,Tirupati,193,23:00,Fog,26,54.21,4.75,1.33,16.02
TRN3246,Deccan Express,Hyderabad,Warangal,385,22:00,Clear,41,1.09,6.78,11.42,14.4
TRN3247,Garib Rath,Hyderabad,Warangal,508,15:00,Clear,41,50.27,5.03,19.27,16.86
TRN3248,Duronto Express,Kurnool,Hyderabad,672,00:00,Clear,29,55.38,8.72,12.55,20.75
TRN3249,Deccan Express,Kurnool,Hyderabad,351,22:00,Heavy Rain,31,62.77,1.66,21.46,30.1
TRN3250,Garib Rath,Kurnool,Hyderabad,523,09:00,Cloudy,33,42.78,2.51,3.03,11.36
TRN3251,Duronto Express,Vijayawada,Visakhapatnam,436,05:00,Clear,31,18.95,7.19,6.39,13.2
TRN3252,Duronto Express,Nellore,Chennai,296,04:00,Cloudy,20,57.38,8.69,0.97,12.4
TRN3253,Jan Shatabdi,Kurnool,Hyderabad,596,02:00,Cloudy,40,65.36,9.86,13.99,21.28
TRN3254,Vande Bharat,Hyderabad,Warangal,123,00:00,Cloudy,35,77.65,2.63,10.17,10.47
TRN3255,Vande Bharat,Nellore,Chennai,182,03:00,Clear,21,75.67,8.19,8.1,18.25
TRN3256,Jan Shatabdi,Kurnool,Hyderabad,453,11:00,Clear,36,55.37,1.22,10.46,9.08
TRN3257,Intercity Express,Guntur,Tirupati,205,07:00,Heavy Rain,27,56.89,2.23,7.08,25.56
TRN3258,Deccan Express,Secunderabad,Nizamabad,645,19:00,Cloudy,19,19.12,0.45,19.62,27.37
TRN3259,Intercity Express,Vijayawada,Visakhapatnam,171,03:00,Clear,22,12.08,2.84,14.56,1.42
TRN3260,Krishna Express,Kurnool,Hyderabad,487,03:00,Clear,22,15.33,0.0,12.51,10.17
TRN3261,Superfast Express,Kurnool,Hyderabad,375,12:00,Clear,35,31.92,2.52,1.4,12.73
TRN3262,Superfast Express,Hyderabad,Vijayawada,181,16:00,Clear,40,67.7,9.04,5.25,17.77
TRN3263,Garib Rath,Kurnool,Hyderabad,442,08:00,Cloudy,32,54.48,2.35,16.17,20.14
TRN3264,Jan Shatabdi,Nellore,Chennai,495,07:00,Heavy Rain,28,78.9,6.29,3.78,41.27
TRN3265,Jan Shatabdi,Kurnool,Hyderabad,134,21:00,Clear,26,17.44,0.0,25.18,23.23
TRN3266,Intercity Express,Guntur,Tirupati,614,15:00,Clear,30,56.51,13.66,10.96,23.83
TRN3267,Vande Bharat,Hyderabad,Warangal,424,04:00,Clear,33,70.82,6.6,1.84,13.99
TRN3268,Deccan Express,Secunderabad,Nizamabad,412,08:00,Cloudy,27,63.3,10.08,11.31,27.86
TRN3269,Krishna Express,Hyderabad,Warangal,114,07:00,Clear,29,37.27,9.93,16.39,23.42
TRN3270,Shatabdi Express,Hyderabad,Vijayawada,646,11:00,Clear,19,51.03,2.75,5.35,11.99
TRN3271,Superfast Express,Vijayawada,Visakhapatnam,162,09:00,Fog,22,53.09,0.02,8.56,26.52
TRN3272,Deccan Express,Guntur,Tirupati,372,14:00,Clear,38,14.48,5.3,13.63,8.56
TRN3273,Intercity Express,Kurnool,Hyderabad,261,16:00,Cloudy,24,4.68,0.0,7.23,1.4
TRN3274,Garib Rath,Kurnool,Hyderabad,690,00:00,Clear,39,56.14,2.24,0.25,10.76
TRN3275,Intercity Express,Vijayawada,Visakhapatnam,258,17:00,Clear,34,15.26,0.0,11.55,12.77
TRN3276,Deccan Express,Kurnool,Hyderabad,150,20:00,Clear,37,54.49,5.21,9.35,10.37
TRN3277,Rajdhani Express,Vijayawada,Visakhapatnam,327,16:00,Fog,39,33.84,0.0,10.96,22.84
TRN3278,Garib Rath,Secunderabad,Nizamabad,145,13:00,Cloudy,26,69.29,0.0,12.33,8.86
TRN3279,Rajdhani Express,Vijayawada,Visakhapatnam,635,15:00,Clear,19,56.3,0.0,2.62,8.38
TRN3280,Deccan Express,Hyderabad,Warangal,174,15:00,Cloudy,29,0.94,4.0,10.75,11.32
TRN3281,Superfast Express,Secunderabad,Nizamabad,120,10:00,Cloudy,20,15.23,6.44,11.65,20.53
TRN3282,Rajdhani Express,Secunderabad,Nizamabad,309,20:00,Cloudy,30,13.64,5.95,7.32,17.9
TRN3283,Deccan Express,Guntur,Tirupati,279,22:00,Cloudy,41,56.48,6.74,16.53,19.46
TRN3284,Shatabdi Express,Nellore,Chennai,138,03:00,Heavy Rain,31,36.25,2.18,13.27,21.47
TRN3285,Garib Rath,Hyderabad,Vijayawada,285,04:00,Cloudy,33,7.56,8.21,12.51,14.61
TRN3286,Rajdhani Express,Nellore,Chennai,403,06:00,Rain,31,31.23,7.61,12.59,23.67
TRN3287,Intercity Express,Vijayawada,Visakhapatnam,384,15:00,Clear,21,0.48,5.44,0.52,8.09
TRN3288,Shatabdi Express,Hyderabad,Vijayawada,113,08:00,Cloudy,21,11.61,4.14,7.85,21.43
TRN3289,Krishna Express,Hyderabad,Warangal,660,06:00,Clear,28,46.54,6.44,3.21,16.06
TRN3290,Shatabdi Express,Secunderabad,Nizamabad,356,20:00,Clear,22,72.52,12.28,12.57,29.59
TRN3291,Krishna Express,Hyderabad,Vijayawada,455,11:00,Heavy Rain,32,20.56,4.68,9.35,23.85
TRN3292,Shatabdi Express,Nellore,Chennai,535,21:00,Rain,41,34.7,2.74,8.78,14.09
TRN3293,Superfast Express,Hyderabad,Vijayawada,410,12:00,Rain,21,9.98,9.18,9.02,29.48
TRN3294,Superfast Express,Nellore,Chennai,591,17:00,Rain,26,76.83,7.48,9.22,29.85
TRN3295,Garib Rath,Guntur,Tirupati,583,14:00,Clear,26,56.7,5.5,11.18,13.43
TRN3296,Intercity Express,Secunderabad,Nizamabad,240,13:00,Clear,35,4.32,2.07,0.0,5.05
TRN3297,Garib Rath,Nellore,Chennai,147,20:00,Heavy Rain,31,79.85,5.82,16.46,37.25
TRN3298,Garib Rath,Hyderabad,Vijayawada,311,22:00,Clear,33,14.08,0.99,1.71,2.11
TRN3299,Krishna Express,Hyderabad,Warangal,359,20:00,Cloudy,37,23.22,0.0,4.16,19.3
TRN3300,Deccan Express,Vijayawada,Visakhapatnam,616,08:00,Clear,29,5.46,6.06,8.74,20.53
TRN3301,Garib Rath,Nellore,Chennai,536,00:00,Rain,21,69.56,6.0,5.52,24.84
TRN3302,Rajdhani Express,Hyderabad,Warangal,636,08:00,Clear,35,34.32,5.96,14.08,26.15
TRN3303,Shatabdi Express,Vijayawada,Visakhapatnam,156,08:00,Rain,24,42.49,3.17,9.82,16.29
TRN3304,Garib Rath,Hyderabad,Vijayawada,322,01:00,Rain,30,27.75,6.01,5.95,21.3
TRN3305,Vande Bharat,Nellore,Chennai,469,16:00,Clear,18,30.02,3.6,4.94,7.65
TRN3306,Vande Bharat,Secunderabad,Nizamabad,265,05:00,Fog,31,68.94,6.79,15.6,26.92
TRN3307,Rajdhani Express,Nellore,Chennai,450,15:00,Cloudy,28,64.4,1.14,3.87,6.13
TRN3308,Garib Rath,Nellore,Chennai,656,04:00,Fog,28,72.37,4.83,14.29,25.94
TRN3309,Shatabdi Express,Hyderabad,Warangal,478,19:00,Clear,20,50.85,9.85,13.59,29.72
TRN3310,Rajdhani Express,Nellore,Chennai,352,20:00,Clear,26,1.46,10.06,17.64,23.42
TRN3311,Rajdhani Express,Guntur,Tirupati,140,08:00,Heavy Rain,41,77.19,6.55,28.86,37.97
TRN3312,Krishna Express,Hyderabad,Vijayawada,656,20:00,Cloudy,34,71.57,1.62,9.15,22.28
TRN3313,Garib Rath,Hyderabad,Vijayawada,170,15:00,Rain,35,62.35,8.52,15.6,24.6
TRN3314,Garib Rath,Secunderabad,Nizamabad,570,23:00,Clear,34,0.2,4.37,4.33,14.73
TRN3315,Duronto Express,Hyderabad,Vijayawada,498,05:00,Rain,28,66.41,3.29,0.3,13.64
TRN3316,Deccan Express,Hyderabad,Warangal,422,11:00,Cloudy,38,2.52,14.94,9.3,21.11
TRN3317,Krishna Express,Vijayawada,Visakhapatnam,533,18:00,Cloudy,27,31.56,3.63,5.47,19.67
TRN3318,Jan Shatabdi,Hyderabad,Warangal,235,14:00,Rain,35,39.1,9.37,14.13,26.67
TRN3319,Krishna Express,Kurnool,Hyderabad,584,22:00,Cloudy,33,45.51,3.41,0.0,8.69
TRN3320,Jan Shatabdi,Secunderabad,Nizamabad,490,14:00,Clear,27,14.02,3.51,1.24,8.15
TRN3321,Shatabdi Express,Nellore,Chennai,503,22:00,Clear,22,69.06,3.17,9.09,12.06
TRN3322,Duronto Express,Kurnool,Hyderabad,526,23:00,Clear,18,5.72,5.97,6.94,18.65
TRN3323,Shatabdi Express,Guntur,Tirupati,353,04:00,Rain,23,14.68,2.62,8.97,20.95
TRN3324,Duronto Express,Vijayawada,Visakhapatnam,338,15:00,Heavy Rain,41,78.1,13.52,10.82,38.83
TRN3325,Deccan Express,Secunderabad,Nizamabad,233,03:00,Rain,19,65.17,1.46,0.0,12.84
TRN3326,Krishna Express,Secunderabad,Nizamabad,328,16:00,Rain,20,28.42,5.99,1.59,16.7
TRN3327,Deccan Express,Nellore,Chennai,137,08:00,Cloudy,22,9.36,7.0,14.67,25.73
TRN3328,Intercity Express,Secunderabad,Nizamabad,359,18:00,Clear,29,77.36,10.07,11.06,19.52
TRN3329,Superfast Express,Nellore,Chennai,111,14:00,Clear,41,17.53,3.32,9.56,12.91
TRN3330,Vande Bharat,Guntur,Tirupati,93,06:00,Clear,33,16.43,10.41,15.38,14.86
TRN3331,Jan Shatabdi,Guntur,Tirupati,170,23:00,Clear,39,22.44,5.51,16.53,9.98
TRN3332,Duronto Express,Hyderabad,Vijayawada,240,03:00,Clear,21,42.86,7.82,4.33,15.11
TRN3333,Deccan Express,Hyderabad,Vijayawada,536,23:00,Clear,37,9.25,1.87,11.93,8.48
TRN3334,Jan Shatabdi,Vijayawada,Visakhapatnam,210,17:00,Clear,30,10.85,0.0,2.24,7.86
TRN3335,Krishna Express,Secunderabad,Nizamabad,339,03:00,Rain,29,24.58,9.44,7.27,20.68
TRN3336,Deccan Express,Secunderabad,Nizamabad,407,22:00,Clear,22,35.98,10.37,27.37,30.47
TRN3337,Superfast Express,Secunderabad,Nizamabad,540,07:00,Rain,24,78.77,8.76,3.15,28.95
TRN3338,Intercity Express,Nellore,Chennai,610,12:00,Clear,18,77.57,0.0,0.0,14.89
TRN3339,Jan Shatabdi,Guntur,Tirupati,323,08:00,Clear,31,23.39,9.32,0.0,18.55
TRN3340,Shatabdi Express,Kurnool,Hyderabad,389,08:00,Rain,23,29.43,0.0,11.04,22.79
TRN3341,Krishna Express,Hyderabad,Vijayawada,264,00:00,Clear,24,40.32,12.74,6.27,12.66
TRN3342,Vande Bharat,Hyderabad,Warangal,581,20:00,Clear,30,78.71,10.66,0.0,22.85
TRN3343,Intercity Express,Hyderabad,Vijayawada,486,23:00,Heavy Rain,21,18.27,0.87,13.93,26.55
TRN3344,Jan Shatabdi,Hyderabad,Warangal,441,21:00,Rain,18,9.73,8.51,13.13,29.13
TRN3345,Shatabdi Express,Kurnool,Hyderabad,515,20:00,Clear,19,47.02,0.0,12.86,18.9
TRN3346,Rajdhani Express,Hyderabad,Vijayawada,383,20:00,Clear,21,0.46,2.94,4.36,18.87
TRN3347,Duronto Express,Kurnool,Hyderabad,618,09:00,Clear,37,32.4,12.1,8.7,28.45
TRN3348,Rajdhani Express,Hyderabad,Vijayawada,525,09:00,Clear,36,41.86,4.94,16.49,27.92
TRN3349,Duronto Express,Guntur,Tirupati,664,05:00,Clear,19,24.08,12.86,16.02,26.74
TRN3350,Duronto Express,Hyderabad,Warangal,693,20:00,Rain,23,23.65,2.85,11.65,29.05
TRN3351,Duronto Express,Kurnool,Hyderabad,219,20:00,Cloudy,22,2.34,0.0,14.2,17.72
TRN3352,Shatabdi Express,Hyderabad,Warangal,131,01:00,Clear,38,52.13,6.13,10.43,21.35
TRN3353,Jan Shatabdi,Nellore,Chennai,647,13:00,Clear,22,9.27,0.0,7.13,15.87
TRN3354,Intercity Express,Guntur,Tirupati,338,13:00,Cloudy,34,63.23,8.29,25.39,28.6
TRN3355,Vande Bharat,Guntur,Tirupati,172,08:00,Rain,24,14.94,2.89,8.11,33.0
TRN3356,Superfast Express,Guntur,Tirupati,478,20:00,Clear,29,3.32,6.72,0.0,18.48
TRN3357,Krishna Express,Kurnool,Hyderabad,310,10:00,Cloudy,41,16.86,2.79,3.2,20.17
TRN3358,Jan Shatabdi,Secunderabad,Nizamabad,622,12:00,Clear,40,55.93,5.36,19.63,17.68
TRN3359,Vande Bharat,Hyderabad,Vijayawada,99,06:00,Clear,33,76.48,4.34,8.78,6.64
TRN3360,Shatabdi Express,Secunderabad,Nizamabad,250,14:00,Rain,32,26.75,3.09,7.81,9.5
TRN3361,Garib Rath,Kurnool,Hyderabad,229,12:00,Clear,34,27.75,5.35,13.2,19.03
TRN3362,Superfast Express,Hyderabad,Vijayawada,284,02:00,Cloudy,25,47.49,9.47,14.69,15.69
TRN3363,Intercity Express,Vijayawada,Visakhapatnam,500,16:00,Cloudy,35,34.29,7.63,0.0,20.46
TRN3364,Deccan Express,Vijayawada,Visakhapatnam,295,00:00,Rain,30,77.6,4.07,6.75,17.65
TRN3365,Garib Rath,Hyderabad,Warangal,402,07:00,Clear,24,74.17,16.11,4.35,30.25
TRN3366,Vande Bharat,Kurnool,Hyderabad,684,23:00,Cloudy,20,53.04,0.0,0.0,1.66
TRN3367,Duronto Express,Guntur,Tirupati,338,21:00,Clear,39,59.36,2.7,16.96,24.66
TRN3368,Rajdhani Express,Secunderabad,Nizamabad,654,18:00,Heavy Rain,37,36.68,4.55,0.0,32.26
TRN3369,Shatabdi Express,Secunderabad,Nizamabad,547,14:00,Clear,35,63.78,7.16,7.49,19.34
TRN3370,Jan Shatabdi,Hyderabad,Vijayawada,585,05:00,Rain,24,33.43,1.54,10.55,11.62
TRN3371,Duronto Express,Hyderabad,Vijayawada,304,08:00,Rain,21,47.34,5.47,9.71,22.42
TRN3372,Vande Bharat,Secunderabad,Nizamabad,610,22:00,Fog,38,58.21,5.32,6.68,23.3
TRN3373,Superfast Express,Hyderabad,Warangal,529,00:00,Clear,21,18.69,8.4,7.55,11.26
TRN3374,Deccan Express,Vijayawada,Visakhapatnam,541,00:00,Clear,23,36.79,6.61,0.0,9.74
TRN3375,Garib Rath,Vijayawada,Visakhapatnam,422,06:00,Heavy Rain,33,12.9,8.13,5.02,27.84
TRN3376,Shatabdi Express,Secunderabad,Nizamabad,669,14:00,Rain,26,76.51,8.24,7.63,23.67
TRN3377,Vande Bharat,Nellore,Chennai,571,00:00,Clear,18,12.86,8.28,7.64,16.73
TRN3378,Duronto Express,Kurnool,Hyderabad,601,15:00,Cloudy,37,18.8,5.58,0.0,17.83
TRN3379,Jan Shatabdi,Nellore,Chennai,264,10:00,Heavy Rain,41,52.25,3.28,0.3,28.64
TRN3380,Rajdhani Express,Hyderabad,Warangal,687,17:00,Heavy Rain,39,77.01,7.98,10.98,41.82
TRN3381,Intercity Express,Hyderabad,Vijayawada,208,04:00,Clear,31,6.52,0.0,8.12,0.0
TRN3382,Shatabdi Express,Vijayawada,Visakhapatnam,594,01:00,Clear,40,0.82,0.12,14.76,15.95
TRN3383,Rajdhani Express,Hyderabad,Warangal,246,18:00,Cloudy,19,48.12,4.02,18.56,27.57
TRN3384,Garib Rath,Hyderabad,Vijayawada,468,23:00,Clear,38,45.79,8.4,21.42,21.14
TRN3385,Rajdhani Express,Kurnool,Hyderabad,587,20:00,Cloudy,27,74.85,3.12,0.0,17.49
TRN3386,Superfast Express,Nellore,Chennai,546,16:00,Clear,30,62.34,0.19,0.0,10.55
TRN3387,Garib Rath,Kurnool,Hyderabad,560,19:00,Fog,32,27.72,6.92,13.5,32.96
TRN3388,Krishna Express,Vijayawada,Visakhapatnam,632,11:00,Clear,41,18.43,6.55,1.93,10.61
TRN3389,Deccan Express,Hyderabad,Vijayawada,466,22:00,Clear,34,35.39,6.18,14.85,16.84
TRN3390,Krishna Express,Vijayawada,Visakhapatnam,619,06:00,Fog,22,24.23,3.38,3.18,25.18
TRN3391,Jan Shatabdi,Nellore,Chennai,499,00:00,Clear,33,15.75,7.56,19.87,17.11
TRN3392,Deccan Express,Kurnool,Hyderabad,357,11:00,Clear,30,18.44,1.01,22.93,14.2
TRN3393,Jan Shatabdi,Nellore,Chennai,349,04:00,Clear,32,13.43,7.38,3.85,15.83
TRN3394,Krishna Express,Kurnool,Hyderabad,137,08:00,Rain,30,46.62,2.36,9.91,23.67
TRN3395,Vande Bharat,Hyderabad,Warangal,652,00:00,Clear,30,8.59,1.57,6.24,12.93
TRN3396,Intercity Express,Secunderabad,Nizamabad,109,16:00,Cloudy,33,70.29,6.77,0.0,14.6
TRN3397,Superfast Express,Vijayawada,Visakhapatnam,380,11:00,Fog,26,23.81,10.4,0.0,27.94
TRN3398,Krishna Express,Nellore,Chennai,463,20:00,Rain,31,39.02,4.19,11.86,28.08
TRN3399,Duronto Express,Guntur,Tirupati,610,21:00,Heavy Rain,28,9.23,6.94,3.4,31.72
TRN3400,Garib Rath,Nellore,Chennai,658,05:00,Clear,28,19.09,7.62,4.93,21.2
TRN3401,Vande Bharat,Kurnool,Hyderabad,216,04:00,Clear,38,49.79,10.32,6.1,10.65
TRN3402,Vande Bharat,Guntur,Tirupati,402,00:00,Clear,22,49.21,0.08,5.4,6.27
TRN3403,Intercity Express,Hyderabad,Warangal,488,14:00,Clear,27,61.64,0.0,0.0,13.12
TRN3404,Deccan Express,Kurnool,Hyderabad,267,10:00,Clear,39,12.68,2.88,13.31,13.08
TRN3405,Jan Shatabdi,Nellore,Chennai,485,17:00,Cloudy,35,26.64,10.61,11.0,28.38
TRN3406,Deccan Express,Nellore,Chennai,351,23:00,Cloudy,40,38.72,5.86,11.16,15.04
TRN3407,Krishna Express,Secunderabad,Nizamabad,332,17:00,Heavy Rain,28,65.26,0.0,0.0,21.9
TRN3408,Krishna Express,Vijayawada,Visakhapatnam,112,02:00,Rain,34,40.39,2.75,0.0,10.7
TRN3409,Shatabdi Express,Hyderabad,Warangal,400,09:00,Fog,23,16.27,8.46,3.89,31.31
TRN3410,Garib Rath,Hyderabad,Warangal,675,19:00,Fog,24,60.06,8.12,14.51,36.73
TRN3411,Rajdhani Express,Hyderabad,Warangal,389,18:00,Cloudy,21,8.6,0.0,5.66,14.86
TRN3412,Deccan Express,Secunderabad,Nizamabad,161,05:00,Fog,20,38.09,4.9,0.48,11.1
TRN3413,Superfast Express,Kurnool,Hyderabad,423,08:00,Clear,35,24.17,6.04,14.65,18.15
TRN3414,Vande Bharat,Hyderabad,Vijayawada,259,02:00,Clear,24,21.87,3.99,0.0,8.72
TRN3415,Shatabdi Express,Guntur,Tirupati,649,22:00,Heavy Rain,39,68.17,6.87,17.96,36.42
TRN3416,Jan Shatabdi,Kurnool,Hyderabad,152,07:00,Cloudy,40,65.05,4.55,9.71,19.61
TRN3417,Superfast Express,Vijayawada,Visakhapatnam,324,20:00,Fog,31,3.62,0.0,11.06,23.91
TRN3418,Jan Shatabdi,Hyderabad,Vijayawada,130,03:00,Clear,39,64.97,5.6,3.31,8.71
TRN3419,Jan Shatabdi,Secunderabad,Nizamabad,629,23:00,Clear,19,79.43,9.8,11.6,17.28
TRN3420,Duronto Express,Nellore,Chennai,629,20:00,Heavy Rain,35,55.89,0.01,6.05,31.32
TRN3421,Deccan Express,Secunderabad,Nizamabad,186,03:00,Clear,29,33.74,3.83,4.83,6.38
TRN3422,Shatabdi Express,Hyderabad,Vijayawada,344,22:00,Rain,29,59.03,8.41,1.13,18.16
TRN3423,Krishna Express,Secunderabad,Nizamabad,288,18:00,Cloudy,28,70.34,9.65,3.66,24.82
TRN3424,Rajdhani Express,Hyderabad,Warangal,641,12:00,Rain,18,59.94,2.13,9.49,17.06
TRN3425,Duronto Express,Hyderabad,Vijayawada,84,19:00,Cloudy,35,48.91,1.59,16.46,19.04
TRN3426,Jan Shatabdi,Kurnool,Hyderabad,421,08:00,Clear,30,71.35,5.98,7.42,23.9
TRN3427,Garib Rath,Hyderabad,Warangal,294,14:00,Clear,23,64.64,15.55,18.12,24.53
TRN3428,Intercity Express,Guntur,Tirupati,253,02:00,Clear,39,60.36,0.0,7.14,2.11
TRN3429,Superfast Express,Hyderabad,Warangal,167,18:00,Clear,22,22.31,0.38,0.0,7.05
TRN3430,Rajdhani Express,Guntur,Tirupati,379,20:00,Clear,18,53.53,12.58,1.68,16.17
TRN3431,Intercity Express,Guntur,Tirupati,388,14:00,Cloudy,30,17.58,2.7,8.07,14.71
TRN3432,Krishna Express,Secunderabad,Nizamabad,240,07:00,Fog,34,24.52,10.97,7.06,24.58
TRN3433,Krishna Express,Vijayawada,Visakhapatnam,627,01:00,Cloudy,35,61.95,5.0,7.56,18.21
TRN3434,Superfast Express,Kurnool,Hyderabad,226,23:00,Fog,25,7.53,3.65,0.0,17.35
TRN3435,Deccan Express,Hyderabad,Vijayawada,218,09:00,Rain,18,39.9,8.07,0.62,26.28
TRN3436,Jan Shatabdi,Hyderabad,Warangal,254,00:00,Rain,30,53.11,0.0,3.28,10.45
TRN3437,Krishna Express,Vijayawada,Visakhapatnam,298,21:00,Heavy Rain,20,18.48,0.27,4.33,23.09
TRN3438,Shatabdi Express,Guntur,Tirupati,242,01:00,Cloudy,39,60.31,1.83,9.41,9.75
TRN3439,Shatabdi Express,Hyderabad,Vijayawada,325,20:00,Clear,36,61.26,8.55,0.0,21.61
TRN3440,Deccan Express,Hyderabad,Warangal,292,04:00,Clear,24,72.12,0.0,0.0,2.09
TRN3441,Rajdhani Express,Secunderabad,Nizamabad,565,12:00,Fog,28,62.99,6.41,11.75,26.1
TRN3442,Deccan Express,Nellore,Chennai,655,00:00,Rain,28,28.93,7.73,20.57,35.7
TRN3443,Rajdhani Express,Guntur,Tirupati,326,03:00,Clear,39,40.19,7.34,20.09,18.9
TRN3444,Intercity Express,Kurnool,Hyderabad,556,21:00,Fog,29,27.09,0.0,14.01,29.34
TRN3445,Intercity Express,Secunderabad,Nizamabad,369,12:00,Clear,31,37.39,4.48,0.0,11.06
TRN3446,Krishna Express,Secunderabad,Nizamabad,631,07:00,Clear,40,69.54,1.62,3.24,18.39
TRN3447,Rajdhani Express,Hyderabad,Vijayawada,398,04:00,Clear,39,26.33,5.52,8.59,14.45
TRN3448,Jan Shatabdi,Kurnool,Hyderabad,692,14:00,Clear,40,6.04,6.77,6.11,20.54
TRN3449,Deccan Express,Vijayawada,Visakhapatnam,660,10:00,Cloudy,32,43.57,0.0,0.0,19.64
TRN3450,Superfast Express,Nellore,Chennai,233,21:00,Clear,21,74.55,4.28,0.0,11.58
TRN3451,Krishna Express,Vijayawada,Visakhapatnam,581,03:00,Clear,25,53.89,0.0,3.11,3.88
TRN3452,Rajdhani Express,Hyderabad,Vijayawada,448,11:00,Clear,24,15.29,7.6,15.57,24.41
TRN3453,Duronto Express,Vijayawada,Visakhapatnam,95,12:00,Cloudy,24,43.29,0.0,8.2,10.15
TRN3454,Garib Rath,Guntur,Tirupati,234,06:00,Fog,22,37.2,2.43,5.2,25.33
TRN3455,Vande Bharat,Hyderabad,Warangal,514,17:00,Clear,22,63.16,3.31,0.0,15.37
TRN3456,Deccan Express,Hyderabad,Vijayawada,390,21:00,Cloudy,21,50.72,5.07,3.99,17.33
TRN3457,Intercity Express,Secunderabad,Nizamabad,408,22:00,Cloudy,21,53.13,6.3,14.62,20.9
TRN3458,Krishna Express,Hyderabad,Vijayawada,382,21:00,Clear,37,2.41,3.16,13.58,12.26
TRN3459,Garib Rath,Hyderabad,Vijayawada,153,20:00,Cloudy,40,11.67,1.75,22.82,18.4
TRN3460,Deccan Express,Guntur,Tirupati,457,03:00,Fog,41,28.89,1.18,13.51,28.54
TRN3461,Superfast Express,Guntur,Tirupati,379,01:00,Cloudy,40,0.91,4.41,0.0,12.84
TRN3462,Intercity Express,Hyderabad,Warangal,611,18:00,Heavy Rain,31,62.32,5.61,2.99,34.68
TRN3463,Rajdhani Express,Vijayawada,Visakhapatnam,663,13:00,Clear,27,70.94,6.78,8.95,17.49
TRN3464,Garib Rath,Hyderabad,Warangal,176,06:00,Cloudy,18,77.54,0.89,12.84,7.43
TRN3465,Duronto Express,Guntur,Tirupati,155,20:00,Clear,35,17.67,7.45,9.76,13.73
TRN3466,Garib Rath,Nellore,Chennai,531,05:00,Cloudy,30,71.91,1.55,6.68,9.89
TRN3467,Garib Rath,Hyderabad,Vijayawada,617,09:00,Cloudy,39,69.38,0.0,0.0,9.14
TRN3468,Rajdhani Express,Kurnool,Hyderabad,359,19:00,Clear,41,46.85,8.05,14.8,17.94
TRN3469,Rajdhani Express,Hyderabad,Vijayawada,503,10:00,Heavy Rain,38,27.09,1.76,2.27,33.0
TRN3470,Intercity Express,Hyderabad,Warangal,556,18:00,Fog,32,7.21,3.42,12.5,27.19
TRN3471,Rajdhani Express,Nellore,Chennai,508,12:00,Rain,29,32.38,9.83,8.95,26.05
TRN3472,Intercity Express,Secunderabad,Nizamabad,467,20:00,Rain,27,56.77,2.47,13.51,29.15
TRN3473,Garib Rath,Kurnool,Hyderabad,341,12:00,Clear,32,76.36,4.39,3.0,6.47
TRN3474,Deccan Express,Vijayawada,Visakhapatnam,651,12:00,Clear,33,8.78,5.89,3.38,12.81
TRN3475,Intercity Express,Secunderabad,Nizamabad,457,00:00,Clear,33,41.86,2.66,2.09,14.99
TRN3476,Intercity Express,Guntur,Tirupati,348,01:00,Clear,37,63.26,5.47,4.59,8.11
TRN3477,Shatabdi Express,Hyderabad,Vijayawada,136,15:00,Clear,23,58.62,3.49,3.56,4.03
TRN3478,Deccan Express,Hyderabad,Vijayawada,568,04:00,Clear,37,56.68,0.0,13.26,14.4
TRN3479,Deccan Express,Hyderabad,Vijayawada,172,20:00,Rain,38,27.55,7.75,13.58,24.29
TRN3480,Intercity Express,Secunderabad,Nizamabad,532,20:00,Heavy Rain,18,71.47,6.17,2.8,31.95
TRN3481,Shatabdi Express,Vijayawada,Visakhapatnam,494,11:00,Clear,37,18.46,8.98,6.18,16.53
TRN3482,Superfast Express,Hyderabad,Warangal,170,18:00,Cloudy,31,10.62,3.08,11.4,14.03
TRN3483,Intercity Express,Nellore,Chennai,240,20:00,Heavy Rain,23,60.86,11.3,18.23,46.7
TRN3484,Deccan Express,Nellore,Chennai,645,01:00,Clear,39,0.4,0.0,12.16,16.13
TRN3485,Deccan Express,Kurnool,Hyderabad,573,19:00,Clear,28,34.67,3.38,20.75,31.4
TRN3486,Superfast Express,Hyderabad,Vijayawada,447,14:00,Clear,37,7.69,3.12,7.86,9.48
TRN3487,Vande Bharat,Hyderabad,Vijayawada,486,12:00,Cloudy,25,42.94,10.32,14.57,27.96
TRN3488,Krishna Express,Vijayawada,Visakhapatnam,433,14:00,Cloudy,20,7.34,7.64,15.4,14.24
TRN3489,Duronto Express,Kurnool,Hyderabad,603,18:00,Clear,30,15.45,5.19,11.24,23.28
TRN3490,Duronto Express,Secunderabad,Nizamabad,154,17:00,Clear,27,5.35,3.55,0.71,11.16
TRN3491,Rajdhani Express,Secunderabad,Nizamabad,540,08:00,Clear,41,78.05,10.32,11.57,34.63
TRN3492,Deccan Express,Vijayawada,Visakhapatnam,364,19:00,Cloudy,29,61.38,0.0,12.79,16.65
TRN3493,Garib Rath,Guntur,Tirupati,507,20:00,Rain,30,27.56,0.47,8.53,22.57
TRN3494,Deccan Express,Kurnool,Hyderabad,518,17:00,Clear,22,79.8,6.58,12.21,23.55
TRN3495,Garib Rath,Vijayawada,Visakhapatnam,399,11:00,Clear,28,34.18,4.99,10.79,15.52
TRN3496,Shatabdi Express,Hyderabad,Vijayawada,634,17:00,Clear,26,12.62,9.16,1.69,19.1
TRN3497,Vande Bharat,Hyderabad,Vijayawada,601,07:00,Cloudy,27,48.88,5.89,3.28,26.19
TRN3498,Krishna Express,Nellore,Chennai,130,14:00,Clear,34,72.26,4.84,22.17,14.61
TRN3499,Rajdhani Express,Hyderabad,Warangal,90,11:00,Cloudy,41,39.98,10.88,0.0,13.02
TRN3500,Garib Rath,Hyderabad,Warangal,600,19:00,Heavy Rain,37,17.63,4.98,4.15,33.32
TRN3501,Deccan Express,Guntur,Tirupati,624,13:00,Cloudy,23,39.88,9.73,4.46,17.95
TRN3502,Shatabdi Express,Hyderabad,Warangal,183,11:00,Cloudy,18,40.32,0.0,8.49,8.03
TRN3503,Deccan Express,Nellore,Chennai,210,04:00,Fog,38,72.97,3.55,4.84,17.75
TRN3504,Krishna Express,Vijayawada,Visakhapatnam,148,10:00,Heavy Rain,38,10.86,14.98,7.32,38.43
TRN3505,Krishna Express,Hyderabad,Warangal,90,02:00,Clear,39,15.71,9.21,9.04,10.92
TRN3506,Intercity Express,Vijayawada,Visakhapatnam,352,16:00,Clear,32,59.69,5.07,15.18,23.94
TRN3507,Vande Bharat,Guntur,Tirupati,352,14:00,Fog,40,18.49,5.92,0.0,26.49
TRN3508,Deccan Express,Hyderabad,Warangal,155,19:00,Cloudy,25,1.6,8.77,9.92,28.4
TRN3509,Krishna Express,Nellore,Chennai,639,23:00,Clear,31,48.65,7.89,0.62,13.64
TRN3510,Rajdhani Express,Hyderabad,Warangal,635,00:00,Heavy Rain,20,51.76,10.69,8.64,34.74
TRN3511,Jan Shatabdi,Kurnool,Hyderabad,399,07:00,Cloudy,23,54.66,7.83,21.88,34.03
TRN3512,Jan Shatabdi,Vijayawada,Visakhapatnam,628,09:00,Cloudy,38,13.51,0.0,13.09,23.72
TRN3513,Jan Shatabdi,Hyderabad,Warangal,699,08:00,Clear,19,10.26,4.03,17.82,26.31
TRN3514,Krishna Express,Secunderabad,Nizamabad,673,18:00,Cloudy,29,61.99,1.03,0.09,18.03
TRN3515,Intercity Express,Kurnool,Hyderabad,587,05:00,Cloudy,19,21.49,0.0,6.82,8.85
TRN3516,Deccan Express,Kurnool,Hyderabad,186,12:00,Clear,38,64.69,3.54,0.0,6.93
TRN3517,Shatabdi Express,Hyderabad,Warangal,442,01:00,Cloudy,23,67.36,4.82,0.63,12.49
TRN3518,Garib Rath,Hyderabad,Vijayawada,249,05:00,Cloudy,37,26.13,0.0,2.37,6.65
TRN3519,Vande Bharat,Nellore,Chennai,525,15:00,Clear,29,61.57,8.61,1.44,16.26
TRN3520,Duronto Express,Hyderabad,Vijayawada,378,18:00,Rain,25,69.01,7.17,7.71,22.17
TRN3521,Vande Bharat,Nellore,Chennai,211,18:00,Rain,28,36.55,5.44,8.25,23.28
TRN3522,Rajdhani Express,Hyderabad,Warangal,626,02:00,Heavy Rain,30,55.99,5.32,7.91,30.58
TRN3523,Vande Bharat,Guntur,Tirupati,394,21:00,Rain,24,67.25,3.1,12.29,29.6
TRN3524,Superfast Express,Vijayawada,Visakhapatnam,653,06:00,Heavy Rain,27,33.35,0.83,2.23,24.82
TRN3525,Vande Bharat,Nellore,Chennai,128,18:00,Clear,37,66.16,5.96,15.73,9.43
TRN3526,Superfast Express,Secunderabad,Nizamabad,473,08:00,Fog,20,34.72,6.97,3.38,26.24
TRN3527,Shatabdi Express,Nellore,Chennai,119,17:00,Clear,23,10.78,8.24,8.55,19.25
TRN3528,Deccan Express,Hyderabad,Vijayawada,580,11:00,Clear,31,36.26,0.61,14.13,13.35
TRN3529,Jan Shatabdi,Secunderabad,Nizamabad,657,15:00,Clear,18,35.6,11.92,19.0,25.34
TRN3530,Shatabdi Express,Secunderabad,Nizamabad,691,14:00,Rain,40,60.71,6.49,10.01,24.24
TRN3531,Duronto Express,Kurnool,Hyderabad,512,18:00,Rain,29,4.25,14.54,21.55,45.95
TRN3532,Vande Bharat,Nellore,Chennai,501,15:00,Clear,31,44.92,6.94,4.93,13.41
TRN3533,Deccan Express,Hyderabad,Vijayawada,336,04:00,Heavy Rain,36,40.67,0.0,11.41,26.41
TRN3534,Shatabdi Express,Vijayawada,Visakhapatnam,83,18:00,Heavy Rain,26,51.58,5.76,22.55,38.63
TRN3535,Duronto Express,Nellore,Chennai,256,17:00,Fog,26,74.63,4.17,4.32,26.15
TRN3536,Jan Shatabdi,Hyderabad,Vijayawada,398,21:00,Clear,32,53.78,13.8,10.82,27.63
TRN3537,Shatabdi Express,Hyderabad,Warangal,274,01:00,Clear,20,35.99,3.13,13.75,7.06
TRN3538,Shatabdi Express,Guntur,Tirupati,415,22:00,Clear,27,32.23,3.35,5.69,13.95
TRN3539,Intercity Express,Hyderabad,Warangal,294,21:00,Cloudy,22,21.3,6.38,8.37,23.51
TRN3540,Shatabdi Express,Vijayawada,Visakhapatnam,629,23:00,Clear,25,6.42,4.7,15.19,18.26
TRN3541,Deccan Express,Secunderabad,Nizamabad,579,17:00,Clear,32,50.63,5.0,8.16,11.35
TRN3542,Krishna Express,Nellore,Chennai,261,19:00,Cloudy,23,43.67,10.23,7.29,16.19
TRN3543,Krishna Express,Hyderabad,Vijayawada,627,08:00,Clear,39,69.55,4.94,0.0,19.74
TRN3544,Deccan Express,Kurnool,Hyderabad,111,22:00,Clear,32,50.55,6.93,7.33,7.03
TRN3545,Garib Rath,Hyderabad,Vijayawada,98,04:00,Clear,34,16.38,4.43,15.16,10.9
TRN3546,Vande Bharat,Hyderabad,Warangal,498,11:00,Cloudy,31,36.29,7.7,12.51,28.38
TRN3547,Jan Shatabdi,Hyderabad,Vijayawada,346,12:00,Fog,40,8.48,6.41,10.51,24.44
TRN3548,Garib Rath,Hyderabad,Warangal,112,07:00,Rain,22,53.61,7.56,4.71,26.84
TRN3549,Rajdhani Express,Kurnool,Hyderabad,209,12:00,Rain,25,74.09,2.25,19.36,25.95
TRN3550,Duronto Express,Kurnool,Hyderabad,318,11:00,Heavy Rain,29,49.62,1.32,8.38,27.49
TRN3551,Intercity Express,Hyderabad,Warangal,510,04:00,Clear,19,55.57,5.03,10.18,7.44
TRN3552,Duronto Express,Guntur,Tirupati,198,13:00,Fog,30,47.83,2.69,0.13,11.99
TRN3553,Deccan Express,Hyderabad,Warangal,508,09:00,Rain,32,39.83,9.64,0.0,41.09
TRN3554,Deccan Express,Guntur,Tirupati,649,02:00,Cloudy,23,22.49,7.22,9.12,19.28
TRN3555,Intercity Express,Nellore,Chennai,602,13:00,Fog,40,12.02,2.59,0.94,14.75
TRN3556,Shatabdi Express,Hyderabad,Warangal,564,19:00,Clear,26,15.72,5.1,9.62,24.79
TRN3557,Deccan Express,Vijayawada,Visakhapatnam,102,02:00,Clear,26,63.64,9.87,5.55,5.92
TRN3558,Jan Shatabdi,Hyderabad,Warangal,110,05:00,Clear,20,73.34,5.28,10.46,2.57
TRN3559,Vande Bharat,Vijayawada,Visakhapatnam,534,03:00,Cloudy,24,17.52,5.9,4.82,26.28
TRN3560,Rajdhani Express,Hyderabad,Warangal,529,15:00,Clear,27,2.35,5.53,4.82,17.76
TRN3561,Intercity Express,Kurnool,Hyderabad,617,13:00,Clear,36,15.76,9.11,0.0,21.06
TRN3562,Intercity Express,Hyderabad,Warangal,107,18:00,Cloudy,33,65.95,0.56,16.96,13.74
TRN3563,Shatabdi Express,Guntur,Tirupati,684,16:00,Cloudy,30,63.01,3.61,19.79,18.42
TRN3564,Deccan Express,Secunderabad,Nizamabad,641,20:00,Rain,22,61.57,1.52,15.9,17.51
TRN3565,Deccan Express,Vijayawada,Visakhapatnam,696,20:00,Clear,20,5.51,14.83,12.36,29.36
TRN3566,Deccan Express,Kurnool,Hyderabad,155,12:00,Clear,34,54.81,9.96,4.65,18.18
TRN3567,Garib Rath,Kurnool,Hyderabad,343,06:00,Rain,36,47.91,14.47,8.19,26.54
TRN3568,Krishna Express,Hyderabad,Warangal,373,22:00,Clear,36,55.04,1.72,0.43,0.0
TRN3569,Shatabdi Express,Hyderabad,Warangal,423,19:00,Clear,41,24.41,6.79,10.95,25.12
TRN3570,Deccan Express,Kurnool,Hyderabad,638,09:00,Clear,35,75.81,0.0,4.37,13.81
TRN3571,Jan Shatabdi,Hyderabad,Warangal,592,23:00,Clear,35,63.5,5.6,3.66,11.35
TRN3572,Superfast Express,Guntur,Tirupati,434,20:00,Clear,29,45.49,9.29,16.81,22.81
TRN3573,Krishna Express,Vijayawada,Visakhapatnam,390,00:00,Cloudy,24,22.0,8.45,0.26,10.62
TRN3574,Garib Rath,Hyderabad,Warangal,288,09:00,Cloudy,19,79.13,0.0,5.94,17.46
TRN3575,Krishna Express,Secunderabad,Nizamabad,677,14:00,Cloudy,36,9.43,4.32,5.25,15.51
TRN3576,Vande Bharat,Nellore,Chennai,124,14:00,Heavy Rain,32,77.24,0.51,4.0,16.15
TRN3577,Intercity Express,Kurnool,Hyderabad,187,05:00,Clear,36,40.45,4.43,16.83,20.13
TRN3578,Rajdhani Express,Hyderabad,Warangal,545,20:00,Rain,24,30.42,2.67,20.03,31.73
TRN3579,Jan Shatabdi,Nellore,Chennai,252,21:00,Clear,33,77.92,3.69,7.24,20.94
TRN3580,Deccan Express,Secunderabad,Nizamabad,619,14:00,Heavy Rain,27,76.83,6.08,0.0,23.28
TRN3581,Intercity Express,Guntur,Tirupati,254,09:00,Clear,39,62.8,1.74,21.72,21.22
TRN3582,Intercity Express,Nellore,Chennai,452,20:00,Clear,37,54.06,5.55,0.0,17.23
TRN3583,Krishna Express,Secunderabad,Nizamabad,94,08:00,Rain,23,35.48,0.42,3.62,13.38
TRN3584,Vande Bharat,Vijayawada,Visakhapatnam,143,19:00,Cloudy,23,71.92,4.58,4.61,11.19
TRN3585,Jan Shatabdi,Guntur,Tirupati,573,13:00,Clear,20,65.08,7.23,10.52,18.44
TRN3586,Duronto Express,Vijayawada,Visakhapatnam,571,01:00,Fog,25,72.55,3.13,5.15,24.41
TRN3587,Garib Rath,Hyderabad,Vijayawada,592,11:00,Cloudy,21,0.94,0.52,16.13,17.55
TRN3588,Superfast Express,Hyderabad,Vijayawada,467,05:00,Clear,25,69.93,2.57,0.0,14.09
TRN3589,Deccan Express,Guntur,Tirupati,599,03:00,Clear,25,76.59,3.8,6.08,9.86
TRN3590,Shatabdi Express,Guntur,Tirupati,530,03:00,Clear,19,68.64,4.59,4.87,10.9
TRN3591,Deccan Express,Kurnool,Hyderabad,282,09:00,Fog,19,21.66,3.05,1.85,21.79
TRN3592,Garib Rath,Vijayawada,Visakhapatnam,192,20:00,Rain,36,55.45,5.06,8.29,22.99
TRN3593,Duronto Express,Nellore,Chennai,214,20:00,Rain,28,21.55,12.29,7.51,29.46
TRN3594,Garib Rath,Vijayawada,Visakhapatnam,585,19:00,Rain,26,50.42,5.03,14.09,26.15
TRN3595,Intercity Express,Nellore,Chennai,300,08:00,Clear,37,70.3,8.59,9.45,22.9
TRN3596,Krishna Express,Kurnool,Hyderabad,261,20:00,Clear,33,21.22,0.97,18.7,15.96
TRN3597,Vande Bharat,Hyderabad,Vijayawada,372,17:00,Cloudy,26,19.22,11.12,18.05,30.55
TRN3598,Vande Bharat,Nellore,Chennai,681,05:00,Clear,29,0.14,2.94,17.24,19.54
TRN3599,Deccan Express,Kurnool,Hyderabad,685,19:00,Clear,32,17.85,6.16,0.0,19.53
TRN3600,Shatabdi Express,Nellore,Chennai,649,10:00,Cloudy,25,50.77,7.16,5.7,25.75
TRN3601,Garib Rath,Vijayawada,Visakhapatnam,233,09:00,Clear,31,7.7,2.78,10.34,19.31
TRN3602,Rajdhani Express,Hyderabad,Vijayawada,206,13:00,Cloudy,23,37.56,0.0,14.68,9.22
TRN3603,Rajdhani Express,Vijayawada,Visakhapatnam,151,22:00,Heavy Rain,20,13.3,10.79,11.6,35.3
TRN3604,Rajdhani Express,Vijayawada,Visakhapatnam,563,00:00,Clear,22,19.1,0.0,8.87,8.44
TRN3605,Shatabdi Express,Hyderabad,Vijayawada,687,11:00,Cloudy,35,76.77,1.74,2.75,11.38
TRN3606,Jan Shatabdi,Hyderabad,Warangal,319,15:00,Rain,40,63.88,3.29,14.89,15.79
TRN3607,Rajdhani Express,Kurnool,Hyderabad,148,17:00,Clear,19,42.5,3.15,10.69,24.33
TRN3608,Intercity Express,Hyderabad,Warangal,442,23:00,Cloudy,20,49.69,2.66,5.91,9.05
TRN3609,Krishna Express,Hyderabad,Warangal,329,17:00,Fog,22,15.72,2.55,14.74,30.85
TRN3610,Intercity Express,Hyderabad,Vijayawada,491,21:00,Clear,35,31.98,3.44,4.98,14.47
TRN3611,Rajdhani Express,Kurnool,Hyderabad,532,12:00,Rain,39,75.54,5.39,2.07,25.62
TRN3612,Duronto Express,Kurnool,Hyderabad,522,23:00,Clear,29,60.94,5.69,17.52,14.38
TRN3613,Superfast Express,Hyderabad,Warangal,105,03:00,Clear,37,21.54,5.08,0.0,8.93
TRN3614,Vande Bharat,Vijayawada,Visakhapatnam,367,11:00,Clear,18,30.3,6.19,9.47,19.4
TRN3615,Superfast Express,Hyderabad,Warangal,492,01:00,Clear,34,11.86,11.27,5.07,13.27
TRN3616,Shatabdi Express,Hyderabad,Warangal,396,07:00,Clear,31,32.18,4.39,0.0,12.71
TRN3617,Vande Bharat,Secunderabad,Nizamabad,204,13:00,Cloudy,35,49.53,0.0,8.39,8.93
TRN3618,Garib Rath,Secunderabad,Nizamabad,117,12:00,Clear,27,17.17,11.82,8.5,12.77
TRN3619,Rajdhani Express,Nellore,Chennai,399,11:00,Clear,41,30.61,10.2,0.0,16.52
TRN3620,Deccan Express,Hyderabad,Warangal,400,01:00,Clear,40,56.21,13.06,9.22,18.95
TRN3621,Krishna Express,Vijayawada,Visakhapatnam,635,19:00,Clear,21,51.89,11.34,15.39,28.55
TRN3622,Duronto Express,Secunderabad,Nizamabad,501,04:00,Clear,25,4.04,0.0,12.52,13.14
TRN3623,Intercity Express,Guntur,Tirupati,610,18:00,Clear,27,78.27,1.12,13.91,22.38
TRN3624,Jan Shatabdi,Guntur,Tirupati,422,13:00,Rain,26,51.22,14.59,16.15,33.36
TRN3625,Garib Rath,Hyderabad,Vijayawada,513,16:00,Rain,38,57.37,0.0,10.96,18.64
TRN3626,Jan Shatabdi,Vijayawada,Visakhapatnam,109,08:00,Clear,26,51.41,3.41,14.99,23.52
TRN3627,Intercity Express,Secunderabad,Nizamabad,236,07:00,Clear,33,39.7,0.88,0.0,16.94
TRN3628,Shatabdi Express,Kurnool,Hyderabad,680,00:00,Rain,39,57.29,6.79,12.22,22.75
TRN3629,Rajdhani Express,Hyderabad,Vijayawada,338,18:00,Clear,32,74.94,7.5,13.78,24.33
TRN3630,Deccan Express,Kurnool,Hyderabad,171,08:00,Clear,34,17.06,10.27,1.19,28.99
TRN3631,Jan Shatabdi,Hyderabad,Warangal,429,00:00,Fog,23,37.36,2.79,8.77,14.62
TRN3632,Superfast Express,Guntur,Tirupati,592,13:00,Heavy Rain,38,29.16,2.59,12.63,32.38
TRN3633,Superfast Express,Vijayawada,Visakhapatnam,673,19:00,Rain,26,32.33,3.15,8.38,20.89
TRN3634,Krishna Express,Nellore,Chennai,372,21:00,Cloudy,24,75.25,11.5,13.83,24.49
TRN3635,Superfast Express,Vijayawada,Visakhapatnam,456,19:00,Cloudy,38,45.34,11.66,5.36,30.35
TRN3636,Krishna Express,Nellore,Chennai,149,12:00,Rain,28,43.24,3.66,18.12,20.25
TRN3637,Shatabdi Express,Hyderabad,Vijayawada,611,17:00,Heavy Rain,34,54.44,15.73,8.47,41.05
TRN3638,Deccan Express,Guntur,Tirupati,658,06:00,Clear,20,27.15,5.98,13.74,13.7
TRN3639,Duronto Express,Vijayawada,Visakhapatnam,535,17:00,Cloudy,27,69.29,0.0,15.96,14.45
TRN3640,Superfast Express,Guntur,Tirupati,270,01:00,Rain,37,50.39,9.15,8.45,21.28
TRN3641,Garib Rath,Nellore,Chennai,492,14:00,Rain,34,56.63,1.35,12.05,22.29
TRN3642,Intercity Express,Nellore,Chennai,553,13:00,Cloudy,41,19.99,6.14,21.99,18.56
TRN3643,Shatabdi Express,Vijayawada,Visakhapatnam,342,15:00,Rain,29,58.16,3.86,17.88,22.74
TRN3644,Jan Shatabdi,Hyderabad,Vijayawada,221,19:00,Cloudy,20,61.62,5.05,0.0,19.07
TRN3645,Shatabdi Express,Hyderabad,Vijayawada,460,05:00,Clear,32,47.71,0.4,7.54,9.21
TRN3646,Superfast Express,Kurnool,Hyderabad,180,21:00,Clear,27,17.86,6.84,7.09,16.49
TRN3647,Superfast Express,Hyderabad,Warangal,643,21:00,Cloudy,40,26.43,5.02,3.86,20.4
TRN3648,Krishna Express,Hyderabad,Vijayawada,354,11:00,Rain,38,60.5,2.57,0.0,10.22
TRN3649,Duronto Express,Kurnool,Hyderabad,312,15:00,Cloudy,20,45.59,18.19,0.0,15.4
TRN3650,Rajdhani Express,Nellore,Chennai,494,21:00,Fog,21,22.2,0.0,23.72,32.66
TRN3651,Krishna Express,Hyderabad,Warangal,234,17:00,Clear,31,27.03,2.28,7.21,11.4
TRN3652,Intercity Express,Hyderabad,Vijayawada,610,02:00,Cloudy,20,70.95,9.26,0.01,13.15
TRN3653,Shatabdi Express,Hyderabad,Warangal,352,21:00,Clear,34,14.81,9.98,7.13,20.35
TRN3654,Rajdhani Express,Nellore,Chennai,221,12:00,Rain,40,14.9,1.97,5.09,10.04
TRN3655,Intercity Express,Secunderabad,Nizamabad,189,01:00,Clear,26,21.65,7.4,14.99,23.92
TRN3656,Krishna Express,Kurnool,Hyderabad,605,12:00,Rain,30,34.87,6.32,21.5,27.97
TRN3657,Intercity Express,Nellore,Chennai,103,21:00,Clear,34,10.47,6.01,9.77,19.11
TRN3658,Deccan Express,Kurnool,Hyderabad,374,17:00,Clear,33,67.89,4.87,2.46,13.1
TRN3659,Deccan Express,Kurnool,Hyderabad,425,07:00,Rain,33,53.26,7.74,9.08,26.54
TRN3660,Deccan Express,Secunderabad,Nizamabad,380,01:00,Clear,23,37.28,12.8,6.67,25.51
TRN3661,Vande Bharat,Vijayawada,Visakhapatnam,519,02:00,Rain,34,35.9,5.64,0.87,15.33
TRN3662,Vande Bharat,Nellore,Chennai,151,00:00,Heavy Rain,22,0.78,0.0,0.0,15.45
TRN3663,Krishna Express,Secunderabad,Nizamabad,370,05:00,Fog,35,40.96,1.98,13.01,27.46
TRN3664,Krishna Express,Guntur,Tirupati,545,05:00,Clear,35,9.11,3.39,28.51,27.62
TRN3665,Garib Rath,Guntur,Tirupati,580,09:00,Clear,24,60.52,8.62,18.99,31.34
TRN3666,Jan Shatabdi,Nellore,Chennai,665,18:00,Rain,21,5.92,5.41,2.26,23.38
TRN3667,Deccan Express,Kurnool,Hyderabad,594,00:00,Clear,33,22.44,11.52,3.39,18.01
TRN3668,Garib Rath,Kurnool,Hyderabad,100,18:00,Rain,25,17.04,5.95,12.76,29.5
TRN3669,Shatabdi Express,Guntur,Tirupati,137,23:00,Rain,32,50.38,11.76,14.9,23.52
TRN3670,Duronto Express,Nellore,Chennai,208,02:00,Clear,28,20.12,1.67,12.9,5.46
TRN3671,Garib Rath,Vijayawada,Visakhapatnam,588,18:00,Clear,33,53.59,5.1,15.89,24.25
TRN3672,Vande Bharat,Hyderabad,Vijayawada,568,09:00,Cloudy,33,30.94,10.98,0.0,29.33
TRN3673,Intercity Express,Kurnool,Hyderabad,691,07:00,Cloudy,24,43.45,9.13,0.0,23.27
TRN3674,Superfast Express,Secunderabad,Nizamabad,468,04:00,Clear,20,43.3,0.0,10.4,10.71
TRN3675,Intercity Express,Vijayawada,Visakhapatnam,257,15:00,Cloudy,34,21.35,4.07,0.0,1.6
TRN3676,Superfast Express,Secunderabad,Nizamabad,404,03:00,Clear,33,76.25,5.11,15.47,13.51
TRN3677,Duronto Express,Nellore,Chennai,617,23:00,Clear,20,7.06,0.99,19.15,13.48
TRN3678,Intercity Express,Kurnool,Hyderabad,671,13:00,Clear,39,68.29,6.12,14.58,21.21
TRN3679,Duronto Express,Hyderabad,Warangal,344,11:00,Clear,36,78.5,5.59,1.45,8.31
TRN3680,Deccan Express,Guntur,Tirupati,271,10:00,Clear,34,0.68,3.94,8.58,19.77
TRN3681,Superfast Express,Hyderabad,Warangal,129,11:00,Clear,36,10.51,10.46,0.0,7.72
TRN3682,Intercity Express,Vijayawada,Visakhapatnam,559,16:00,Clear,19,10.19,5.62,9.76,16.58
TRN3683,Deccan Express,Hyderabad,Vijayawada,680,23:00,Cloudy,27,49.82,5.82,4.82,26.15
TRN3684,Superfast Express,Nellore,Chennai,374,22:00,Fog,33,9.0,4.52,0.0,20.21
TRN3685,Jan Shatabdi,Hyderabad,Vijayawada,255,01:00,Clear,39,37.54,6.97,12.03,11.87
TRN3686,Jan Shatabdi,Kurnool,Hyderabad,241,03:00,Clear,27,44.16,12.7,4.26,11.88
TRN3687,Duronto Express,Secunderabad,Nizamabad,174,00:00,Clear,32,77.98,11.08,13.11,18.97
TRN3688,Vande Bharat,Kurnool,Hyderabad,570,04:00,Rain,29,18.25,2.06,2.98,10.38
TRN3689,Krishna Express,Hyderabad,Vijayawada,121,12:00,Clear,28,44.81,0.0,0.0,0.0
TRN3690,Deccan Express,Hyderabad,Warangal,259,23:00,Rain,38,22.96,4.73,8.22,26.08
TRN3691,Vande Bharat,Nellore,Chennai,276,12:00,Clear,26,67.81,5.29,13.75,18.32
TRN3692,Garib Rath,Hyderabad,Warangal,305,18:00,Clear,34,48.34,1.37,8.02,15.75
TRN3693,Deccan Express,Guntur,Tirupati,372,11:00,Clear,19,20.91,4.1,3.72,13.48
TRN3694,Vande Bharat,Hyderabad,Vijayawada,194,17:00,Heavy Rain,39,36.61,0.23,4.04,29.63
TRN3695,Superfast Express,Hyderabad,Vijayawada,489,09:00,Clear,30,26.44,2.16,14.62,25.37
TRN3696,Rajdhani Express,Guntur,Tirupati,698,20:00,Clear,31,55.47,2.4,12.28,29.86
TRN3697,Intercity Express,Vijayawada,Visakhapatnam,519,06:00,Clear,33,43.98,8.0,4.66,15.66
TRN3698,Jan Shatabdi,Kurnool,Hyderabad,631,12:00,Rain,41,57.7,4.16,2.04,19.25
TRN3699,Intercity Express,Hyderabad,Vijayawada,157,09:00,Clear,31,15.45,3.02,16.16,24.22
TRN3700,Rajdhani Express,Nellore,Chennai,662,19:00,Rain,40,60.46,0.0,7.69,27.28
TRN3701,Garib Rath,Hyderabad,Warangal,638,16:00,Rain,40,28.45,4.14,0.0,17.49
TRN3702,Deccan Express,Kurnool,Hyderabad,685,15:00,Clear,25,64.44,0.0,8.98,11.79
TRN3703,Superfast Express,Hyderabad,Vijayawada,542,21:00,Cloudy,30,8.78,14.79,0.0,27.46
TRN3704,Deccan Express,Guntur,Tirupati,554,19:00,Clear,41,24.6,8.01,8.45,27.23
TRN3705,Intercity Express,Kurnool,Hyderabad,649,11:00,Heavy Rain,35,7.86,7.68,7.78,39.92
TRN3706,Intercity Express,Hyderabad,Warangal,140,08:00,Fog,22,71.34,7.78,18.37,31.25
TRN3707,Duronto Express,Nellore,Chennai,181,22:00,Clear,30,17.58,5.16,4.2,13.5
TRN3708,Jan Shatabdi,Guntur,Tirupati,381,19:00,Rain,20,36.08,5.4,0.0,25.75
TRN3709,Deccan Express,Secunderabad,Nizamabad,672,08:00,Heavy Rain,22,65.93,1.42,13.3,31.65
TRN3710,Intercity Express,Kurnool,Hyderabad,169,13:00,Heavy Rain,25,64.65,1.65,20.36,25.49
TRN3711,Rajdhani Express,Kurnool,Hyderabad,471,21:00,Clear,26,28.54,8.38,9.03,25.04
TRN3712,Duronto Express,Guntur,Tirupati,554,08:00,Rain,31,46.36,0.93,8.98,19.03
TRN3713,Shatabdi Express,Hyderabad,Vijayawada,422,05:00,Clear,37,16.05,7.27,19.35,18.67
TRN3714,Intercity Express,Guntur,Tirupati,125,17:00,Cloudy,26,25.72,3.02,12.74,17.31
TRN3715,Jan Shatabdi,Hyderabad,Vijayawada,334,19:00,Clear,27,78.04,11.15,7.12,23.28
TRN3716,Jan Shatabdi,Secunderabad,Nizamabad,591,04:00,Rain,20,75.49,11.31,24.01,33.88
TRN3717,Krishna Express,Kurnool,Hyderabad,669,10:00,Cloudy,23,79.79,8.26,14.22,30.03
TRN3718,Duronto Express,Nellore,Chennai,481,04:00,Heavy Rain,22,49.87,2.41,4.87,20.07
TRN3719,Deccan Express,Nellore,Chennai,379,06:00,Clear,29,23.44,7.12,0.0,5.98
TRN3720,Vande Bharat,Secunderabad,Nizamabad,362,01:00,Clear,34,51.87,6.01,11.8,14.21
TRN3721,Intercity Express,Guntur,Tirupati,322,12:00,Cloudy,38,52.94,1.5,1.18,8.3
TRN3722,Krishna Express,Guntur,Tirupati,162,15:00,Clear,29,62.34,2.58,0.0,6.06
TRN3723,Jan Shatabdi,Vijayawada,Visakhapatnam,407,19:00,Cloudy,27,13.68,9.61,9.44,22.18
TRN3724,Superfast Express,Secunderabad,Nizamabad,530,20:00,Clear,26,72.47,0.94,0.59,15.73
TRN3725,Shatabdi Express,Hyderabad,Vijayawada,358,14:00,Clear,39,41.07,0.46,0.0,11.03
TRN3726,Vande Bharat,Hyderabad,Warangal,142,07:00,Clear,25,59.69,7.22,0.0,13.73
TRN3727,Vande Bharat,Hyderabad,Warangal,581,04:00,Cloudy,24,50.93,14.17,13.74,23.72
TRN3728,Shatabdi Express,Nellore,Chennai,295,05:00,Clear,22,53.32,7.1,2.1,11.02
TRN3729,Superfast Express,Nellore,Chennai,586,20:00,Clear,39,57.03,0.0,5.0,4.55
TRN3730,Superfast Express,Hyderabad,Warangal,214,10:00,Rain,19,51.58,6.81,9.72,32.23
TRN3731,Superfast Express,Kurnool,Hyderabad,675,15:00,Rain,34,78.86,6.39,9.98,20.39
TRN3732,Garib Rath,Secunderabad,Nizamabad,330,21:00,Clear,21,33.15,7.32,0.0,12.08
TRN3733,Shatabdi Express,Hyderabad,Warangal,547,01:00,Clear,35,60.64,1.54,9.27,13.02
TRN3734,Krishna Express,Nellore,Chennai,556,13:00,Heavy Rain,33,77.69,5.37,11.53,28.1
TRN3735,Krishna Express,Vijayawada,Visakhapatnam,101,14:00,Clear,24,2.67,10.0,5.63,19.16
TRN3736,Duronto Express,Hyderabad,Vijayawada,288,19:00,Heavy Rain,25,72.15,0.0,16.52,24.4
TRN3737,Intercity Express,Vijayawada,Visakhapatnam,209,08:00,Clear,34,68.33,8.52,6.54,20.74
TRN3738,Krishna Express,Hyderabad,Warangal,639,06:00,Clear,21,60.52,5.85,1.92,19.7
TRN3739,Intercity Express,Secunderabad,Nizamabad,298,10:00,Rain,41,74.33,4.93,14.25,37.87
TRN3740,Vande Bharat,Guntur,Tirupati,537,18:00,Cloudy,18,24.83,4.03,0.0,22.58
TRN3741,Rajdhani Express,Guntur,Tirupati,440,18:00,Clear,37,7.15,3.3,13.65,15.12
TRN3742,Superfast Express,Hyderabad,Vijayawada,272,02:00,Clear,28,36.18,7.72,2.72,11.03
TRN3743,Deccan Express,Guntur,Tirupati,616,16:00,Clear,36,11.57,1.28,4.6,8.79
TRN3744,Duronto Express,Hyderabad,Vijayawada,376,21:00,Rain,21,54.03,4.01,4.29,24.06
TRN3745,Intercity Express,Kurnool,Hyderabad,608,18:00,Cloudy,35,64.12,0.0,9.1,15.89
TRN3746,Superfast Express,Nellore,Chennai,310,08:00,Heavy Rain,28,50.37,0.0,11.41,25.39
TRN3747,Garib Rath,Kurnool,Hyderabad,547,03:00,Clear,20,27.06,5.4,4.27,6.1
TRN3748,Rajdhani Express,Nellore,Chennai,231,10:00,Clear,26,69.95,0.0,0.0,7.66
TRN3749,Rajdhani Express,Secunderabad,Nizamabad,447,08:00,Clear,32,35.73,9.65,2.01,28.17
TRN3750,Jan Shatabdi,Nellore,Chennai,578,05:00,Rain,23,22.64,7.14,0.0,16.46
TRN3751,Rajdhani Express,Kurnool,Hyderabad,298,16:00,Clear,19,26.04,4.23,7.27,11.5
TRN3752,Intercity Express,Secunderabad,Nizamabad,304,20:00,Clear,33,14.66,1.89,20.57,13.83
TRN3753,Deccan Express,Hyderabad,Warangal,295,18:00,Cloudy,40,12.19,3.21,9.08,16.77
TRN3754,Shatabdi Express,Kurnool,Hyderabad,376,00:00,Clear,40,20.62,2.85,6.45,1.39
TRN3755,Garib Rath,Kurnool,Hyderabad,385,13:00,Clear,29,15.74,2.32,12.99,11.17
TRN3756,Duronto Express,Kurnool,Hyderabad,223,00:00,Rain,28,32.15,1.28,9.26,10.77
TRN3757,Krishna Express,Hyderabad,Warangal,131,18:00,Clear,21,2.37,3.38,0.0,10.75
TRN3758,Duronto Express,Hyderabad,Warangal,236,22:00,Cloudy,29,38.54,13.97,18.24,24.67
TRN3759,Shatabdi Express,Guntur,Tirupati,546,12:00,Cloudy,27,79.56,1.38,8.28,10.16
TRN3760,Shatabdi Express,Nellore,Chennai,113,06:00,Cloudy,30,56.21,1.25,7.33,2.12
TRN3761,Krishna Express,Guntur,Tirupati,401,19:00,Rain,22,54.9,10.88,7.55,28.66
TRN3762,Garib Rath,Hyderabad,Warangal,684,04:00,Fog,33,37.07,7.63,0.67,23.2
TRN3763,Deccan Express,Hyderabad,Warangal,446,22:00,Clear,28,55.56,14.29,13.69,27.5
TRN3764,Superfast Express,Secunderabad,Nizamabad,634,10:00,Cloudy,23,3.53,8.71,3.9,34.17
TRN3765,Krishna Express,Hyderabad,Warangal,139,17:00,Heavy Rain,41,63.26,1.54,14.61,30.1
TRN3766,Shatabdi Express,Hyderabad,Vijayawada,546,04:00,Rain,27,37.51,1.04,18.81,20.07
TRN3767,Shatabdi Express,Guntur,Tirupati,359,19:00,Clear,20,49.38,9.68,0.0,15.7
TRN3768,Shatabdi Express,Guntur,Tirupati,552,11:00,Clear,27,44.54,5.53,10.4,18.23
TRN3769,Shatabdi Express,Vijayawada,Visakhapatnam,120,17:00,Cloudy,29,35.51,3.01,15.07,11.9
TRN3770,Vande Bharat,Secunderabad,Nizamabad,295,01:00,Rain,28,70.46,0.29,20.26,14.38
TRN3771,Deccan Express,Hyderabad,Warangal,109,00:00,Clear,38,1.31,3.42,10.71,13.5
TRN3772,Jan Shatabdi,Kurnool,Hyderabad,544,22:00,Heavy Rain,22,53.0,3.43,0.0,18.65
TRN3773,Jan Shatabdi,Nellore,Chennai,646,14:00,Clear,21,26.22,9.94,0.0,13.34
TRN3774,Superfast Express,Hyderabad,Vijayawada,443,19:00,Clear,24,55.65,2.11,6.03,22.94
TRN3775,Jan Shatabdi,Hyderabad,Vijayawada,335,06:00,Heavy Rain,30,78.98,5.01,7.03,26.28
TRN3776,Deccan Express,Vijayawada,Visakhapatnam,454,21:00,Clear,35,17.62,3.3,2.27,18.96
TRN3777,Vande Bharat,Hyderabad,Warangal,103,03:00,Cloudy,41,11.31,2.35,6.89,6.87
TRN3778,Krishna Express,Hyderabad,Warangal,433,03:00,Rain,38,75.49,11.27,8.2,22.57
TRN3779,Rajdhani Express,Vijayawada,Visakhapatnam,551,12:00,Rain,22,23.86,4.62,0.0,23.34
TRN3780,Deccan Express,Hyderabad,Vijayawada,665,06:00,Cloudy,29,73.16,5.98,6.95,22.08
TRN3781,Garib Rath,Secunderabad,Nizamabad,490,02:00,Rain,18,14.39,6.39,17.26,26.9
TRN3782,Deccan Express,Secunderabad,Nizamabad,201,09:00,Clear,39,27.81,4.95,24.42,27.35
TRN3783,Shatabdi Express,Nellore,Chennai,394,14:00,Cloudy,37,6.59,2.3,18.56,8.77
TRN3784,Krishna Express,Kurnool,Hyderabad,80,08:00,Clear,25,59.46,7.34,14.8,20.87
TRN3785,Duronto Express,Kurnool,Hyderabad,308,04:00,Cloudy,31,67.82,5.74,6.53,13.43
TRN3786,Superfast Express,Hyderabad,Warangal,148,11:00,Clear,22,66.98,11.12,8.15,14.98
TRN3787,Duronto Express,Guntur,Tirupati,613,05:00,Clear,18,18.73,6.03,2.62,12.23
TRN3788,Garib Rath,Hyderabad,Vijayawada,617,19:00,Clear,23,3.91,1.89,6.81,18.28
TRN3789,Shatabdi Express,Hyderabad,Warangal,578,05:00,Heavy Rain,24,34.82,7.13,10.25,33.81
TRN3790,Shatabdi Express,Kurnool,Hyderabad,424,15:00,Cloudy,22,14.01,6.05,0.0,7.81
TRN3791,Duronto Express,Kurnool,Hyderabad,288,10:00,Clear,32,66.82,4.16,14.72,19.0
TRN3792,Rajdhani Express,Vijayawada,Visakhapatnam,459,19:00,Clear,36,73.87,4.33,9.15,21.79
TRN3793,Garib Rath,Hyderabad,Vijayawada,542,12:00,Fog,22,1.33,5.88,14.68,25.35
TRN3794,Vande Bharat,Hyderabad,Warangal,252,23:00,Clear,26,68.55,5.37,2.1,17.73
TRN3795,Shatabdi Express,Nellore,Chennai,251,03:00,Cloudy,27,60.4,4.83,0.0,4.55
TRN3796,Krishna Express,Kurnool,Hyderabad,82,19:00,Clear,40,32.66,0.0,6.73,10.21
TRN3797,Duronto Express,Kurnool,Hyderabad,263,00:00,Clear,33,67.84,5.06,14.03,17.3
TRN3798,Superfast Express,Hyderabad,Vijayawada,287,17:00,Clear,21,29.74,11.11,9.76,27.39
TRN3799,Shatabdi Express,Secunderabad,Nizamabad,93,12:00,Clear,27,62.34,0.0,12.94,5.0
TRN3800,Rajdhani Express,Nellore,Chennai,609,18:00,Cloudy,23,19.88,3.22,4.96,19.38
TRN3801,Garib Rath,Secunderabad,Nizamabad,693,20:00,Rain,22,5.64,2.72,0.0,27.79
TRN3802,Jan Shatabdi,Hyderabad,Warangal,87,07:00,Fog,37,70.98,10.3,9.57,33.23
TRN3803,Vande Bharat,Hyderabad,Vijayawada,236,05:00,Rain,36,68.46,1.62,8.98,15.03
TRN3804,Superfast Express,Nellore,Chennai,383,07:00,Fog,18,10.54,9.66,28.24,45.13
TRN3805,Rajdhani Express,Guntur,Tirupati,614,04:00,Clear,33,40.78,4.45,12.22,12.6
TRN3806,Jan Shatabdi,Nellore,Chennai,647,18:00,Cloudy,27,49.02,0.52,15.52,24.38
TRN3807,Deccan Express,Hyderabad,Warangal,590,17:00,Rain,24,32.97,3.94,9.05,20.71
TRN3808,Jan Shatabdi,Secunderabad,Nizamabad,479,21:00,Clear,39,32.99,3.98,16.72,23.45
TRN3809,Shatabdi Express,Hyderabad,Vijayawada,531,02:00,Rain,29,25.78,6.72,0.0,21.86
TRN3810,Vande Bharat,Kurnool,Hyderabad,693,14:00,Clear,22,7.54,1.55,0.0,14.46
TRN3811,Rajdhani Express,Guntur,Tirupati,430,16:00,Clear,32,21.18,8.85,7.41,13.25
TRN3812,Duronto Express,Hyderabad,Warangal,146,09:00,Clear,32,37.72,7.87,0.0,13.86
TRN3813,Garib Rath,Secunderabad,Nizamabad,566,04:00,Clear,34,6.89,3.02,4.49,7.28
TRN3814,Intercity Express,Hyderabad,Warangal,206,19:00,Cloudy,24,50.64,11.62,18.46,31.56
TRN3815,Jan Shatabdi,Secunderabad,Nizamabad,128,10:00,Cloudy,29,67.11,13.84,5.9,28.25
TRN3816,Deccan Express,Guntur,Tirupati,652,03:00,Cloudy,34,72.0,5.58,4.64,16.61
TRN3817,Jan Shatabdi,Hyderabad,Warangal,588,11:00,Cloudy,24,48.83,3.25,11.1,19.55
TRN3818,Krishna Express,Hyderabad,Warangal,86,21:00,Clear,36,14.15,7.71,10.98,20.47
TRN3819,Krishna Express,Hyderabad,Warangal,603,07:00,Rain,19,52.92,3.68,2.33,28.67
TRN3820,Jan Shatabdi,Nellore,Chennai,551,02:00,Rain,35,70.25,0.0,4.18,14.36
TRN3821,Shatabdi Express,Nellore,Chennai,257,23:00,Rain,39,48.81,4.15,1.5,16.59
TRN3822,Shatabdi Express,Kurnool,Hyderabad,215,01:00,Clear,29,10.19,8.69,7.68,16.99
TRN3823,Garib Rath,Kurnool,Hyderabad,183,01:00,Clear,22,69.39,10.06,0.0,4.95
TRN3824,Rajdhani Express,Secunderabad,Nizamabad,503,19:00,Clear,40,53.25,6.54,5.98,28.73
TRN3825,Shatabdi Express,Secunderabad,Nizamabad,234,11:00,Cloudy,19,14.36,4.37,12.47,3.5
TRN3826,Rajdhani Express,Secunderabad,Nizamabad,591,08:00,Clear,34,23.7,1.64,16.13,26.15
TRN3827,Garib Rath,Vijayawada,Visakhapatnam,277,15:00,Cloudy,38,24.66,4.74,20.51,13.63
TRN3828,Duronto Express,Hyderabad,Warangal,217,01:00,Fog,37,53.38,9.29,3.74,20.02
TRN3829,Jan Shatabdi,Guntur,Tirupati,395,04:00,Rain,35,15.25,11.07,12.13,33.22
TRN3830,Superfast Express,Hyderabad,Vijayawada,665,04:00,Clear,21,68.87,3.49,0.0,6.6
TRN3831,Garib Rath,Kurnool,Hyderabad,193,08:00,Clear,22,29.61,1.4,6.33,11.3
TRN3832,Superfast Express,Guntur,Tirupati,480,09:00,Clear,37,64.33,3.02,15.92,23.72
TRN3833,Vande Bharat,Nellore,Chennai,647,20:00,Heavy Rain,28,50.12,7.55,13.82,45.67
TRN3834,Shatabdi Express,Vijayawada,Visakhapatnam,208,13:00,Rain,25,29.11,3.92,2.4,6.45
TRN3835,Duronto Express,Hyderabad,Warangal,276,10:00,Clear,38,30.84,0.0,18.33,14.39
TRN3836,Krishna Express,Guntur,Tirupati,317,10:00,Clear,19,11.2,6.41,8.77,30.61
TRN3837,Garib Rath,Secunderabad,Nizamabad,667,02:00,Cloudy,36,61.82,8.08,1.91,12.15
TRN3838,Deccan Express,Secunderabad,Nizamabad,489,05:00,Rain,29,56.18,6.14,0.0,19.81
TRN3839,Superfast Express,Kurnool,Hyderabad,90,16:00,Cloudy,31,31.1,9.28,0.0,13.96
TRN3840,Rajdhani Express,Nellore,Chennai,344,14:00,Clear,19,21.82,4.61,1.98,5.47
TRN3841,Superfast Express,Secunderabad,Nizamabad,374,10:00,Clear,25,77.89,4.86,0.79,13.49
TRN3842,Vande Bharat,Nellore,Chennai,157,12:00,Heavy Rain,20,59.76,4.22,9.2,22.16
TRN3843,Superfast Express,Hyderabad,Vijayawada,635,08:00,Heavy Rain,41,56.72,0.4,11.63,29.04
TRN3844,Intercity Express,Kurnool,Hyderabad,682,22:00,Clear,22,7.02,3.84,1.51,9.56
TRN3845,Garib Rath,Hyderabad,Vijayawada,193,03:00,Clear,40,31.38,7.02,7.63,13.59
TRN3846,Shatabdi Express,Nellore,Chennai,429,11:00,Clear,37,53.4,2.74,7.08,8.44
TRN3847,Superfast Express,Hyderabad,Warangal,497,03:00,Fog,35,29.6,2.44,1.69,17.51
TRN3848,Garib Rath,Vijayawada,Visakhapatnam,621,08:00,Fog,37,30.57,11.4,9.17,36.35
TRN3849,Intercity Express,Secunderabad,Nizamabad,239,11:00,Clear,33,16.01,5.82,20.34,12.62
TRN3850,Vande Bharat,Hyderabad,Vijayawada,312,04:00,Clear,21,47.38,6.83,10.02,14.33
TRN3851,Duronto Express,Vijayawada,Visakhapatnam,167,15:00,Clear,27,51.65,9.39,19.6,22.16
TRN3852,Shatabdi Express,Vijayawada,Visakhapatnam,436,14:00,Clear,25,23.72,5.67,35.32,33.39
TRN3853,Vande Bharat,Vijayawada,Visakhapatnam,299,00:00,Cloudy,32,55.94,6.45,17.74,19.14
TRN3854,Garib Rath,Hyderabad,Vijayawada,449,12:00,Rain,39,19.44,9.42,23.17,27.95
TRN3855,Deccan Express,Kurnool,Hyderabad,648,20:00,Cloudy,28,69.23,3.1,0.0,15.73
TRN3856,Shatabdi Express,Secunderabad,Nizamabad,647,04:00,Cloudy,21,43.76,8.64,8.65,17.41
TRN3857,Vande Bharat,Secunderabad,Nizamabad,567,09:00,Cloudy,19,58.92,3.07,2.95,24.11
TRN3858,Duronto Express,Guntur,Tirupati,126,21:00,Clear,40,15.78,0.62,14.28,17.31
TRN3859,Rajdhani Express,Kurnool,Hyderabad,571,15:00,Clear,33,73.49,7.23,6.75,17.75
TRN3860,Superfast Express,Kurnool,Hyderabad,487,20:00,Clear,39,36.52,4.82,9.64,17.58
TRN3861,Intercity Express,Kurnool,Hyderabad,629,04:00,Clear,31,6.31,12.37,8.04,26.69
TRN3862,Intercity Express,Guntur,Tirupati,231,22:00,Clear,39,15.96,6.1,10.64,15.43
TRN3863,Jan Shatabdi,Nellore,Chennai,324,14:00,Clear,32,50.42,6.82,9.18,14.28
TRN3864,Jan Shatabdi,Hyderabad,Vijayawada,541,16:00,Clear,40,48.27,6.56,5.81,12.2
TRN3865,Vande Bharat,Vijayawada,Visakhapatnam,398,17:00,Cloudy,29,58.55,4.22,14.95,15.44
TRN3866,Garib Rath,Kurnool,Hyderabad,375,06:00,Cloudy,21,52.57,2.03,2.51,0.0
TRN3867,Duronto Express,Vijayawada,Visakhapatnam,384,11:00,Clear,26,0.59,5.18,7.18,8.72
TRN3868,Krishna Express,Vijayawada,Visakhapatnam,355,08:00,Cloudy,23,67.91,4.07,0.0,10.33
TRN3869,Vande Bharat,Hyderabad,Vijayawada,228,21:00,Clear,35,57.99,10.78,12.41,20.99
TRN3870,Deccan Express,Hyderabad,Vijayawada,593,17:00,Clear,40,70.37,7.5,8.45,26.43
TRN3871,Shatabdi Express,Guntur,Tirupati,482,14:00,Cloudy,25,17.07,2.68,10.88,3.06
TRN3872,Intercity Express,Nellore,Chennai,482,08:00,Fog,27,20.95,3.78,8.56,35.51
TRN3873,Duronto Express,Hyderabad,Vijayawada,243,07:00,Cloudy,41,73.77,6.48,3.83,23.06
TRN3874,Shatabdi Express,Nellore,Chennai,609,05:00,Clear,36,35.39,4.2,14.57,21.8
TRN3875,Garib Rath,Hyderabad,Vijayawada,601,20:00,Rain,30,7.37,10.52,0.0,24.57
TRN3876,Deccan Express,Nellore,Chennai,634,20:00,Rain,36,1.99,2.1,10.39,18.95
TRN3877,Garib Rath,Guntur,Tirupati,518,18:00,Rain,38,29.36,12.7,13.52,41.15
TRN3878,Jan Shatabdi,Hyderabad,Vijayawada,528,19:00,Clear,36,43.35,0.11,5.52,17.1
TRN3879,Vande Bharat,Hyderabad,Warangal,166,02:00,Cloudy,30,34.15,10.33,11.11,16.97
TRN3880,Krishna Express,Hyderabad,Vijayawada,374,19:00,Clear,25,46.18,1.25,4.9,10.43
TRN3881,Garib Rath,Guntur,Tirupati,81,20:00,Cloudy,26,62.51,9.1,6.63,17.72
TRN3882,Intercity Express,Vijayawada,Visakhapatnam,271,10:00,Clear,31,37.1,4.87,15.28,17.33
TRN3883,Krishna Express,Nellore,Chennai,145,02:00,Clear,27,22.43,8.44,8.16,18.19
TRN3884,Intercity Express,Hyderabad,Warangal,373,08:00,Fog,25,62.46,7.36,3.57,28.42
TRN3885,Jan Shatabdi,Hyderabad,Warangal,396,09:00,Rain,21,70.82,10.43,0.42,34.9
TRN3886,Krishna Express,Kurnool,Hyderabad,418,05:00,Clear,23,61.23,1.48,0.0,7.72
TRN3887,Krishna Express,Nellore,Chennai,282,04:00,Cloudy,24,49.3,3.53,10.16,18.97
TRN3888,Vande Bharat,Hyderabad,Vijayawada,549,16:00,Clear,31,48.19,8.41,16.84,26.4
TRN3889,Jan Shatabdi,Kurnool,Hyderabad,364,12:00,Clear,33,50.78,0.31,13.2,12.52
TRN3890,Jan Shatabdi,Secunderabad,Nizamabad,184,01:00,Cloudy,39,50.39,14.47,0.0,15.66
TRN3891,Vande Bharat,Hyderabad,Warangal,657,03:00,Clear,18,47.67,0.0,11.94,10.9
TRN3892,Vande Bharat,Hyderabad,Vijayawada,86,04:00,Rain,38,62.85,0.0,1.16,8.84
TRN3893,Garib Rath,Nellore,Chennai,167,14:00,Clear,18,56.12,3.59,11.02,8.88
TRN3894,Jan Shatabdi,Vijayawada,Visakhapatnam,300,16:00,Clear,31,1.83,2.89,4.47,7.97
TRN3895,Garib Rath,Hyderabad,Vijayawada,575,21:00,Rain,18,18.65,3.69,19.12,34.59
TRN3896,Superfast Express,Hyderabad,Warangal,257,06:00,Cloudy,38,6.17,10.06,0.0,15.84
TRN3897,Duronto Express,Kurnool,Hyderabad,633,13:00,Rain,37,36.22,0.77,9.32,11.02
TRN3898,Rajdhani Express,Guntur,Tirupati,160,18:00,Heavy Rain,41,41.37,1.26,14.46,30.49
TRN3899,Duronto Express,Secunderabad,Nizamabad,370,21:00,Cloudy,35,58.99,5.49,0.0,20.33
TRN3900,Superfast Express,Kurnool,Hyderabad,504,13:00,Cloudy,19,8.06,11.31,10.92,26.67
TRN3901,Garib Rath,Nellore,Chennai,255,03:00,Clear,36,72.94,0.0,11.78,11.38
TRN3902,Garib Rath,Hyderabad,Vijayawada,655,02:00,Cloudy,40,42.0,0.0,9.45,18.19
TRN3903,Shatabdi Express,Hyderabad,Vijayawada,338,22:00,Clear,41,75.57,5.76,5.89,17.17
TRN3904,Superfast Express,Secunderabad,Nizamabad,587,01:00,Clear,20,74.38,10.57,9.5,22.04
TRN3905,Superfast Express,Guntur,Tirupati,429,00:00,Rain,25,74.5,9.0,11.71,24.3
TRN3906,Superfast Express,Nellore,Chennai,438,00:00,Cloudy,41,44.57,4.16,12.32,19.69
TRN3907,Superfast Express,Kurnool,Hyderabad,244,07:00,Clear,21,22.37,3.68,7.28,20.09
TRN3908,Shatabdi Express,Secunderabad,Nizamabad,365,00:00,Clear,37,57.06,2.49,13.43,3.01
TRN3909,Jan Shatabdi,Hyderabad,Warangal,564,02:00,Rain,39,64.29,3.16,0.0,11.34
TRN3910,Vande Bharat,Kurnool,Hyderabad,225,10:00,Clear,37,1.86,7.72,4.24,18.74
TRN3911,Garib Rath,Nellore,Chennai,300,20:00,Rain,22,44.65,8.03,14.57,26.35
TRN3912,Jan Shatabdi,Nellore,Chennai,316,18:00,Cloudy,31,71.93,8.84,5.21,24.09
TRN3913,Rajdhani Express,Hyderabad,Vijayawada,294,17:00,Heavy Rain,35,71.07,3.43,6.11,35.32
TRN3914,Krishna Express,Kurnool,Hyderabad,354,00:00,Cloudy,20,10.74,5.0,14.44,19.53
TRN3915,Vande Bharat,Guntur,Tirupati,568,21:00,Clear,35,39.32,5.52,7.36,16.18
TRN3916,Rajdhani Express,Secunderabad,Nizamabad,144,05:00,Rain,34,21.09,8.97,15.54,28.48
TRN3917,Garib Rath,Nellore,Chennai,268,16:00,Rain,36,53.35,1.86,8.13,13.88
TRN3918,Duronto Express,Hyderabad,Vijayawada,495,18:00,Clear,31,70.58,4.74,19.44,19.3
TRN3919,Deccan Express,Hyderabad,Warangal,187,10:00,Cloudy,22,41.89,11.37,0.0,24.24
TRN3920,Jan Shatabdi,Guntur,Tirupati,268,01:00,Cloudy,30,29.97,0.0,9.5,6.97
TRN3921,Jan Shatabdi,Secunderabad,Nizamabad,580,16:00,Clear,32,10.1,2.24,15.65,14.9
TRN3922,Intercity Express,Secunderabad,Nizamabad,374,07:00,Cloudy,20,46.28,0.63,17.39,19.14
TRN3923,Shatabdi Express,Nellore,Chennai,634,07:00,Clear,27,4.91,0.77,14.64,17.92
TRN3924,Deccan Express,Secunderabad,Nizamabad,440,20:00,Rain,22,16.68,0.87,18.55,17.94
TRN3925,Intercity Express,Hyderabad,Vijayawada,288,19:00,Fog,29,49.96,3.36,7.59,23.69
TRN3926,Jan Shatabdi,Vijayawada,Visakhapatnam,422,04:00,Cloudy,25,57.94,1.73,7.87,16.07
TRN3927,Deccan Express,Kurnool,Hyderabad,373,06:00,Clear,39,79.95,4.09,0.46,5.92
TRN3928,Jan Shatabdi,Nellore,Chennai,149,20:00,Heavy Rain,26,42.3,5.95,1.25,18.43
TRN3929,Intercity Express,Hyderabad,Warangal,432,15:00,Cloudy,32,19.6,6.38,13.31,18.88
TRN3930,Vande Bharat,Secunderabad,Nizamabad,201,01:00,Clear,21,25.62,7.52,13.15,15.96
TRN3931,Jan Shatabdi,Hyderabad,Vijayawada,575,02:00,Clear,26,39.45,3.62,0.0,9.36
TRN3932,Duronto Express,Guntur,Tirupati,326,04:00,Heavy Rain,32,37.11,2.0,11.39,24.02
TRN3933,Rajdhani Express,Nellore,Chennai,552,22:00,Clear,29,53.19,0.0,5.92,5.78
TRN3934,Duronto Express,Hyderabad,Warangal,540,05:00,Cloudy,26,73.58,8.12,0.0,19.9
TRN3935,Duronto Express,Hyderabad,Warangal,145,03:00,Clear,30,60.28,0.0,4.66,3.85
TRN3936,Intercity Express,Guntur,Tirupati,383,03:00,Cloudy,24,68.72,6.78,3.13,11.04
TRN3937,Duronto Express,Secunderabad,Nizamabad,324,11:00,Cloudy,41,26.9,2.61,2.68,1.8
TRN3938,Deccan Express,Vijayawada,Visakhapatnam,635,19:00,Clear,41,44.13,6.08,13.94,27.75
TRN3939,Deccan Express,Hyderabad,Vijayawada,282,00:00,Cloudy,40,3.55,5.85,20.27,19.41
TRN3940,Garib Rath,Vijayawada,Visakhapatnam,395,11:00,Rain,21,2.66,7.31,15.6,23.08
TRN3941,Deccan Express,Nellore,Chennai,581,07:00,Cloudy,20,73.77,5.56,5.69,19.64
TRN3942,Duronto Express,Hyderabad,Warangal,403,16:00,Clear,36,75.31,13.24,1.63,11.72
TRN3943,Krishna Express,Guntur,Tirupati,90,20:00,Rain,37,33.31,6.45,14.37,23.51
TRN3944,Shatabdi Express,Guntur,Tirupati,455,12:00,Cloudy,18,62.67,0.0,0.0,8.02
TRN3945,Garib Rath,Secunderabad,Nizamabad,185,06:00,Clear,25,25.03,13.04,6.06,20.93
TRN3946,Duronto Express,Hyderabad,Warangal,561,17:00,Clear,34,27.91,3.09,8.97,17.58
TRN3947,Deccan Express,Vijayawada,Visakhapatnam,153,03:00,Cloudy,31,78.69,1.35,4.49,3.09
TRN3948,Garib Rath,Hyderabad,Vijayawada,148,07:00,Heavy Rain,41,25.52,8.84,11.39,42.04
TRN3949,Vande Bharat,Hyderabad,Vijayawada,177,00:00,Cloudy,28,76.92,10.86,7.43,20.58
TRN3950,Shatabdi Express,Hyderabad,Vijayawada,412,01:00,Cloudy,28,33.15,9.1,12.09,20.97
TRN3951,Rajdhani Express,Kurnool,Hyderabad,340,18:00,Clear,39,23.28,2.8,12.28,16.99
TRN3952,Intercity Express,Secunderabad,Nizamabad,646,18:00,Cloudy,40,10.81,4.28,21.88,28.63
TRN3953,Shatabdi Express,Hyderabad,Warangal,235,19:00,Clear,35,74.14,3.73,13.09,17.25
TRN3954,Garib Rath,Vijayawada,Visakhapatnam,456,16:00,Clear,32,30.21,4.71,0.0,4.36
TRN3955,Jan Shatabdi,Hyderabad,Vijayawada,560,15:00,Heavy Rain,35,47.0,10.03,0.0,33.49
TRN3956,Deccan Express,Nellore,Chennai,476,17:00,Cloudy,39,34.7,0.0,0.02,10.27
TRN3957,Garib Rath,Hyderabad,Vijayawada,578,19:00,Clear,39,51.55,7.82,18.87,25.01
TRN3958,Jan Shatabdi,Hyderabad,Warangal,450,04:00,Cloudy,23,25.56,7.39,8.8,19.26
TRN3959,Vande Bharat,Hyderabad,Vijayawada,168,13:00,Clear,40,8.16,5.82,20.21,22.85
TRN3960,Jan Shatabdi,Kurnool,Hyderabad,358,19:00,Rain,38,12.34,2.61,3.25,14.32
TRN3961,Krishna Express,Secunderabad,Nizamabad,100,21:00,Cloudy,25,74.41,5.02,15.17,23.65
TRN3962,Deccan Express,Nellore,Chennai,399,09:00,Clear,21,65.52,12.63,10.32,29.51
TRN3963,Duronto Express,Guntur,Tirupati,120,14:00,Clear,23,43.35,10.23,5.66,11.69
TRN3964,Shatabdi Express,Nellore,Chennai,379,10:00,Clear,25,24.81,6.82,19.82,26.01
TRN3965,Shatabdi Express,Nellore,Chennai,333,19:00,Cloudy,19,69.73,7.65,14.96,28.79
TRN3966,Vande Bharat,Guntur,Tirupati,418,14:00,Clear,24,51.72,5.15,17.8,15.26
TRN3967,Vande Bharat,Secunderabad,Nizamabad,208,02:00,Fog,32,63.63,1.43,8.33,20.11
TRN3968,Duronto Express,Vijayawada,Visakhapatnam,90,17:00,Clear,23,19.28,5.65,9.37,17.02
TRN3969,Rajdhani Express,Vijayawada,Visakhapatnam,598,03:00,Clear,21,9.37,2.33,0.0,8.19
TRN3970,Superfast Express,Guntur,Tirupati,428,21:00,Cloudy,35,4.65,2.36,6.84,15.13
TRN3971,Deccan Express,Vijayawada,Visakhapatnam,567,10:00,Cloudy,24,56.38,1.2,5.74,21.9
TRN3972,Garib Rath,Guntur,Tirupati,234,22:00,Rain,26,54.84,0.0,16.58,10.27
TRN3973,Rajdhani Express,Vijayawada,Visakhapatnam,498,22:00,Clear,20,23.14,9.61,3.65,19.24
TRN3974,Vande Bharat,Guntur,Tirupati,595,16:00,Clear,19,25.94,0.55,13.73,14.28
TRN3975,Jan Shatabdi,Kurnool,Hyderabad,400,08:00,Clear,26,49.43,1.33,10.97,14.24
TRN3976,Superfast Express,Hyderabad,Warangal,670,02:00,Cloudy,27,79.94,8.35,8.89,28.85
TRN3977,Superfast Express,Hyderabad,Warangal,478,13:00,Clear,23,30.84,1.07,12.1,10.81
TRN3978,Rajdhani Express,Nellore,Chennai,137,16:00,Cloudy,40,3.13,5.7,3.63,7.24
TRN3979,Intercity Express,Nellore,Chennai,169,02:00,Rain,30,73.9,5.66,18.33,20.18
TRN3980,Shatabdi Express,Hyderabad,Warangal,585,14:00,Clear,30,59.05,11.18,17.47,20.63
TRN3981,Jan Shatabdi,Kurnool,Hyderabad,131,18:00,Heavy Rain,21,19.74,0.0,0.0,27.2
TRN3982,Superfast Express,Guntur,Tirupati,86,21:00,Clear,31,41.17,6.62,16.72,19.18
TRN3983,Deccan Express,Secunderabad,Nizamabad,316,17:00,Heavy Rain,34,51.91,10.19,5.81,37.4
TRN3984,Shatabdi Express,Secunderabad,Nizamabad,563,21:00,Rain,35,37.4,8.0,7.73,26.93
TRN3985,Deccan Express,Guntur,Tirupati,538,04:00,Heavy Rain,25,46.66,3.4,3.63,24.93
TRN3986,Rajdhani Express,Hyderabad,Warangal,485,00:00,Clear,38,12.25,3.75,3.84,13.06
TRN3987,Deccan Express,Secunderabad,Nizamabad,348,18:00,Rain,22,48.9,3.26,14.32,24.27
TRN3988,Vande Bharat,Hyderabad,Warangal,335,02:00,Heavy Rain,20,64.61,3.84,2.85,27.32
TRN3989,Vande Bharat,Hyderabad,Warangal,149,19:00,Cloudy,20,15.44,0.93,8.43,13.82
TRN3990,Krishna Express,Secunderabad,Nizamabad,122,23:00,Clear,37,7.03,7.15,3.92,11.03
TRN3991,Krishna Express,Vijayawada,Visakhapatnam,262,13:00,Cloudy,41,53.99,5.76,9.77,16.95
TRN3992,Superfast Express,Vijayawada,Visakhapatnam,244,03:00,Fog,33,35.11,11.99,4.67,15.66
TRN3993,Intercity Express,Vijayawada,Visakhapatnam,343,22:00,Cloudy,21,79.21,4.26,15.68,15.96
TRN3994,Garib Rath,Vijayawada,Visakhapatnam,251,20:00,Fog,36,32.71,5.12,11.17,29.18
TRN3995,Vande Bharat,Secunderabad,Nizamabad,666,04:00,Clear,40,39.96,9.02,13.84,20.52
TRN3996,Vande Bharat,Kurnool,Hyderabad,361,07:00,Clear,31,50.76,3.09,7.17,21.61
TRN3997,Rajdhani Express,Nellore,Chennai,125,17:00,Clear,21,0.49,11.13,10.91,16.95
TRN3998,Superfast Express,Vijayawada,Visakhapatnam,428,05:00,Clear,37,16.04,0.0,13.89,11.65
TRN3999,Krishna Express,Kurnool,Hyderabad,645,14:00,Clear,38,71.14,0.0,9.45,15.48
TRN4000,Duronto Express,Secunderabad,Nizamabad,407,16:00,Rain,29,72.9,13.37,8.44,27.39
TRN4001,Deccan Express,Hyderabad,Vijayawada,618,19:00,Cloudy,29,1.69,6.78,8.73,26.83
TRN4002,Garib Rath,Hyderabad,Vijayawada,502,09:00,Clear,19,41.38,5.91,12.5,21.22
TRN4003,Superfast Express,Nellore,Chennai,168,21:00,Fog,35,57.6,10.57,8.19,29.28
TRN4004,Duronto Express,Nellore,Chennai,314,05:00,Rain,29,66.19,16.07,6.5,32.05
TRN4005,Jan Shatabdi,Hyderabad,Warangal,95,16:00,Cloudy,31,76.17,0.13,15.68,16.12
TRN4006,Vande Bharat,Hyderabad,Vijayawada,286,06:00,Clear,37,24.91,0.0,0.0,4.29
TRN4007,Intercity Express,Guntur,Tirupati,596,01:00,Cloudy,29,18.55,2.79,12.38,14.93
TRN4008,Rajdhani Express,Vijayawada,Visakhapatnam,176,11:00,Cloudy,41,25.6,6.96,4.66,8.07
TRN4009,Intercity Express,Secunderabad,Nizamabad,622,14:00,Cloudy,25,36.41,6.22,9.27,15.49
TRN4010,Krishna Express,Hyderabad,Warangal,670,16:00,Clear,36,64.18,0.0,2.55,3.16
TRN4011,Intercity Express,Vijayawada,Visakhapatnam,598,15:00,Cloudy,29,38.75,11.34,0.0,17.57
TRN4012,Rajdhani Express,Kurnool,Hyderabad,302,17:00,Clear,27,42.65,14.74,7.88,27.54
TRN4013,Superfast Express,Nellore,Chennai,388,15:00,Heavy Rain,20,65.17,4.17,7.97,23.6
TRN4014,Vande Bharat,Guntur,Tirupati,597,19:00,Clear,37,43.65,2.64,12.38,17.43
TRN4015,Shatabdi Express,Hyderabad,Warangal,309,11:00,Cloudy,40,58.39,7.77,4.59,14.69
TRN4016,Garib Rath,Nellore,Chennai,631,21:00,Heavy Rain,27,7.0,7.51,0.0,38.32
TRN4017,Shatabdi Express,Hyderabad,Warangal,467,11:00,Clear,41,71.61,6.91,14.35,17.93
TRN4018,Intercity Express,Hyderabad,Warangal,522,06:00,Clear,20,42.79,0.2,18.19,9.89
TRN4019,Vande Bharat,Secunderabad,Nizamabad,450,12:00,Clear,39,2.43,3.21,14.29,14.81
TRN4020,Deccan Express,Hyderabad,Vijayawada,185,04:00,Cloudy,35,54.57,5.56,2.24,17.67
TRN4021,Krishna Express,Nellore,Chennai,248,05:00,Clear,40,64.61,5.11,0.57,2.89
TRN4022,Duronto Express,Secunderabad,Nizamabad,504,04:00,Heavy Rain,37,49.09,0.0,5.34,21.16
TRN4023,Deccan Express,Hyderabad,Warangal,99,06:00,Clear,33,52.29,1.6,14.03,5.95
TRN4024,Shatabdi Express,Hyderabad,Warangal,514,22:00,Clear,41,41.67,6.35,0.49,17.53
TRN4025,Rajdhani Express,Hyderabad,Warangal,382,09:00,Heavy Rain,18,2.29,1.0,2.62,24.53
TRN4026,Rajdhani Express,Guntur,Tirupati,663,22:00,Clear,24,71.95,1.87,5.12,5.26
TRN4027,Garib Rath,Hyderabad,Vijayawada,186,23:00,Cloudy,26,38.21,0.0,9.24,16.96
TRN4028,Vande Bharat,Guntur,Tirupati,643,09:00,Cloudy,28,70.41,10.08,8.51,33.98
TRN4029,Deccan Express,Vijayawada,Visakhapatnam,143,05:00,Cloudy,18,56.93,8.42,10.24,15.4
TRN4030,Shatabdi Express,Hyderabad,Vijayawada,482,03:00,Cloudy,19,4.96,5.69,0.0,9.22
TRN4031,Vande Bharat,Hyderabad,Vijayawada,93,22:00,Cloudy,37,8.19,6.76,5.19,11.22
TRN4032,Krishna Express,Kurnool,Hyderabad,533,09:00,Clear,20,41.46,10.27,8.23,26.02
TRN4033,Krishna Express,Nellore,Chennai,459,12:00,Heavy Rain,31,50.4,0.2,8.86,19.12
TRN4034,Garib Rath,Secunderabad,Nizamabad,421,13:00,Clear,28,9.23,4.47,19.26,5.74
TRN4035,Duronto Express,Kurnool,Hyderabad,393,20:00,Rain,25,37.95,9.09,0.4,24.25
TRN4036,Duronto Express,Hyderabad,Warangal,345,22:00,Clear,22,7.55,8.11,9.85,24.98
TRN4037,Jan Shatabdi,Guntur,Tirupati,577,06:00,Rain,19,45.03,1.14,5.63,10.1
TRN4038,Shatabdi Express,Hyderabad,Warangal,176,07:00,Clear,29,50.25,3.87,8.39,19.58
TRN4039,Rajdhani Express,Secunderabad,Nizamabad,494,08:00,Cloudy,26,54.75,3.02,14.83,26.39
TRN4040,Duronto Express,Kurnool,Hyderabad,106,14:00,Clear,33,24.69,3.0,15.25,16.42
TRN4041,Rajdhani Express,Vijayawada,Visakhapatnam,290,03:00,Heavy Rain,24,18.58,13.59,4.13,28.27
TRN4042,Jan Shatabdi,Nellore,Chennai,304,00:00,Cloudy,22,40.1,5.56,6.27,12.28
TRN4043,Deccan Express,Vijayawada,Visakhapatnam,305,14:00,Cloudy,39,28.64,5.68,6.45,19.89
TRN4044,Deccan Express,Kurnool,Hyderabad,524,04:00,Clear,21,64.91,3.5,4.59,4.81
TRN4045,Duronto Express,Hyderabad,Warangal,98,08:00,Clear,24,22.74,10.57,10.97,19.64
TRN4046,Intercity Express,Secunderabad,Nizamabad,147,10:00,Cloudy,20,17.79,0.0,0.0,6.06
TRN4047,Krishna Express,Hyderabad,Warangal,306,16:00,Clear,36,78.48,7.22,7.54,8.07
TRN4048,Intercity Express,Secunderabad,Nizamabad,129,21:00,Clear,24,19.6,6.98,4.43,15.03
TRN4049,Vande Bharat,Hyderabad,Warangal,290,08:00,Clear,41,7.97,12.54,0.0,19.29
TRN4050,Superfast Express,Vijayawada,Visakhapatnam,393,08:00,Clear,41,64.68,0.68,5.67,7.98
TRN4051,Krishna Express,Secunderabad,Nizamabad,426,17:00,Cloudy,25,67.01,0.0,7.4,12.98
TRN4052,Jan Shatabdi,Hyderabad,Vijayawada,604,07:00,Cloudy,41,13.17,7.23,4.65,18.83
TRN4053,Krishna Express,Hyderabad,Warangal,90,07:00,Rain,33,36.81,12.25,0.0,29.8
TRN4054,Krishna Express,Kurnool,Hyderabad,633,15:00,Fog,21,27.74,6.51,19.16,37.3
TRN4055,Deccan Express,Guntur,Tirupati,435,22:00,Clear,27,15.72,9.26,7.15,9.99
TRN4056,Superfast Express,Nellore,Chennai,671,01:00,Clear,18,17.42,9.09,10.96,19.91
TRN4057,Shatabdi Express,Guntur,Tirupati,695,15:00,Clear,18,55.87,3.97,19.03,17.97
TRN4058,Garib Rath,Secunderabad,Nizamabad,325,03:00,Clear,27,10.45,0.0,0.0,0.0
TRN4059,Superfast Express,Secunderabad,Nizamabad,183,03:00,Cloudy,37,8.98,10.84,3.43,17.88
TRN4060,Garib Rath,Vijayawada,Visakhapatnam,279,11:00,Cloudy,20,4.8,0.0,0.49,3.85
TRN4061,Intercity Express,Nellore,Chennai,508,05:00,Cloudy,24,21.15,9.58,25.26,22.47
TRN4062,Deccan Express,Kurnool,Hyderabad,541,18:00,Heavy Rain,35,56.81,2.5,5.99,30.43
TRN4063,Krishna Express,Nellore,Chennai,592,14:00,Clear,30,12.51,4.56,4.02,11.91
TRN4064,Duronto Express,Kurnool,Hyderabad,517,11:00,Clear,39,55.62,10.55,0.0,13.77
TRN4065,Duronto Express,Kurnool,Hyderabad,677,06:00,Cloudy,29,5.07,5.9,6.53,22.89
TRN4066,Deccan Express,Secunderabad,Nizamabad,529,04:00,Heavy Rain,20,11.86,6.74,0.0,31.26
TRN4067,Duronto Express,Secunderabad,Nizamabad,547,13:00,Cloudy,33,70.46,2.73,12.46,20.52
TRN4068,Krishna Express,Secunderabad,Nizamabad,109,11:00,Clear,33,0.77,4.45,11.79,8.38
TRN4069,Intercity Express,Kurnool,Hyderabad,253,22:00,Cloudy,35,47.62,1.6,9.97,14.29
TRN4070,Intercity Express,Hyderabad,Vijayawada,96,15:00,Clear,37,52.66,3.88,13.18,5.01
TRN4071,Deccan Express,Secunderabad,Nizamabad,468,01:00,Rain,21,52.45,8.71,5.17,24.14
TRN4072,Krishna Express,Nellore,Chennai,303,14:00,Clear,33,29.1,11.0,2.51,20.58
TRN4073,Jan Shatabdi,Kurnool,Hyderabad,679,17:00,Heavy Rain,23,33.88,10.62,14.62,43.46
TRN4074,Superfast Express,Hyderabad,Warangal,164,04:00,Clear,40,52.62,6.15,12.8,10.79
TRN4075,Superfast Express,Nellore,Chennai,396,03:00,Rain,41,59.62,9.71,6.24,29.47
TRN4076,Superfast Express,Hyderabad,Vijayawada,382,11:00,Cloudy,24,57.93,5.73,21.33,30.04
TRN4077,Jan Shatabdi,Kurnool,Hyderabad,320,23:00,Cloudy,33,29.18,3.12,11.27,16.23
TRN4078,Rajdhani Express,Secunderabad,Nizamabad,142,23:00,Fog,31,46.17,10.16,16.38,24.1
TRN4079,Deccan Express,Secunderabad,Nizamabad,375,19:00,Rain,24,54.04,3.75,0.0,27.73
TRN4080,Shatabdi Express,Vijayawada,Visakhapatnam,103,01:00,Cloudy,36,16.64,7.63,12.83,16.13
TRN4081,Duronto Express,Nellore,Chennai,246,12:00,Cloudy,39,60.46,2.82,12.3,8.85
TRN4082,Deccan Express,Guntur,Tirupati,305,01:00,Rain,36,48.81,10.3,13.18,29.91
TRN4083,Jan Shatabdi,Hyderabad,Vijayawada,657,14:00,Rain,36,42.83,5.65,2.63,20.42
TRN4084,Jan Shatabdi,Secunderabad,Nizamabad,268,20:00,Cloudy,25,32.38,3.68,7.75,18.52
TRN4085,Vande Bharat,Kurnool,Hyderabad,270,07:00,Cloudy,41,42.27,11.38,8.65,25.17
TRN4086,Deccan Express,Secunderabad,Nizamabad,652,15:00,Fog,26,63.69,3.92,9.29,23.64
TRN4087,Superfast Express,Guntur,Tirupati,583,14:00,Clear,25,26.61,2.63,8.52,9.57
TRN4088,Vande Bharat,Kurnool,Hyderabad,352,02:00,Rain,25,69.74,3.71,12.42,22.19
TRN4089,Intercity Express,Secunderabad,Nizamabad,460,18:00,Clear,34,34.18,8.37,1.15,21.43
TRN4090,Vande Bharat,Secunderabad,Nizamabad,197,13:00,Fog,30,17.73,0.37,7.7,12.99
TRN4091,Shatabdi Express,Hyderabad,Vijayawada,572,05:00,Clear,39,45.21,3.46,0.0,10.81
TRN4092,Krishna Express,Secunderabad,Nizamabad,293,14:00,Clear,38,66.02,5.25,11.41,15.44
TRN4093,Duronto Express,Hyderabad,Vijayawada,689,05:00,Clear,28,73.09,6.72,0.0,19.22
TRN4094,Jan Shatabdi,Vijayawada,Visakhapatnam,378,00:00,Clear,30,61.31,0.22,0.5,2.52
TRN4095,Superfast Express,Hyderabad,Warangal,118,18:00,Clear,31,34.08,3.61,13.61,15.17
TRN4096,Deccan Express,Nellore,Chennai,587,14:00,Clear,40,52.91,5.53,0.0,14.68
TRN4097,Deccan Express,Hyderabad,Vijayawada,175,23:00,Clear,27,71.46,4.38,7.33,8.63
TRN4098,Superfast Express,Hyderabad,Vijayawada,320,14:00,Clear,35,33.26,2.41,13.18,2.75
TRN4099,Deccan Express,Vijayawada,Visakhapatnam,566,23:00,Rain,41,40.55,2.88,20.83,14.12
TRN4100,Krishna Express,Hyderabad,Vijayawada,388,22:00,Rain,29,30.26,7.29,9.18,20.5
TRN4101,Duronto Express,Guntur,Tirupati,662,12:00,Clear,35,2.01,11.2,13.26,24.34
TRN4102,Rajdhani Express,Guntur,Tirupati,694,20:00,Rain,30,41.26,6.7,10.13,31.07
TRN4103,Superfast Express,Kurnool,Hyderabad,698,11:00,Rain,29,28.73,3.6,15.38,16.8
TRN4104,Rajdhani Express,Hyderabad,Vijayawada,401,17:00,Clear,25,15.59,3.83,25.39,28.47
TRN4105,Vande Bharat,Hyderabad,Warangal,252,17:00,Clear,19,12.21,12.39,0.0,17.98
TRN4106,Superfast Express,Nellore,Chennai,639,03:00,Clear,33,23.17,16.24,12.83,34.31
TRN4107,Jan Shatabdi,Hyderabad,Warangal,247,13:00,Heavy Rain,32,65.54,5.18,7.14,22.43
TRN4108,Duronto Express,Vijayawada,Visakhapatnam,135,04:00,Clear,24,35.5,1.69,8.14,6.17
TRN4109,Jan Shatabdi,Nellore,Chennai,204,14:00,Cloudy,23,78.36,5.85,7.39,14.57
TRN4110,Shatabdi Express,Nellore,Chennai,110,15:00,Clear,18,14.8,2.7,0.0,6.98
TRN4111,Garib Rath,Vijayawada,Visakhapatnam,613,11:00,Rain,28,28.24,1.32,7.13,22.12
TRN4112,Intercity Express,Guntur,Tirupati,324,22:00,Heavy Rain,22,10.3,5.05,6.35,23.36
TRN4113,Shatabdi Express,Hyderabad,Warangal,243,16:00,Cloudy,29,14.06,8.04,0.0,15.62
TRN4114,Superfast Express,Hyderabad,Warangal,372,00:00,Cloudy,41,5.93,6.52,14.91,17.45
TRN4115,Duronto Express,Hyderabad,Vijayawada,263,15:00,Rain,29,39.62,0.97,0.0,17.24
TRN4116,Deccan Express,Hyderabad,Vijayawada,343,03:00,Cloudy,41,48.67,3.66,0.0,9.95
TRN4117,Garib Rath,Hyderabad,Warangal,364,01:00,Clear,18,77.95,4.31,6.38,5.8
TRN4118,Vande Bharat,Secunderabad,Nizamabad,561,21:00,Cloudy,27,46.0,2.25,2.58,14.71
TRN4119,Shatabdi Express,Secunderabad,Nizamabad,359,02:00,Rain,22,44.33,2.42,24.46,19.35
TRN4120,Jan Shatabdi,Hyderabad,Vijayawada,297,08:00,Rain,21,51.6,3.31,11.07,24.29
TRN4121,Intercity Express,Hyderabad,Warangal,410,01:00,Clear,19,76.93,7.96,0.0,10.34
TRN4122,Shatabdi Express,Secunderabad,Nizamabad,550,11:00,Clear,24,26.34,8.63,16.35,20.19
TRN4123,Duronto Express,Hyderabad,Warangal,376,05:00,Fog,26,12.55,5.06,12.57,23.64
TRN4124,Superfast Express,Vijayawada,Visakhapatnam,495,15:00,Heavy Rain,29,40.8,0.0,17.85,29.42
TRN4125,Duronto Express,Vijayawada,Visakhapatnam,218,06:00,Clear,38,14.17,0.46,17.68,9.88
TRN4126,Rajdhani Express,Guntur,Tirupati,334,01:00,Rain,27,25.54,10.41,2.32,21.6
TRN4127,Intercity Express,Nellore,Chennai,428,13:00,Clear,19,6.82,6.74,14.57,14.91
TRN4128,Garib Rath,Hyderabad,Warangal,227,14:00,Cloudy,33,76.85,7.18,2.31,5.54
TRN4129,Rajdhani Express,Hyderabad,Vijayawada,329,19:00,Clear,24,42.17,4.99,5.24,17.96
TRN4130,Krishna Express,Kurnool,Hyderabad,651,10:00,Rain,33,22.46,4.23,2.87,25.93
TRN4131,Rajdhani Express,Nellore,Chennai,336,21:00,Clear,24,37.15,10.5,9.75,21.91
TRN4132,Superfast Express,Secunderabad,Nizamabad,80,14:00,Clear,31,4.78,0.0,8.57,8.02
TRN4133,Duronto Express,Vijayawada,Visakhapatnam,503,01:00,Clear,23,63.66,5.42,22.27,17.33
TRN4134,Superfast Express,Guntur,Tirupati,555,23:00,Clear,34,8.14,7.45,10.51,9.0
TRN4135,Superfast Express,Hyderabad,Vijayawada,600,13:00,Clear,28,23.41,4.59,3.3,11.54
TRN4136,Duronto Express,Hyderabad,Warangal,600,05:00,Clear,31,38.0,4.14,0.0,5.92
TRN4137,Intercity Express,Hyderabad,Vijayawada,408,16:00,Clear,33,2.1,13.39,0.0,17.83
TRN4138,Deccan Express,Hyderabad,Vijayawada,491,13:00,Clear,30,15.77,7.19,0.0,12.11
TRN4139,Duronto Express,Vijayawada,Visakhapatnam,596,01:00,Cloudy,26,59.52,7.01,1.72,18.58
TRN4140,Krishna Express,Kurnool,Hyderabad,130,18:00,Rain,20,57.28,4.47,13.02,20.01
TRN4141,Jan Shatabdi,Hyderabad,Vijayawada,208,21:00,Fog,30,2.37,2.47,14.61,32.33
TRN4142,Jan Shatabdi,Hyderabad,Warangal,627,15:00,Clear,37,47.85,4.86,9.53,22.3
TRN4143,Krishna Express,Nellore,Chennai,408,00:00,Fog,37,69.04,9.77,10.9,33.7
TRN4144,Duronto Express,Kurnool,Hyderabad,548,00:00,Rain,32,79.4,0.0,8.36,15.22
TRN4145,Rajdhani Express,Secunderabad,Nizamabad,385,09:00,Cloudy,28,39.42,8.08,0.0,24.6
TRN4146,Garib Rath,Hyderabad,Vijayawada,533,18:00,Cloudy,39,40.07,0.0,9.62,18.84
TRN4147,Duronto Express,Vijayawada,Visakhapatnam,135,06:00,Clear,24,43.37,1.5,1.64,5.72
TRN4148,Duronto Express,Vijayawada,Visakhapatnam,232,17:00,Clear,33,41.65,5.6,0.0,19.43
TRN4149,Shatabdi Express,Vijayawada,Visakhapatnam,410,02:00,Clear,29,35.42,7.38,6.9,13.01
TRN4150,Garib Rath,Nellore,Chennai,250,09:00,Clear,23,60.55,9.51,11.64,19.69
TRN4151,Deccan Express,Vijayawada,Visakhapatnam,109,04:00,Clear,28,52.28,1.46,14.86,5.83
TRN4152,Superfast Express,Guntur,Tirupati,458,15:00,Clear,20,42.33,5.43,14.71,16.87
TRN4153,Rajdhani Express,Guntur,Tirupati,514,19:00,Rain,39,10.42,6.6,14.13,31.7
TRN4154,Garib Rath,Nellore,Chennai,646,04:00,Clear,35,59.41,5.64,15.96,23.72
TRN4155,Shatabdi Express,Hyderabad,Vijayawada,391,20:00,Rain,39,41.73,4.77,14.18,25.47
TRN4156,Krishna Express,Nellore,Chennai,526,15:00,Clear,23,44.26,0.62,21.48,18.74
TRN4157,Intercity Express,Hyderabad,Vijayawada,241,15:00,Cloudy,28,67.19,0.73,10.99,13.81
TRN4158,Garib Rath,Guntur,Tirupati,601,14:00,Cloudy,40,55.11,2.44,5.92,8.63
TRN4159,Rajdhani Express,Guntur,Tirupati,640,07:00,Clear,40,0.58,11.38,27.99,31.62
TRN4160,Rajdhani Express,Kurnool,Hyderabad,438,13:00,Heavy Rain,41,53.13,7.55,2.94,32.65
TRN4161,Superfast Express,Guntur,Tirupati,97,22:00,Clear,29,61.69,5.91,3.31,5.68
TRN4162,Garib Rath,Nellore,Chennai,442,01:00,Clear,26,55.63,8.52,0.8,11.53
TRN4163,Superfast Express,Vijayawada,Visakhapatnam,432,23:00,Clear,21,53.93,4.7,0.0,10.59
TRN4164,Rajdhani Express,Nellore,Chennai,439,23:00,Heavy Rain,32,54.31,6.48,11.24,31.83
TRN4165,Vande Bharat,Hyderabad,Warangal,517,23:00,Clear,22,46.37,0.93,3.74,0.97
TRN4166,Intercity Express,Hyderabad,Warangal,473,06:00,Clear,22,11.64,2.47,19.73,14.58
TRN4167,Shatabdi Express,Nellore,Chennai,384,18:00,Cloudy,21,1.84,1.2,0.0,14.46
TRN4168,Duronto Express,Nellore,Chennai,557,08:00,Clear,32,41.02,12.46,13.26,29.51
TRN4169,Shatabdi Express,Secunderabad,Nizamabad,608,18:00,Clear,41,37.35,5.17,10.56,16.65
TRN4170,Jan Shatabdi,Hyderabad,Vijayawada,640,05:00,Fog,30,60.84,10.31,15.91,28.88
TRN4171,Shatabdi Express,Secunderabad,Nizamabad,509,14:00,Heavy Rain,38,65.0,9.63,7.86,33.73
TRN4172,Shatabdi Express,Kurnool,Hyderabad,214,06:00,Cloudy,29,78.28,8.53,17.09,18.77
TRN4173,Garib Rath,Vijayawada,Visakhapatnam,216,19:00,Clear,29,23.92,0.0,10.63,12.49
TRN4174,Vande Bharat,Kurnool,Hyderabad,482,21:00,Clear,30,75.03,7.83,15.35,13.86
TRN4175,Jan Shatabdi,Nellore,Chennai,564,19:00,Cloudy,18,47.1,4.95,2.78,16.12
TRN4176,Garib Rath,Nellore,Chennai,587,19:00,Cloudy,34,6.75,5.86,4.37,25.65
TRN4177,Intercity Express,Hyderabad,Warangal,312,07:00,Cloudy,32,11.55,2.67,10.96,16.93
TRN4178,Shatabdi Express,Vijayawada,Visakhapatnam,168,13:00,Cloudy,28,48.97,2.37,17.07,15.83
TRN4179,Rajdhani Express,Nellore,Chennai,609,21:00,Cloudy,21,27.74,0.19,1.79,6.66
TRN4180,Garib Rath,Secunderabad,Nizamabad,598,20:00,Clear,30,64.89,7.91,6.26,25.28
TRN4181,Intercity Express,Hyderabad,Warangal,369,12:00,Cloudy,33,32.09,8.83,10.6,16.58
TRN4182,Jan Shatabdi,Vijayawada,Visakhapatnam,375,09:00,Clear,28,32.69,8.15,4.84,22.93
TRN4183,Vande Bharat,Nellore,Chennai,379,14:00,Cloudy,24,16.74,4.24,6.5,12.22
TRN4184,Shatabdi Express,Nellore,Chennai,117,08:00,Cloudy,39,4.38,10.7,11.65,31.42
TRN4185,Superfast Express,Kurnool,Hyderabad,386,06:00,Clear,22,21.43,0.58,3.98,10.94
TRN4186,Superfast Express,Nellore,Chennai,695,10:00,Cloudy,23,46.65,5.1,2.65,23.67
TRN4187,Deccan Express,Vijayawada,Visakhapatnam,236,14:00,Cloudy,39,53.21,1.04,4.48,0.0
TRN4188,Rajdhani Express,Hyderabad,Vijayawada,565,04:00,Clear,39,67.04,5.09,14.55,16.4
TRN4189,Shatabdi Express,Kurnool,Hyderabad,510,08:00,Clear,34,11.11,6.3,15.97,27.57
TRN4190,Garib Rath,Guntur,Tirupati,248,09:00,Clear,31,18.86,14.9,3.67,29.76
TRN4191,Rajdhani Express,Kurnool,Hyderabad,305,22:00,Fog,28,60.16,13.04,1.46,29.34
TRN4192,Superfast Express,Guntur,Tirupati,323,10:00,Cloudy,18,64.31,4.92,4.11,16.79
TRN4193,Rajdhani Express,Nellore,Chennai,304,10:00,Clear,25,13.86,2.89,12.11,19.41
TRN4194,Deccan Express,Hyderabad,Vijayawada,123,14:00,Fog,41,48.89,8.03,11.92,26.47
TRN4195,Shatabdi Express,Nellore,Chennai,268,05:00,Cloudy,31,53.19,11.97,11.6,18.37
TRN4196,Jan Shatabdi,Secunderabad,Nizamabad,646,07:00,Clear,19,49.25,7.33,7.25,25.85
TRN4197,Superfast Express,Vijayawada,Visakhapatnam,96,08:00,Fog,41,39.76,2.76,7.64,23.17
TRN4198,Superfast Express,Nellore,Chennai,80,08:00,Clear,37,24.22,9.37,6.83,27.43
TRN4199,Shatabdi Express,Secunderabad,Nizamabad,233,07:00,Cloudy,25,59.08,5.11,19.91,28.9
TRN4200,Vande Bharat,Kurnool,Hyderabad,247,20:00,Clear,36,33.15,3.25,11.2,14.75
TRN4201,Jan Shatabdi,Vijayawada,Visakhapatnam,378,22:00,Cloudy,29,24.96,6.99,2.57,11.71
TRN4202,Superfast Express,Hyderabad,Vijayawada,121,22:00,Clear,32,53.53,8.69,11.61,18.61
TRN4203,Garib Rath,Hyderabad,Vijayawada,373,08:00,Clear,25,74.24,2.74,1.35,10.68
TRN4204,Duronto Express,Guntur,Tirupati,654,22:00,Clear,39,4.59,5.71,6.42,13.25
TRN4205,Superfast Express,Kurnool,Hyderabad,343,08:00,Clear,20,11.16,2.38,19.63,20.96
TRN4206,Duronto Express,Secunderabad,Nizamabad,580,13:00,Clear,39,1.4,8.15,0.0,11.03
TRN4207,Duronto Express,Secunderabad,Nizamabad,245,08:00,Clear,39,19.34,2.54,4.96,10.23
TRN4208,Vande Bharat,Hyderabad,Warangal,265,07:00,Clear,21,31.9,0.0,8.32,14.44
TRN4209,Garib Rath,Kurnool,Hyderabad,650,13:00,Clear,19,38.01,2.62,15.75,15.82
TRN4210,Deccan Express,Guntur,Tirupati,173,05:00,Clear,37,6.15,8.57,0.0,10.1
TRN4211,Duronto Express,Vijayawada,Visakhapatnam,286,07:00,Clear,20,7.11,1.8,9.4,17.77
TRN4212,Intercity Express,Kurnool,Hyderabad,647,13:00,Heavy Rain,26,46.4,0.59,0.0,27.12
TRN4213,Superfast Express,Hyderabad,Vijayawada,269,15:00,Clear,31,25.89,6.03,9.34,9.51
TRN4214,Rajdhani Express,Hyderabad,Warangal,293,16:00,Clear,35,31.4,7.2,13.56,14.78
TRN4215,Garib Rath,Vijayawada,Visakhapatnam,472,13:00,Clear,18,67.78,2.05,7.71,5.37
TRN4216,Intercity Express,Nellore,Chennai,485,10:00,Cloudy,40,4.95,0.0,21.87,27.64
TRN4217,Krishna Express,Secunderabad,Nizamabad,101,13:00,Rain,31,33.95,3.07,12.72,12.44
TRN4218,Deccan Express,Nellore,Chennai,266,15:00,Heavy Rain,24,31.03,3.88,11.04,28.55
TRN4219,Garib Rath,Hyderabad,Warangal,83,00:00,Cloudy,18,35.36,5.29,12.37,10.64
TRN4220,Jan Shatabdi,Kurnool,Hyderabad,322,22:00,Rain,29,20.59,3.98,3.59,24.2
TRN4221,Intercity Express,Secunderabad,Nizamabad,284,12:00,Cloudy,22,26.79,7.45,17.63,23.27
TRN4222,Intercity Express,Vijayawada,Visakhapatnam,581,06:00,Clear,23,8.22,9.56,0.0,19.28
TRN4223,Deccan Express,Kurnool,Hyderabad,664,16:00,Cloudy,33,41.36,9.44,4.62,19.3
TRN4224,Intercity Express,Hyderabad,Warangal,259,06:00,Fog,28,1.82,3.79,5.24,21.91
TRN4225,Intercity Express,Vijayawada,Visakhapatnam,262,10:00,Heavy Rain,27,37.19,5.1,2.04,26.79
TRN4226,Shatabdi Express,Guntur,Tirupati,690,09:00,Rain,22,54.28,0.01,15.84,22.41
TRN4227,Deccan Express,Hyderabad,Warangal,169,02:00,Fog,30,58.24,10.31,10.43,23.35
TRN4228,Garib Rath,Nellore,Chennai,114,11:00,Clear,39,60.45,5.39,3.27,7.3
TRN4229,Deccan Express,Guntur,Tirupati,657,05:00,Rain,27,25.73,0.0,10.91,11.24
TRN4230,Duronto Express,Nellore,Chennai,556,01:00,Heavy Rain,40,66.44,1.05,8.54,24.07
TRN4231,Garib Rath,Vijayawada,Visakhapatnam,177,18:00,Rain,27,68.95,12.08,10.7,31.46
TRN4232,Garib Rath,Nellore,Chennai,598,03:00,Clear,41,14.98,6.92,2.38,16.94
TRN4233,Krishna Express,Nellore,Chennai,211,13:00,Clear,27,15.13,2.73,9.7,4.15
TRN4234,Vande Bharat,Hyderabad,Warangal,222,07:00,Clear,34,50.01,5.71,1.91,16.38
TRN4235,Superfast Express,Hyderabad,Warangal,444,00:00,Clear,38,76.17,2.18,11.67,6.84
TRN4236,Jan Shatabdi,Secunderabad,Nizamabad,248,08:00,Rain,18,63.0,3.03,11.21,27.54
TRN4237,Intercity Express,Guntur,Tirupati,610,15:00,Rain,35,27.95,4.3,0.0,20.06
TRN4238,Jan Shatabdi,Hyderabad,Warangal,673,03:00,Clear,32,76.94,2.89,4.15,14.98
TRN4239,Intercity Express,Hyderabad,Warangal,695,12:00,Cloudy,32,33.14,0.56,3.52,15.21
TRN4240,Duronto Express,Hyderabad,Warangal,436,16:00,Clear,21,49.85,13.12,3.65,18.37
TRN4241,Jan Shatabdi,Kurnool,Hyderabad,275,01:00,Clear,29,28.22,4.5,15.16,19.92
TRN4242,Superfast Express,Nellore,Chennai,638,15:00,Heavy Rain,18,0.91,7.43,2.63,38.32
TRN4243,Deccan Express,Guntur,Tirupati,371,06:00,Cloudy,37,23.04,10.69,0.0,14.13
TRN4244,Deccan Express,Vijayawada,Visakhapatnam,471,23:00,Clear,21,49.37,5.09,22.92,22.01
TRN4245,Rajdhani Express,Secunderabad,Nizamabad,352,02:00,Heavy Rain,25,10.23,0.0,7.75,20.93
TRN4246,Garib Rath,Nellore,Chennai,385,06:00,Clear,29,41.58,3.82,10.63,12.26
TRN4247,Krishna Express,Guntur,Tirupati,466,12:00,Clear,23,51.14,1.25,7.81,11.67
TRN4248,Shatabdi Express,Hyderabad,Vijayawada,282,15:00,Heavy Rain,34,74.48,12.45,6.41,32.43
TRN4249,Krishna Express,Vijayawada,Visakhapatnam,583,03:00,Clear,31,74.7,1.24,1.8,6.22
TRN4250,Deccan Express,Nellore,Chennai,222,07:00,Cloudy,37,6.09,0.0,8.62,14.1
TRN4251,Intercity Express,Hyderabad,Vijayawada,294,04:00,Clear,24,13.51,6.78,4.06,8.34
TRN4252,Deccan Express,Guntur,Tirupati,154,19:00,Heavy Rain,33,44.31,0.0,8.79,23.79
TRN4253,Deccan Express,Hyderabad,Vijayawada,154,21:00,Rain,22,17.62,9.14,3.34,19.17
TRN4254,Superfast Express,Vijayawada,Visakhapatnam,525,19:00,Clear,27,64.15,0.0,9.25,12.36
TRN4255,Krishna Express,Kurnool,Hyderabad,336,04:00,Rain,23,37.37,5.78,10.77,21.19
TRN4256,Superfast Express,Hyderabad,Vijayawada,151,11:00,Cloudy,19,78.53,7.02,4.63,9.12
TRN4257,Deccan Express,Nellore,Chennai,173,06:00,Rain,39,24.9,5.9,4.84,25.65
TRN4258,Vande Bharat,Guntur,Tirupati,484,11:00,Clear,39,40.85,0.0,1.39,0.0
TRN4259,Intercity Express,Secunderabad,Nizamabad,361,13:00,Clear,33,11.38,14.31,12.91,19.01
TRN4260,Intercity Express,Kurnool,Hyderabad,362,09:00,Cloudy,39,8.53,4.82,12.31,20.55
TRN4261,Duronto Express,Secunderabad,Nizamabad,369,20:00,Clear,27,37.65,1.36,12.87,14.83
TRN4262,Vande Bharat,Secunderabad,Nizamabad,608,12:00,Clear,31,22.75,10.59,14.66,27.94
TRN4263,Garib Rath,Nellore,Chennai,670,02:00,Cloudy,28,50.6,7.07,0.0,9.04
TRN4264,Garib Rath,Hyderabad,Vijayawada,231,00:00,Clear,37,9.46,7.45,12.13,14.97
TRN4265,Vande Bharat,Kurnool,Hyderabad,699,14:00,Clear,31,5.85,8.39,11.54,11.97
TRN4266,Garib Rath,Hyderabad,Warangal,415,02:00,Heavy Rain,28,2.31,4.36,12.74,25.88
TRN4267,Krishna Express,Secunderabad,Nizamabad,250,04:00,Cloudy,29,39.38,7.06,12.6,13.08
TRN4268,Deccan Express,Hyderabad,Warangal,113,04:00,Clear,39,29.29,10.35,8.36,17.83
TRN4269,Jan Shatabdi,Hyderabad,Warangal,368,21:00,Clear,31,40.18,8.68,13.86,22.75
TRN4270,Vande Bharat,Hyderabad,Vijayawada,314,18:00,Cloudy,32,43.18,4.21,10.27,16.86
TRN4271,Intercity Express,Kurnool,Hyderabad,352,05:00,Clear,26,60.54,4.57,16.98,21.82
TRN4272,Superfast Express,Nellore,Chennai,375,05:00,Fog,31,35.21,6.96,18.63,29.18
TRN4273,Duronto Express,Hyderabad,Vijayawada,163,15:00,Rain,30,77.2,8.85,0.0,11.61
TRN4274,Jan Shatabdi,Guntur,Tirupati,464,16:00,Cloudy,20,54.04,8.05,0.0,20.0
TRN4275,Superfast Express,Vijayawada,Visakhapatnam,168,11:00,Clear,24,46.46,0.0,7.46,0.78
TRN4276,Jan Shatabdi,Vijayawada,Visakhapatnam,550,07:00,Cloudy,28,38.38,0.0,28.34,23.1
TRN4277,Intercity Express,Guntur,Tirupati,372,15:00,Cloudy,19,26.35,3.35,15.82,16.77
TRN4278,Rajdhani Express,Nellore,Chennai,329,07:00,Cloudy,29,64.5,4.17,0.0,11.48
TRN4279,Rajdhani Express,Hyderabad,Warangal,134,13:00,Rain,34,33.52,1.39,6.71,17.81
TRN4280,Vande Bharat,Vijayawada,Visakhapatnam,125,09:00,Fog,35,72.43,4.0,3.53,26.49
TRN4281,Shatabdi Express,Nellore,Chennai,279,17:00,Clear,33,36.97,2.69,0.0,16.84
TRN4282,Krishna Express,Hyderabad,Vijayawada,344,06:00,Cloudy,40,71.43,2.08,17.17,12.91
TRN4283,Krishna Express,Guntur,Tirupati,88,14:00,Rain,19,39.7,3.97,10.09,19.83
TRN4284,Duronto Express,Kurnool,Hyderabad,104,05:00,Clear,39,5.18,6.11,15.38,15.03
TRN4285,Shatabdi Express,Guntur,Tirupati,629,07:00,Heavy Rain,24,40.42,0.13,6.95,32.8
TRN4286,Krishna Express,Nellore,Chennai,273,16:00,Heavy Rain,37,43.11,0.0,24.23,20.76
TRN4287,Rajdhani Express,Vijayawada,Visakhapatnam,398,07:00,Rain,25,9.37,8.52,22.9,43.12
TRN4288,Krishna Express,Vijayawada,Visakhapatnam,135,06:00,Heavy Rain,31,5.97,9.78,9.03,26.41
TRN4289,Rajdhani Express,Hyderabad,Warangal,127,09:00,Clear,27,29.07,7.07,1.98,15.09
TRN4290,Vande Bharat,Hyderabad,Warangal,254,06:00,Cloudy,22,54.46,8.03,4.15,11.37
TRN4291,Shatabdi Express,Kurnool,Hyderabad,235,08:00,Cloudy,36,70.5,4.39,10.46,21.65
TRN4292,Krishna Express,Hyderabad,Vijayawada,246,06:00,Fog,28,55.38,7.28,21.12,28.21
TRN4293,Deccan Express,Kurnool,Hyderabad,595,15:00,Rain,25,71.14,8.1,11.52,30.36
TRN4294,Rajdhani Express,Vijayawada,Visakhapatnam,246,15:00,Heavy Rain,27,15.97,3.01,9.48,19.41
TRN4295,Superfast Express,Secunderabad,Nizamabad,383,12:00,Heavy Rain,32,50.18,5.53,0.0,21.52
TRN4296,Vande Bharat,Vijayawada,Visakhapatnam,305,22:00,Cloudy,37,17.76,8.15,18.16,18.88
TRN4297,Garib Rath,Vijayawada,Visakhapatnam,113,21:00,Rain,39,43.89,4.94,20.34,29.62
TRN4298,Shatabdi Express,Hyderabad,Warangal,290,17:00,Cloudy,36,23.81,9.37,6.89,23.08
TRN4299,Duronto Express,Guntur,Tirupati,250,00:00,Clear,23,23.46,4.39,2.14,4.66
TRN4300,Duronto Express,Hyderabad,Vijayawada,325,04:00,Clear,21,78.7,5.86,2.02,9.72
TRN4301,Rajdhani Express,Kurnool,Hyderabad,272,01:00,Rain,30,40.73,7.99,11.04,25.89
TRN4302,Jan Shatabdi,Hyderabad,Warangal,420,18:00,Rain,18,22.24,7.13,11.88,26.36
TRN4303,Vande Bharat,Secunderabad,Nizamabad,323,00:00,Clear,37,13.74,5.03,17.39,15.96
TRN4304,Vande Bharat,Vijayawada,Visakhapatnam,441,20:00,Rain,26,60.31,3.65,7.17,18.66
TRN4305,Vande Bharat,Hyderabad,Warangal,593,20:00,Clear,31,58.37,5.09,3.21,19.06
TRN4306,Deccan Express,Secunderabad,Nizamabad,234,09:00,Clear,30,79.13,9.95,11.8,22.84
TRN4307,Krishna Express,Kurnool,Hyderabad,95,10:00,Fog,26,57.73,7.93,3.85,24.58
TRN4308,Rajdhani Express,Hyderabad,Warangal,374,01:00,Rain,25,60.44,2.68,11.88,11.61
TRN4309,Vande Bharat,Kurnool,Hyderabad,299,07:00,Clear,41,0.01,4.34,18.75,17.0
TRN4310,Superfast Express,Secunderabad,Nizamabad,502,18:00,Clear,33,5.3,5.48,0.0,21.06
TRN4311,Rajdhani Express,Kurnool,Hyderabad,535,12:00,Clear,39,46.78,5.28,0.0,12.23
TRN4312,Jan Shatabdi,Kurnool,Hyderabad,359,00:00,Clear,36,22.76,4.01,8.41,17.82
TRN4313,Deccan Express,Nellore,Chennai,461,12:00,Fog,39,32.93,12.97,6.17,31.13
TRN4314,Vande Bharat,Nellore,Chennai,518,17:00,Heavy Rain,26,42.78,6.4,7.47,35.02
TRN4315,Superfast Express,Nellore,Chennai,645,00:00,Clear,21,16.04,13.57,14.3,28.3
TRN4316,Jan Shatabdi,Kurnool,Hyderabad,594,03:00,Clear,19,79.33,8.89,19.36,25.36
TRN4317,Superfast Express,Hyderabad,Warangal,437,16:00,Rain,18,79.82,12.31,5.5,23.85
TRN4318,Garib Rath,Nellore,Chennai,402,00:00,Clear,30,10.34,9.89,8.61,16.46
TRN4319,Duronto Express,Secunderabad,Nizamabad,539,13:00,Clear,31,34.8,5.97,8.07,9.05
TRN4320,Deccan Express,Vijayawada,Visakhapatnam,593,13:00,Fog,41,31.58,2.53,0.0,20.5
TRN4321,Garib Rath,Secunderabad,Nizamabad,374,05:00,Clear,36,46.5,9.64,12.33,17.17
TRN4322,Jan Shatabdi,Vijayawada,Visakhapatnam,158,00:00,Clear,21,18.64,6.94,1.3,7.49
TRN4323,Duronto Express,Vijayawada,Visakhapatnam,237,03:00,Clear,29,7.57,4.22,8.89,7.34
TRN4324,Rajdhani Express,Vijayawada,Visakhapatnam,688,14:00,Rain,30,9.83,10.27,4.55,22.04
TRN4325,Intercity Express,Vijayawada,Visakhapatnam,89,07:00,Heavy Rain,29,70.52,5.22,8.65,31.35
TRN4326,Garib Rath,Nellore,Chennai,138,05:00,Clear,31,61.02,10.67,17.01,20.05
TRN4327,Garib Rath,Hyderabad,Vijayawada,174,14:00,Clear,29,7.08,9.51,0.0,10.52
TRN4328,Duronto Express,Nellore,Chennai,292,05:00,Fog,28,73.05,0.74,9.62,18.15
TRN4329,Shatabdi Express,Hyderabad,Vijayawada,129,07:00,Clear,35,9.34,11.98,6.12,19.52
TRN4330,Deccan Express,Kurnool,Hyderabad,438,09:00,Clear,34,27.59,9.27,0.0,18.72
TRN4331,Krishna Express,Hyderabad,Warangal,163,22:00,Clear,40,6.25,8.78,0.0,0.0
TRN4332,Duronto Express,Secunderabad,Nizamabad,506,11:00,Cloudy,38,56.01,0.0,11.88,7.31
TRN4333,Garib Rath,Secunderabad,Nizamabad,504,20:00,Clear,20,62.96,11.81,10.95,28.76
TRN4334,Intercity Express,Secunderabad,Nizamabad,172,00:00,Heavy Rain,27,65.27,2.42,9.85,23.21
TRN4335,Superfast Express,Hyderabad,Warangal,148,08:00,Cloudy,40,33.72,8.64,3.35,18.99
TRN4336,Rajdhani Express,Nellore,Chennai,353,20:00,Rain,26,6.23,5.67,15.74,26.22
TRN4337,Krishna Express,Guntur,Tirupati,349,18:00,Rain,34,78.61,13.85,0.0,28.44
TRN4338,Superfast Express,Nellore,Chennai,99,06:00,Rain,19,39.48,7.28,6.9,17.11
TRN4339,Jan Shatabdi,Vijayawada,Visakhapatnam,93,17:00,Fog,32,63.93,10.5,0.7,29.68
TRN4340,Rajdhani Express,Guntur,Tirupati,603,02:00,Clear,38,1.91,3.03,11.12,19.66
TRN4341,Superfast Express,Kurnool,Hyderabad,285,16:00,Clear,27,61.95,17.78,5.16,24.1
TRN4342,Intercity Express,Vijayawada,Visakhapatnam,283,22:00,Heavy Rain,37,52.69,6.4,7.87,25.4
TRN4343,Rajdhani Express,Guntur,Tirupati,174,01:00,Clear,23,36.02,6.29,16.39,13.38
TRN4344,Deccan Express,Vijayawada,Visakhapatnam,324,22:00,Clear,27,58.54,2.28,0.88,11.78
TRN4345,Duronto Express,Hyderabad,Vijayawada,225,02:00,Rain,28,61.42,1.57,12.54,14.65
TRN4346,Deccan Express,Hyderabad,Vijayawada,585,13:00,Rain,31,48.58,5.24,5.59,16.25
TRN4347,Duronto Express,Hyderabad,Vijayawada,143,11:00,Cloudy,28,55.45,4.4,20.01,16.71
TRN4348,Intercity Express,Nellore,Chennai,243,20:00,Fog,32,67.46,1.8,4.16,15.66
TRN4349,Jan Shatabdi,Vijayawada,Visakhapatnam,548,00:00,Clear,37,53.82,0.0,0.0,0.92
TRN4350,Krishna Express,Hyderabad,Warangal,648,15:00,Rain,21,17.95,1.6,2.22,17.67
TRN4351,Shatabdi Express,Kurnool,Hyderabad,237,17:00,Clear,26,55.24,0.84,10.08,12.54
TRN4352,Jan Shatabdi,Nellore,Chennai,310,01:00,Clear,41,27.74,7.01,16.89,20.62
TRN4353,Duronto Express,Hyderabad,Warangal,212,06:00,Clear,25,52.29,4.28,19.22,13.27
TRN4354,Rajdhani Express,Vijayawada,Visakhapatnam,522,13:00,Rain,29,55.41,2.89,11.95,27.56
TRN4355,Intercity Express,Guntur,Tirupati,302,21:00,Clear,18,43.85,6.02,0.0,17.04
TRN4356,Intercity Express,Guntur,Tirupati,409,23:00,Cloudy,22,67.79,3.26,7.26,11.86
TRN4357,Jan Shatabdi,Secunderabad,Nizamabad,182,21:00,Rain,33,61.4,2.52,9.58,20.64
TRN4358,Rajdhani Express,Nellore,Chennai,458,16:00,Clear,26,43.32,2.85,13.24,13.94
TRN4359,Krishna Express,Kurnool,Hyderabad,260,06:00,Rain,29,3.99,8.13,2.79,16.83
TRN4360,Intercity Express,Guntur,Tirupati,178,11:00,Cloudy,28,75.62,0.0,13.57,14.54
TRN4361,Shatabdi Express,Vijayawada,Visakhapatnam,143,11:00,Clear,27,11.8,0.38,6.13,5.23
TRN4362,Krishna Express,Secunderabad,Nizamabad,315,01:00,Rain,18,70.28,9.42,15.77,25.0
TRN4363,Krishna Express,Guntur,Tirupati,592,00:00,Fog,40,73.81,7.24,6.04,21.84
TRN4364,Shatabdi Express,Nellore,Chennai,586,22:00,Rain,37,58.91,7.4,8.86,24.02
TRN4365,Jan Shatabdi,Hyderabad,Vijayawada,431,00:00,Rain,36,24.01,1.62,13.26,18.53
TRN4366,Jan Shatabdi,Nellore,Chennai,246,09:00,Clear,37,30.22,8.47,8.72,31.55
TRN4367,Deccan Express,Nellore,Chennai,651,16:00,Clear,36,5.14,0.0,17.42,12.3
TRN4368,Deccan Express,Hyderabad,Warangal,379,18:00,Rain,28,10.38,2.55,9.3,22.9
TRN4369,Rajdhani Express,Nellore,Chennai,358,17:00,Fog,35,23.98,1.08,12.99,27.29
TRN4370,Superfast Express,Hyderabad,Vijayawada,107,15:00,Fog,33,66.3,5.07,19.2,21.48
TRN4371,Duronto Express,Kurnool,Hyderabad,423,02:00,Cloudy,29,43.87,3.61,13.99,7.97
TRN4372,Deccan Express,Guntur,Tirupati,105,02:00,Clear,40,9.86,13.12,0.95,8.89
TRN4373,Deccan Express,Secunderabad,Nizamabad,493,20:00,Heavy Rain,36,38.19,0.97,5.95,35.96
TRN4374,Vande Bharat,Hyderabad,Vijayawada,149,10:00,Cloudy,31,6.94,7.53,8.17,22.44
TRN4375,Vande Bharat,Hyderabad,Warangal,484,15:00,Clear,37,42.8,1.98,18.87,14.59
TRN4376,Superfast Express,Secunderabad,Nizamabad,139,01:00,Heavy Rain,31,70.16,8.72,21.12,37.43
TRN4377,Superfast Express,Secunderabad,Nizamabad,333,06:00,Rain,21,26.75,0.61,13.65,18.45
TRN4378,Vande Bharat,Hyderabad,Vijayawada,180,06:00,Cloudy,37,39.85,4.73,0.18,2.65
TRN4379,Deccan Express,Secunderabad,Nizamabad,296,23:00,Rain,31,66.77,6.4,8.02,25.18
TRN4380,Rajdhani Express,Nellore,Chennai,99,22:00,Cloudy,37,30.21,2.49,15.83,10.78
TRN4381,Krishna Express,Hyderabad,Warangal,619,11:00,Cloudy,29,68.13,0.0,13.01,5.3
TRN4382,Intercity Express,Nellore,Chennai,482,21:00,Cloudy,23,32.86,1.84,3.69,17.71
TRN4383,Jan Shatabdi,Vijayawada,Visakhapatnam,469,04:00,Clear,38,25.03,3.17,1.03,2.72
TRN4384,Jan Shatabdi,Hyderabad,Vijayawada,261,09:00,Cloudy,35,41.39,5.73,7.64,16.78
TRN4385,Superfast Express,Kurnool,Hyderabad,679,04:00,Clear,33,17.31,5.17,11.35,11.19
TRN4386,Duronto Express,Nellore,Chennai,498,11:00,Fog,37,3.92,9.38,13.31,24.68
TRN4387,Shatabdi Express,Nellore,Chennai,521,05:00,Heavy Rain,29,76.52,7.39,7.46,37.69
TRN4388,Garib Rath,Kurnool,Hyderabad,479,17:00,Heavy Rain,23,63.4,0.0,15.26,32.89
TRN4389,Jan Shatabdi,Kurnool,Hyderabad,457,20:00,Rain,38,50.9,0.88,7.82,24.47
TRN4390,Jan Shatabdi,Nellore,Chennai,543,21:00,Clear,27,67.14,7.0,11.87,30.23
TRN4391,Shatabdi Express,Kurnool,Hyderabad,490,09:00,Cloudy,25,76.08,2.56,7.44,15.14
TRN4392,Duronto Express,Kurnool,Hyderabad,658,07:00,Clear,34,79.27,6.48,22.45,32.69
TRN4393,Jan Shatabdi,Hyderabad,Vijayawada,539,03:00,Cloudy,35,51.6,3.58,10.14,11.29
TRN4394,Intercity Express,Guntur,Tirupati,609,05:00,Clear,34,37.55,7.6,3.09,12.94
TRN4395,Duronto Express,Vijayawada,Visakhapatnam,461,04:00,Cloudy,33,76.55,0.31,8.35,11.56
TRN4396,Krishna Express,Kurnool,Hyderabad,549,13:00,Cloudy,37,34.09,0.77,11.68,10.51
TRN4397,Duronto Express,Secunderabad,Nizamabad,172,02:00,Clear,37,79.61,3.28,7.98,10.15
TRN4398,Superfast Express,Guntur,Tirupati,86,21:00,Cloudy,27,62.35,4.5,0.0,11.55
TRN4399,Garib Rath,Nellore,Chennai,401,20:00,Fog,25,31.44,8.89,0.0,28.69
TRN4400,Krishna Express,Kurnool,Hyderabad,285,12:00,Cloudy,19,7.09,1.21,7.06,8.49
TRN4401,Shatabdi Express,Hyderabad,Vijayawada,220,21:00,Clear,40,30.89,0.0,0.0,5.26
TRN4402,Shatabdi Express,Kurnool,Hyderabad,549,23:00,Clear,20,69.59,8.27,4.97,16.98
TRN4403,Shatabdi Express,Secunderabad,Nizamabad,183,00:00,Rain,24,78.87,6.05,0.0,7.06
TRN4404,Garib Rath,Vijayawada,Visakhapatnam,535,05:00,Clear,36,36.57,9.26,9.46,17.13
TRN4405,Duronto Express,Vijayawada,Visakhapatnam,518,02:00,Cloudy,23,73.26,8.05,14.07,16.64
TRN4406,Rajdhani Express,Secunderabad,Nizamabad,331,01:00,Clear,18,43.59,2.27,6.35,12.82
TRN4407,Vande Bharat,Hyderabad,Warangal,326,03:00,Cloudy,18,20.64,2.61,0.0,9.8
TRN4408,Intercity Express,Hyderabad,Warangal,555,10:00,Clear,36,62.99,1.12,13.19,21.45
TRN4409,Jan Shatabdi,Secunderabad,Nizamabad,424,03:00,Clear,22,38.13,1.39,14.8,7.43
TRN4410,Shatabdi Express,Hyderabad,Vijayawada,99,22:00,Clear,22,52.75,7.02,9.3,2.61
TRN4411,Deccan Express,Kurnool,Hyderabad,292,14:00,Cloudy,22,68.67,4.6,15.49,4.44
TRN4412,Jan Shatabdi,Vijayawada,Visakhapatnam,501,13:00,Cloudy,28,73.45,2.61,0.0,13.69
TRN4413,Deccan Express,Vijayawada,Visakhapatnam,99,10:00,Clear,18,72.86,1.79,11.79,16.71
TRN4414,Rajdhani Express,Kurnool,Hyderabad,664,04:00,Clear,31,62.66,0.0,9.23,2.36
TRN4415,Deccan Express,Kurnool,Hyderabad,528,21:00,Cloudy,35,1.39,2.87,10.03,31.0
TRN4416,Shatabdi Express,Hyderabad,Vijayawada,408,08:00,Clear,18,2.0,8.13,0.32,20.28
TRN4417,Garib Rath,Secunderabad,Nizamabad,328,07:00,Rain,24,72.93,3.17,6.6,23.89
TRN4418,Shatabdi Express,Hyderabad,Warangal,92,11:00,Cloudy,27,18.41,4.99,3.03,8.38
TRN4419,Rajdhani Express,Hyderabad,Warangal,372,01:00,Cloudy,27,8.58,5.1,4.7,13.88
TRN4420,Jan Shatabdi,Guntur,Tirupati,312,11:00,Clear,20,13.51,8.09,0.0,19.01
TRN4421,Vande Bharat,Hyderabad,Warangal,472,22:00,Cloudy,40,73.2,7.12,13.42,20.67
TRN4422,Krishna Express,Nellore,Chennai,626,03:00,Cloudy,41,33.38,1.72,11.68,13.4
TRN4423,Shatabdi Express,Nellore,Chennai,483,15:00,Clear,36,6.08,3.1,25.14,24.02
TRN4424,Vande Bharat,Secunderabad,Nizamabad,349,16:00,Cloudy,37,66.24,3.33,8.8,6.67
TRN4425,Vande Bharat,Vijayawada,Visakhapatnam,688,03:00,Clear,22,27.22,6.46,8.86,16.45
TRN4426,Jan Shatabdi,Guntur,Tirupati,520,22:00,Clear,39,45.41,2.96,15.2,6.99
TRN4427,Duronto Express,Hyderabad,Vijayawada,669,23:00,Clear,36,35.41,4.47,7.47,14.31
TRN4428,Vande Bharat,Nellore,Chennai,406,20:00,Rain,23,37.28,13.76,7.06,40.13
TRN4429,Superfast Express,Kurnool,Hyderabad,622,23:00,Cloudy,22,79.68,5.5,9.98,16.94
TRN4430,Duronto Express,Hyderabad,Warangal,546,06:00,Rain,25,61.59,9.84,15.6,30.35
TRN4431,Deccan Express,Vijayawada,Visakhapatnam,323,07:00,Clear,25,34.3,9.82,9.44,23.0
TRN4432,Garib Rath,Nellore,Chennai,136,19:00,Cloudy,21,31.34,6.26,20.28,25.88
TRN4433,Deccan Express,Kurnool,Hyderabad,401,08:00,Clear,23,51.42,1.27,12.08,19.07
TRN4434,Garib Rath,Guntur,Tirupati,599,10:00,Clear,36,62.59,0.3,10.95,18.36
TRN4435,Vande Bharat,Nellore,Chennai,637,04:00,Fog,29,52.52,0.99,5.89,16.25
TRN4436,Shatabdi Express,Guntur,Tirupati,197,21:00,Rain,34,58.27,11.91,12.09,33.46
TRN4437,Duronto Express,Hyderabad,Warangal,338,10:00,Clear,40,34.78,9.17,9.77,32.52
TRN4438,Vande Bharat,Guntur,Tirupati,286,14:00,Cloudy,26,2.82,3.06,17.27,9.95
TRN4439,Superfast Express,Hyderabad,Warangal,594,15:00,Cloudy,26,43.49,9.69,4.82,18.35
TRN4440,Superfast Express,Secunderabad,Nizamabad,618,08:00,Clear,31,30.39,10.5,0.0,20.46
TRN4441,Deccan Express,Vijayawada,Visakhapatnam,672,08:00,Rain,33,54.57,7.06,15.79,32.84
TRN4442,Garib Rath,Nellore,Chennai,459,08:00,Rain,35,38.86,7.17,9.85,26.02
TRN4443,Duronto Express,Vijayawada,Visakhapatnam,691,20:00,Clear,25,37.8,8.0,5.05,19.87
TRN4444,Garib Rath,Guntur,Tirupati,454,17:00,Clear,36,8.49,0.0,6.69,9.64
TRN4445,Rajdhani Express,Hyderabad,Vijayawada,554,15:00,Clear,37,68.45,8.52,12.01,19.33
TRN4446,Rajdhani Express,Nellore,Chennai,635,13:00,Clear,24,72.02,13.93,8.97,20.05
TRN4447,Jan Shatabdi,Hyderabad,Vijayawada,514,00:00,Rain,24,42.5,7.1,7.21,23.21
TRN4448,Duronto Express,Hyderabad,Vijayawada,246,15:00,Clear,37,32.52,9.46,4.08,9.29
TRN4449,Jan Shatabdi,Kurnool,Hyderabad,139,18:00,Clear,25,39.25,10.8,6.34,18.91
TRN4450,Krishna Express,Nellore,Chennai,443,14:00,Cloudy,19,65.3,3.96,6.85,11.39
TRN4451,Jan Shatabdi,Hyderabad,Warangal,596,02:00,Rain,32,69.72,0.0,9.06,19.81
TRN4452,Krishna Express,Hyderabad,Warangal,126,19:00,Cloudy,21,56.34,10.75,10.88,17.86
TRN4453,Duronto Express,Secunderabad,Nizamabad,143,07:00,Heavy Rain,22,47.76,0.0,0.0,28.05
TRN4454,Superfast Express,Vijayawada,Visakhapatnam,642,20:00,Fog,34,17.71,2.62,6.38,26.0
TRN4455,Krishna Express,Hyderabad,Vijayawada,314,17:00,Cloudy,37,56.16,8.61,10.28,25.91
TRN4456,Vande Bharat,Vijayawada,Visakhapatnam,201,16:00,Clear,24,18.55,7.54,0.0,13.06
TRN4457,Intercity Express,Hyderabad,Vijayawada,607,06:00,Cloudy,21,49.51,0.0,0.0,7.41
TRN4458,Garib Rath,Hyderabad,Vijayawada,636,14:00,Fog,34,53.47,8.05,9.8,30.47
TRN4459,Duronto Express,Secunderabad,Nizamabad,630,18:00,Rain,31,49.04,7.3,13.36,30.39
TRN4460,Shatabdi Express,Hyderabad,Vijayawada,427,06:00,Clear,26,12.48,1.33,10.64,8.36
TRN4461,Jan Shatabdi,Hyderabad,Vijayawada,226,10:00,Clear,38,27.16,4.59,20.2,15.63
TRN4462,Krishna Express,Hyderabad,Warangal,194,10:00,Clear,19,5.61,1.11,3.38,12.67
TRN4463,Jan Shatabdi,Hyderabad,Warangal,589,20:00,Rain,33,59.64,11.44,0.0,23.11
TRN4464,Jan Shatabdi,Hyderabad,Vijayawada,576,07:00,Heavy Rain,30,36.1,4.07,4.28,32.07
TRN4465,Garib Rath,Kurnool,Hyderabad,522,16:00,Cloudy,22,25.12,8.03,21.93,20.65
TRN4466,Jan Shatabdi,Nellore,Chennai,395,07:00,Clear,33,0.44,12.68,2.81,24.12
TRN4467,Intercity Express,Vijayawada,Visakhapatnam,474,12:00,Clear,31,21.58,3.88,10.16,18.15
TRN4468,Duronto Express,Nellore,Chennai,577,19:00,Cloudy,33,69.41,0.0,14.07,19.79
TRN4469,Garib Rath,Hyderabad,Vijayawada,446,23:00,Rain,24,37.55,1.15,14.87,23.7
TRN4470,Jan Shatabdi,Guntur,Tirupati,331,09:00,Heavy Rain,32,26.29,0.61,19.09,34.74
TRN4471,Shatabdi Express,Kurnool,Hyderabad,99,19:00,Heavy Rain,19,59.33,3.52,0.9,22.62
TRN4472,Duronto Express,Guntur,Tirupati,162,05:00,Cloudy,26,46.66,4.64,17.56,22.02
TRN4473,Intercity Express,Guntur,Tirupati,693,15:00,Clear,20,49.61,0.0,18.98,16.03
TRN4474,Garib Rath,Kurnool,Hyderabad,162,23:00,Cloudy,29,66.91,8.62,2.22,15.68
TRN4475,Garib Rath,Nellore,Chennai,524,06:00,Clear,35,53.45,10.19,9.48,25.0
TRN4476,Krishna Express,Hyderabad,Vijayawada,627,16:00,Cloudy,38,9.04,9.53,19.34,28.95
TRN4477,Vande Bharat,Vijayawada,Visakhapatnam,283,18:00,Fog,22,72.72,6.95,8.28,28.19
TRN4478,Rajdhani Express,Nellore,Chennai,541,19:00,Clear,23,9.16,2.67,13.99,23.83
TRN4479,Intercity Express,Secunderabad,Nizamabad,308,18:00,Cloudy,38,67.26,8.57,0.0,26.67
TRN4480,Shatabdi Express,Vijayawada,Visakhapatnam,231,12:00,Cloudy,24,53.29,10.19,9.44,15.55
TRN4481,Superfast Express,Guntur,Tirupati,94,07:00,Clear,38,18.92,1.55,2.94,16.13
TRN4482,Shatabdi Express,Guntur,Tirupati,213,02:00,Cloudy,41,13.4,2.8,5.12,11.87
TRN4483,Jan Shatabdi,Hyderabad,Warangal,563,13:00,Clear,38,3.66,4.43,1.42,16.02
TRN4484,Intercity Express,Guntur,Tirupati,538,20:00,Clear,21,57.12,4.59,1.24,15.61
TRN4485,Superfast Express,Nellore,Chennai,307,19:00,Heavy Rain,32,25.83,11.56,3.2,35.96
TRN4486,Deccan Express,Secunderabad,Nizamabad,365,11:00,Clear,41,53.84,5.03,12.33,13.9
TRN4487,Vande Bharat,Hyderabad,Vijayawada,617,03:00,Clear,31,4.8,0.39,14.63,13.05
TRN4488,Jan Shatabdi,Kurnool,Hyderabad,364,03:00,Cloudy,25,53.03,3.3,9.65,9.66
TRN4489,Intercity Express,Secunderabad,Nizamabad,691,17:00,Heavy Rain,34,32.49,10.6,1.85,45.12
TRN4490,Duronto Express,Nellore,Chennai,442,23:00,Heavy Rain,39,9.57,9.97,12.95,37.6
TRN4491,Deccan Express,Nellore,Chennai,289,15:00,Cloudy,30,32.78,3.59,15.17,13.88
TRN4492,Vande Bharat,Nellore,Chennai,125,23:00,Fog,20,54.59,3.5,7.27,17.09
TRN4493,Shatabdi Express,Nellore,Chennai,174,04:00,Cloudy,32,32.26,8.06,9.64,6.63
TRN4494,Rajdhani Express,Vijayawada,Visakhapatnam,287,11:00,Fog,37,50.79,2.11,13.02,22.0
TRN4495,Rajdhani Express,Hyderabad,Vijayawada,628,09:00,Heavy Rain,41,11.52,0.0,20.39,42.69
TRN4496,Vande Bharat,Secunderabad,Nizamabad,92,19:00,Clear,35,64.0,5.27,0.0,8.33
TRN4497,Vande Bharat,Nellore,Chennai,620,12:00,Clear,21,7.43,5.76,6.96,14.59
TRN4498,Shatabdi Express,Nellore,Chennai,430,10:00,Clear,31,16.75,0.8,12.39,17.49
TRN4499,Duronto Express,Hyderabad,Warangal,582,07:00,Clear,25,9.74,7.09,11.01,21.57
TRN4500,Duronto Express,Hyderabad,Warangal,205,18:00,Cloudy,34,22.87,6.84,4.63,16.5
TRN4501,Jan Shatabdi,Hyderabad,Vijayawada,620,05:00,Clear,35,13.65,5.22,5.42,21.41
TRN4502,Krishna Express,Kurnool,Hyderabad,242,14:00,Clear,41,6.48,5.72,11.79,17.5
TRN4503,Krishna Express,Secunderabad,Nizamabad,357,20:00,Heavy Rain,35,36.51,0.0,0.0,23.02
TRN4504,Jan Shatabdi,Guntur,Tirupati,396,11:00,Clear,21,25.36,5.32,3.89,5.54
TRN4505,Vande Bharat,Kurnool,Hyderabad,492,22:00,Heavy Rain,32,50.94,5.45,1.5,20.41
TRN4506,Jan Shatabdi,Secunderabad,Nizamabad,550,14:00,Clear,29,74.62,6.64,20.5,20.48
TRN4507,Intercity Express,Kurnool,Hyderabad,498,21:00,Rain,33,70.81,0.38,9.38,15.37
TRN4508,Duronto Express,Vijayawada,Visakhapatnam,300,23:00,Cloudy,21,53.31,10.26,3.42,15.97
TRN4509,Deccan Express,Nellore,Chennai,171,23:00,Clear,34,31.85,4.48,0.0,4.29
TRN4510,Jan Shatabdi,Nellore,Chennai,534,00:00,Cloudy,22,45.67,0.0,2.66,7.76
TRN4511,Rajdhani Express,Hyderabad,Warangal,660,04:00,Cloudy,24,2.19,3.17,9.44,17.36
TRN4512,Duronto Express,Hyderabad,Warangal,302,10:00,Clear,35,18.59,1.8,16.07,15.31
TRN4513,Krishna Express,Hyderabad,Vijayawada,513,21:00,Clear,28,27.61,2.96,12.51,13.57
TRN4514,Krishna Express,Guntur,Tirupati,653,02:00,Heavy Rain,37,40.15,4.3,0.14,22.36
TRN4515,Deccan Express,Hyderabad,Warangal,250,16:00,Clear,19,8.15,5.79,12.72,14.95
TRN4516,Superfast Express,Hyderabad,Vijayawada,471,04:00,Clear,24,32.72,8.13,12.69,21.95
TRN4517,Intercity Express,Vijayawada,Visakhapatnam,193,08:00,Rain,27,75.8,3.04,5.65,22.49
TRN4518,Intercity Express,Secunderabad,Nizamabad,196,01:00,Cloudy,33,70.64,0.39,16.15,9.49
TRN4519,Garib Rath,Hyderabad,Vijayawada,140,01:00,Clear,27,76.14,0.62,24.58,9.84
TRN4520,Garib Rath,Guntur,Tirupati,304,09:00,Clear,31,58.72,6.74,21.1,34.1
TRN4521,Vande Bharat,Secunderabad,Nizamabad,196,17:00,Clear,41,33.72,0.0,5.1,14.02
TRN4522,Vande Bharat,Kurnool,Hyderabad,191,09:00,Clear,28,10.94,0.7,0.0,10.33
TRN4523,Intercity Express,Vijayawada,Visakhapatnam,177,18:00,Clear,21,57.36,5.36,0.0,12.26
TRN4524,Rajdhani Express,Kurnool,Hyderabad,457,14:00,Cloudy,40,78.74,5.84,9.53,13.82
TRN4525,Superfast Express,Nellore,Chennai,463,20:00,Cloudy,36,56.56,4.3,7.53,16.97
TRN4526,Rajdhani Express,Hyderabad,Vijayawada,607,05:00,Rain,26,59.11,1.94,0.0,8.81
TRN4527,Rajdhani Express,Guntur,Tirupati,654,03:00,Clear,20,33.64,0.0,0.0,6.82
TRN4528,Superfast Express,Vijayawada,Visakhapatnam,130,23:00,Cloudy,41,36.96,7.63,0.0,10.01
TRN4529,Duronto Express,Hyderabad,Vijayawada,409,02:00,Cloudy,24,24.42,7.92,0.0,16.14
TRN4530,Jan Shatabdi,Kurnool,Hyderabad,248,08:00,Clear,20,10.71,9.0,0.0,18.43
TRN4531,Shatabdi Express,Vijayawada,Visakhapatnam,480,14:00,Clear,38,47.95,0.0,7.25,2.64
TRN4532,Jan Shatabdi,Secunderabad,Nizamabad,269,02:00,Cloudy,31,56.38,9.89,0.91,14.53
TRN4533,Intercity Express,Kurnool,Hyderabad,410,17:00,Clear,38,29.39,3.02,21.34,19.14
TRN4534,Superfast Express,Vijayawada,Visakhapatnam,337,09:00,Cloudy,28,26.25,3.18,7.6,15.1
TRN4535,Rajdhani Express,Vijayawada,Visakhapatnam,304,00:00,Rain,23,41.17,14.99,8.21,33.61
TRN4536,Superfast Express,Nellore,Chennai,80,12:00,Rain,22,56.03,7.06,17.09,20.75
TRN4537,Garib Rath,Guntur,Tirupati,113,20:00,Rain,41,28.35,9.62,5.06,32.57
TRN4538,Jan Shatabdi,Hyderabad,Warangal,180,16:00,Cloudy,41,55.63,4.0,3.95,13.22
TRN4539,Superfast Express,Nellore,Chennai,358,09:00,Cloudy,20,26.95,6.72,20.27,25.04
TRN4540,Rajdhani Express,Nellore,Chennai,571,08:00,Clear,37,46.76,10.73,0.0,24.87
TRN4541,Krishna Express,Kurnool,Hyderabad,282,23:00,Clear,18,60.62,5.29,15.01,13.81
TRN4542,Duronto Express,Vijayawada,Visakhapatnam,141,20:00,Clear,30,18.26,3.94,11.64,15.64
TRN4543,Jan Shatabdi,Hyderabad,Vijayawada,598,11:00,Clear,24,73.28,13.57,2.36,14.92
TRN4544,Rajdhani Express,Secunderabad,Nizamabad,659,12:00,Fog,33,58.57,12.16,0.0,30.0
TRN4545,Vande Bharat,Secunderabad,Nizamabad,259,19:00,Cloudy,27,26.81,8.84,15.79,27.4
TRN4546,Duronto Express,Hyderabad,Vijayawada,151,14:00,Clear,21,19.21,5.72,7.23,8.44
TRN4547,Deccan Express,Kurnool,Hyderabad,503,07:00,Cloudy,33,13.54,2.72,8.74,17.51
TRN4548,Rajdhani Express,Kurnool,Hyderabad,358,18:00,Clear,31,34.33,6.14,2.23,24.04
TRN4549,Vande Bharat,Guntur,Tirupati,475,18:00,Cloudy,22,34.66,9.35,10.38,27.04
TRN4550,Garib Rath,Guntur,Tirupati,253,08:00,Clear,21,6.96,5.11,23.86,27.56
TRN4551,Vande Bharat,Hyderabad,Vijayawada,274,15:00,Fog,34,28.89,11.28,6.79,30.12
TRN4552,Rajdhani Express,Kurnool,Hyderabad,405,11:00,Clear,37,72.5,5.91,0.0,10.55
TRN4553,Intercity Express,Hyderabad,Warangal,464,04:00,Clear,28,73.76,3.63,2.1,2.92
TRN4554,Rajdhani Express,Nellore,Chennai,569,05:00,Clear,22,43.02,9.45,9.83,20.35
TRN4555,Garib Rath,Vijayawada,Visakhapatnam,169,22:00,Clear,23,65.94,5.48,1.2,1.95
TRN4556,Duronto Express,Hyderabad,Vijayawada,566,19:00,Clear,29,0.07,5.66,9.35,20.63
TRN4557,Vande Bharat,Vijayawada,Visakhapatnam,384,21:00,Cloudy,38,44.29,4.04,12.03,23.4
TRN4558,Deccan Express,Hyderabad,Vijayawada,104,15:00,Rain,40,42.67,0.0,10.29,17.93
TRN4559,Deccan Express,Nellore,Chennai,112,00:00,Fog,27,79.15,9.9,3.03,21.63
TRN4560,Superfast Express,Secunderabad,Nizamabad,343,04:00,Cloudy,23,63.71,3.69,2.95,8.35
TRN4561,Superfast Express,Vijayawada,Visakhapatnam,625,07:00,Cloudy,22,51.29,8.65,13.3,36.14
TRN4562,Vande Bharat,Guntur,Tirupati,487,17:00,Fog,35,11.41,8.86,11.76,34.25
TRN4563,Duronto Express,Vijayawada,Visakhapatnam,160,00:00,Fog,35,56.57,12.63,11.3,32.57
TRN4564,Duronto Express,Hyderabad,Vijayawada,614,02:00,Clear,41,50.65,7.64,6.65,14.79
TRN4565,Krishna Express,Hyderabad,Warangal,210,13:00,Clear,36,57.81,9.24,12.24,17.09
TRN4566,Vande Bharat,Guntur,Tirupati,119,17:00,Clear,41,8.46,5.99,13.31,15.18
TRN4567,Rajdhani Express,Hyderabad,Vijayawada,508,02:00,Fog,26,62.63,1.53,5.02,15.16
TRN4568,Krishna Express,Hyderabad,Warangal,188,08:00,Cloudy,21,27.46,1.55,14.93,24.55
TRN4569,Vande Bharat,Kurnool,Hyderabad,107,18:00,Heavy Rain,18,27.81,2.13,0.0,23.68
TRN4570,Deccan Express,Hyderabad,Vijayawada,224,14:00,Rain,30,57.38,2.63,22.88,24.67
TRN4571,Intercity Express,Vijayawada,Visakhapatnam,361,04:00,Cloudy,34,55.82,6.4,6.59,17.0
TRN4572,Rajdhani Express,Hyderabad,Warangal,277,01:00,Clear,25,63.75,5.95,14.34,15.44
TRN4573,Rajdhani Express,Hyderabad,Warangal,383,04:00,Clear,19,42.72,7.66,9.46,20.27
TRN4574,Jan Shatabdi,Guntur,Tirupati,347,19:00,Clear,23,8.14,5.19,6.57,15.48
TRN4575,Deccan Express,Hyderabad,Vijayawada,306,11:00,Clear,39,43.62,6.38,8.07,11.27
TRN4576,Krishna Express,Nellore,Chennai,238,12:00,Clear,28,63.18,8.3,7.7,10.67
TRN4577,Intercity Express,Kurnool,Hyderabad,417,14:00,Clear,35,46.29,4.39,2.22,13.5
TRN4578,Vande Bharat,Guntur,Tirupati,261,03:00,Cloudy,26,36.72,2.8,0.0,3.28
TRN4579,Intercity Express,Nellore,Chennai,674,01:00,Fog,35,47.52,5.22,11.33,27.27
TRN4580,Rajdhani Express,Hyderabad,Warangal,641,23:00,Cloudy,21,10.17,6.92,16.45,23.69
TRN4581,Superfast Express,Secunderabad,Nizamabad,273,22:00,Clear,30,79.26,11.57,1.02,13.13
TRN4582,Vande Bharat,Nellore,Chennai,463,21:00,Fog,35,57.85,9.57,4.4,28.28
TRN4583,Jan Shatabdi,Hyderabad,Vijayawada,206,07:00,Clear,35,12.88,8.51,1.26,19.72
TRN4584,Superfast Express,Nellore,Chennai,487,15:00,Clear,24,43.26,7.31,4.45,12.45
TRN4585,Krishna Express,Secunderabad,Nizamabad,613,10:00,Clear,39,52.6,8.1,5.0,19.71
TRN4586,Intercity Express,Hyderabad,Vijayawada,565,06:00,Heavy Rain,23,42.32,5.55,9.83,29.59
TRN4587,Duronto Express,Secunderabad,Nizamabad,363,17:00,Rain,24,59.63,1.7,8.2,18.81
TRN4588,Intercity Express,Vijayawada,Visakhapatnam,203,18:00,Cloudy,27,56.55,0.0,9.97,10.35
TRN4589,Intercity Express,Vijayawada,Visakhapatnam,344,13:00,Fog,25,6.87,5.16,0.0,16.78
TRN4590,Rajdhani Express,Guntur,Tirupati,222,05:00,Clear,36,1.77,0.0,3.57,12.48
TRN4591,Superfast Express,Guntur,Tirupati,447,08:00,Clear,34,22.72,2.63,11.89,15.14
TRN4592,Intercity Express,Vijayawada,Visakhapatnam,300,10:00,Cloudy,26,15.97,0.0,6.81,7.72
TRN4593,Deccan Express,Vijayawada,Visakhapatnam,459,09:00,Clear,18,0.72,2.25,5.24,19.98
TRN4594,Garib Rath,Kurnool,Hyderabad,228,19:00,Cloudy,19,72.61,4.93,10.81,9.24
TRN4595,Garib Rath,Kurnool,Hyderabad,665,08:00,Clear,39,77.56,7.24,14.32,29.65
TRN4596,Deccan Express,Hyderabad,Vijayawada,397,12:00,Heavy Rain,26,37.01,3.06,20.87,32.13
TRN4597,Jan Shatabdi,Guntur,Tirupati,522,20:00,Clear,38,56.68,2.33,13.36,20.08
TRN4598,Garib Rath,Hyderabad,Vijayawada,150,13:00,Heavy Rain,19,5.64,4.41,10.95,16.24
TRN4599,Vande Bharat,Hyderabad,Vijayawada,609,05:00,Cloudy,25,61.16,1.45,14.75,7.2
TRN4600,Duronto Express,Secunderabad,Nizamabad,633,00:00,Heavy Rain,40,71.07,4.69,14.57,39.7
TRN4601,Garib Rath,Kurnool,Hyderabad,238,01:00,Rain,26,18.73,7.97,2.21,17.5
TRN4602,Shatabdi Express,Vijayawada,Visakhapatnam,113,23:00,Rain,31,62.88,7.07,0.0,19.13
TRN4603,Krishna Express,Secunderabad,Nizamabad,456,15:00,Clear,18,8.62,0.0,13.12,17.75
TRN4604,Duronto Express,Kurnool,Hyderabad,377,20:00,Fog,22,6.82,10.37,4.39,24.95
TRN4605,Rajdhani Express,Kurnool,Hyderabad,616,02:00,Cloudy,26,18.56,13.72,5.89,17.05
TRN4606,Shatabdi Express,Kurnool,Hyderabad,148,05:00,Cloudy,20,41.13,0.0,2.48,1.88
TRN4607,Vande Bharat,Hyderabad,Warangal,236,23:00,Heavy Rain,30,71.9,6.89,11.55,33.95
TRN4608,Superfast Express,Hyderabad,Warangal,660,07:00,Cloudy,26,13.65,0.17,0.0,15.03
TRN4609,Intercity Express,Vijayawada,Visakhapatnam,181,09:00,Cloudy,36,62.12,3.35,0.0,14.23
TRN4610,Deccan Express,Secunderabad,Nizamabad,699,13:00,Clear,27,0.97,0.42,24.78,24.52
TRN4611,Jan Shatabdi,Nellore,Chennai,371,09:00,Clear,21,34.4,9.58,0.0,24.98
TRN4612,Superfast Express,Kurnool,Hyderabad,429,18:00,Cloudy,27,8.45,5.56,1.06,19.19
TRN4613,Rajdhani Express,Guntur,Tirupati,215,06:00,Clear,32,60.45,7.02,23.84,23.33
TRN4614,Garib Rath,Hyderabad,Vijayawada,286,14:00,Cloudy,37,51.09,2.47,16.07,10.95
TRN4615,Krishna Express,Vijayawada,Visakhapatnam,277,16:00,Cloudy,22,75.61,6.97,3.4,19.8
TRN4616,Jan Shatabdi,Hyderabad,Warangal,589,03:00,Rain,31,3.31,14.5,11.81,27.52
TRN4617,Shatabdi Express,Guntur,Tirupati,127,00:00,Cloudy,23,57.52,5.62,9.65,13.17
TRN4618,Jan Shatabdi,Hyderabad,Vijayawada,363,02:00,Clear,37,46.52,0.87,8.92,11.81
TRN4619,Superfast Express,Guntur,Tirupati,179,02:00,Clear,21,24.63,12.8,5.03,16.21
TRN4620,Duronto Express,Hyderabad,Vijayawada,438,12:00,Clear,35,37.15,6.22,2.88,10.05
TRN4621,Superfast Express,Vijayawada,Visakhapatnam,685,15:00,Clear,35,41.11,4.02,3.19,14.58
TRN4622,Garib Rath,Hyderabad,Vijayawada,333,07:00,Clear,36,23.2,5.99,8.71,30.73
TRN4623,Vande Bharat,Vijayawada,Visakhapatnam,156,21:00,Clear,29,44.46,6.57,9.44,13.31
TRN4624,Duronto Express,Vijayawada,Visakhapatnam,602,06:00,Rain,29,65.78,5.18,0.93,17.19
TRN4625,Jan Shatabdi,Hyderabad,Vijayawada,649,15:00,Clear,25,23.69,12.96,18.9,28.5
TRN4626,Shatabdi Express,Hyderabad,Vijayawada,692,01:00,Cloudy,33,42.01,5.13,16.36,25.38
TRN4627,Jan Shatabdi,Vijayawada,Visakhapatnam,198,09:00,Fog,20,58.37,9.18,8.79,33.17
TRN4628,Jan Shatabdi,Hyderabad,Warangal,380,05:00,Clear,39,51.59,10.13,16.39,25.12
TRN4629,Intercity Express,Nellore,Chennai,172,00:00,Rain,40,15.32,5.15,28.51,22.85
TRN4630,Superfast Express,Hyderabad,Vijayawada,360,06:00,Cloudy,26,20.82,0.0,0.39,4.3
TRN4631,Deccan Express,Vijayawada,Visakhapatnam,137,20:00,Cloudy,38,78.79,8.66,6.94,19.62
TRN4632,Intercity Express,Hyderabad,Warangal,245,22:00,Clear,38,45.8,4.08,14.9,9.71
TRN4633,Vande Bharat,Kurnool,Hyderabad,627,14:00,Rain,33,58.33,0.09,4.11,16.57
TRN4634,Intercity Express,Nellore,Chennai,335,12:00,Heavy Rain,34,43.48,2.84,9.42,25.83
TRN4635,Duronto Express,Nellore,Chennai,375,01:00,Clear,21,27.92,0.0,4.06,12.23
TRN4636,Jan Shatabdi,Hyderabad,Warangal,357,23:00,Clear,25,56.36,9.1,10.18,17.28
TRN4637,Garib Rath,Secunderabad,Nizamabad,378,19:00,Cloudy,37,19.18,0.0,5.57,21.87
TRN4638,Garib Rath,Hyderabad,Warangal,181,22:00,Fog,18,73.93,7.2,11.7,17.16
TRN4639,Vande Bharat,Vijayawada,Visakhapatnam,406,09:00,Cloudy,24,23.13,5.11,12.72,27.92
TRN4640,Intercity Express,Secunderabad,Nizamabad,613,22:00,Cloudy,26,30.92,8.72,6.47,22.21
TRN4641,Vande Bharat,Hyderabad,Warangal,325,05:00,Clear,27,24.91,0.0,0.0,0.0
TRN4642,Shatabdi Express,Nellore,Chennai,141,18:00,Clear,33,77.78,0.97,0.88,8.96
TRN4643,Garib Rath,Hyderabad,Vijayawada,208,17:00,Rain,38,22.22,3.38,17.75,22.83
TRN4644,Intercity Express,Vijayawada,Visakhapatnam,146,12:00,Cloudy,21,47.86,4.62,4.42,11.58
TRN4645,Vande Bharat,Nellore,Chennai,103,12:00,Cloudy,19,7.19,1.47,0.5,4.86
TRN4646,Duronto Express,Secunderabad,Nizamabad,558,12:00,Cloudy,30,34.07,0.0,14.36,13.36
TRN4647,Jan Shatabdi,Guntur,Tirupati,570,12:00,Rain,22,18.54,5.84,6.51,22.61
TRN4648,Vande Bharat,Secunderabad,Nizamabad,311,13:00,Clear,25,45.96,2.13,8.18,13.74
TRN4649,Intercity Express,Hyderabad,Warangal,178,22:00,Rain,38,24.31,8.23,2.0,16.46
TRN4650,Duronto Express,Kurnool,Hyderabad,137,04:00,Clear,38,22.65,3.53,2.59,5.03
TRN4651,Deccan Express,Hyderabad,Warangal,422,13:00,Rain,34,66.76,7.03,7.89,21.82
TRN4652,Shatabdi Express,Secunderabad,Nizamabad,276,00:00,Cloudy,36,47.54,8.38,7.14,17.29
TRN4653,Jan Shatabdi,Hyderabad,Warangal,388,08:00,Heavy Rain,18,61.18,1.28,9.37,34.99
TRN4654,Krishna Express,Guntur,Tirupati,419,11:00,Rain,21,75.75,5.01,0.0,16.18
TRN4655,Vande Bharat,Nellore,Chennai,163,04:00,Clear,27,54.08,12.39,1.27,16.09
TRN4656,Rajdhani Express,Vijayawada,Visakhapatnam,463,15:00,Rain,33,13.15,12.31,0.0,24.12
TRN4657,Krishna Express,Secunderabad,Nizamabad,518,03:00,Clear,36,63.55,3.25,16.57,25.27
TRN4658,Rajdhani Express,Vijayawada,Visakhapatnam,482,15:00,Fog,39,29.81,3.43,7.74,20.57
TRN4659,Duronto Express,Secunderabad,Nizamabad,380,16:00,Cloudy,38,48.56,7.69,7.82,12.81
TRN4660,Krishna Express,Kurnool,Hyderabad,391,06:00,Cloudy,27,45.43,2.36,0.0,15.58
TRN4661,Superfast Express,Hyderabad,Vijayawada,470,04:00,Clear,26,73.19,3.78,19.11,8.07
TRN4662,Rajdhani Express,Hyderabad,Warangal,696,00:00,Clear,23,42.83,7.89,17.17,19.75
TRN4663,Superfast Express,Vijayawada,Visakhapatnam,499,12:00,Fog,19,24.06,0.0,7.74,13.92
TRN4664,Krishna Express,Guntur,Tirupati,631,03:00,Cloudy,18,58.37,6.35,8.89,15.76
TRN4665,Intercity Express,Nellore,Chennai,185,18:00,Clear,20,20.39,0.52,8.04,20.44
TRN4666,Intercity Express,Hyderabad,Warangal,416,09:00,Clear,22,55.47,2.25,3.51,16.18
TRN4667,Deccan Express,Guntur,Tirupati,472,18:00,Cloudy,30,31.22,5.02,21.64,27.33
TRN4668,Intercity Express,Guntur,Tirupati,332,12:00,Clear,28,3.8,4.26,4.5,10.53
TRN4669,Deccan Express,Hyderabad,Vijayawada,600,01:00,Cloudy,29,28.88,10.41,10.9,19.96
TRN4670,Shatabdi Express,Nellore,Chennai,413,18:00,Clear,21,5.91,2.43,9.87,21.98
TRN4671,Duronto Express,Hyderabad,Vijayawada,254,20:00,Clear,27,70.95,4.92,0.0,7.54
TRN4672,Rajdhani Express,Guntur,Tirupati,694,00:00,Cloudy,25,22.88,4.76,0.52,15.78
TRN4673,Garib Rath,Hyderabad,Warangal,297,18:00,Clear,30,19.99,3.32,2.25,8.9
TRN4674,Deccan Express,Secunderabad,Nizamabad,346,08:00,Cloudy,39,22.36,0.0,0.99,13.54
TRN4675,Shatabdi Express,Vijayawada,Visakhapatnam,132,22:00,Clear,38,74.25,2.38,4.95,9.44
TRN4676,Vande Bharat,Secunderabad,Nizamabad,601,05:00,Rain,36,46.64,2.99,6.33,18.02
TRN4677,Rajdhani Express,Hyderabad,Vijayawada,495,09:00,Heavy Rain,40,52.23,3.56,3.39,36.98
TRN4678,Garib Rath,Hyderabad,Vijayawada,138,15:00,Cloudy,27,40.74,6.98,7.55,22.19
TRN4679,Vande Bharat,Kurnool,Hyderabad,414,21:00,Clear,25,70.38,3.2,15.69,21.84
TRN4680,Garib Rath,Nellore,Chennai,344,11:00,Clear,22,13.75,1.0,0.0,3.88
TRN4681,Krishna Express,Hyderabad,Warangal,426,22:00,Clear,30,25.06,13.61,4.31,17.77
TRN4682,Krishna Express,Guntur,Tirupati,260,11:00,Clear,21,29.75,12.02,1.43,5.59
TRN4683,Rajdhani Express,Nellore,Chennai,507,08:00,Heavy Rain,25,76.84,2.86,2.35,29.84
TRN4684,Rajdhani Express,Kurnool,Hyderabad,512,07:00,Cloudy,36,41.71,3.85,7.34,15.57
TRN4685,Superfast Express,Nellore,Chennai,471,09:00,Clear,32,48.45,6.95,10.15,15.92
TRN4686,Shatabdi Express,Guntur,Tirupati,598,06:00,Rain,36,51.67,2.04,9.04,8.57
TRN4687,Krishna Express,Vijayawada,Visakhapatnam,156,07:00,Cloudy,32,49.74,1.64,2.84,14.56
TRN4688,Krishna Express,Hyderabad,Vijayawada,493,00:00,Cloudy,18,68.69,3.62,14.96,22.09
TRN4689,Garib Rath,Guntur,Tirupati,391,22:00,Cloudy,40,57.7,4.91,7.62,13.05
TRN4690,Shatabdi Express,Vijayawada,Visakhapatnam,149,22:00,Cloudy,23,11.31,3.44,10.73,7.01
TRN4691,Intercity Express,Hyderabad,Warangal,203,15:00,Clear,40,29.36,0.0,2.43,0.0
TRN4692,Superfast Express,Hyderabad,Vijayawada,647,22:00,Clear,39,17.45,9.32,11.49,24.7
TRN4693,Deccan Express,Secunderabad,Nizamabad,163,07:00,Clear,26,9.32,6.35,5.94,18.48
TRN4694,Shatabdi Express,Guntur,Tirupati,357,14:00,Cloudy,21,67.27,4.88,13.33,17.19
TRN4695,Shatabdi Express,Guntur,Tirupati,611,14:00,Clear,38,69.9,5.42,2.57,17.22
TRN4696,Krishna Express,Hyderabad,Vijayawada,455,15:00,Clear,29,20.89,9.61,9.79,21.3
TRN4697,Superfast Express,Hyderabad,Warangal,378,14:00,Heavy Rain,24,69.13,0.0,12.1,31.48
TRN4698,Krishna Express,Secunderabad,Nizamabad,683,01:00,Fog,22,53.92,6.02,5.1,22.8
TRN4699,Superfast Express,Guntur,Tirupati,433,19:00,Clear,31,70.51,2.44,9.0,13.16
TRN4700,Intercity Express,Vijayawada,Visakhapatnam,507,07:00,Clear,19,47.66,5.94,13.3,24.9
TRN4701,Krishna Express,Nellore,Chennai,272,01:00,Cloudy,21,40.24,0.0,8.33,12.71
TRN4702,Duronto Express,Kurnool,Hyderabad,395,06:00,Rain,31,13.63,9.32,5.61,27.07
TRN4703,Shatabdi Express,Hyderabad,Vijayawada,406,14:00,Fog,28,13.89,1.4,7.69,12.31
TRN4704,Duronto Express,Nellore,Chennai,680,01:00,Clear,34,50.09,9.53,9.71,20.96
TRN4705,Jan Shatabdi,Guntur,Tirupati,491,17:00,Clear,38,1.71,1.95,4.85,10.35
TRN4706,Shatabdi Express,Vijayawada,Visakhapatnam,592,16:00,Clear,23,28.49,0.0,4.31,3.43
TRN4707,Jan Shatabdi,Hyderabad,Warangal,127,05:00,Clear,24,1.14,6.77,10.58,14.67
TRN4708,Superfast Express,Hyderabad,Warangal,319,23:00,Clear,29,72.52,5.72,9.19,9.81
TRN4709,Deccan Express,Kurnool,Hyderabad,448,17:00,Clear,26,69.61,5.78,9.44,28.17
TRN4710,Jan Shatabdi,Hyderabad,Warangal,136,15:00,Clear,26,76.23,7.62,14.56,13.7
TRN4711,Rajdhani Express,Secunderabad,Nizamabad,620,21:00,Cloudy,31,73.92,10.14,0.0,26.47
TRN4712,Rajdhani Express,Hyderabad,Warangal,618,23:00,Cloudy,35,35.02,2.33,5.81,16.98
TRN4713,Garib Rath,Kurnool,Hyderabad,655,11:00,Rain,26,33.47,13.99,17.45,32.57
TRN4714,Deccan Express,Guntur,Tirupati,188,01:00,Fog,34,2.96,7.88,9.67,25.82
TRN4715,Jan Shatabdi,Kurnool,Hyderabad,446,07:00,Clear,29,77.59,5.43,15.91,26.84
TRN4716,Krishna Express,Secunderabad,Nizamabad,154,09:00,Clear,26,21.48,2.49,0.0,5.84
TRN4717,Jan Shatabdi,Secunderabad,Nizamabad,479,22:00,Heavy Rain,20,64.64,12.38,14.97,37.69
TRN4718,Intercity Express,Kurnool,Hyderabad,564,18:00,Heavy Rain,24,75.51,3.38,2.82,38.58
TRN4719,Superfast Express,Secunderabad,Nizamabad,671,22:00,Clear,32,40.48,0.0,6.63,5.04
TRN4720,Garib Rath,Guntur,Tirupati,337,05:00,Rain,35,62.3,0.0,4.52,11.06
TRN4721,Vande Bharat,Vijayawada,Visakhapatnam,649,02:00,Clear,29,79.71,10.31,11.49,22.15
TRN4722,Duronto Express,Guntur,Tirupati,663,12:00,Cloudy,28,33.09,7.53,13.28,23.62
TRN4723,Vande Bharat,Hyderabad,Warangal,300,23:00,Clear,23,12.65,8.57,14.13,15.7
TRN4724,Krishna Express,Hyderabad,Warangal,579,14:00,Cloudy,37,30.56,9.26,20.22,35.51
TRN4725,Garib Rath,Secunderabad,Nizamabad,106,08:00,Clear,33,43.56,6.9,6.28,23.4
TRN4726,Garib Rath,Nellore,Chennai,518,01:00,Cloudy,40,74.12,1.49,8.65,11.37
TRN4727,Intercity Express,Secunderabad,Nizamabad,419,14:00,Clear,24,47.29,3.26,10.21,13.66
TRN4728,Krishna Express,Nellore,Chennai,158,07:00,Clear,35,42.28,6.1,4.19,18.14
TRN4729,Vande Bharat,Hyderabad,Warangal,547,17:00,Cloudy,39,32.67,1.31,2.43,13.91
TRN4730,Intercity Express,Guntur,Tirupati,394,01:00,Clear,35,33.65,5.52,8.86,12.17
TRN4731,Duronto Express,Vijayawada,Visakhapatnam,330,02:00,Rain,40,10.48,1.35,13.04,15.76
TRN4732,Shatabdi Express,Secunderabad,Nizamabad,681,12:00,Cloudy,32,18.8,8.74,29.93,25.2
TRN4733,Shatabdi Express,Vijayawada,Visakhapatnam,446,19:00,Clear,20,21.21,8.54,8.0,21.93
TRN4734,Duronto Express,Nellore,Chennai,658,07:00,Clear,32,28.3,4.71,14.44,25.1
TRN4735,Krishna Express,Guntur,Tirupati,255,13:00,Clear,36,58.68,9.57,5.29,18.57
TRN4736,Deccan Express,Hyderabad,Warangal,413,23:00,Clear,36,39.97,4.88,19.65,16.78
TRN4737,Garib Rath,Guntur,Tirupati,540,04:00,Cloudy,34,20.56,4.25,17.28,21.78
TRN4738,Garib Rath,Nellore,Chennai,128,19:00,Fog,22,33.88,6.18,9.69,28.32
TRN4739,Shatabdi Express,Secunderabad,Nizamabad,95,18:00,Cloudy,33,48.95,2.82,13.06,13.92
TRN4740,Duronto Express,Hyderabad,Warangal,612,20:00,Clear,24,28.9,7.58,12.72,32.49
TRN4741,Shatabdi Express,Kurnool,Hyderabad,502,02:00,Clear,30,75.95,3.84,4.98,10.47
TRN4742,Intercity Express,Vijayawada,Visakhapatnam,492,12:00,Clear,29,9.91,14.23,17.33,13.45
TRN4743,Intercity Express,Secunderabad,Nizamabad,698,14:00,Cloudy,24,26.48,7.41,17.21,29.0
TRN4744,Krishna Express,Kurnool,Hyderabad,656,20:00,Clear,20,0.11,0.0,0.0,7.47
TRN4745,Rajdhani Express,Hyderabad,Vijayawada,624,14:00,Fog,19,69.3,1.53,0.0,11.76
TRN4746,Intercity Express,Vijayawada,Visakhapatnam,621,04:00,Rain,36,19.93,0.0,0.0,13.71
TRN4747,Vande Bharat,Guntur,Tirupati,264,21:00,Clear,30,26.66,6.89,4.59,22.89
TRN4748,Shatabdi Express,Hyderabad,Warangal,316,08:00,Clear,33,2.31,8.35,0.18,14.69
TRN4749,Superfast Express,Secunderabad,Nizamabad,420,06:00,Cloudy,23,6.87,3.92,0.0,13.69
TRN4750,Krishna Express,Hyderabad,Vijayawada,607,19:00,Clear,28,14.4,8.47,22.08,27.72
TRN4751,Jan Shatabdi,Kurnool,Hyderabad,338,11:00,Rain,19,60.74,0.0,0.0,18.57
TRN4752,Jan Shatabdi,Nellore,Chennai,658,07:00,Clear,32,61.46,2.98,15.9,30.88
TRN4753,Shatabdi Express,Vijayawada,Visakhapatnam,468,17:00,Cloudy,38,13.5,0.0,16.2,13.61
TRN4754,Jan Shatabdi,Vijayawada,Visakhapatnam,226,17:00,Heavy Rain,34,37.09,4.31,11.56,32.32
TRN4755,Deccan Express,Hyderabad,Vijayawada,386,07:00,Heavy Rain,24,56.83,9.45,5.47,38.02
TRN4756,Krishna Express,Kurnool,Hyderabad,434,18:00,Clear,20,79.66,7.55,4.83,11.07
TRN4757,Krishna Express,Vijayawada,Visakhapatnam,501,10:00,Cloudy,28,45.57,1.8,10.28,12.15
TRN4758,Duronto Express,Kurnool,Hyderabad,571,07:00,Clear,19,78.68,3.53,0.0,22.28
TRN4759,Jan Shatabdi,Guntur,Tirupati,525,16:00,Clear,39,12.61,8.69,11.88,16.62
TRN4760,Intercity Express,Vijayawada,Visakhapatnam,574,13:00,Clear,41,25.63,12.09,0.0,15.83
TRN4761,Rajdhani Express,Guntur,Tirupati,260,21:00,Cloudy,40,68.8,5.91,12.09,23.51
TRN4762,Deccan Express,Vijayawada,Visakhapatnam,249,13:00,Rain,19,22.31,2.29,5.52,11.61
TRN4763,Krishna Express,Hyderabad,Warangal,631,03:00,Fog,23,58.87,2.12,9.36,21.46
TRN4764,Shatabdi Express,Hyderabad,Warangal,156,05:00,Cloudy,18,56.33,3.39,4.93,10.2
TRN4765,Superfast Express,Guntur,Tirupati,601,16:00,Cloudy,30,4.15,4.42,19.64,23.69
TRN4766,Krishna Express,Hyderabad,Vijayawada,164,00:00,Clear,39,46.17,7.44,6.42,5.56
TRN4767,Shatabdi Express,Kurnool,Hyderabad,280,01:00,Rain,33,7.89,2.64,5.2,21.64
TRN4768,Superfast Express,Hyderabad,Warangal,542,00:00,Cloudy,31,43.16,3.81,5.88,11.44
TRN4769,Jan Shatabdi,Vijayawada,Visakhapatnam,359,12:00,Cloudy,38,22.29,7.55,14.16,26.24
TRN4770,Deccan Express,Guntur,Tirupati,233,15:00,Heavy Rain,21,66.09,9.63,1.61,23.32
TRN4771,Krishna Express,Nellore,Chennai,697,03:00,Rain,23,69.8,5.66,4.67,16.57
TRN4772,Krishna Express,Nellore,Chennai,517,06:00,Clear,39,58.88,2.96,11.57,15.95
TRN4773,Jan Shatabdi,Hyderabad,Vijayawada,325,23:00,Clear,18,41.38,16.06,11.24,25.95
TRN4774,Jan Shatabdi,Nellore,Chennai,254,21:00,Cloudy,32,18.59,7.9,22.61,23.61
TRN4775,Deccan Express,Nellore,Chennai,534,22:00,Cloudy,31,22.54,8.76,9.54,14.74
TRN4776,Shatabdi Express,Hyderabad,Vijayawada,254,00:00,Clear,30,72.97,7.74,0.0,12.94
TRN4777,Deccan Express,Hyderabad,Vijayawada,619,07:00,Clear,40,24.16,3.98,0.0,19.99
TRN4778,Vande Bharat,Vijayawada,Visakhapatnam,98,08:00,Heavy Rain,23,22.72,3.05,17.1,39.49
TRN4779,Garib Rath,Secunderabad,Nizamabad,219,06:00,Rain,34,10.21,2.59,2.12,18.91
TRN4780,Garib Rath,Kurnool,Hyderabad,270,18:00,Cloudy,30,63.74,5.04,0.0,10.2
TRN4781,Jan Shatabdi,Vijayawada,Visakhapatnam,305,02:00,Cloudy,29,29.21,7.24,0.36,13.87
TRN4782,Duronto Express,Hyderabad,Warangal,164,07:00,Rain,37,14.31,5.46,27.71,33.2
TRN4783,Garib Rath,Vijayawada,Visakhapatnam,425,18:00,Clear,38,12.93,5.23,6.79,13.33
TRN4784,Intercity Express,Guntur,Tirupati,83,00:00,Rain,33,46.83,7.26,3.14,8.97
TRN4785,Shatabdi Express,Guntur,Tirupati,552,04:00,Rain,18,47.02,0.0,8.21,16.9
TRN4786,Vande Bharat,Hyderabad,Vijayawada,160,22:00,Cloudy,19,73.14,0.0,15.86,11.02
TRN4787,Shatabdi Express,Nellore,Chennai,560,22:00,Cloudy,38,25.68,2.72,0.0,5.1
TRN4788,Vande Bharat,Guntur,Tirupati,102,08:00,Heavy Rain,37,23.68,3.09,0.0,30.42
TRN4789,Superfast Express,Nellore,Chennai,486,05:00,Rain,39,74.3,7.62,0.9,20.41
TRN4790,Deccan Express,Hyderabad,Vijayawada,355,04:00,Rain,21,63.1,2.2,17.81,16.84
TRN4791,Superfast Express,Secunderabad,Nizamabad,635,17:00,Clear,25,48.63,6.22,12.27,22.04
TRN4792,Vande Bharat,Guntur,Tirupati,95,06:00,Clear,26,75.13,6.11,10.02,9.46
TRN4793,Krishna Express,Guntur,Tirupati,274,21:00,Rain,21,75.14,0.13,15.85,30.54
TRN4794,Superfast Express,Hyderabad,Warangal,423,15:00,Clear,38,68.03,7.65,7.07,10.32
TRN4795,Superfast Express,Hyderabad,Warangal,477,08:00,Cloudy,37,3.66,8.16,11.34,31.37
TRN4796,Intercity Express,Vijayawada,Visakhapatnam,534,14:00,Rain,21,52.02,10.46,13.02,33.64
TRN4797,Shatabdi Express,Kurnool,Hyderabad,622,07:00,Cloudy,19,79.74,10.47,12.64,32.28
TRN4798,Garib Rath,Nellore,Chennai,460,00:00,Clear,32,46.05,0.0,9.87,10.07
TRN4799,Intercity Express,Hyderabad,Warangal,295,14:00,Clear,27,18.07,7.1,4.18,14.89
TRN4800,Deccan Express,Hyderabad,Warangal,355,00:00,Clear,24,38.19,4.37,5.71,0.3
TRN4801,Superfast Express,Hyderabad,Warangal,473,08:00,Cloudy,21,33.6,13.82,0.63,32.32
TRN4802,Duronto Express,Hyderabad,Vijayawada,173,03:00,Rain,24,66.08,1.92,18.92,23.16
TRN4803,Duronto Express,Hyderabad,Vijayawada,594,12:00,Clear,21,19.09,7.08,7.41,16.73
TRN4804,Rajdhani Express,Vijayawada,Visakhapatnam,638,21:00,Heavy Rain,20,61.38,1.73,0.0,27.35
TRN4805,Duronto Express,Secunderabad,Nizamabad,285,06:00,Cloudy,30,12.42,10.02,20.57,18.04
TRN4806,Krishna Express,Nellore,Chennai,424,04:00,Rain,25,51.05,0.99,14.35,15.73
TRN4807,Shatabdi Express,Kurnool,Hyderabad,141,05:00,Clear,32,32.72,2.61,13.4,10.39
TRN4808,Shatabdi Express,Kurnool,Hyderabad,611,07:00,Rain,40,52.95,4.45,9.33,24.4
TRN4809,Garib Rath,Guntur,Tirupati,209,09:00,Cloudy,39,5.85,15.51,0.0,27.08
TRN4810,Rajdhani Express,Hyderabad,Vijayawada,115,10:00,Clear,18,61.06,7.83,15.09,21.22
TRN4811,Krishna Express,Secunderabad,Nizamabad,426,23:00,Clear,39,0.03,8.75,0.0,18.96
TRN4812,Intercity Express,Vijayawada,Visakhapatnam,92,23:00,Rain,33,26.26,6.0,7.74,6.81
TRN4813,Garib Rath,Kurnool,Hyderabad,286,20:00,Cloudy,21,4.91,6.49,5.16,19.91
TRN4814,Krishna Express,Kurnool,Hyderabad,591,15:00,Clear,22,20.73,14.33,4.59,19.95
TRN4815,Shatabdi Express,Hyderabad,Warangal,100,12:00,Cloudy,20,35.74,4.19,11.01,5.14
TRN4816,Garib Rath,Hyderabad,Vijayawada,229,15:00,Cloudy,19,42.38,0.0,2.11,8.93
TRN4817,Intercity Express,Vijayawada,Visakhapatnam,416,10:00,Clear,36,24.32,7.47,6.01,23.56
TRN4818,Shatabdi Express,Kurnool,Hyderabad,528,06:00,Rain,20,39.11,4.78,18.74,19.08
TRN4819,Duronto Express,Secunderabad,Nizamabad,514,20:00,Rain,26,34.66,0.0,18.55,20.33
TRN4820,Intercity Express,Vijayawada,Visakhapatnam,521,02:00,Rain,35,42.87,9.36,8.68,24.59
TRN4821,Krishna Express,Secunderabad,Nizamabad,564,10:00,Clear,21,32.36,2.49,12.7,19.63
TRN4822,Vande Bharat,Hyderabad,Warangal,224,03:00,Clear,33,69.81,4.9,0.47,4.08
TRN4823,Superfast Express,Nellore,Chennai,97,13:00,Clear,39,40.68,10.23,4.68,12.74
TRN4824,Garib Rath,Nellore,Chennai,340,16:00,Clear,35,30.12,9.98,6.5,17.67
TRN4825,Jan Shatabdi,Hyderabad,Warangal,524,13:00,Cloudy,18,22.52,5.49,4.76,14.68
TRN4826,Krishna Express,Hyderabad,Vijayawada,500,09:00,Cloudy,24,19.65,2.24,12.4,25.12
TRN4827,Jan Shatabdi,Guntur,Tirupati,585,06:00,Clear,18,33.64,5.05,11.86,19.37
TRN4828,Rajdhani Express,Guntur,Tirupati,633,16:00,Rain,28,14.83,4.71,0.94,13.13
TRN4829,Shatabdi Express,Hyderabad,Warangal,519,09:00,Rain,25,52.37,3.44,2.01,29.92
TRN4830,Rajdhani Express,Secunderabad,Nizamabad,324,10:00,Clear,25,33.81,3.04,15.36,28.1
TRN4831,Shatabdi Express,Hyderabad,Vijayawada,203,20:00,Heavy Rain,26,41.45,4.05,6.42,36.75
TRN4832,Garib Rath,Kurnool,Hyderabad,130,06:00,Cloudy,38,14.03,2.29,10.67,9.63
TRN4833,Superfast Express,Secunderabad,Nizamabad,597,20:00,Cloudy,20,43.71,8.2,8.69,25.36
TRN4834,Garib Rath,Kurnool,Hyderabad,185,04:00,Clear,40,38.8,3.52,4.69,14.51
TRN4835,Duronto Express,Secunderabad,Nizamabad,192,02:00,Clear,33,44.76,0.08,17.49,2.79
TRN4836,Krishna Express,Vijayawada,Visakhapatnam,386,21:00,Clear,18,3.72,5.45,6.08,15.58
TRN4837,Vande Bharat,Kurnool,Hyderabad,384,14:00,Cloudy,38,9.92,13.01,5.62,16.7
TRN4838,Duronto Express,Nellore,Chennai,298,11:00,Clear,41,25.45,3.23,0.0,4.55
TRN4839,Garib Rath,Hyderabad,Vijayawada,574,10:00,Clear,20,57.27,0.0,19.64,30.15
TRN4840,Superfast Express,Hyderabad,Vijayawada,253,13:00,Cloudy,39,60.85,6.03,10.69,11.9
TRN4841,Garib Rath,Vijayawada,Visakhapatnam,315,02:00,Clear,34,5.19,8.35,8.01,14.27
TRN4842,Rajdhani Express,Vijayawada,Visakhapatnam,345,12:00,Rain,25,65.84,14.91,9.61,30.73
TRN4843,Superfast Express,Secunderabad,Nizamabad,328,19:00,Clear,22,51.09,5.62,1.46,17.57
TRN4844,Krishna Express,Hyderabad,Vijayawada,414,22:00,Heavy Rain,21,40.39,0.0,0.0,25.12
TRN4845,Garib Rath,Hyderabad,Vijayawada,466,06:00,Clear,28,55.84,4.49,10.7,14.28
TRN4846,Duronto Express,Kurnool,Hyderabad,365,00:00,Clear,31,64.77,14.3,12.37,21.87
TRN4847,Rajdhani Express,Hyderabad,Warangal,155,13:00,Cloudy,27,8.06,0.0,16.78,9.98
TRN4848,Jan Shatabdi,Guntur,Tirupati,472,12:00,Clear,24,27.29,3.02,9.75,12.18
TRN4849,Vande Bharat,Guntur,Tirupati,638,15:00,Cloudy,30,75.87,2.41,11.57,17.79
TRN4850,Vande Bharat,Hyderabad,Warangal,185,23:00,Clear,19,52.81,10.03,1.48,16.46
TRN4851,Garib Rath,Guntur,Tirupati,157,22:00,Clear,20,79.58,7.83,9.16,10.62
TRN4852,Superfast Express,Kurnool,Hyderabad,184,01:00,Fog,27,68.08,0.0,3.64,9.46
TRN4853,Shatabdi Express,Secunderabad,Nizamabad,297,18:00,Clear,21,40.97,0.0,11.93,14.12
TRN4854,Jan Shatabdi,Vijayawada,Visakhapatnam,496,18:00,Clear,22,41.15,11.66,15.4,29.82
TRN4855,Vande Bharat,Vijayawada,Visakhapatnam,643,11:00,Cloudy,36,9.24,5.91,0.0,13.95
TRN4856,Superfast Express,Hyderabad,Vijayawada,537,07:00,Clear,40,27.28,4.48,0.0,14.13
TRN4857,Rajdhani Express,Vijayawada,Visakhapatnam,456,01:00,Rain,36,66.53,1.38,14.67,15.55
TRN4858,Jan Shatabdi,Hyderabad,Vijayawada,141,16:00,Clear,30,13.8,8.24,6.62,12.7
TRN4859,Krishna Express,Guntur,Tirupati,441,11:00,Clear,20,20.05,13.57,3.96,21.65
TRN4860,Superfast Express,Hyderabad,Warangal,460,10:00,Cloudy,21,58.44,14.85,16.65,41.68
TRN4861,Jan Shatabdi,Vijayawada,Visakhapatnam,336,16:00,Heavy Rain,26,30.57,3.62,6.38,31.01
TRN4862,Vande Bharat,Hyderabad,Vijayawada,488,05:00,Fog,39,42.39,8.14,19.59,31.54
TRN4863,Garib Rath,Secunderabad,Nizamabad,435,07:00,Cloudy,25,37.63,0.74,15.52,18.96
TRN4864,Jan Shatabdi,Hyderabad,Vijayawada,647,10:00,Cloudy,29,18.68,8.13,13.27,30.68
TRN4865,Garib Rath,Guntur,Tirupati,548,20:00,Clear,20,52.7,0.0,10.53,8.86
TRN4866,Krishna Express,Secunderabad,Nizamabad,196,14:00,Rain,28,71.74,8.82,9.79,17.37
TRN4867,Duronto Express,Secunderabad,Nizamabad,137,15:00,Rain,37,38.89,6.28,24.31,23.59
TRN4868,Intercity Express,Hyderabad,Vijayawada,83,06:00,Cloudy,29,20.49,8.84,8.69,22.74
TRN4869,Duronto Express,Vijayawada,Visakhapatnam,207,05:00,Clear,31,72.95,0.0,8.65,0.0
TRN4870,Jan Shatabdi,Guntur,Tirupati,225,10:00,Cloudy,20,43.39,5.9,11.65,22.5
TRN4871,Garib Rath,Vijayawada,Visakhapatnam,189,09:00,Heavy Rain,40,50.95,10.27,0.0,33.76
TRN4872,Jan Shatabdi,Guntur,Tirupati,156,04:00,Rain,33,46.38,6.24,0.0,22.05
TRN4873,Superfast Express,Guntur,Tirupati,504,18:00,Clear,20,19.81,7.82,14.68,22.83
TRN4874,Superfast Express,Secunderabad,Nizamabad,367,08:00,Clear,32,43.97,3.91,6.34,15.18
TRN4875,Deccan Express,Vijayawada,Visakhapatnam,264,01:00,Clear,39,29.26,0.0,3.43,1.58
TRN4876,Intercity Express,Guntur,Tirupati,500,20:00,Rain,25,23.32,0.22,19.5,22.65
TRN4877,Intercity Express,Secunderabad,Nizamabad,670,05:00,Clear,33,32.94,4.38,0.0,17.17
TRN4878,Rajdhani Express,Nellore,Chennai,542,12:00,Clear,39,74.87,6.46,1.32,14.57
TRN4879,Duronto Express,Hyderabad,Vijayawada,668,21:00,Rain,37,3.43,7.89,8.56,29.44
TRN4880,Superfast Express,Vijayawada,Visakhapatnam,544,05:00,Cloudy,41,33.08,8.82,6.53,23.86
TRN4881,Rajdhani Express,Nellore,Chennai,455,17:00,Clear,18,62.75,0.86,14.41,18.19
TRN4882,Shatabdi Express,Nellore,Chennai,106,12:00,Fog,38,1.58,3.92,14.03,17.48
TRN4883,Duronto Express,Hyderabad,Warangal,697,08:00,Cloudy,41,76.94,2.66,5.48,19.42
TRN4884,Garib Rath,Vijayawada,Visakhapatnam,341,05:00,Cloudy,33,44.55,4.47,5.63,18.9
TRN4885,Krishna Express,Kurnool,Hyderabad,268,03:00,Fog,41,78.2,7.14,12.32,22.82
TRN4886,Deccan Express,Kurnool,Hyderabad,171,08:00,Cloudy,33,2.17,8.04,10.26,22.87
TRN4887,Jan Shatabdi,Kurnool,Hyderabad,623,05:00,Clear,21,44.81,3.44,12.67,14.7
TRN4888,Jan Shatabdi,Secunderabad,Nizamabad,528,00:00,Clear,21,4.44,0.0,0.0,3.24
TRN4889,Duronto Express,Guntur,Tirupati,369,00:00,Cloudy,25,12.2,0.0,15.77,11.6
TRN4890,Krishna Express,Nellore,Chennai,551,12:00,Rain,18,9.02,2.92,19.19,24.08
TRN4891,Jan Shatabdi,Kurnool,Hyderabad,574,14:00,Clear,34,27.81,7.72,12.26,15.2
TRN4892,Deccan Express,Vijayawada,Visakhapatnam,303,07:00,Heavy Rain,22,72.98,8.42,13.08,35.96
TRN4893,Vande Bharat,Guntur,Tirupati,194,01:00,Fog,26,66.73,2.56,12.38,21.78
TRN4894,Garib Rath,Secunderabad,Nizamabad,329,02:00,Fog,32,44.44,1.61,8.79,18.82
TRN4895,Duronto Express,Nellore,Chennai,614,13:00,Fog,26,19.93,5.89,0.0,20.44
TRN4896,Duronto Express,Secunderabad,Nizamabad,604,01:00,Clear,27,55.25,9.34,6.53,15.43
TRN4897,Rajdhani Express,Hyderabad,Warangal,674,00:00,Fog,37,50.27,6.33,24.3,37.6
TRN4898,Vande Bharat,Secunderabad,Nizamabad,295,11:00,Cloudy,37,31.93,0.15,3.1,3.56
TRN4899,Vande Bharat,Nellore,Chennai,214,03:00,Rain,41,73.77,1.31,16.36,22.37
TRN4900,Vande Bharat,Kurnool,Hyderabad,561,02:00,Fog,36,63.56,9.26,2.4,27.9
TRN4901,Vande Bharat,Secunderabad,Nizamabad,358,12:00,Cloudy,29,45.84,4.76,10.03,11.03
TRN4902,Duronto Express,Kurnool,Hyderabad,485,09:00,Clear,21,25.27,3.16,19.96,28.02
TRN4903,Garib Rath,Secunderabad,Nizamabad,218,23:00,Clear,38,46.19,2.2,1.9,10.76
TRN4904,Duronto Express,Hyderabad,Warangal,438,19:00,Rain,24,18.38,7.84,12.44,37.06
TRN4905,Intercity Express,Secunderabad,Nizamabad,686,14:00,Fog,34,65.76,1.46,12.28,18.11
TRN4906,Duronto Express,Kurnool,Hyderabad,483,10:00,Heavy Rain,26,4.55,3.79,14.25,32.26
TRN4907,Deccan Express,Kurnool,Hyderabad,111,21:00,Rain,29,0.47,8.32,5.45,24.93
TRN4908,Shatabdi Express,Secunderabad,Nizamabad,229,02:00,Clear,19,56.04,7.41,0.0,9.46
TRN4909,Shatabdi Express,Kurnool,Hyderabad,91,01:00,Cloudy,37,17.07,4.11,7.29,9.85
TRN4910,Jan Shatabdi,Vijayawada,Visakhapatnam,275,04:00,Cloudy,25,14.49,7.75,4.03,7.71
TRN4911,Jan Shatabdi,Hyderabad,Warangal,640,09:00,Clear,40,0.44,0.0,6.18,18.7
TRN4912,Garib Rath,Kurnool,Hyderabad,388,21:00,Heavy Rain,39,63.03,6.52,10.4,36.04
TRN4913,Shatabdi Express,Hyderabad,Vijayawada,80,20:00,Heavy Rain,19,58.12,4.15,16.1,31.56
TRN4914,Krishna Express,Kurnool,Hyderabad,424,06:00,Rain,36,39.12,2.65,6.79,9.89
TRN4915,Superfast Express,Nellore,Chennai,503,13:00,Heavy Rain,20,44.72,5.81,0.0,12.02
TRN4916,Rajdhani Express,Kurnool,Hyderabad,202,01:00,Clear,24,61.87,6.54,0.0,4.31
TRN4917,Superfast Express,Vijayawada,Visakhapatnam,429,03:00,Rain,32,42.12,7.19,0.0,21.22
TRN4918,Duronto Express,Guntur,Tirupati,99,03:00,Rain,19,25.75,2.77,4.96,6.73
TRN4919,Deccan Express,Kurnool,Hyderabad,433,21:00,Clear,29,32.98,9.93,0.0,21.57
TRN4920,Rajdhani Express,Vijayawada,Visakhapatnam,699,11:00,Clear,28,54.31,0.0,13.31,12.31
TRN4921,Jan Shatabdi,Vijayawada,Visakhapatnam,579,03:00,Clear,38,11.85,5.18,13.27,5.32
TRN4922,Superfast Express,Vijayawada,Visakhapatnam,366,20:00,Fog,34,25.23,5.7,6.06,27.47
TRN4923,Superfast Express,Kurnool,Hyderabad,87,13:00,Cloudy,39,68.63,7.86,8.51,16.78
TRN4924,Jan Shatabdi,Kurnool,Hyderabad,165,11:00,Cloudy,38,54.82,4.55,10.99,14.99
TRN4925,Shatabdi Express,Secunderabad,Nizamabad,162,07:00,Clear,30,77.39,5.05,6.57,12.28
TRN4926,Garib Rath,Kurnool,Hyderabad,80,14:00,Rain,33,30.52,1.08,1.54,9.77
TRN4927,Rajdhani Express,Nellore,Chennai,585,01:00,Rain,37,49.49,1.11,3.81,22.12
TRN4928,Duronto Express,Kurnool,Hyderabad,492,17:00,Cloudy,25,20.69,1.47,12.47,19.34
TRN4929,Shatabdi Express,Guntur,Tirupati,619,10:00,Fog,19,38.65,4.6,4.77,31.78
TRN4930,Duronto Express,Vijayawada,Visakhapatnam,380,15:00,Clear,21,78.36,6.67,0.0,9.14
TRN4931,Rajdhani Express,Secunderabad,Nizamabad,198,11:00,Cloudy,26,34.31,4.88,12.77,15.41
TRN4932,Superfast Express,Guntur,Tirupati,123,04:00,Clear,38,71.12,1.97,0.0,6.65
TRN4933,Intercity Express,Hyderabad,Warangal,517,13:00,Heavy Rain,20,56.79,7.7,0.0,24.1
TRN4934,Duronto Express,Nellore,Chennai,199,15:00,Rain,23,40.89,9.19,12.88,21.98
TRN4935,Deccan Express,Kurnool,Hyderabad,445,20:00,Rain,22,59.9,5.01,2.93,23.52
TRN4936,Garib Rath,Guntur,Tirupati,448,15:00,Fog,29,2.57,3.1,0.0,24.04
TRN4937,Duronto Express,Nellore,Chennai,212,21:00,Rain,33,28.91,7.98,12.25,30.59
TRN4938,Shatabdi Express,Hyderabad,Warangal,254,23:00,Clear,29,51.98,8.92,20.18,18.58
TRN4939,Deccan Express,Vijayawada,Visakhapatnam,267,13:00,Rain,37,23.27,6.18,0.0,9.04
TRN4940,Superfast Express,Hyderabad,Vijayawada,595,12:00,Clear,20,14.27,1.7,5.02,5.52
TRN4941,Vande Bharat,Hyderabad,Warangal,558,16:00,Rain,22,9.19,3.72,0.0,13.6
TRN4942,Shatabdi Express,Nellore,Chennai,353,12:00,Rain,37,16.9,8.09,17.11,22.81
TRN4943,Rajdhani Express,Secunderabad,Nizamabad,263,21:00,Cloudy,19,40.43,0.0,17.0,13.17
TRN4944,Duronto Express,Guntur,Tirupati,179,16:00,Clear,34,33.61,10.03,16.9,20.66
TRN4945,Rajdhani Express,Hyderabad,Vijayawada,614,21:00,Clear,30,41.71,2.5,13.71,19.32
TRN4946,Jan Shatabdi,Nellore,Chennai,212,23:00,Clear,37,32.45,3.15,13.06,13.11
TRN4947,Rajdhani Express,Hyderabad,Vijayawada,638,11:00,Clear,37,54.94,7.47,5.61,18.36
TRN4948,Rajdhani Express,Secunderabad,Nizamabad,515,11:00,Clear,21,10.69,1.56,6.3,7.69
TRN4949,Rajdhani Express,Nellore,Chennai,565,02:00,Rain,20,22.08,7.75,17.92,32.15
TRN4950,Duronto Express,Guntur,Tirupati,532,02:00,Fog,37,12.94,9.06,14.63,29.46
TRN4951,Intercity Express,Guntur,Tirupati,216,13:00,Clear,20,26.46,6.56,13.63,14.84
TRN4952,Intercity Express,Vijayawada,Visakhapatnam,566,18:00,Cloudy,30,15.44,4.66,15.64,33.64
TRN4953,Krishna Express,Kurnool,Hyderabad,394,11:00,Cloudy,40,15.98,6.17,9.28,9.55
TRN4954,Krishna Express,Nellore,Chennai,348,03:00,Clear,36,3.4,3.57,12.78,8.61
TRN4955,Duronto Express,Secunderabad,Nizamabad,587,03:00,Rain,27,5.96,11.35,3.91,21.25
TRN4956,Deccan Express,Nellore,Chennai,453,16:00,Clear,22,77.06,7.79,12.79,18.1
TRN4957,Rajdhani Express,Hyderabad,Warangal,628,21:00,Rain,37,31.8,4.81,13.85,25.39
TRN4958,Rajdhani Express,Secunderabad,Nizamabad,332,09:00,Rain,24,32.09,4.56,12.98,21.73
TRN4959,Duronto Express,Hyderabad,Warangal,336,10:00,Clear,24,21.58,6.25,11.23,26.32
TRN4960,Duronto Express,Kurnool,Hyderabad,661,10:00,Cloudy,23,2.42,0.0,7.99,15.38
TRN4961,Deccan Express,Kurnool,Hyderabad,586,11:00,Heavy Rain,28,35.61,6.84,10.27,29.96
TRN4962,Rajdhani Express,Secunderabad,Nizamabad,125,20:00,Clear,27,0.47,6.1,2.14,14.77
TRN4963,Garib Rath,Vijayawada,Visakhapatnam,381,21:00,Cloudy,24,32.46,2.24,0.09,6.69
TRN4964,Vande Bharat,Hyderabad,Warangal,284,02:00,Cloudy,39,61.81,2.8,10.95,9.93
TRN4965,Garib Rath,Vijayawada,Visakhapatnam,235,16:00,Rain,33,0.96,5.14,11.46,16.1
TRN4966,Deccan Express,Hyderabad,Vijayawada,602,04:00,Clear,38,14.37,8.36,3.31,14.31
TRN4967,Garib Rath,Guntur,Tirupati,692,06:00,Heavy Rain,19,45.32,10.96,0.0,28.94
TRN4968,Intercity Express,Hyderabad,Vijayawada,534,04:00,Clear,24,24.09,0.0,11.18,10.09
TRN4969,Garib Rath,Kurnool,Hyderabad,342,18:00,Cloudy,18,62.2,0.99,11.12,20.24
TRN4970,Superfast Express,Vijayawada,Visakhapatnam,183,13:00,Cloudy,22,70.82,1.66,11.59,16.49
TRN4971,Rajdhani Express,Hyderabad,Vijayawada,90,23:00,Cloudy,18,42.61,5.33,8.11,11.65
TRN4972,Duronto Express,Hyderabad,Warangal,288,18:00,Clear,25,47.09,5.96,9.92,22.35
TRN4973,Rajdhani Express,Secunderabad,Nizamabad,541,01:00,Clear,18,30.72,1.14,15.39,10.04
TRN4974,Shatabdi Express,Kurnool,Hyderabad,246,15:00,Clear,27,49.53,3.23,13.95,14.58
TRN4975,Intercity Express,Hyderabad,Warangal,280,07:00,Clear,22,27.51,2.03,0.62,7.35
TRN4976,Krishna Express,Hyderabad,Warangal,225,03:00,Fog,27,59.84,3.79,17.0,16.28
TRN4977,Rajdhani Express,Vijayawada,Visakhapatnam,602,14:00,Clear,26,69.28,9.72,22.81,20.43
TRN4978,Shatabdi Express,Guntur,Tirupati,596,17:00,Heavy Rain,34,75.03,10.88,10.29,42.97
TRN4979,Deccan Express,Hyderabad,Warangal,609,01:00,Rain,21,66.9,8.17,0.0,19.05
TRN4980,Superfast Express,Hyderabad,Warangal,615,12:00,Rain,27,14.42,9.39,7.21,23.16
TRN4981,Superfast Express,Hyderabad,Vijayawada,434,05:00,Clear,40,14.13,6.52,1.58,8.32
TRN4982,Garib Rath,Secunderabad,Nizamabad,523,22:00,Cloudy,23,24.6,5.68,0.26,10.31
TRN4983,Garib Rath,Nellore,Chennai,690,13:00,Clear,26,68.21,4.93,9.27,12.24
TRN4984,Krishna Express,Kurnool,Hyderabad,617,09:00,Fog,25,52.73,5.09,0.0,32.46
TRN4985,Shatabdi Express,Kurnool,Hyderabad,413,20:00,Clear,24,35.11,5.61,4.45,15.89
TRN4986,Rajdhani Express,Nellore,Chennai,408,22:00,Cloudy,39,68.89,0.0,7.21,8.15
TRN4987,Rajdhani Express,Guntur,Tirupati,124,16:00,Clear,31,18.14,3.08,23.92,18.37
TRN4988,Jan Shatabdi,Vijayawada,Visakhapatnam,194,23:00,Clear,41,19.45,9.48,6.94,12.6
TRN4989,Rajdhani Express,Hyderabad,Vijayawada,268,07:00,Cloudy,40,29.72,5.19,14.43,25.07
TRN4990,Garib Rath,Secunderabad,Nizamabad,692,03:00,Clear,40,28.26,12.94,0.0,24.02
TRN4991,Jan Shatabdi,Hyderabad,Warangal,243,12:00,Cloudy,29,25.18,7.46,13.03,15.84
TRN4992,Krishna Express,Vijayawada,Visakhapatnam,157,07:00,Clear,40,56.4,0.92,7.49,13.65
TRN4993,Intercity Express,Guntur,Tirupati,660,05:00,Rain,39,11.69,9.01,9.9,20.66
TRN4994,Superfast Express,Vijayawada,Visakhapatnam,575,05:00,Fog,19,53.69,5.22,16.84,22.75
TRN4995,Vande Bharat,Vijayawada,Visakhapatnam,480,01:00,Cloudy,30,36.12,4.96,5.03,15.47
TRN4996,Intercity Express,Nellore,Chennai,218,04:00,Clear,27,70.4,0.0,0.0,0.0
TRN4997,Shatabdi Express,Hyderabad,Warangal,280,09:00,Rain,39,76.64,4.29,9.92,24.52
TRN4998,Duronto Express,Hyderabad,Warangal,358,06:00,Cloudy,41,26.92,10.17,16.82,22.29
TRN4999,Vande Bharat,Secunderabad,Nizamabad,500,03:00,Clear,41,67.5,9.54,8.27,18.3
TRN5000,Superfast Express,Vijayawada,Visakhapatnam,366,18:00,Fog,23,79.2,13.46,11.02,36.61
TRN5001,Duronto Express,Secunderabad,Nizamabad,618,14:00,Rain,35,34.01,4.25,4.81,18.66
TRN5002,Rajdhani Express,Nellore,Chennai,550,00:00,Clear,31,73.54,6.14,8.95,12.43
TRN5003,Krishna Express,Kurnool,Hyderabad,306,06:00,Clear,37,16.05,8.15,0.0,10.66
TRN5004,Superfast Express,Hyderabad,Vijayawada,474,20:00,Heavy Rain,27,36.76,4.33,16.48,40.73
TRN5005,Intercity Express,Nellore,Chennai,237,22:00,Clear,39,63.03,4.44,11.07,18.79
TRN5006,Jan Shatabdi,Secunderabad,Nizamabad,526,11:00,Cloudy,32,6.82,2.26,11.16,9.52
TRN5007,Krishna Express,Guntur,Tirupati,179,20:00,Fog,22,36.35,0.0,16.09,17.54
TRN5008,Garib Rath,Nellore,Chennai,231,20:00,Clear,25,37.89,12.17,1.32,21.66
TRN5009,Vande Bharat,Hyderabad,Vijayawada,443,21:00,Clear,24,28.44,8.18,2.61,14.12
TRN5010,Vande Bharat,Hyderabad,Warangal,397,05:00,Cloudy,33,74.39,9.06,11.91,29.02
TRN5011,Deccan Express,Secunderabad,Nizamabad,397,13:00,Clear,34,3.26,1.98,12.71,18.76
TRN5012,Jan Shatabdi,Vijayawada,Visakhapatnam,463,05:00,Clear,21,16.6,4.5,10.52,13.86
TRN5013,Duronto Express,Nellore,Chennai,181,02:00,Clear,31,61.16,1.31,0.0,2.83
TRN5014,Krishna Express,Nellore,Chennai,529,23:00,Clear,34,78.35,7.81,12.78,16.0
TRN5015,Duronto Express,Hyderabad,Vijayawada,655,16:00,Cloudy,32,29.62,7.34,21.4,19.95
TRN5016,Jan Shatabdi,Kurnool,Hyderabad,215,17:00,Cloudy,40,40.44,0.0,15.48,14.33
TRN5017,Duronto Express,Guntur,Tirupati,237,09:00,Fog,32,24.97,0.0,14.64,28.16
TRN5018,Garib Rath,Vijayawada,Visakhapatnam,381,02:00,Clear,19,22.95,3.09,15.39,16.19
TRN5019,Krishna Express,Hyderabad,Vijayawada,344,06:00,Heavy Rain,20,24.96,1.58,6.54,20.81
TRN5020,Rajdhani Express,Hyderabad,Vijayawada,157,03:00,Clear,31,40.02,2.14,0.0,5.17
TRN5021,Jan Shatabdi,Secunderabad,Nizamabad,654,11:00,Cloudy,36,1.04,4.67,12.66,13.37
TRN5022,Deccan Express,Hyderabad,Vijayawada,244,09:00,Clear,24,34.39,4.74,3.71,20.86
TRN5023,Garib Rath,Secunderabad,Nizamabad,177,13:00,Rain,37,37.27,5.8,16.5,19.07
TRN5024,Jan Shatabdi,Hyderabad,Warangal,580,12:00,Cloudy,21,43.88,9.86,14.57,22.12
TRN5025,Duronto Express,Kurnool,Hyderabad,279,03:00,Cloudy,19,26.43,5.64,4.74,11.03
TRN5026,Deccan Express,Secunderabad,Nizamabad,121,03:00,Clear,35,22.98,1.62,1.34,1.65
TRN5027,Shatabdi Express,Hyderabad,Warangal,416,11:00,Cloudy,20,27.06,9.69,12.91,15.78
TRN5028,Jan Shatabdi,Secunderabad,Nizamabad,348,06:00,Cloudy,20,44.75,1.83,2.25,2.6
TRN5029,Vande Bharat,Vijayawada,Visakhapatnam,86,02:00,Cloudy,25,24.16,0.0,9.8,10.26
TRN5030,Garib Rath,Kurnool,Hyderabad,92,21:00,Cloudy,39,5.49,1.76,9.27,18.9
TRN5031,Jan Shatabdi,Hyderabad,Vijayawada,462,08:00,Clear,34,54.22,1.99,0.14,18.37
TRN5032,Intercity Express,Secunderabad,Nizamabad,134,18:00,Cloudy,30,33.92,2.41,2.3,9.53
TRN5033,Jan Shatabdi,Vijayawada,Visakhapatnam,165,13:00,Fog,29,48.28,0.47,15.24,23.67
TRN5034,Garib Rath,Hyderabad,Warangal,592,07:00,Clear,18,23.98,7.03,12.16,32.17
TRN5035,Garib Rath,Nellore,Chennai,142,16:00,Clear,40,43.8,4.49,9.65,10.05
TRN5036,Deccan Express,Secunderabad,Nizamabad,410,23:00,Rain,21,45.56,2.22,7.92,17.73
TRN5037,Krishna Express,Secunderabad,Nizamabad,475,22:00,Cloudy,37,67.03,3.31,2.26,15.69
TRN5038,Garib Rath,Nellore,Chennai,699,18:00,Clear,35,1.05,3.95,9.12,17.94
TRN5039,Vande Bharat,Nellore,Chennai,100,04:00,Clear,19,70.06,5.3,0.0,6.63
TRN5040,Krishna Express,Guntur,Tirupati,473,09:00,Clear,27,41.61,0.0,0.87,13.36
TRN5041,Superfast Express,Guntur,Tirupati,112,05:00,Rain,20,37.85,9.6,19.31,27.2
TRN5042,Shatabdi Express,Guntur,Tirupati,217,18:00,Cloudy,25,35.98,0.0,0.0,8.44
TRN5043,Krishna Express,Hyderabad,Warangal,160,00:00,Clear,33,16.87,1.29,0.0,1.36
TRN5044,Intercity Express,Hyderabad,Warangal,211,06:00,Cloudy,36,46.7,0.0,2.96,1.89
TRN5045,Duronto Express,Nellore,Chennai,679,13:00,Clear,36,6.63,5.1,4.7,14.76
TRN5046,Rajdhani Express,Guntur,Tirupati,377,03:00,Clear,20,66.52,4.65,0.0,11.74
TRN5047,Intercity Express,Hyderabad,Vijayawada,305,09:00,Fog,23,11.36,13.65,4.59,36.54
TRN5048,Superfast Express,Nellore,Chennai,573,23:00,Fog,20,45.07,3.13,4.56,14.81
TRN5049,Rajdhani Express,Kurnool,Hyderabad,191,23:00,Clear,30,3.38,8.87,3.7,12.02
TRN5050,Krishna Express,Hyderabad,Warangal,551,07:00,Clear,25,61.91,3.8,12.75,25.78
TRN5051,Duronto Express,Hyderabad,Warangal,183,11:00,Rain,34,47.65,3.14,14.02,16.57
TRN5052,Jan Shatabdi,Kurnool,Hyderabad,124,15:00,Cloudy,36,43.43,5.05,12.31,20.15
TRN5053,Shatabdi Express,Secunderabad,Nizamabad,658,23:00,Clear,35,0.28,6.23,11.56,17.0
TRN5054,Intercity Express,Secunderabad,Nizamabad,147,17:00,Cloudy,21,63.78,0.0,3.8,9.96
TRN5055,Jan Shatabdi,Kurnool,Hyderabad,167,09:00,Clear,25,70.39,11.6,4.16,24.89
TRN5056,Krishna Express,Guntur,Tirupati,150,00:00,Clear,25,72.3,3.99,13.77,11.15
TRN5057,Rajdhani Express,Guntur,Tirupati,648,06:00,Clear,29,37.19,2.05,0.0,4.02
TRN5058,Jan Shatabdi,Kurnool,Hyderabad,598,14:00,Clear,21,65.52,4.51,0.0,11.07
TRN5059,Garib Rath,Kurnool,Hyderabad,597,11:00,Clear,33,21.09,0.0,2.16,9.58
TRN5060,Garib Rath,Secunderabad,Nizamabad,565,13:00,Rain,20,6.73,4.09,6.87,27.02
TRN5061,Jan Shatabdi,Secunderabad,Nizamabad,667,16:00,Clear,28,11.06,6.67,12.09,15.58
TRN5062,Superfast Express,Secunderabad,Nizamabad,304,17:00,Heavy Rain,25,28.7,8.46,5.18,31.78
TRN5063,Jan Shatabdi,Vijayawada,Visakhapatnam,356,15:00,Clear,27,23.81,0.41,12.31,3.42
TRN5064,Garib Rath,Kurnool,Hyderabad,110,11:00,Clear,23,55.77,4.38,6.43,7.91
TRN5065,Rajdhani Express,Vijayawada,Visakhapatnam,116,08:00,Rain,26,49.06,4.85,8.09,30.13
TRN5066,Superfast Express,Secunderabad,Nizamabad,696,09:00,Clear,21,5.85,5.83,1.08,14.36
TRN5067,Rajdhani Express,Vijayawada,Visakhapatnam,328,12:00,Heavy Rain,20,4.86,5.33,2.49,27.94
TRN5068,Jan Shatabdi,Hyderabad,Vijayawada,368,13:00,Rain,28,15.04,0.0,26.4,11.66
TRN5069,Superfast Express,Vijayawada,Visakhapatnam,636,19:00,Clear,32,67.82,0.0,4.54,12.78
TRN5070,Garib Rath,Hyderabad,Vijayawada,187,04:00,Clear,40,52.44,7.58,0.0,14.98
TRN5071,Krishna Express,Hyderabad,Warangal,252,12:00,Clear,27,33.15,3.77,0.0,5.13
TRN5072,Garib Rath,Vijayawada,Visakhapatnam,527,06:00,Fog,30,57.87,4.26,0.0,21.17
TRN5073,Duronto Express,Guntur,Tirupati,151,21:00,Clear,40,43.21,5.49,13.15,11.91
TRN5074,Superfast Express,Vijayawada,Visakhapatnam,434,14:00,Clear,30,13.76,3.48,5.64,5.72
TRN5075,Intercity Express,Vijayawada,Visakhapatnam,476,09:00,Clear,40,31.85,1.0,8.74,22.88
TRN5076,Superfast Express,Guntur,Tirupati,161,19:00,Heavy Rain,38,75.79,3.76,0.0,28.68
TRN5077,Deccan Express,Secunderabad,Nizamabad,360,16:00,Clear,28,35.6,0.0,12.6,10.59
TRN5078,Jan Shatabdi,Hyderabad,Vijayawada,142,10:00,Cloudy,24,47.0,2.3,12.4,16.85
TRN5079,Shatabdi Express,Vijayawada,Visakhapatnam,272,02:00,Clear,23,3.7,14.78,1.8,23.94
TRN5080,Deccan Express,Vijayawada,Visakhapatnam,185,05:00,Heavy Rain,41,10.56,4.72,16.14,17.95
TRN5081,Intercity Express,Kurnool,Hyderabad,554,00:00,Clear,38,62.51,7.82,14.04,20.7
TRN5082,Jan Shatabdi,Vijayawada,Visakhapatnam,81,14:00,Cloudy,30,65.52,8.05,17.81,23.35
TRN5083,Rajdhani Express,Hyderabad,Vijayawada,175,20:00,Fog,37,35.62,2.58,0.0,22.84
TRN5084,Superfast Express,Hyderabad,Vijayawada,105,01:00,Cloudy,23,70.24,7.91,8.42,12.93
TRN5085,Jan Shatabdi,Nellore,Chennai,378,04:00,Rain,37,66.96,4.68,0.0,16.51
TRN5086,Jan Shatabdi,Guntur,Tirupati,538,01:00,Cloudy,26,2.9,12.01,22.86,27.92
TRN5087,Garib Rath,Guntur,Tirupati,207,18:00,Cloudy,30,25.37,9.01,6.62,25.98
TRN5088,Duronto Express,Kurnool,Hyderabad,280,03:00,Clear,21,39.78,10.64,8.8,10.98
TRN5089,Superfast Express,Nellore,Chennai,646,11:00,Fog,19,42.93,5.39,0.0,21.75
TRN5090,Deccan Express,Vijayawada,Visakhapatnam,622,20:00,Clear,36,30.17,7.86,0.0,22.37
TRN5091,Rajdhani Express,Kurnool,Hyderabad,117,07:00,Clear,23,79.48,7.54,14.86,20.14
TRN5092,Superfast Express,Hyderabad,Vijayawada,231,22:00,Clear,24,5.52,8.22,10.24,6.05
TRN5093,Shatabdi Express,Guntur,Tirupati,679,00:00,Clear,28,15.66,10.71,12.05,16.86
TRN5094,Deccan Express,Hyderabad,Warangal,440,14:00,Clear,25,68.97,4.96,24.0,22.8
TRN5095,Jan Shatabdi,Kurnool,Hyderabad,394,12:00,Clear,35,62.97,8.0,17.06,14.66
TRN5096,Jan Shatabdi,Hyderabad,Warangal,475,09:00,Clear,29,76.49,3.11,6.5,11.48
TRN5097,Jan Shatabdi,Secunderabad,Nizamabad,304,07:00,Heavy Rain,18,62.84,0.0,16.08,33.94
TRN5098,Duronto Express,Kurnool,Hyderabad,136,06:00,Clear,30,39.53,9.91,0.0,8.12
TRN5099,Vande Bharat,Vijayawada,Visakhapatnam,81,19:00,Clear,35,49.92,9.27,7.0,23.86
TRN5100,Jan Shatabdi,Guntur,Tirupati,189,16:00,Clear,19,58.23,1.44,9.13,12.63
TRN5101,Vande Bharat,Guntur,Tirupati,552,18:00,Cloudy,37,47.76,0.0,7.49,20.78
TRN5102,Rajdhani Express,Hyderabad,Vijayawada,583,19:00,Cloudy,30,69.72,3.71,9.03,25.1
TRN5103,Rajdhani Express,Kurnool,Hyderabad,99,21:00,Clear,31,8.47,12.65,18.62,28.06
TRN5104,Superfast Express,Nellore,Chennai,387,18:00,Rain,31,73.08,8.12,1.29,17.89
TRN5105,Intercity Express,Hyderabad,Vijayawada,665,02:00,Heavy Rain,37,16.29,0.0,5.49,24.23
TRN5106,Deccan Express,Nellore,Chennai,97,07:00,Cloudy,27,41.07,8.18,24.97,32.41
TRN5107,Rajdhani Express,Kurnool,Hyderabad,398,02:00,Fog,41,57.5,1.24,11.18,20.15
TRN5108,Rajdhani Express,Guntur,Tirupati,630,07:00,Cloudy,22,67.91,6.98,0.0,28.07
TRN5109,Vande Bharat,Nellore,Chennai,690,00:00,Rain,30,30.5,7.33,4.71,22.0
TRN5110,Duronto Express,Guntur,Tirupati,623,08:00,Clear,35,8.36,1.83,10.75,14.74
TRN5111,Garib Rath,Hyderabad,Vijayawada,439,21:00,Clear,22,65.01,10.14,14.04,14.13
TRN5112,Shatabdi Express,Hyderabad,Vijayawada,539,12:00,Clear,27,48.9,1.69,11.84,4.82
TRN5113,Shatabdi Express,Nellore,Chennai,583,18:00,Clear,29,78.52,6.39,6.34,15.86
TRN5114,Shatabdi Express,Hyderabad,Warangal,316,06:00,Clear,27,39.98,9.27,8.2,12.62
TRN5115,Superfast Express,Nellore,Chennai,646,20:00,Clear,26,58.07,0.0,17.12,12.71
TRN5116,Intercity Express,Nellore,Chennai,461,01:00,Cloudy,34,43.32,6.49,7.34,20.62
TRN5117,Jan Shatabdi,Kurnool,Hyderabad,361,13:00,Cloudy,23,56.97,3.91,13.29,20.79
TRN5118,Vande Bharat,Hyderabad,Vijayawada,695,07:00,Cloudy,33,35.52,6.61,9.19,28.23
TRN5119,Intercity Express,Kurnool,Hyderabad,187,23:00,Clear,18,53.39,4.76,9.2,12.23
TRN5120,Garib Rath,Vijayawada,Visakhapatnam,356,02:00,Fog,39,56.35,8.24,8.87,25.12
TRN5121,Jan Shatabdi,Guntur,Tirupati,317,15:00,Clear,35,56.8,0.37,10.96,0.83
TRN5122,Vande Bharat,Hyderabad,Warangal,96,04:00,Clear,40,32.42,6.42,7.82,18.73
TRN5123,Rajdhani Express,Vijayawada,Visakhapatnam,180,12:00,Clear,39,28.1,5.97,10.3,8.1
TRN5124,Garib Rath,Guntur,Tirupati,456,11:00,Clear,37,63.58,3.69,5.6,9.04
TRN5125,Krishna Express,Guntur,Tirupati,345,18:00,Clear,29,65.96,1.5,8.51,18.56
TRN5126,Shatabdi Express,Nellore,Chennai,698,13:00,Clear,39,19.64,3.36,21.5,23.86
TRN5127,Jan Shatabdi,Kurnool,Hyderabad,348,01:00,Cloudy,32,53.55,4.26,13.83,17.59
TRN5128,Krishna Express,Hyderabad,Warangal,453,23:00,Clear,18,38.15,7.07,18.63,23.89
TRN5129,Superfast Express,Vijayawada,Visakhapatnam,149,04:00,Heavy Rain,30,27.99,6.28,6.97,21.81
TRN5130,Rajdhani Express,Hyderabad,Warangal,99,02:00,Cloudy,25,62.64,3.43,18.28,13.78
TRN5131,Rajdhani Express,Nellore,Chennai,551,02:00,Clear,30,49.86,0.0,8.13,11.77
TRN5132,Superfast Express,Vijayawada,Visakhapatnam,289,21:00,Cloudy,29,33.76,5.41,5.99,23.93
TRN5133,Krishna Express,Guntur,Tirupati,379,20:00,Clear,27,55.33,5.1,12.84,22.2
TRN5134,Intercity Express,Hyderabad,Warangal,165,03:00,Rain,39,36.14,4.07,1.58,8.01
TRN5135,Vande Bharat,Hyderabad,Vijayawada,340,20:00,Cloudy,38,45.73,2.62,3.27,18.55
TRN5136,Duronto Express,Guntur,Tirupati,322,12:00,Clear,28,53.28,8.62,14.47,13.46
TRN5137,Shatabdi Express,Guntur,Tirupati,539,10:00,Heavy Rain,38,60.26,3.75,8.85,34.54
TRN5138,Vande Bharat,Guntur,Tirupati,80,07:00,Clear,36,7.49,13.43,14.24,22.82
TRN5139,Deccan Express,Kurnool,Hyderabad,531,19:00,Rain,38,8.23,3.01,6.45,18.84
TRN5140,Deccan Express,Secunderabad,Nizamabad,567,22:00,Clear,37,1.26,5.87,0.66,12.04
TRN5141,Intercity Express,Nellore,Chennai,104,19:00,Rain,33,79.02,3.3,14.46,26.16
TRN5142,Rajdhani Express,Hyderabad,Warangal,555,12:00,Cloudy,38,54.7,4.51,7.84,18.73
TRN5143,Shatabdi Express,Hyderabad,Vijayawada,588,23:00,Clear,26,59.31,0.0,4.55,8.77
TRN5144,Superfast Express,Secunderabad,Nizamabad,579,04:00,Fog,21,74.98,1.98,24.67,19.76
TRN5145,Jan Shatabdi,Kurnool,Hyderabad,234,22:00,Fog,20,29.16,4.49,6.06,17.57
TRN5146,Vande Bharat,Guntur,Tirupati,380,09:00,Cloudy,36,76.46,3.6,32.63,34.12
TRN5147,Shatabdi Express,Hyderabad,Warangal,660,14:00,Fog,18,23.5,3.39,0.91,18.76
TRN5148,Shatabdi Express,Guntur,Tirupati,190,04:00,Fog,37,75.6,10.32,13.34,23.24
TRN5149,Deccan Express,Nellore,Chennai,254,13:00,Cloudy,30,4.93,13.16,14.86,23.98
TRN5150,Garib Rath,Secunderabad,Nizamabad,683,23:00,Clear,27,58.99,8.36,7.94,17.0
TRN5151,Deccan Express,Hyderabad,Warangal,668,10:00,Rain,38,18.3,1.41,15.31,26.76
TRN5152,Duronto Express,Hyderabad,Warangal,393,00:00,Clear,36,75.08,10.57,8.97,18.16
TRN5153,Duronto Express,Hyderabad,Vijayawada,212,16:00,Cloudy,23,38.21,9.01,18.9,25.56
TRN5154,Deccan Express,Secunderabad,Nizamabad,93,00:00,Rain,26,35.22,3.59,7.51,21.79
TRN5155,Garib Rath,Nellore,Chennai,262,09:00,Clear,38,6.28,6.84,11.6,18.01
TRN5156,Shatabdi Express,Guntur,Tirupati,424,11:00,Clear,21,20.38,4.53,0.0,7.8
TRN5157,Rajdhani Express,Nellore,Chennai,661,18:00,Cloudy,19,1.5,5.58,18.61,23.87
TRN5158,Duronto Express,Guntur,Tirupati,696,13:00,Rain,41,22.09,12.02,5.06,34.49
TRN5159,Duronto Express,Secunderabad,Nizamabad,96,16:00,Heavy Rain,36,39.07,7.11,0.0,23.9
TRN5160,Vande Bharat,Guntur,Tirupati,562,04:00,Clear,30,24.17,3.26,0.48,0.34
TRN5161,Shatabdi Express,Secunderabad,Nizamabad,631,07:00,Rain,24,50.44,8.54,17.35,35.35
TRN5162,Superfast Express,Guntur,Tirupati,270,17:00,Clear,24,9.02,2.2,1.83,19.25
TRN5163,Garib Rath,Nellore,Chennai,157,02:00,Clear,26,30.19,0.0,7.73,0.0
TRN5164,Intercity Express,Guntur,Tirupati,432,22:00,Cloudy,23,44.52,0.0,5.85,5.77
TRN5165,Superfast Express,Hyderabad,Vijayawada,398,23:00,Clear,21,67.29,9.27,17.07,28.1
TRN5166,Rajdhani Express,Guntur,Tirupati,552,14:00,Clear,22,67.3,1.65,4.33,16.57
TRN5167,Duronto Express,Vijayawada,Visakhapatnam,647,02:00,Rain,29,40.73,1.23,12.67,16.43
TRN5168,Vande Bharat,Kurnool,Hyderabad,224,05:00,Clear,39,18.29,0.0,6.41,6.91
TRN5169,Shatabdi Express,Secunderabad,Nizamabad,554,11:00,Clear,40,79.64,0.97,5.18,4.09
TRN5170,Shatabdi Express,Kurnool,Hyderabad,217,08:00,Rain,25,38.74,0.17,16.91,20.6
TRN5171,Intercity Express,Hyderabad,Warangal,501,07:00,Clear,41,41.7,8.36,5.79,23.39
TRN5172,Deccan Express,Hyderabad,Warangal,421,11:00,Fog,23,20.55,0.78,10.82,22.96
TRN5173,Deccan Express,Secunderabad,Nizamabad,416,11:00,Cloudy,18,36.91,0.7,8.57,15.63
TRN5174,Krishna Express,Hyderabad,Warangal,424,10:00,Cloudy,39,67.07,4.04,0.0,17.52
TRN5175,Deccan Express,Guntur,Tirupati,287,16:00,Rain,27,23.52,3.26,5.54,13.63
TRN5176,Vande Bharat,Nellore,Chennai,455,22:00,Clear,25,48.68,4.44,0.0,5.62
TRN5177,Intercity Express,Hyderabad,Vijayawada,97,13:00,Clear,35,24.67,6.46,0.0,4.52
TRN5178,Shatabdi Express,Guntur,Tirupati,640,16:00,Cloudy,23,4.1,4.94,8.21,14.99
TRN5179,Duronto Express,Secunderabad,Nizamabad,457,22:00,Clear,24,49.32,5.53,10.46,13.99
TRN5180,Vande Bharat,Secunderabad,Nizamabad,321,13:00,Cloudy,20,52.77,9.72,12.44,29.18
TRN5181,Deccan Express,Hyderabad,Vijayawada,689,13:00,Clear,36,60.74,0.0,6.56,5.46
TRN5182,Krishna Express,Nellore,Chennai,635,04:00,Clear,29,36.29,3.02,11.88,18.83
TRN5183,Vande Bharat,Hyderabad,Vijayawada,268,04:00,Fog,22,27.83,6.44,20.15,28.04
TRN5184,Intercity Express,Secunderabad,Nizamabad,649,01:00,Cloudy,41,42.3,3.66,7.37,15.44
TRN5185,Deccan Express,Guntur,Tirupati,612,20:00,Clear,36,0.92,3.4,9.44,17.41
TRN5186,Superfast Express,Kurnool,Hyderabad,427,09:00,Cloudy,32,10.51,1.55,3.13,20.82
TRN5187,Rajdhani Express,Hyderabad,Warangal,237,07:00,Heavy Rain,31,25.2,2.16,11.78,37.84
TRN5188,Garib Rath,Hyderabad,Vijayawada,218,07:00,Clear,24,29.72,2.66,11.11,16.49
TRN5189,Shatabdi Express,Hyderabad,Warangal,498,18:00,Rain,31,37.77,5.71,10.01,32.36
TRN5190,Rajdhani Express,Nellore,Chennai,468,14:00,Cloudy,25,0.33,3.0,2.05,9.54
TRN5191,Vande Bharat,Vijayawada,Visakhapatnam,540,09:00,Cloudy,18,18.1,2.62,5.89,28.89
TRN5192,Garib Rath,Nellore,Chennai,633,04:00,Cloudy,38,71.06,0.91,8.73,10.89
TRN5193,Superfast Express,Guntur,Tirupati,478,14:00,Clear,26,49.55,3.35,5.89,6.54
TRN5194,Garib Rath,Guntur,Tirupati,344,15:00,Cloudy,39,46.35,3.54,11.32,14.38
TRN5195,Superfast Express,Nellore,Chennai,646,09:00,Heavy Rain,19,37.62,6.02,0.0,31.31
TRN5196,Krishna Express,Nellore,Chennai,268,11:00,Clear,41,25.45,5.46,11.16,14.59
TRN5197,Jan Shatabdi,Guntur,Tirupati,691,22:00,Clear,35,59.59,3.9,5.56,13.43
TRN5198,Deccan Express,Vijayawada,Visakhapatnam,465,18:00,Clear,31,47.14,8.54,0.0,16.29
TRN5199,Shatabdi Express,Secunderabad,Nizamabad,486,08:00,Rain,22,75.71,3.74,11.15,28.85
TRN5200,Deccan Express,Kurnool,Hyderabad,99,01:00,Heavy Rain,31,58.93,6.8,6.96,28.76
TRN5201,Shatabdi Express,Hyderabad,Vijayawada,252,07:00,Cloudy,28,38.67,5.94,1.67,12.95
TRN5202,Jan Shatabdi,Hyderabad,Vijayawada,616,15:00,Fog,27,24.99,0.45,18.93,23.29
TRN5203,Superfast Express,Vijayawada,Visakhapatnam,298,03:00,Fog,24,18.41,4.63,17.84,21.57
TRN5204,Deccan Express,Vijayawada,Visakhapatnam,638,23:00,Clear,35,55.84,5.86,6.63,16.71
TRN5205,Intercity Express,Secunderabad,Nizamabad,598,12:00,Cloudy,27,23.03,2.2,8.15,12.5
TRN5206,Deccan Express,Hyderabad,Vijayawada,367,19:00,Cloudy,39,31.03,3.12,0.0,11.17
TRN5207,Intercity Express,Secunderabad,Nizamabad,524,22:00,Clear,24,57.54,8.67,8.07,17.08
TRN5208,Superfast Express,Nellore,Chennai,437,20:00,Clear,20,6.45,6.88,1.57,21.96
TRN5209,Duronto Express,Hyderabad,Vijayawada,404,10:00,Rain,29,24.88,4.16,16.54,24.6
TRN5210,Krishna Express,Hyderabad,Warangal,580,16:00,Clear,37,77.25,9.86,4.38,19.94
TRN5211,Vande Bharat,Kurnool,Hyderabad,493,01:00,Rain,26,42.76,0.84,17.47,14.82
TRN5212,Duronto Express,Vijayawada,Visakhapatnam,361,16:00,Cloudy,22,50.91,7.72,0.82,14.62
TRN5213,Shatabdi Express,Hyderabad,Warangal,472,10:00,Clear,34,54.44,3.75,4.68,22.63
TRN5214,Krishna Express,Kurnool,Hyderabad,199,06:00,Rain,18,78.72,1.63,2.48,10.03
TRN5215,Duronto Express,Secunderabad,Nizamabad,152,14:00,Cloudy,20,60.27,2.58,2.58,2.35
TRN5216,Duronto Express,Secunderabad,Nizamabad,592,23:00,Cloudy,30,39.36,16.33,11.31,31.87
TRN5217,Deccan Express,Secunderabad,Nizamabad,269,10:00,Cloudy,22,36.55,5.68,9.35,27.7
TRN5218,Krishna Express,Vijayawada,Visakhapatnam,395,12:00,Clear,36,62.44,5.02,16.21,9.82
TRN5219,Vande Bharat,Secunderabad,Nizamabad,331,12:00,Clear,24,67.85,7.23,10.14,11.62
TRN5220,Superfast Express,Kurnool,Hyderabad,243,09:00,Fog,21,63.57,11.25,0.0,35.35
TRN5221,Deccan Express,Nellore,Chennai,699,23:00,Clear,39,39.09,7.1,10.64,15.5
TRN5222,Shatabdi Express,Nellore,Chennai,632,02:00,Cloudy,32,52.02,0.0,4.27,8.2
TRN5223,Jan Shatabdi,Guntur,Tirupati,598,20:00,Clear,40,52.21,4.86,6.73,15.77
TRN5224,Garib Rath,Secunderabad,Nizamabad,360,19:00,Fog,30,67.56,0.0,10.28,25.84
TRN5225,Rajdhani Express,Secunderabad,Nizamabad,623,07:00,Fog,28,25.03,13.3,12.04,50.21
TRN5226,Deccan Express,Vijayawada,Visakhapatnam,472,21:00,Clear,36,60.46,5.57,0.0,11.43
TRN5227,Krishna Express,Hyderabad,Warangal,553,17:00,Clear,31,78.65,2.27,16.54,20.77
TRN5228,Duronto Express,Nellore,Chennai,323,08:00,Clear,33,6.13,8.32,0.0,15.99
TRN5229,Deccan Express,Guntur,Tirupati,648,19:00,Heavy Rain,24,67.38,4.02,0.0,25.45
TRN5230,Krishna Express,Hyderabad,Warangal,241,05:00,Clear,40,24.89,0.0,15.9,6.59
TRN5231,Duronto Express,Hyderabad,Warangal,676,21:00,Rain,26,1.38,6.47,10.36,24.81
TRN5232,Superfast Express,Secunderabad,Nizamabad,599,20:00,Fog,41,17.26,2.95,14.92,35.03
TRN5233,Duronto Express,Vijayawada,Visakhapatnam,330,15:00,Cloudy,25,38.07,7.0,0.0,15.91
TRN5234,Duronto Express,Kurnool,Hyderabad,300,03:00,Clear,20,20.68,5.66,5.66,6.77
TRN5235,Deccan Express,Guntur,Tirupati,450,08:00,Clear,32,16.42,6.75,0.0,17.86
TRN5236,Duronto Express,Kurnool,Hyderabad,647,09:00,Cloudy,26,10.3,0.45,7.01,13.84
TRN5237,Jan Shatabdi,Hyderabad,Vijayawada,296,08:00,Clear,19,56.65,4.86,19.68,22.5
TRN5238,Duronto Express,Vijayawada,Visakhapatnam,685,03:00,Rain,35,69.22,9.93,8.92,22.88
TRN5239,Jan Shatabdi,Guntur,Tirupati,354,07:00,Cloudy,32,51.64,2.75,2.63,15.92
TRN5240,Superfast Express,Guntur,Tirupati,336,03:00,Rain,35,33.61,2.71,3.47,16.82
TRN5241,Rajdhani Express,Hyderabad,Vijayawada,154,21:00,Cloudy,41,26.84,10.18,5.69,23.95
TRN5242,Garib Rath,Hyderabad,Warangal,300,18:00,Clear,20,63.72,0.0,6.53,22.41
TRN5243,Superfast Express,Hyderabad,Vijayawada,265,09:00,Cloudy,39,69.18,0.0,10.27,19.43
TRN5244,Vande Bharat,Guntur,Tirupati,565,18:00,Cloudy,22,48.38,1.92,2.16,26.64
TRN5245,Rajdhani Express,Vijayawada,Visakhapatnam,179,19:00,Clear,41,3.99,4.7,22.65,18.6
TRN5246,Rajdhani Express,Kurnool,Hyderabad,377,22:00,Clear,32,65.46,7.42,11.94,16.98
TRN5247,Garib Rath,Hyderabad,Warangal,488,13:00,Rain,20,8.94,6.95,5.24,22.42
TRN5248,Vande Bharat,Hyderabad,Warangal,657,08:00,Rain,22,50.68,5.02,5.15,31.83
TRN5249,Shatabdi Express,Vijayawada,Visakhapatnam,696,12:00,Clear,20,45.05,2.41,7.33,12.29
TRN5250,Garib Rath,Secunderabad,Nizamabad,325,12:00,Clear,36,33.84,13.42,6.18,23.85
TRN5251,Rajdhani Express,Vijayawada,Visakhapatnam,193,18:00,Clear,18,30.65,6.32,6.84,19.5
TRN5252,Jan Shatabdi,Secunderabad,Nizamabad,244,01:00,Clear,22,25.17,1.9,12.8,9.43
TRN5253,Vande Bharat,Nellore,Chennai,246,22:00,Clear,32,79.36,5.25,15.65,15.8
TRN5254,Rajdhani Express,Kurnool,Hyderabad,101,19:00,Clear,28,18.38,11.96,0.0,19.24
TRN5255,Rajdhani Express,Hyderabad,Warangal,351,07:00,Clear,22,71.49,0.0,0.0,9.7
TRN5256,Krishna Express,Kurnool,Hyderabad,344,08:00,Cloudy,26,14.1,6.39,6.31,25.17
TRN5257,Krishna Express,Nellore,Chennai,132,00:00,Clear,25,49.09,7.82,0.0,6.04
TRN5258,Jan Shatabdi,Hyderabad,Warangal,280,18:00,Clear,32,53.25,1.49,0.0,15.96
TRN5259,Intercity Express,Guntur,Tirupati,178,01:00,Heavy Rain,34,43.01,5.17,0.0,20.56
TRN5260,Garib Rath,Hyderabad,Vijayawada,253,22:00,Clear,34,2.93,10.83,12.75,26.53
TRN5261,Jan Shatabdi,Vijayawada,Visakhapatnam,507,10:00,Cloudy,38,5.74,0.0,7.73,12.68
TRN5262,Superfast Express,Secunderabad,Nizamabad,254,03:00,Fog,32,52.85,4.7,6.84,21.08
TRN5263,Vande Bharat,Hyderabad,Vijayawada,313,05:00,Fog,22,43.27,0.0,11.35,18.34
TRN5264,Vande Bharat,Nellore,Chennai,681,04:00,Fog,23,9.47,0.0,5.08,23.79
TRN5265,Vande Bharat,Secunderabad,Nizamabad,306,20:00,Cloudy,21,1.08,0.0,16.7,21.42
TRN5266,Garib Rath,Hyderabad,Vijayawada,546,08:00,Clear,32,9.73,0.0,12.78,22.6
TRN5267,Krishna Express,Guntur,Tirupati,508,19:00,Clear,19,69.87,0.0,1.3,13.75
TRN5268,Garib Rath,Kurnool,Hyderabad,398,06:00,Clear,26,50.41,3.22,8.71,5.23
TRN5269,Deccan Express,Guntur,Tirupati,454,21:00,Clear,35,21.94,3.64,6.23,21.42
TRN5270,Garib Rath,Secunderabad,Nizamabad,337,11:00,Cloudy,40,11.39,0.0,9.13,6.15
TRN5271,Jan Shatabdi,Nellore,Chennai,88,14:00,Clear,26,16.98,3.62,10.79,3.35
TRN5272,Deccan Express,Vijayawada,Visakhapatnam,135,14:00,Cloudy,31,68.41,3.41,9.89,9.33
TRN5273,Intercity Express,Nellore,Chennai,625,21:00,Heavy Rain,33,14.61,4.89,3.25,31.19
TRN5274,Vande Bharat,Nellore,Chennai,460,21:00,Clear,33,9.6,8.37,13.71,25.57
TRN5275,Rajdhani Express,Kurnool,Hyderabad,516,17:00,Rain,18,42.37,1.09,8.37,26.24
TRN5276,Deccan Express,Vijayawada,Visakhapatnam,201,05:00,Rain,19,72.07,0.0,0.13,7.3
TRN5277,Krishna Express,Kurnool,Hyderabad,267,10:00,Clear,40,32.88,6.41,5.89,22.65
TRN5278,Duronto Express,Kurnool,Hyderabad,419,18:00,Cloudy,35,21.61,2.02,12.15,18.98
TRN5279,Garib Rath,Vijayawada,Visakhapatnam,605,08:00,Cloudy,36,72.82,0.32,11.84,20.61
TRN5280,Superfast Express,Nellore,Chennai,373,00:00,Fog,36,19.52,3.92,7.77,20.87
TRN5281,Garib Rath,Nellore,Chennai,554,17:00,Cloudy,23,21.97,4.8,14.84,30.99
TRN5282,Intercity Express,Hyderabad,Warangal,567,12:00,Clear,39,54.57,9.43,13.49,16.95
TRN5283,Shatabdi Express,Hyderabad,Warangal,205,02:00,Clear,18,26.11,10.36,5.19,10.99
TRN5284,Duronto Express,Vijayawada,Visakhapatnam,399,22:00,Rain,24,79.91,13.12,16.02,29.22
TRN5285,Krishna Express,Guntur,Tirupati,667,12:00,Fog,25,7.8,13.03,16.36,30.61
TRN5286,Rajdhani Express,Vijayawada,Visakhapatnam,108,20:00,Cloudy,37,27.68,6.6,2.99,15.48
TRN5287,Shatabdi Express,Guntur,Tirupati,664,02:00,Clear,19,55.43,6.51,18.43,23.91
TRN5288,Vande Bharat,Kurnool,Hyderabad,610,03:00,Fog,39,8.47,10.14,3.47,32.07
TRN5289,Deccan Express,Hyderabad,Warangal,344,19:00,Cloudy,29,76.37,6.91,6.81,23.05
TRN5290,Shatabdi Express,Vijayawada,Visakhapatnam,380,06:00,Cloudy,27,38.96,6.13,10.19,12.99
TRN5291,Shatabdi Express,Secunderabad,Nizamabad,516,05:00,Cloudy,35,76.67,4.82,17.1,16.63
TRN5292,Intercity Express,Hyderabad,Warangal,566,02:00,Cloudy,38,47.79,6.71,7.6,16.48
TRN5293,Vande Bharat,Hyderabad,Warangal,130,18:00,Clear,40,5.0,2.88,0.27,4.52
TRN5294,Deccan Express,Guntur,Tirupati,359,02:00,Cloudy,31,60.4,5.39,8.21,16.13
TRN5295,Intercity Express,Guntur,Tirupati,270,21:00,Fog,36,69.73,5.28,12.21,31.61
TRN5296,Superfast Express,Hyderabad,Vijayawada,116,02:00,Cloudy,27,54.43,9.66,8.87,16.15
TRN5297,Krishna Express,Vijayawada,Visakhapatnam,240,23:00,Clear,40,73.98,8.21,13.4,14.09
TRN5298,Jan Shatabdi,Hyderabad,Warangal,676,00:00,Clear,30,14.45,0.0,3.49,5.19
TRN5299,Intercity Express,Secunderabad,Nizamabad,346,17:00,Cloudy,31,44.25,3.98,0.0,7.68
TRN5300,Superfast Express,Guntur,Tirupati,500,01:00,Cloudy,23,61.84,1.44,0.0,9.5
TRN5301,Krishna Express,Secunderabad,Nizamabad,511,18:00,Fog,24,30.45,9.8,6.79,34.36
TRN5302,Vande Bharat,Guntur,Tirupati,147,18:00,Clear,32,37.23,1.81,9.03,0.43
TRN5303,Garib Rath,Hyderabad,Vijayawada,82,08:00,Cloudy,41,75.94,8.09,0.0,16.78
TRN5304,Jan Shatabdi,Guntur,Tirupati,510,06:00,Clear,19,15.21,8.5,17.26,17.3
TRN5305,Jan Shatabdi,Kurnool,Hyderabad,592,06:00,Rain,22,37.88,7.82,0.0,22.26
TRN5306,Duronto Express,Guntur,Tirupati,306,19:00,Cloudy,24,54.64,2.47,3.15,7.12
TRN5307,Vande Bharat,Hyderabad,Warangal,326,02:00,Heavy Rain,21,58.06,2.92,0.0,24.62
TRN5308,Garib Rath,Hyderabad,Warangal,265,13:00,Clear,38,4.84,9.11,1.88,18.45
TRN5309,Duronto Express,Guntur,Tirupati,274,11:00,Clear,29,58.56,10.09,13.98,20.4
TRN5310,Krishna Express,Vijayawada,Visakhapatnam,492,08:00,Clear,25,70.89,10.82,0.0,17.55
TRN5311,Garib Rath,Guntur,Tirupati,457,06:00,Fog,36,17.95,4.63,7.08,19.29
TRN5312,Jan Shatabdi,Hyderabad,Vijayawada,300,16:00,Cloudy,22,77.71,1.19,2.95,3.02
TRN5313,Jan Shatabdi,Nellore,Chennai,95,04:00,Fog,32,17.21,6.55,16.48,28.28
TRN5314,Shatabdi Express,Kurnool,Hyderabad,339,04:00,Heavy Rain,27,8.97,4.83,6.67,22.51
TRN5315,Shatabdi Express,Kurnool,Hyderabad,191,19:00,Cloudy,33,40.71,8.36,7.18,14.06
TRN5316,Krishna Express,Hyderabad,Vijayawada,166,13:00,Clear,35,19.11,3.99,21.41,13.61
TRN5317,Jan Shatabdi,Guntur,Tirupati,496,21:00,Clear,26,72.42,0.0,11.43,9.75
TRN5318,Shatabdi Express,Hyderabad,Vijayawada,593,13:00,Rain,38,15.66,6.85,5.53,27.12
TRN5319,Intercity Express,Guntur,Tirupati,278,03:00,Fog,27,79.13,4.71,11.05,27.1
TRN5320,Vande Bharat,Hyderabad,Warangal,698,02:00,Cloudy,24,79.41,5.24,16.25,15.19
TRN5321,Vande Bharat,Hyderabad,Vijayawada,608,18:00,Cloudy,40,76.31,1.0,8.22,11.8
TRN5322,Krishna Express,Nellore,Chennai,248,14:00,Heavy Rain,25,11.01,2.91,5.06,22.96
TRN5323,Superfast Express,Secunderabad,Nizamabad,394,10:00,Clear,24,16.48,2.44,7.51,21.12
TRN5324,Jan Shatabdi,Secunderabad,Nizamabad,171,09:00,Clear,36,71.73,0.81,6.75,17.32
TRN5325,Vande Bharat,Kurnool,Hyderabad,322,17:00,Fog,38,49.25,1.94,1.95,25.37
TRN5326,Deccan Express,Hyderabad,Warangal,123,15:00,Cloudy,20,45.06,7.54,17.27,19.87
TRN5327,Garib Rath,Vijayawada,Visakhapatnam,460,03:00,Clear,22,70.73,0.9,6.56,3.96
TRN5328,Jan Shatabdi,Nellore,Chennai,473,03:00,Rain,38,49.12,2.17,5.92,19.95
TRN5329,Krishna Express,Vijayawada,Visakhapatnam,213,06:00,Rain,22,47.52,5.27,4.7,19.01
TRN5330,Deccan Express,Hyderabad,Vijayawada,484,18:00,Clear,23,35.91,3.64,6.89,17.31
TRN5331,Jan Shatabdi,Nellore,Chennai,463,16:00,Cloudy,23,10.46,7.74,0.48,20.76
TRN5332,Garib Rath,Kurnool,Hyderabad,546,05:00,Cloudy,32,79.14,8.75,3.04,18.45
TRN5333,Superfast Express,Kurnool,Hyderabad,325,12:00,Cloudy,34,37.78,8.24,0.0,20.06
TRN5334,Shatabdi Express,Nellore,Chennai,152,05:00,Clear,36,66.44,8.63,15.12,7.74
TRN5335,Shatabdi Express,Guntur,Tirupati,504,23:00,Fog,35,8.65,0.0,11.43,23.56
TRN5336,Superfast Express,Kurnool,Hyderabad,113,14:00,Fog,18,8.34,2.52,6.9,16.97
TRN5337,Jan Shatabdi,Guntur,Tirupati,537,01:00,Rain,37,54.34,7.78,7.8,26.04
TRN5338,Deccan Express,Kurnool,Hyderabad,220,23:00,Heavy Rain,36,37.26,6.27,10.7,28.65
TRN5339,Vande Bharat,Vijayawada,Visakhapatnam,652,21:00,Cloudy,36,47.91,1.68,3.41,20.69
TRN5340,Rajdhani Express,Nellore,Chennai,581,22:00,Fog,37,47.76,0.0,4.22,23.36
TRN5341,Jan Shatabdi,Kurnool,Hyderabad,110,03:00,Heavy Rain,28,40.34,0.0,13.75,28.14
TRN5342,Deccan Express,Nellore,Chennai,506,22:00,Cloudy,37,59.41,8.3,11.6,16.39
TRN5343,Duronto Express,Vijayawada,Visakhapatnam,336,12:00,Clear,23,21.62,8.16,12.35,14.24
TRN5344,Vande Bharat,Hyderabad,Vijayawada,638,12:00,Cloudy,21,72.85,8.53,18.73,26.75
TRN5345,Intercity Express,Hyderabad,Vijayawada,582,07:00,Clear,24,30.84,4.09,9.78,17.11
TRN5346,Vande Bharat,Hyderabad,Warangal,251,18:00,Clear,40,23.77,3.77,3.0,14.8
TRN5347,Krishna Express,Secunderabad,Nizamabad,697,02:00,Rain,31,25.98,14.05,7.0,22.94
TRN5348,Krishna Express,Nellore,Chennai,482,15:00,Clear,20,61.16,0.9,6.78,5.84
TRN5349,Jan Shatabdi,Secunderabad,Nizamabad,92,10:00,Clear,22,65.51,5.92,11.0,26.46
TRN5350,Rajdhani Express,Vijayawada,Visakhapatnam,501,01:00,Fog,41,60.78,0.0,17.31,12.13
TRN5351,Vande Bharat,Hyderabad,Vijayawada,276,15:00,Clear,20,0.76,1.23,25.93,20.86
TRN5352,Rajdhani Express,Hyderabad,Warangal,520,15:00,Clear,23,2.54,1.75,5.54,6.26
TRN5353,Duronto Express,Nellore,Chennai,402,16:00,Rain,24,28.01,10.31,6.47,23.0
TRN5354,Superfast Express,Kurnool,Hyderabad,448,07:00,Rain,19,60.53,7.68,7.89,33.47
TRN5355,Jan Shatabdi,Hyderabad,Warangal,669,07:00,Rain,20,53.35,4.73,5.84,23.99
TRN5356,Duronto Express,Hyderabad,Vijayawada,269,14:00,Clear,32,16.98,1.84,10.18,11.94
TRN5357,Jan Shatabdi,Kurnool,Hyderabad,657,07:00,Clear,22,21.6,0.58,5.5,24.72
TRN5358,Shatabdi Express,Vijayawada,Visakhapatnam,476,18:00,Clear,24,39.66,9.72,0.0,18.37
TRN5359,Superfast Express,Hyderabad,Warangal,109,01:00,Clear,33,69.46,4.87,12.64,10.21
TRN5360,Intercity Express,Hyderabad,Warangal,194,01:00,Clear,38,47.66,3.72,11.13,10.69
TRN5361,Vande Bharat,Kurnool,Hyderabad,398,20:00,Cloudy,38,32.33,1.62,13.53,20.87
TRN5362,Jan Shatabdi,Guntur,Tirupati,330,21:00,Rain,27,19.97,7.66,0.0,22.15
TRN5363,Superfast Express,Secunderabad,Nizamabad,588,07:00,Fog,34,28.47,0.0,2.12,15.6
TRN5364,Vande Bharat,Kurnool,Hyderabad,548,03:00,Clear,23,18.01,11.6,0.0,13.74
TRN5365,Deccan Express,Secunderabad,Nizamabad,461,15:00,Clear,28,17.06,2.76,7.35,13.28
TRN5366,Jan Shatabdi,Vijayawada,Visakhapatnam,689,22:00,Fog,37,58.24,3.68,9.58,23.25
TRN5367,Jan Shatabdi,Hyderabad,Vijayawada,297,01:00,Clear,26,32.14,7.1,9.73,15.1
TRN5368,Jan Shatabdi,Vijayawada,Visakhapatnam,451,06:00,Rain,33,76.61,5.08,0.0,18.72
TRN5369,Rajdhani Express,Hyderabad,Warangal,285,05:00,Clear,39,73.4,1.59,20.62,8.0
TRN5370,Superfast Express,Hyderabad,Warangal,466,13:00,Clear,28,41.91,5.62,11.52,12.01
TRN5371,Rajdhani Express,Guntur,Tirupati,688,01:00,Fog,36,52.76,5.48,13.51,26.44
TRN5372,Shatabdi Express,Guntur,Tirupati,358,05:00,Clear,27,28.62,9.8,4.8,12.03
TRN5373,Duronto Express,Hyderabad,Warangal,193,21:00,Clear,26,10.24,5.05,7.71,15.49
TRN5374,Shatabdi Express,Hyderabad,Warangal,285,20:00,Clear,27,35.58,5.66,8.89,21.84
TRN5375,Vande Bharat,Vijayawada,Visakhapatnam,101,16:00,Cloudy,35,43.5,1.99,3.84,2.39
TRN5376,Superfast Express,Vijayawada,Visakhapatnam,120,13:00,Cloudy,37,11.95,6.75,8.09,12.54
TRN5377,Rajdhani Express,Hyderabad,Warangal,354,05:00,Cloudy,31,65.69,18.64,14.29,21.76
TRN5378,Jan Shatabdi,Secunderabad,Nizamabad,491,07:00,Cloudy,36,28.51,5.89,3.36,19.53
TRN5379,Duronto Express,Guntur,Tirupati,464,17:00,Clear,25,40.88,3.69,0.0,12.93
TRN5380,Rajdhani Express,Guntur,Tirupati,231,12:00,Heavy Rain,38,66.25,0.0,8.68,24.75
TRN5381,Garib Rath,Hyderabad,Vijayawada,274,21:00,Fog,36,55.47,2.42,0.0,22.63
TRN5382,Duronto Express,Nellore,Chennai,486,00:00,Clear,32,9.84,3.4,9.37,8.36
TRN5383,Rajdhani Express,Secunderabad,Nizamabad,574,17:00,Cloudy,31,43.61,0.6,10.09,16.77
TRN5384,Vande Bharat,Nellore,Chennai,136,05:00,Clear,34,54.47,4.7,10.45,12.56
TRN5385,Deccan Express,Kurnool,Hyderabad,136,15:00,Heavy Rain,26,30.94,1.08,5.17,18.91
TRN5386,Duronto Express,Secunderabad,Nizamabad,211,04:00,Clear,30,61.46,4.8,10.84,13.26
TRN5387,Superfast Express,Vijayawada,Visakhapatnam,590,06:00,Clear,41,59.13,0.0,4.28,4.51
TRN5388,Shatabdi Express,Nellore,Chennai,130,22:00,Clear,25,60.91,3.36,6.77,5.08
TRN5389,Shatabdi Express,Nellore,Chennai,211,12:00,Clear,32,63.34,0.49,5.39,8.04
TRN5390,Jan Shatabdi,Hyderabad,Vijayawada,670,15:00,Cloudy,36,28.69,0.02,9.36,14.44
TRN5391,Superfast Express,Vijayawada,Visakhapatnam,205,10:00,Cloudy,27,52.27,3.75,3.64,9.5
TRN5392,Vande Bharat,Secunderabad,Nizamabad,95,04:00,Heavy Rain,25,61.2,5.29,0.0,17.85
TRN5393,Garib Rath,Hyderabad,Warangal,356,08:00,Cloudy,24,67.82,2.72,4.5,18.04
TRN5394,Superfast Express,Vijayawada,Visakhapatnam,249,08:00,Heavy Rain,25,37.42,9.01,0.0,37.47
TRN5395,Jan Shatabdi,Hyderabad,Warangal,506,10:00,Cloudy,29,17.65,11.05,7.78,26.16
TRN5396,Shatabdi Express,Guntur,Tirupati,199,14:00,Clear,36,40.58,12.66,13.92,21.39
TRN5397,Duronto Express,Secunderabad,Nizamabad,517,09:00,Clear,21,4.72,7.47,5.71,22.84
TRN5398,Vande Bharat,Nellore,Chennai,246,13:00,Cloudy,23,42.92,4.15,5.68,10.77
TRN5399,Superfast Express,Kurnool,Hyderabad,159,17:00,Heavy Rain,26,2.25,10.35,4.69,27.89
TRN5400,Krishna Express,Kurnool,Hyderabad,661,03:00,Clear,41,25.37,6.76,0.0,10.34
TRN5401,Duronto Express,Nellore,Chennai,254,03:00,Clear,27,59.87,2.07,0.15,0.73
TRN5402,Garib Rath,Nellore,Chennai,251,06:00,Clear,32,35.67,8.16,19.26,22.29
TRN5403,Superfast Express,Kurnool,Hyderabad,453,23:00,Fog,29,44.85,2.01,6.17,23.33
TRN5404,Jan Shatabdi,Nellore,Chennai,618,09:00,Cloudy,19,53.39,0.2,13.42,22.11
TRN5405,Shatabdi Express,Kurnool,Hyderabad,120,12:00,Cloudy,22,18.27,0.0,0.0,0.0
TRN5406,Garib Rath,Hyderabad,Vijayawada,107,22:00,Clear,20,79.05,6.25,2.21,13.01
TRN5407,Shatabdi Express,Hyderabad,Warangal,625,07:00,Heavy Rain,41,77.39,0.83,11.14,29.11
TRN5408,Shatabdi Express,Nellore,Chennai,643,22:00,Heavy Rain,19,54.01,4.79,10.57,20.18
TRN5409,Garib Rath,Vijayawada,Visakhapatnam,282,04:00,Rain,39,55.09,7.67,22.44,27.13
TRN5410,Jan Shatabdi,Nellore,Chennai,205,23:00,Clear,30,7.66,4.97,11.92,12.39
TRN5411,Duronto Express,Kurnool,Hyderabad,144,18:00,Fog,32,14.45,11.61,7.89,29.97
TRN5412,Intercity Express,Hyderabad,Vijayawada,285,12:00,Fog,27,60.28,8.33,13.49,23.47
TRN5413,Deccan Express,Vijayawada,Visakhapatnam,523,21:00,Clear,19,67.74,12.8,3.42,26.37
TRN5414,Superfast Express,Vijayawada,Visakhapatnam,272,20:00,Clear,38,17.83,5.18,14.05,21.2
TRN5415,Superfast Express,Hyderabad,Warangal,262,15:00,Heavy Rain,19,1.06,9.52,0.0,26.91
TRN5416,Krishna Express,Secunderabad,Nizamabad,167,19:00,Cloudy,32,1.1,9.48,9.31,21.8
TRN5417,Jan Shatabdi,Kurnool,Hyderabad,285,08:00,Clear,34,72.1,3.45,6.59,14.25
TRN5418,Deccan Express,Vijayawada,Visakhapatnam,652,06:00,Clear,21,36.84,5.78,19.17,11.19
TRN5419,Deccan Express,Nellore,Chennai,91,09:00,Clear,29,73.8,4.77,14.9,30.2
TRN5420,Intercity Express,Guntur,Tirupati,444,11:00,Clear,28,23.07,12.57,6.51,18.14
TRN5421,Jan Shatabdi,Guntur,Tirupati,283,04:00,Cloudy,26,45.94,9.41,5.96,11.02
TRN5422,Jan Shatabdi,Nellore,Chennai,545,07:00,Clear,37,1.01,0.0,1.25,11.95
TRN5423,Jan Shatabdi,Hyderabad,Warangal,419,00:00,Clear,31,57.17,4.72,11.12,11.66
TRN5424,Shatabdi Express,Hyderabad,Warangal,649,23:00,Cloudy,21,72.36,4.61,18.56,22.73
TRN5425,Intercity Express,Guntur,Tirupati,516,20:00,Cloudy,22,15.27,6.05,6.89,17.71
TRN5426,Garib Rath,Vijayawada,Visakhapatnam,377,00:00,Clear,33,73.59,4.68,1.78,9.75
TRN5427,Shatabdi Express,Nellore,Chennai,427,21:00,Cloudy,22,16.9,3.89,4.51,18.56
TRN5428,Deccan Express,Guntur,Tirupati,442,18:00,Clear,21,70.49,9.4,8.06,20.66
TRN5429,Intercity Express,Hyderabad,Vijayawada,260,02:00,Clear,37,6.97,6.68,10.53,14.84
TRN5430,Intercity Express,Hyderabad,Warangal,423,13:00,Cloudy,27,48.94,4.54,13.4,11.48
TRN5431,Jan Shatabdi,Kurnool,Hyderabad,633,02:00,Clear,37,10.11,6.05,21.2,17.51
TRN5432,Krishna Express,Vijayawada,Visakhapatnam,500,17:00,Clear,30,10.57,2.72,5.25,19.46
TRN5433,Garib Rath,Kurnool,Hyderabad,611,22:00,Clear,28,40.39,9.3,19.91,18.33
TRN5434,Intercity Express,Kurnool,Hyderabad,584,16:00,Heavy Rain,30,13.94,7.58,18.61,35.87
TRN5435,Intercity Express,Vijayawada,Visakhapatnam,300,09:00,Rain,39,77.74,2.0,14.7,24.78
TRN5436,Deccan Express,Secunderabad,Nizamabad,221,11:00,Clear,29,30.87,0.0,15.09,10.93
TRN5437,Intercity Express,Hyderabad,Vijayawada,635,10:00,Cloudy,33,49.08,0.0,6.87,20.21
TRN5438,Vande Bharat,Vijayawada,Visakhapatnam,425,17:00,Clear,22,48.22,5.77,24.06,30.06
TRN5439,Duronto Express,Nellore,Chennai,255,01:00,Cloudy,29,54.26,5.74,3.04,15.66
TRN5440,Krishna Express,Secunderabad,Nizamabad,297,14:00,Fog,38,54.74,9.99,9.59,22.67
TRN5441,Garib Rath,Nellore,Chennai,167,12:00,Clear,40,67.96,13.29,4.18,12.86
TRN5442,Superfast Express,Hyderabad,Vijayawada,465,16:00,Cloudy,24,50.58,5.63,8.23,0.0
TRN5443,Jan Shatabdi,Vijayawada,Visakhapatnam,681,01:00,Fog,31,49.35,3.97,14.94,27.43
TRN5444,Garib Rath,Vijayawada,Visakhapatnam,280,19:00,Cloudy,41,43.2,3.18,5.74,13.45
TRN5445,Intercity Express,Hyderabad,Vijayawada,395,07:00,Clear,22,75.24,2.44,10.95,18.67
TRN5446,Deccan Express,Secunderabad,Nizamabad,176,10:00,Cloudy,26,78.33,7.01,2.73,22.54
TRN5447,Krishna Express,Kurnool,Hyderabad,490,21:00,Clear,37,6.1,0.0,4.17,14.24
TRN5448,Jan Shatabdi,Vijayawada,Visakhapatnam,512,15:00,Cloudy,25,24.05,7.98,5.75,23.26
TRN5449,Intercity Express,Vijayawada,Visakhapatnam,233,17:00,Rain,25,8.07,6.05,17.95,25.48
TRN5450,Garib Rath,Hyderabad,Vijayawada,137,17:00,Clear,35,11.4,0.0,19.34,12.04
TRN5451,Deccan Express,Hyderabad,Warangal,423,02:00,Clear,33,14.72,9.37,4.81,16.15
TRN5452,Krishna Express,Hyderabad,Warangal,386,14:00,Heavy Rain,22,68.0,5.58,4.07,29.75
TRN5453,Garib Rath,Secunderabad,Nizamabad,377,21:00,Clear,31,4.34,0.0,12.7,16.28
TRN5454,Vande Bharat,Kurnool,Hyderabad,518,21:00,Clear,32,40.68,1.9,27.13,28.14
TRN5455,Vande Bharat,Hyderabad,Warangal,218,23:00,Rain,19,71.59,4.54,23.12,22.11
TRN5456,Vande Bharat,Guntur,Tirupati,371,18:00,Heavy Rain,41,77.66,0.0,0.0,19.02
TRN5457,Garib Rath,Guntur,Tirupati,302,22:00,Rain,35,69.23,11.54,0.13,31.18
TRN5458,Garib Rath,Secunderabad,Nizamabad,232,10:00,Fog,38,70.52,1.48,7.62,24.05
TRN5459,Krishna Express,Kurnool,Hyderabad,641,05:00,Clear,30,0.99,5.15,14.55,14.1
TRN5460,Jan Shatabdi,Kurnool,Hyderabad,470,12:00,Cloudy,24,26.29,5.51,13.53,18.47
TRN5461,Krishna Express,Hyderabad,Vijayawada,387,15:00,Clear,18,56.7,1.49,9.53,11.55
TRN5462,Jan Shatabdi,Vijayawada,Visakhapatnam,616,17:00,Clear,26,6.29,0.0,9.04,22.44
TRN5463,Intercity Express,Secunderabad,Nizamabad,83,23:00,Heavy Rain,18,59.37,2.25,5.5,20.87
TRN5464,Deccan Express,Hyderabad,Vijayawada,151,21:00,Rain,29,50.32,5.6,10.4,20.02
TRN5465,Superfast Express,Kurnool,Hyderabad,135,20:00,Rain,29,64.36,0.0,7.91,19.96
TRN5466,Krishna Express,Hyderabad,Warangal,344,14:00,Heavy Rain,20,21.29,7.55,6.15,32.1
TRN5467,Intercity Express,Hyderabad,Vijayawada,106,21:00,Clear,23,28.27,5.66,0.08,16.69
TRN5468,Superfast Express,Guntur,Tirupati,374,16:00,Clear,37,26.18,6.37,12.91,16.17
TRN5469,Rajdhani Express,Kurnool,Hyderabad,589,22:00,Heavy Rain,24,48.79,1.3,10.91,19.01
TRN5470,Duronto Express,Nellore,Chennai,96,17:00,Clear,28,55.03,3.87,4.89,14.74
TRN5471,Rajdhani Express,Secunderabad,Nizamabad,240,14:00,Clear,23,52.61,0.0,7.41,11.18
TRN5472,Superfast Express,Kurnool,Hyderabad,153,22:00,Rain,35,6.35,4.13,18.33,14.85
TRN5473,Jan Shatabdi,Vijayawada,Visakhapatnam,555,20:00,Clear,25,65.0,8.67,0.0,14.24
TRN5474,Deccan Express,Nellore,Chennai,404,21:00,Clear,26,9.01,5.85,8.92,22.82
TRN5475,Vande Bharat,Nellore,Chennai,160,22:00,Clear,22,29.32,3.51,0.0,6.82
TRN5476,Jan Shatabdi,Kurnool,Hyderabad,678,22:00,Cloudy,22,12.26,6.53,11.14,17.75
TRN5477,Krishna Express,Secunderabad,Nizamabad,278,23:00,Clear,39,37.83,6.47,6.54,12.52
TRN5478,Intercity Express,Guntur,Tirupati,516,14:00,Cloudy,33,12.12,0.0,9.66,13.47
TRN5479,Superfast Express,Nellore,Chennai,420,04:00,Rain,37,17.41,6.47,4.87,18.51
TRN5480,Rajdhani Express,Nellore,Chennai,593,15:00,Rain,39,39.93,1.1,20.0,22.59
TRN5481,Vande Bharat,Guntur,Tirupati,240,09:00,Heavy Rain,21,70.79,2.99,1.8,30.2
TRN5482,Deccan Express,Hyderabad,Vijayawada,247,10:00,Clear,31,73.09,4.46,9.67,14.85
TRN5483,Duronto Express,Hyderabad,Vijayawada,326,11:00,Cloudy,28,69.67,4.9,11.06,18.55
TRN5484,Superfast Express,Guntur,Tirupati,576,01:00,Clear,30,58.39,1.98,10.77,13.85
TRN5485,Intercity Express,Secunderabad,Nizamabad,270,13:00,Cloudy,29,2.88,0.0,5.62,4.06
TRN5486,Garib Rath,Hyderabad,Vijayawada,492,04:00,Clear,32,69.3,5.39,8.61,10.81
TRN5487,Garib Rath,Kurnool,Hyderabad,260,16:00,Clear,30,63.05,0.82,13.43,9.86
TRN5488,Rajdhani Express,Nellore,Chennai,110,04:00,Clear,36,2.16,1.01,14.8,16.28
TRN5489,Vande Bharat,Vijayawada,Visakhapatnam,557,22:00,Clear,20,3.11,6.24,0.44,16.97
TRN5490,Superfast Express,Secunderabad,Nizamabad,425,23:00,Clear,26,27.14,0.0,12.36,8.82
TRN5491,Krishna Express,Hyderabad,Warangal,537,18:00,Clear,26,23.02,7.95,0.0,21.15
TRN5492,Intercity Express,Hyderabad,Warangal,467,22:00,Clear,30,10.29,6.37,0.0,10.89
TRN5493,Intercity Express,Vijayawada,Visakhapatnam,630,09:00,Cloudy,32,0.25,4.33,7.16,27.44
TRN5494,Duronto Express,Hyderabad,Warangal,207,08:00,Clear,36,37.78,6.62,0.0,16.78
TRN5495,Superfast Express,Vijayawada,Visakhapatnam,338,02:00,Clear,29,10.61,6.11,9.45,14.8
TRN5496,Superfast Express,Vijayawada,Visakhapatnam,631,06:00,Cloudy,34,29.86,8.63,0.0,18.94
TRN5497,Rajdhani Express,Secunderabad,Nizamabad,506,10:00,Clear,19,29.98,5.78,9.98,25.9
TRN5498,Rajdhani Express,Secunderabad,Nizamabad,241,01:00,Fog,33,73.56,10.05,16.03,26.3
TRN5499,Intercity Express,Kurnool,Hyderabad,197,20:00,Cloudy,26,62.39,5.29,7.42,17.69
TRN5500,Shatabdi Express,Nellore,Chennai,201,11:00,Clear,36,29.58,6.25,23.83,21.46
TRN5501,Intercity Express,Nellore,Chennai,484,17:00,Clear,28,26.38,1.66,7.22,14.18
TRN5502,Jan Shatabdi,Vijayawada,Visakhapatnam,504,02:00,Cloudy,23,5.78,5.73,7.09,27.16
TRN5503,Intercity Express,Kurnool,Hyderabad,457,04:00,Rain,25,6.75,7.6,12.86,29.2
TRN5504,Krishna Express,Kurnool,Hyderabad,476,04:00,Clear,35,17.36,3.6,0.49,3.49
TRN5505,Vande Bharat,Hyderabad,Warangal,551,12:00,Clear,41,13.88,0.0,9.17,11.07
TRN5506,Duronto Express,Hyderabad,Vijayawada,638,23:00,Clear,33,28.84,4.08,2.13,15.34
TRN5507,Deccan Express,Nellore,Chennai,217,21:00,Heavy Rain,34,71.74,3.67,17.27,36.67
TRN5508,Rajdhani Express,Hyderabad,Vijayawada,389,03:00,Rain,23,69.33,2.43,0.3,15.48
TRN5509,Superfast Express,Secunderabad,Nizamabad,276,00:00,Cloudy,21,6.59,7.08,0.0,7.98
TRN5510,Superfast Express,Secunderabad,Nizamabad,468,05:00,Cloudy,25,69.98,0.0,15.37,9.45
TRN5511,Garib Rath,Hyderabad,Warangal,600,11:00,Clear,25,23.28,7.68,11.97,19.59
TRN5512,Garib Rath,Secunderabad,Nizamabad,209,06:00,Rain,29,10.45,6.74,11.6,17.39
TRN5513,Garib Rath,Kurnool,Hyderabad,332,07:00,Clear,36,65.32,7.28,4.6,15.79
TRN5514,Krishna Express,Secunderabad,Nizamabad,431,20:00,Clear,38,74.04,7.61,8.09,18.41
TRN5515,Jan Shatabdi,Kurnool,Hyderabad,696,01:00,Cloudy,23,42.25,1.94,4.7,12.9
TRN5516,Deccan Express,Secunderabad,Nizamabad,210,21:00,Cloudy,19,4.76,5.89,8.98,20.75
TRN5517,Garib Rath,Vijayawada,Visakhapatnam,227,05:00,Clear,25,30.63,2.93,3.14,4.95
TRN5518,Shatabdi Express,Guntur,Tirupati,232,04:00,Clear,21,45.04,6.27,18.26,12.2
TRN5519,Vande Bharat,Hyderabad,Warangal,321,15:00,Fog,28,25.01,8.46,13.28,24.27
TRN5520,Jan Shatabdi,Hyderabad,Warangal,397,10:00,Clear,26,39.01,3.98,9.19,20.84
TRN5521,Superfast Express,Hyderabad,Warangal,98,22:00,Clear,21,25.63,17.75,0.0,22.63
TRN5522,Shatabdi Express,Nellore,Chennai,365,03:00,Clear,30,41.42,6.09,8.52,11.45
TRN5523,Garib Rath,Guntur,Tirupati,490,05:00,Clear,26,28.07,8.64,15.93,15.29
TRN5524,Intercity Express,Vijayawada,Visakhapatnam,384,17:00,Clear,24,6.99,8.64,2.6,24.95
TRN5525,Superfast Express,Nellore,Chennai,430,05:00,Fog,40,63.94,4.5,6.23,23.55
TRN5526,Garib Rath,Nellore,Chennai,138,13:00,Clear,37,33.07,1.56,6.16,5.5
TRN5527,Shatabdi Express,Nellore,Chennai,343,18:00,Clear,18,41.61,2.18,6.69,16.9
TRN5528,Duronto Express,Hyderabad,Warangal,400,01:00,Clear,22,55.93,8.38,8.16,24.96
TRN5529,Shatabdi Express,Vijayawada,Visakhapatnam,632,00:00,Rain,38,6.2,4.01,11.6,23.3
TRN5530,Duronto Express,Nellore,Chennai,242,06:00,Cloudy,30,79.93,2.16,0.0,1.86
TRN5531,Rajdhani Express,Hyderabad,Warangal,140,03:00,Clear,30,6.81,5.87,18.75,15.0
TRN5532,Krishna Express,Hyderabad,Warangal,503,06:00,Clear,22,48.66,5.4,2.28,16.86
TRN5533,Garib Rath,Hyderabad,Vijayawada,458,05:00,Clear,29,26.11,3.87,18.94,14.17
TRN5534,Intercity Express,Hyderabad,Warangal,99,15:00,Heavy Rain,29,4.02,3.76,15.89,27.55
TRN5535,Rajdhani Express,Vijayawada,Visakhapatnam,625,00:00,Clear,41,51.5,0.0,5.74,11.77
TRN5536,Rajdhani Express,Kurnool,Hyderabad,403,23:00,Rain,26,63.08,0.0,6.48,13.89
TRN5537,Deccan Express,Guntur,Tirupati,157,11:00,Clear,21,14.4,3.43,4.5,14.37
TRN5538,Superfast Express,Guntur,Tirupati,697,01:00,Cloudy,33,79.08,7.09,5.39,18.85
TRN5539,Superfast Express,Hyderabad,Warangal,226,04:00,Fog,38,27.32,7.95,8.19,24.42
TRN5540,Deccan Express,Hyderabad,Warangal,613,20:00,Cloudy,23,64.7,8.78,7.03,19.73
TRN5541,Shatabdi Express,Kurnool,Hyderabad,213,10:00,Clear,18,29.89,1.1,12.78,24.77
TRN5542,Vande Bharat,Hyderabad,Warangal,298,23:00,Clear,40,45.38,0.0,21.39,16.3
TRN5543,Intercity Express,Vijayawada,Visakhapatnam,649,15:00,Cloudy,18,61.49,0.87,10.95,12.87
TRN5544,Intercity Express,Secunderabad,Nizamabad,387,02:00,Clear,33,44.28,7.73,2.25,14.88
TRN5545,Deccan Express,Hyderabad,Vijayawada,315,00:00,Clear,24,10.64,13.99,10.25,20.05
TRN5546,Intercity Express,Nellore,Chennai,558,04:00,Clear,20,50.86,7.14,0.0,5.73
TRN5547,Garib Rath,Vijayawada,Visakhapatnam,482,00:00,Cloudy,30,61.03,14.21,15.54,23.84
TRN5548,Deccan Express,Kurnool,Hyderabad,648,06:00,Fog,37,64.87,5.98,11.65,27.43
TRN5549,Deccan Express,Hyderabad,Warangal,679,15:00,Cloudy,28,78.64,1.03,7.88,17.73
TRN5550,Vande Bharat,Kurnool,Hyderabad,123,18:00,Clear,26,37.6,8.39,2.18,9.86
TRN5551,Krishna Express,Guntur,Tirupati,313,07:00,Clear,37,34.13,11.33,0.0,23.75
TRN5552,Rajdhani Express,Nellore,Chennai,349,21:00,Clear,19,6.4,8.38,34.09,34.6
TRN5553,Garib Rath,Secunderabad,Nizamabad,506,19:00,Cloudy,30,7.08,8.82,7.8,21.97
TRN5554,Superfast Express,Vijayawada,Visakhapatnam,693,04:00,Clear,19,26.64,4.69,3.72,12.02
TRN5555,Superfast Express,Secunderabad,Nizamabad,328,13:00,Cloudy,30,59.85,11.56,0.0,15.02
TRN5556,Shatabdi Express,Hyderabad,Vijayawada,583,21:00,Clear,27,13.53,6.81,0.0,27.71
TRN5557,Shatabdi Express,Kurnool,Hyderabad,196,21:00,Rain,21,37.63,0.0,17.61,19.46
TRN5558,Superfast Express,Kurnool,Hyderabad,491,13:00,Rain,37,16.45,8.59,10.66,22.6
TRN5559,Garib Rath,Hyderabad,Vijayawada,329,13:00,Heavy Rain,35,24.09,7.35,0.0,32.67
TRN5560,Jan Shatabdi,Vijayawada,Visakhapatnam,524,03:00,Rain,25,79.76,11.06,2.79,18.29
TRN5561,Duronto Express,Vijayawada,Visakhapatnam,141,07:00,Clear,29,33.83,8.93,0.0,15.81
TRN5562,Vande Bharat,Secunderabad,Nizamabad,249,18:00,Clear,28,47.84,0.0,12.66,12.31
TRN5563,Rajdhani Express,Kurnool,Hyderabad,634,04:00,Cloudy,35,73.17,4.78,7.26,12.37
TRN5564,Garib Rath,Guntur,Tirupati,579,06:00,Clear,39,14.48,2.69,2.86,8.44
TRN5565,Deccan Express,Nellore,Chennai,411,03:00,Heavy Rain,33,10.86,3.11,7.28,30.57
TRN5566,Jan Shatabdi,Hyderabad,Warangal,453,11:00,Cloudy,18,61.71,0.0,8.38,8.98
TRN5567,Garib Rath,Guntur,Tirupati,465,13:00,Clear,31,3.05,10.75,5.94,22.07
TRN5568,Jan Shatabdi,Nellore,Chennai,220,12:00,Clear,38,4.05,4.7,12.59,17.05
TRN5569,Shatabdi Express,Nellore,Chennai,650,05:00,Clear,19,17.43,5.2,3.88,10.25
TRN5570,Rajdhani Express,Nellore,Chennai,128,04:00,Clear,31,12.0,2.8,6.25,4.44
TRN5571,Krishna Express,Hyderabad,Vijayawada,263,18:00,Fog,22,58.13,4.52,0.11,15.43
TRN5572,Shatabdi Express,Hyderabad,Vijayawada,226,09:00,Clear,25,25.81,5.14,0.0,15.72
TRN5573,Superfast Express,Guntur,Tirupati,604,05:00,Heavy Rain,19,48.82,3.28,0.78,28.58
TRN5574,Jan Shatabdi,Guntur,Tirupati,476,00:00,Cloudy,25,8.69,15.57,20.94,32.71
TRN5575,Duronto Express,Kurnool,Hyderabad,468,20:00,Clear,35,31.77,0.0,16.07,19.84
TRN5576,Krishna Express,Kurnool,Hyderabad,194,21:00,Cloudy,22,73.71,6.43,17.39,29.75
TRN5577,Jan Shatabdi,Guntur,Tirupati,643,20:00,Clear,33,56.23,4.87,11.05,22.29
TRN5578,Intercity Express,Vijayawada,Visakhapatnam,447,14:00,Rain,18,77.71,12.17,10.75,27.26
TRN5579,Superfast Express,Hyderabad,Warangal,516,22:00,Rain,28,50.46,2.28,11.8,18.04
TRN5580,Vande Bharat,Hyderabad,Vijayawada,153,01:00,Clear,21,66.43,5.67,10.88,5.19
TRN5581,Duronto Express,Secunderabad,Nizamabad,282,18:00,Clear,20,51.14,1.72,3.84,17.35
TRN5582,Superfast Express,Hyderabad,Vijayawada,162,22:00,Fog,34,24.38,8.47,7.48,22.7
TRN5583,Superfast Express,Secunderabad,Nizamabad,157,23:00,Clear,22,78.69,3.61,23.57,21.67
TRN5584,Garib Rath,Guntur,Tirupati,410,20:00,Rain,41,47.28,5.57,0.0,20.43
TRN5585,Garib Rath,Guntur,Tirupati,585,05:00,Fog,41,69.24,2.19,15.02,23.5
TRN5586,Duronto Express,Vijayawada,Visakhapatnam,259,19:00,Rain,22,71.14,5.14,0.99,19.88
TRN5587,Krishna Express,Vijayawada,Visakhapatnam,145,13:00,Clear,22,10.83,10.1,18.88,17.41
TRN5588,Intercity Express,Secunderabad,Nizamabad,101,01:00,Fog,22,43.01,2.32,7.59,10.13
TRN5589,Deccan Express,Kurnool,Hyderabad,670,01:00,Rain,37,15.83,12.58,5.36,26.41
TRN5590,Vande Bharat,Secunderabad,Nizamabad,411,11:00,Clear,25,62.27,2.0,7.88,7.4
TRN5591,Krishna Express,Kurnool,Hyderabad,487,08:00,Clear,25,13.75,5.0,2.66,27.24
TRN5592,Intercity Express,Vijayawada,Visakhapatnam,607,04:00,Clear,40,38.76,7.33,14.68,23.42
TRN5593,Intercity Express,Guntur,Tirupati,385,18:00,Rain,40,48.72,4.61,15.84,33.73
TRN5594,Garib Rath,Hyderabad,Vijayawada,488,13:00,Heavy Rain,25,27.66,9.71,7.5,29.16
TRN5595,Shatabdi Express,Guntur,Tirupati,674,16:00,Cloudy,20,31.22,7.16,13.97,22.75
TRN5596,Rajdhani Express,Kurnool,Hyderabad,479,15:00,Rain,31,19.09,1.47,8.08,13.18
TRN5597,Deccan Express,Hyderabad,Vijayawada,490,04:00,Clear,31,45.61,4.7,15.09,12.53
TRN5598,Krishna Express,Nellore,Chennai,549,20:00,Cloudy,18,4.1,2.13,8.68,23.65
TRN5599,Intercity Express,Hyderabad,Warangal,511,21:00,Rain,41,60.84,10.56,15.83,36.72
TRN5600,Jan Shatabdi,Guntur,Tirupati,119,22:00,Cloudy,27,17.13,8.22,10.24,9.78
TRN5601,Deccan Express,Nellore,Chennai,164,18:00,Rain,26,33.17,4.33,11.35,26.49
TRN5602,Vande Bharat,Hyderabad,Warangal,553,21:00,Clear,21,18.35,5.21,0.0,11.86
TRN5603,Rajdhani Express,Nellore,Chennai,342,18:00,Cloudy,40,36.25,13.32,6.23,31.77
TRN5604,Intercity Express,Hyderabad,Vijayawada,239,23:00,Cloudy,19,39.83,5.21,1.42,8.66
TRN5605,Duronto Express,Kurnool,Hyderabad,263,02:00,Cloudy,25,70.82,6.24,2.38,13.79
TRN5606,Superfast Express,Hyderabad,Vijayawada,230,21:00,Clear,27,2.23,0.0,5.22,14.72
TRN5607,Vande Bharat,Vijayawada,Visakhapatnam,370,06:00,Rain,39,19.57,14.52,0.02,27.14
TRN5608,Duronto Express,Nellore,Chennai,677,23:00,Rain,30,64.42,0.97,0.0,9.87
TRN5609,Krishna Express,Secunderabad,Nizamabad,138,07:00,Rain,39,59.81,3.08,5.19,20.82
TRN5610,Vande Bharat,Vijayawada,Visakhapatnam,162,20:00,Heavy Rain,22,27.28,2.67,11.27,27.2
TRN5611,Superfast Express,Hyderabad,Warangal,458,00:00,Cloudy,21,26.91,4.17,4.41,14.66
TRN5612,Intercity Express,Hyderabad,Warangal,178,08:00,Heavy Rain,36,36.44,2.63,16.43,28.81
TRN5613,Duronto Express,Hyderabad,Vijayawada,323,01:00,Clear,18,8.48,5.34,0.05,6.76
TRN5614,Krishna Express,Vijayawada,Visakhapatnam,237,17:00,Cloudy,38,4.85,9.06,15.61,18.45
TRN5615,Shatabdi Express,Guntur,Tirupati,666,23:00,Clear,25,66.05,0.0,0.0,13.2
TRN5616,Krishna Express,Guntur,Tirupati,619,03:00,Clear,29,58.46,4.2,11.7,17.07
TRN5617,Shatabdi Express,Guntur,Tirupati,301,13:00,Fog,27,44.76,0.0,5.24,10.64
TRN5618,Deccan Express,Kurnool,Hyderabad,242,06:00,Fog,27,76.7,2.39,12.68,16.88
TRN5619,Superfast Express,Guntur,Tirupati,496,01:00,Cloudy,26,77.45,7.79,11.25,18.43
TRN5620,Vande Bharat,Guntur,Tirupati,327,14:00,Clear,31,52.35,2.08,0.1,2.61
TRN5621,Rajdhani Express,Kurnool,Hyderabad,267,15:00,Cloudy,37,18.35,10.06,13.46,24.91
TRN5622,Krishna Express,Hyderabad,Warangal,647,19:00,Rain,34,51.4,5.7,23.37,29.37
TRN5623,Intercity Express,Secunderabad,Nizamabad,233,09:00,Clear,19,8.82,5.31,5.51,15.77
TRN5624,Intercity Express,Kurnool,Hyderabad,271,16:00,Clear,29,74.22,2.17,7.75,9.63
TRN5625,Krishna Express,Hyderabad,Vijayawada,145,12:00,Clear,31,0.89,2.92,6.97,2.44
TRN5626,Intercity Express,Nellore,Chennai,412,09:00,Rain,36,56.84,6.9,12.35,28.81
TRN5627,Jan Shatabdi,Secunderabad,Nizamabad,484,21:00,Clear,24,13.41,0.0,7.12,15.41
TRN5628,Jan Shatabdi,Hyderabad,Vijayawada,491,21:00,Heavy Rain,27,75.93,0.73,0.0,22.54
TRN5629,Jan Shatabdi,Nellore,Chennai,142,04:00,Cloudy,32,63.06,8.85,10.11,12.93
TRN5630,Duronto Express,Nellore,Chennai,639,10:00,Fog,18,2.3,2.55,3.14,26.62
TRN5631,Superfast Express,Kurnool,Hyderabad,165,20:00,Fog,29,60.03,0.0,9.28,24.12
TRN5632,Krishna Express,Guntur,Tirupati,498,07:00,Fog,19,52.09,5.55,3.62,27.39
TRN5633,Rajdhani Express,Vijayawada,Visakhapatnam,673,11:00,Cloudy,38,50.36,1.22,0.0,12.7
TRN5634,Jan Shatabdi,Hyderabad,Vijayawada,483,15:00,Heavy Rain,33,13.46,4.53,2.21,21.62
TRN5635,Garib Rath,Vijayawada,Visakhapatnam,520,12:00,Clear,38,21.54,5.25,5.31,13.31
TRN5636,Vande Bharat,Secunderabad,Nizamabad,610,04:00,Rain,41,76.16,9.71,3.91,26.15
TRN5637,Deccan Express,Nellore,Chennai,498,11:00,Clear,29,38.34,12.8,8.89,18.07
TRN5638,Rajdhani Express,Nellore,Chennai,567,15:00,Heavy Rain,28,36.74,4.51,19.01,24.96
TRN5639,Duronto Express,Vijayawada,Visakhapatnam,482,20:00,Clear,27,23.76,0.0,2.67,3.25
TRN5640,Vande Bharat,Nellore,Chennai,252,22:00,Clear,27,74.54,1.28,14.9,7.79
TRN5641,Jan Shatabdi,Hyderabad,Warangal,329,11:00,Cloudy,24,15.12,7.19,2.15,14.4
TRN5642,Intercity Express,Nellore,Chennai,335,08:00,Clear,29,6.69,12.29,0.0,19.76
TRN5643,Jan Shatabdi,Guntur,Tirupati,524,11:00,Clear,20,12.46,5.72,14.98,17.89
TRN5644,Deccan Express,Hyderabad,Vijayawada,143,19:00,Heavy Rain,34,70.51,1.88,10.37,25.64
TRN5645,Garib Rath,Nellore,Chennai,240,22:00,Heavy Rain,34,8.56,0.0,8.8,13.18
TRN5646,Vande Bharat,Nellore,Chennai,536,05:00,Clear,24,53.07,5.43,15.24,20.07
TRN5647,Jan Shatabdi,Nellore,Chennai,81,01:00,Heavy Rain,28,18.02,10.98,4.08,26.75
TRN5648,Superfast Express,Kurnool,Hyderabad,114,06:00,Heavy Rain,22,72.27,5.81,9.6,28.35
TRN5649,Vande Bharat,Guntur,Tirupati,472,16:00,Clear,41,19.39,5.34,3.85,9.69
TRN5650,Krishna Express,Secunderabad,Nizamabad,417,20:00,Fog,36,16.96,7.59,4.69,33.86
TRN5651,Shatabdi Express,Guntur,Tirupati,416,11:00,Cloudy,19,8.69,0.0,20.52,14.94
TRN5652,Deccan Express,Vijayawada,Visakhapatnam,177,10:00,Fog,20,27.15,1.82,6.08,15.83
TRN5653,Intercity Express,Hyderabad,Warangal,607,00:00,Fog,27,46.63,12.65,0.82,31.52
TRN5654,Rajdhani Express,Vijayawada,Visakhapatnam,572,04:00,Rain,30,63.03,8.19,16.97,28.64
TRN5655,Jan Shatabdi,Nellore,Chennai,689,07:00,Clear,25,68.62,5.31,2.08,24.61
TRN5656,Intercity Express,Secunderabad,Nizamabad,177,04:00,Cloudy,20,74.72,0.46,6.5,2.21
TRN5657,Jan Shatabdi,Hyderabad,Warangal,148,05:00,Rain,28,7.63,13.62,11.2,27.84
TRN5658,Deccan Express,Guntur,Tirupati,280,04:00,Cloudy,22,45.77,7.1,4.52,14.67
TRN5659,Intercity Express,Nellore,Chennai,364,08:00,Heavy Rain,35,46.52,5.07,4.25,30.79
TRN5660,Garib Rath,Kurnool,Hyderabad,558,09:00,Cloudy,18,38.23,5.2,8.64,24.7
TRN5661,Garib Rath,Nellore,Chennai,669,06:00,Clear,21,72.73,0.81,0.0,13.24
TRN5662,Superfast Express,Nellore,Chennai,122,08:00,Clear,32,51.54,5.5,10.81,25.06
TRN5663,Shatabdi Express,Nellore,Chennai,369,00:00,Clear,34,11.38,8.86,6.88,10.98
TRN5664,Duronto Express,Hyderabad,Vijayawada,271,14:00,Clear,23,77.52,9.93,8.54,19.02
TRN5665,Superfast Express,Guntur,Tirupati,232,22:00,Clear,31,1.04,9.37,3.71,18.76
TRN5666,Garib Rath,Hyderabad,Vijayawada,315,05:00,Clear,29,61.2,4.63,15.86,10.49
TRN5667,Jan Shatabdi,Nellore,Chennai,107,20:00,Rain,35,72.6,7.9,0.0,23.31
TRN5668,Rajdhani Express,Hyderabad,Warangal,511,00:00,Clear,36,15.0,3.22,13.32,15.32
TRN5669,Intercity Express,Hyderabad,Vijayawada,503,13:00,Cloudy,40,50.07,8.07,6.88,16.99
TRN5670,Garib Rath,Guntur,Tirupati,258,16:00,Cloudy,18,61.81,8.3,3.88,9.9
TRN5671,Superfast Express,Hyderabad,Warangal,561,17:00,Clear,41,22.92,2.79,6.63,19.55
TRN5672,Garib Rath,Hyderabad,Warangal,668,16:00,Cloudy,18,49.82,11.08,5.72,21.64
TRN5673,Shatabdi Express,Hyderabad,Warangal,527,02:00,Cloudy,20,6.83,0.92,2.78,1.5
TRN5674,Duronto Express,Kurnool,Hyderabad,151,23:00,Clear,40,43.56,7.2,0.0,5.26
TRN5675,Shatabdi Express,Hyderabad,Warangal,150,15:00,Rain,24,33.72,6.33,0.0,13.0
TRN5676,Shatabdi Express,Vijayawada,Visakhapatnam,408,16:00,Clear,27,49.02,7.52,0.0,8.87
TRN5677,Garib Rath,Vijayawada,Visakhapatnam,627,06:00,Rain,19,56.81,9.03,0.0,18.16
TRN5678,Vande Bharat,Kurnool,Hyderabad,627,02:00,Rain,20,34.86,8.85,0.0,19.83
TRN5679,Superfast Express,Kurnool,Hyderabad,654,13:00,Cloudy,36,36.9,17.01,1.99,27.24
TRN5680,Duronto Express,Nellore,Chennai,381,15:00,Cloudy,38,10.58,5.69,13.51,15.15
TRN5681,Krishna Express,Kurnool,Hyderabad,614,09:00,Rain,20,24.44,10.01,11.1,37.06
TRN5682,Shatabdi Express,Kurnool,Hyderabad,414,20:00,Rain,40,45.95,1.46,13.67,27.32
TRN5683,Jan Shatabdi,Vijayawada,Visakhapatnam,188,23:00,Heavy Rain,18,67.03,1.34,20.5,25.43
TRN5684,Rajdhani Express,Vijayawada,Visakhapatnam,404,17:00,Clear,24,12.88,6.15,11.29,24.8
TRN5685,Vande Bharat,Nellore,Chennai,173,14:00,Rain,37,17.63,11.22,0.0,25.86
TRN5686,Krishna Express,Hyderabad,Vijayawada,576,21:00,Clear,33,12.4,1.56,14.93,16.63
TRN5687,Rajdhani Express,Vijayawada,Visakhapatnam,120,22:00,Clear,34,41.3,2.72,16.39,11.13
TRN5688,Jan Shatabdi,Kurnool,Hyderabad,209,09:00,Heavy Rain,36,18.2,6.55,9.52,36.53
TRN5689,Duronto Express,Kurnool,Hyderabad,147,08:00,Clear,33,0.2,0.64,2.81,8.77
TRN5690,Deccan Express,Vijayawada,Visakhapatnam,167,01:00,Fog,23,2.27,0.0,24.55,16.26
TRN5691,Shatabdi Express,Hyderabad,Vijayawada,698,02:00,Clear,29,46.32,5.55,15.54,20.6
TRN5692,Deccan Express,Kurnool,Hyderabad,82,16:00,Cloudy,34,76.24,3.2,5.71,6.33
TRN5693,Superfast Express,Vijayawada,Visakhapatnam,408,06:00,Cloudy,38,60.92,2.61,7.97,13.66
TRN5694,Vande Bharat,Kurnool,Hyderabad,246,01:00,Clear,31,38.09,3.19,4.43,3.02
TRN5695,Rajdhani Express,Guntur,Tirupati,231,21:00,Clear,35,54.08,5.98,16.12,17.99
TRN5696,Jan Shatabdi,Guntur,Tirupati,109,19:00,Cloudy,22,22.81,3.53,22.8,12.53
TRN5697,Shatabdi Express,Hyderabad,Warangal,652,01:00,Rain,37,42.29,3.59,4.63,17.17
TRN5698,Garib Rath,Nellore,Chennai,475,22:00,Cloudy,19,66.54,4.17,14.02,19.73
TRN5699,Deccan Express,Kurnool,Hyderabad,111,10:00,Clear,25,79.57,0.0,12.96,18.02
TRN5700,Rajdhani Express,Kurnool,Hyderabad,368,15:00,Clear,36,72.43,8.61,11.53,12.32
TRN5701,Rajdhani Express,Secunderabad,Nizamabad,546,23:00,Clear,25,41.63,4.92,20.11,19.31
TRN5702,Jan Shatabdi,Hyderabad,Warangal,103,10:00,Clear,26,51.24,3.49,2.72,18.72
TRN5703,Vande Bharat,Secunderabad,Nizamabad,515,03:00,Cloudy,23,13.95,4.8,0.86,13.5
TRN5704,Duronto Express,Nellore,Chennai,426,21:00,Rain,31,20.23,0.0,3.17,22.35
TRN5705,Krishna Express,Vijayawada,Visakhapatnam,160,16:00,Cloudy,39,46.51,4.49,8.0,14.67
TRN5706,Krishna Express,Guntur,Tirupati,375,00:00,Clear,34,11.11,6.76,2.88,13.64
TRN5707,Superfast Express,Guntur,Tirupati,137,15:00,Cloudy,33,58.32,11.13,4.46,13.99
TRN5708,Jan Shatabdi,Vijayawada,Visakhapatnam,180,09:00,Clear,36,25.66,9.08,10.6,26.21
TRN5709,Jan Shatabdi,Nellore,Chennai,681,10:00,Heavy Rain,20,1.11,0.6,9.71,32.91
TRN5710,Rajdhani Express,Secunderabad,Nizamabad,324,10:00,Cloudy,39,42.65,3.94,12.68,23.72
TRN5711,Intercity Express,Kurnool,Hyderabad,271,07:00,Clear,23,76.38,3.52,0.0,13.74
TRN5712,Duronto Express,Nellore,Chennai,321,04:00,Cloudy,36,15.8,2.05,6.73,10.26
TRN5713,Garib Rath,Guntur,Tirupati,163,22:00,Cloudy,22,57.62,3.64,1.88,8.63
TRN5714,Intercity Express,Guntur,Tirupati,609,22:00,Rain,26,10.2,6.16,5.2,21.15
TRN5715,Krishna Express,Kurnool,Hyderabad,496,05:00,Rain,34,34.62,9.63,2.2,19.69
TRN5716,Krishna Express,Vijayawada,Visakhapatnam,552,05:00,Clear,23,60.52,3.95,4.94,14.43
TRN5717,Vande Bharat,Vijayawada,Visakhapatnam,248,21:00,Clear,32,3.26,6.08,3.71,15.42
TRN5718,Deccan Express,Secunderabad,Nizamabad,566,18:00,Clear,20,58.28,5.64,18.96,27.25
TRN5719,Vande Bharat,Nellore,Chennai,321,19:00,Heavy Rain,28,21.73,11.34,6.39,39.78
TRN5720,Vande Bharat,Secunderabad,Nizamabad,154,21:00,Clear,18,25.34,9.09,1.79,22.94
TRN5721,Krishna Express,Nellore,Chennai,439,11:00,Rain,33,12.83,7.86,7.98,20.38
TRN5722,Garib Rath,Nellore,Chennai,510,05:00,Clear,40,53.42,2.04,0.0,7.58
TRN5723,Shatabdi Express,Kurnool,Hyderabad,603,04:00,Clear,21,18.39,0.0,14.83,14.06
TRN5724,Duronto Express,Hyderabad,Vijayawada,525,01:00,Heavy Rain,36,52.15,11.14,11.23,38.77
TRN5725,Garib Rath,Hyderabad,Vijayawada,272,13:00,Cloudy,27,5.23,6.07,12.56,18.52
TRN5726,Duronto Express,Nellore,Chennai,118,20:00,Cloudy,31,21.36,5.74,10.78,12.77
TRN5727,Garib Rath,Hyderabad,Warangal,399,10:00,Cloudy,26,19.95,0.0,6.26,23.74
TRN5728,Superfast Express,Secunderabad,Nizamabad,264,08:00,Clear,37,2.9,5.01,14.04,27.61
TRN5729,Intercity Express,Hyderabad,Warangal,577,16:00,Cloudy,21,76.16,4.33,0.0,9.64
TRN5730,Vande Bharat,Nellore,Chennai,317,04:00,Heavy Rain,33,68.18,0.0,3.98,16.51
TRN5731,Shatabdi Express,Hyderabad,Warangal,396,03:00,Rain,40,41.29,7.24,8.7,14.47
TRN5732,Superfast Express,Guntur,Tirupati,112,00:00,Clear,27,45.69,10.53,3.18,13.64
TRN5733,Krishna Express,Guntur,Tirupati,206,03:00,Heavy Rain,28,78.94,7.16,8.33,24.97
TRN5734,Shatabdi Express,Vijayawada,Visakhapatnam,373,21:00,Clear,39,6.81,1.33,3.05,11.35
TRN5735,Intercity Express,Hyderabad,Warangal,113,14:00,Rain,27,13.4,2.98,13.31,16.18
TRN5736,Rajdhani Express,Secunderabad,Nizamabad,477,18:00,Clear,18,63.02,2.63,0.0,8.82
TRN5737,Vande Bharat,Secunderabad,Nizamabad,263,14:00,Clear,34,44.56,5.46,5.63,12.83
TRN5738,Duronto Express,Nellore,Chennai,647,08:00,Clear,41,64.86,6.68,0.0,24.43
TRN5739,Intercity Express,Nellore,Chennai,282,06:00,Rain,18,16.4,0.0,2.79,11.09
TRN5740,Shatabdi Express,Secunderabad,Nizamabad,307,18:00,Heavy Rain,36,44.91,2.82,2.76,39.44
TRN5741,Intercity Express,Hyderabad,Warangal,244,10:00,Clear,20,17.04,1.9,12.56,16.84
TRN5742,Rajdhani Express,Nellore,Chennai,268,07:00,Heavy Rain,37,66.67,1.72,12.98,40.34
TRN5743,Deccan Express,Guntur,Tirupati,484,05:00,Clear,30,27.13,6.4,13.93,18.74
TRN5744,Shatabdi Express,Hyderabad,Warangal,207,09:00,Fog,37,43.08,4.21,9.47,31.88
TRN5745,Intercity Express,Nellore,Chennai,170,01:00,Clear,23,39.82,2.89,3.11,4.01
TRN5746,Duronto Express,Hyderabad,Vijayawada,345,01:00,Heavy Rain,30,70.76,9.66,0.0,36.08
TRN5747,Superfast Express,Secunderabad,Nizamabad,170,17:00,Clear,18,51.2,6.55,15.61,25.02
TRN5748,Rajdhani Express,Guntur,Tirupati,121,20:00,Clear,38,44.2,1.49,14.92,8.57
TRN5749,Garib Rath,Kurnool,Hyderabad,403,19:00,Cloudy,22,44.48,3.77,0.97,14.26
TRN5750,Duronto Express,Kurnool,Hyderabad,229,00:00,Cloudy,22,15.96,5.51,2.08,6.12
TRN5751,Superfast Express,Secunderabad,Nizamabad,322,15:00,Clear,26,60.65,15.41,13.48,17.86
TRN5752,Jan Shatabdi,Vijayawada,Visakhapatnam,302,14:00,Heavy Rain,19,53.28,0.94,3.66,17.56
TRN5753,Jan Shatabdi,Hyderabad,Warangal,198,01:00,Clear,28,60.93,9.75,29.97,20.23
TRN5754,Deccan Express,Nellore,Chennai,195,02:00,Clear,26,50.81,6.37,0.0,4.93
TRN5755,Jan Shatabdi,Hyderabad,Vijayawada,209,07:00,Fog,18,28.45,8.72,6.35,27.91
TRN5756,Rajdhani Express,Nellore,Chennai,307,14:00,Clear,21,39.35,9.3,1.73,19.01
TRN5757,Krishna Express,Secunderabad,Nizamabad,453,17:00,Cloudy,25,36.79,3.13,7.71,25.62
TRN5758,Vande Bharat,Nellore,Chennai,579,02:00,Cloudy,36,36.62,5.4,11.93,25.64
TRN5759,Duronto Express,Hyderabad,Vijayawada,277,18:00,Clear,33,65.97,2.29,11.89,11.47
TRN5760,Intercity Express,Guntur,Tirupati,88,16:00,Clear,33,44.93,0.0,8.04,10.4
TRN5761,Jan Shatabdi,Vijayawada,Visakhapatnam,675,12:00,Rain,32,75.28,3.13,21.57,25.43
TRN5762,Intercity Express,Hyderabad,Vijayawada,461,13:00,Clear,28,7.18,0.61,7.45,5.84
TRN5763,Shatabdi Express,Nellore,Chennai,494,09:00,Rain,39,49.79,4.6,6.49,23.32
TRN5764,Vande Bharat,Guntur,Tirupati,450,17:00,Fog,30,3.67,2.67,3.7,22.24
TRN5765,Intercity Express,Secunderabad,Nizamabad,697,08:00,Fog,22,4.12,1.08,9.25,36.95
TRN5766,Rajdhani Express,Vijayawada,Visakhapatnam,162,07:00,Clear,28,63.46,4.32,1.81,14.97
TRN5767,Krishna Express,Kurnool,Hyderabad,544,13:00,Clear,24,69.79,8.47,0.0,15.71
TRN5768,Shatabdi Express,Hyderabad,Vijayawada,676,06:00,Fog,18,32.28,3.18,0.0,26.28
TRN5769,Krishna Express,Secunderabad,Nizamabad,317,09:00,Clear,22,53.72,9.65,17.22,28.08
TRN5770,Jan Shatabdi,Hyderabad,Warangal,325,21:00,Cloudy,20,31.69,7.42,0.0,22.13
TRN5771,Vande Bharat,Nellore,Chennai,630,02:00,Cloudy,41,39.52,0.0,5.36,5.44
TRN5772,Deccan Express,Vijayawada,Visakhapatnam,462,08:00,Cloudy,18,71.39,5.96,2.34,23.66
TRN5773,Duronto Express,Vijayawada,Visakhapatnam,225,21:00,Clear,37,33.81,4.18,3.83,18.15
TRN5774,Rajdhani Express,Hyderabad,Vijayawada,682,10:00,Cloudy,27,49.4,5.64,10.72,31.59
TRN5775,Jan Shatabdi,Hyderabad,Warangal,566,04:00,Cloudy,41,1.92,6.58,18.93,23.17
TRN5776,Superfast Express,Hyderabad,Warangal,666,03:00,Clear,30,36.47,3.95,7.25,13.08
TRN5777,Intercity Express,Secunderabad,Nizamabad,119,08:00,Clear,27,34.31,0.0,10.52,15.08
TRN5778,Vande Bharat,Guntur,Tirupati,625,23:00,Heavy Rain,40,16.76,0.0,4.17,28.65
TRN5779,Krishna Express,Kurnool,Hyderabad,651,10:00,Cloudy,35,49.46,5.48,0.0,19.64
TRN5780,Vande Bharat,Vijayawada,Visakhapatnam,154,13:00,Clear,18,12.28,6.07,10.72,13.19
TRN5781,Krishna Express,Secunderabad,Nizamabad,193,12:00,Rain,23,12.51,10.63,18.14,29.66
TRN5782,Deccan Express,Guntur,Tirupati,682,01:00,Rain,41,9.65,3.93,0.0,21.6
TRN5783,Krishna Express,Kurnool,Hyderabad,150,11:00,Clear,22,45.37,5.92,3.74,5.06
TRN5784,Intercity Express,Vijayawada,Visakhapatnam,340,11:00,Clear,19,57.44,7.0,13.98,16.32
TRN5785,Rajdhani Express,Hyderabad,Warangal,640,00:00,Clear,23,52.07,0.0,13.5,9.07
TRN5786,Krishna Express,Hyderabad,Vijayawada,242,13:00,Cloudy,30,70.73,0.0,0.53,4.18
TRN5787,Superfast Express,Nellore,Chennai,99,19:00,Cloudy,20,39.58,8.04,10.32,18.24
TRN5788,Jan Shatabdi,Nellore,Chennai,280,08:00,Clear,26,53.72,3.34,7.55,14.97
TRN5789,Rajdhani Express,Hyderabad,Vijayawada,615,17:00,Clear,41,79.65,3.53,0.0,13.43
TRN5790,Vande Bharat,Guntur,Tirupati,140,21:00,Clear,25,71.04,7.45,11.44,16.31
TRN5791,Superfast Express,Hyderabad,Warangal,117,19:00,Heavy Rain,36,28.02,0.0,16.69,34.8
TRN5792,Deccan Express,Vijayawada,Visakhapatnam,375,10:00,Clear,29,4.57,7.38,0.0,23.5
TRN5793,Intercity Express,Guntur,Tirupati,598,05:00,Clear,23,41.66,1.12,11.36,15.7
TRN5794,Duronto Express,Hyderabad,Vijayawada,478,08:00,Clear,36,71.51,6.13,7.32,24.87
TRN5795,Shatabdi Express,Hyderabad,Warangal,265,04:00,Clear,36,51.63,2.05,28.09,19.11
TRN5796,Rajdhani Express,Secunderabad,Nizamabad,110,02:00,Clear,30,56.29,4.39,4.2,4.71
TRN5797,Garib Rath,Vijayawada,Visakhapatnam,336,02:00,Cloudy,20,37.68,5.38,0.0,16.82
TRN5798,Intercity Express,Hyderabad,Warangal,82,16:00,Cloudy,25,2.77,8.69,5.62,17.96
TRN5799,Garib Rath,Hyderabad,Warangal,205,11:00,Cloudy,29,56.71,6.27,1.47,14.29
TRN5800,Superfast Express,Hyderabad,Warangal,414,03:00,Clear,39,57.79,5.2,9.35,10.25
TRN5801,Intercity Express,Kurnool,Hyderabad,434,03:00,Clear,21,17.48,4.56,0.0,9.25
TRN5802,Jan Shatabdi,Vijayawada,Visakhapatnam,601,16:00,Clear,40,62.35,3.32,13.55,19.61
TRN5803,Intercity Express,Secunderabad,Nizamabad,405,22:00,Heavy Rain,39,23.74,7.72,1.63,33.05
TRN5804,Jan Shatabdi,Kurnool,Hyderabad,135,21:00,Rain,29,52.35,2.26,17.08,18.01
TRN5805,Rajdhani Express,Hyderabad,Warangal,669,01:00,Clear,36,6.84,2.88,19.33,13.94
TRN5806,Duronto Express,Secunderabad,Nizamabad,594,04:00,Cloudy,40,5.78,10.43,0.0,19.95
TRN5807,Deccan Express,Guntur,Tirupati,83,21:00,Clear,29,70.33,8.1,4.81,13.48
TRN5808,Krishna Express,Hyderabad,Warangal,594,11:00,Fog,29,5.09,10.23,4.64,29.83
TRN5809,Deccan Express,Kurnool,Hyderabad,149,12:00,Rain,31,0.92,1.97,9.52,22.11
TRN5810,Intercity Express,Vijayawada,Visakhapatnam,101,08:00,Clear,26,68.67,6.91,0.84,20.35
TRN5811,Shatabdi Express,Hyderabad,Vijayawada,115,10:00,Clear,31,59.02,10.09,14.39,22.2
TRN5812,Deccan Express,Kurnool,Hyderabad,512,15:00,Cloudy,26,12.14,4.74,3.12,12.96
TRN5813,Shatabdi Express,Nellore,Chennai,639,17:00,Clear,20,75.25,0.0,10.45,17.17
TRN5814,Duronto Express,Secunderabad,Nizamabad,82,12:00,Clear,23,41.3,5.5,3.58,11.84
TRN5815,Garib Rath,Hyderabad,Warangal,546,00:00,Heavy Rain,30,29.4,9.32,13.18,37.26
TRN5816,Superfast Express,Kurnool,Hyderabad,453,21:00,Clear,40,47.25,9.99,16.93,25.25
TRN5817,Duronto Express,Kurnool,Hyderabad,592,19:00,Cloudy,39,17.82,7.04,14.54,25.26
TRN5818,Jan Shatabdi,Kurnool,Hyderabad,579,17:00,Clear,31,37.3,8.28,8.31,25.52
TRN5819,Vande Bharat,Hyderabad,Warangal,247,03:00,Clear,28,13.85,1.5,20.08,19.02
TRN5820,Deccan Express,Secunderabad,Nizamabad,201,18:00,Clear,38,27.76,0.42,10.59,13.93
TRN5821,Deccan Express,Nellore,Chennai,497,10:00,Clear,32,66.4,0.89,6.96,18.7
TRN5822,Garib Rath,Vijayawada,Visakhapatnam,346,22:00,Cloudy,37,79.58,4.19,21.92,17.31
TRN5823,Shatabdi Express,Hyderabad,Warangal,441,06:00,Cloudy,19,35.45,4.45,0.0,4.02
TRN5824,Jan Shatabdi,Secunderabad,Nizamabad,260,02:00,Clear,27,10.24,4.91,0.0,7.6
TRN5825,Jan Shatabdi,Hyderabad,Warangal,116,11:00,Cloudy,40,13.38,6.88,1.72,9.42
TRN5826,Garib Rath,Kurnool,Hyderabad,570,21:00,Fog,23,66.83,2.99,13.02,31.06
TRN5827,Garib Rath,Secunderabad,Nizamabad,514,12:00,Clear,22,39.71,4.67,17.63,19.12
TRN5828,Duronto Express,Kurnool,Hyderabad,594,08:00,Cloudy,25,42.37,2.83,0.0,15.35
TRN5829,Duronto Express,Hyderabad,Vijayawada,364,03:00,Clear,23,26.48,4.71,9.55,11.38
TRN5830,Garib Rath,Nellore,Chennai,210,16:00,Clear,40,9.23,3.38,5.29,0.0
TRN5831,Rajdhani Express,Secunderabad,Nizamabad,369,23:00,Cloudy,28,32.41,0.32,10.32,8.94
TRN5832,Superfast Express,Nellore,Chennai,393,08:00,Rain,30,19.43,1.94,4.53,24.12
TRN5833,Duronto Express,Vijayawada,Visakhapatnam,141,23:00,Clear,39,78.16,3.7,10.22,0.0
TRN5834,Krishna Express,Secunderabad,Nizamabad,662,14:00,Heavy Rain,39,25.56,7.76,0.0,25.7
TRN5835,Krishna Express,Vijayawada,Visakhapatnam,278,19:00,Fog,25,27.69,6.17,20.74,31.24
TRN5836,Duronto Express,Vijayawada,Visakhapatnam,339,10:00,Clear,39,65.46,6.65,0.0,15.67
TRN5837,Garib Rath,Kurnool,Hyderabad,674,20:00,Clear,31,40.72,1.03,10.71,12.99
TRN5838,Deccan Express,Kurnool,Hyderabad,659,01:00,Rain,19,70.82,4.82,4.67,30.96
TRN5839,Shatabdi Express,Hyderabad,Vijayawada,290,12:00,Heavy Rain,40,74.78,5.66,8.04,27.31
TRN5840,Duronto Express,Nellore,Chennai,591,14:00,Clear,24,25.6,0.11,9.88,8.7
TRN5841,Garib Rath,Kurnool,Hyderabad,82,01:00,Clear,34,11.5,5.9,8.1,9.45
TRN5842,Duronto Express,Secunderabad,Nizamabad,306,16:00,Clear,27,55.37,4.08,17.12,13.28
TRN5843,Garib Rath,Hyderabad,Warangal,546,07:00,Clear,41,11.29,5.44,17.26,23.81
TRN5844,Garib Rath,Secunderabad,Nizamabad,530,11:00,Clear,18,22.06,7.24,7.62,15.4
TRN5845,Vande Bharat,Hyderabad,Vijayawada,550,16:00,Heavy Rain,28,58.85,6.09,4.78,30.88
TRN5846,Deccan Express,Kurnool,Hyderabad,434,11:00,Cloudy,26,70.16,10.72,15.63,26.22
TRN5847,Vande Bharat,Hyderabad,Warangal,399,16:00,Clear,28,36.46,5.38,20.35,10.22
TRN5848,Vande Bharat,Guntur,Tirupati,165,05:00,Heavy Rain,37,76.67,2.48,16.3,19.79
TRN5849,Deccan Express,Hyderabad,Vijayawada,612,23:00,Rain,25,79.36,9.48,15.61,30.47
TRN5850,Intercity Express,Secunderabad,Nizamabad,243,12:00,Heavy Rain,28,51.19,5.28,18.43,29.7
TRN5851,Krishna Express,Hyderabad,Vijayawada,90,15:00,Cloudy,37,14.64,7.15,0.15,13.91
TRN5852,Duronto Express,Hyderabad,Warangal,552,07:00,Clear,25,46.35,8.6,15.45,28.29
TRN5853,Intercity Express,Vijayawada,Visakhapatnam,149,12:00,Heavy Rain,19,49.47,7.19,7.35,26.31
TRN5854,Rajdhani Express,Secunderabad,Nizamabad,371,20:00,Cloudy,39,10.29,0.0,11.07,20.66
TRN5855,Intercity Express,Hyderabad,Warangal,439,05:00,Clear,18,60.34,0.25,11.95,10.62
TRN5856,Krishna Express,Secunderabad,Nizamabad,233,15:00,Fog,32,28.54,5.92,1.61,16.19
TRN5857,Duronto Express,Kurnool,Hyderabad,305,15:00,Clear,21,14.05,3.4,12.3,12.71
TRN5858,Vande Bharat,Guntur,Tirupati,101,02:00,Cloudy,32,61.93,4.18,0.0,10.79
TRN5859,Deccan Express,Nellore,Chennai,542,23:00,Clear,19,54.48,0.0,0.0,5.12
TRN5860,Jan Shatabdi,Nellore,Chennai,546,17:00,Cloudy,20,15.13,0.87,6.88,15.1
TRN5861,Deccan Express,Kurnool,Hyderabad,137,07:00,Clear,38,53.99,6.47,5.97,21.13
TRN5862,Duronto Express,Hyderabad,Warangal,349,00:00,Cloudy,40,26.28,4.51,0.0,10.15
TRN5863,Jan Shatabdi,Hyderabad,Warangal,263,04:00,Heavy Rain,19,8.24,4.42,16.19,21.17
TRN5864,Superfast Express,Kurnool,Hyderabad,408,16:00,Cloudy,41,39.65,7.41,3.38,15.02
TRN5865,Krishna Express,Hyderabad,Vijayawada,680,00:00,Heavy Rain,39,78.21,3.54,2.25,19.87
TRN5866,Intercity Express,Secunderabad,Nizamabad,323,09:00,Clear,34,66.18,4.38,7.96,15.23
TRN5867,Deccan Express,Kurnool,Hyderabad,319,11:00,Cloudy,33,16.76,2.0,0.0,11.43
TRN5868,Jan Shatabdi,Hyderabad,Warangal,631,12:00,Clear,34,7.06,7.06,11.7,18.47
TRN5869,Shatabdi Express,Secunderabad,Nizamabad,210,03:00,Heavy Rain,32,44.19,13.4,14.06,26.6
TRN5870,Intercity Express,Nellore,Chennai,568,19:00,Clear,36,69.73,7.53,16.32,19.59
TRN5871,Jan Shatabdi,Secunderabad,Nizamabad,225,13:00,Cloudy,30,49.92,0.0,5.0,13.84
TRN5872,Superfast Express,Hyderabad,Warangal,120,08:00,Heavy Rain,20,58.59,5.75,0.0,31.41
TRN5873,Jan Shatabdi,Vijayawada,Visakhapatnam,227,04:00,Rain,35,25.42,6.8,0.0,13.72
TRN5874,Krishna Express,Hyderabad,Vijayawada,566,00:00,Clear,39,44.15,3.65,12.83,19.94
TRN5875,Krishna Express,Hyderabad,Vijayawada,305,16:00,Cloudy,24,53.34,1.7,5.08,6.25
TRN5876,Duronto Express,Secunderabad,Nizamabad,380,13:00,Clear,19,11.46,9.22,0.0,11.34
TRN5877,Vande Bharat,Vijayawada,Visakhapatnam,474,16:00,Rain,36,17.22,8.15,9.64,19.69
TRN5878,Vande Bharat,Nellore,Chennai,553,10:00,Clear,25,7.75,1.12,13.67,19.55
TRN5879,Garib Rath,Vijayawada,Visakhapatnam,231,23:00,Cloudy,21,69.82,14.9,0.15,11.3
TRN5880,Duronto Express,Hyderabad,Vijayawada,691,22:00,Clear,35,24.35,8.58,15.47,30.01
TRN5881,Superfast Express,Vijayawada,Visakhapatnam,355,15:00,Cloudy,22,55.45,9.09,6.58,20.92
TRN5882,Jan Shatabdi,Vijayawada,Visakhapatnam,653,00:00,Cloudy,37,6.48,0.0,6.95,9.95
TRN5883,Garib Rath,Hyderabad,Warangal,169,20:00,Clear,28,51.13,11.82,24.8,32.03
TRN5884,Superfast Express,Nellore,Chennai,577,05:00,Fog,30,58.11,6.46,0.0,24.52
TRN5885,Duronto Express,Vijayawada,Visakhapatnam,572,18:00,Clear,32,76.88,5.69,8.99,20.76
TRN5886,Garib Rath,Secunderabad,Nizamabad,170,08:00,Clear,23,56.4,5.1,2.7,13.96
TRN5887,Deccan Express,Kurnool,Hyderabad,242,11:00,Cloudy,30,63.13,8.82,9.43,14.29
TRN5888,Duronto Express,Hyderabad,Warangal,374,11:00,Cloudy,27,14.54,1.82,12.78,16.59
TRN5889,Shatabdi Express,Vijayawada,Visakhapatnam,117,05:00,Heavy Rain,29,1.43,2.83,0.0,22.82
TRN5890,Vande Bharat,Vijayawada,Visakhapatnam,337,01:00,Clear,39,8.57,7.29,12.66,20.79
TRN5891,Vande Bharat,Vijayawada,Visakhapatnam,234,10:00,Fog,27,28.99,4.52,8.2,31.38
TRN5892,Intercity Express,Nellore,Chennai,346,17:00,Clear,32,18.25,1.61,9.36,11.69
TRN5893,Shatabdi Express,Nellore,Chennai,477,03:00,Clear,21,57.89,8.72,4.48,17.95
TRN5894,Rajdhani Express,Kurnool,Hyderabad,646,13:00,Rain,28,51.33,0.0,0.0,19.16
TRN5895,Superfast Express,Secunderabad,Nizamabad,521,10:00,Rain,37,74.98,9.61,13.86,33.89
TRN5896,Shatabdi Express,Hyderabad,Vijayawada,165,19:00,Rain,28,59.1,12.44,7.97,24.88
TRN5897,Krishna Express,Kurnool,Hyderabad,684,23:00,Clear,41,29.27,3.47,7.22,14.87
TRN5898,Krishna Express,Hyderabad,Vijayawada,308,20:00,Cloudy,22,18.05,2.08,17.7,21.15
TRN5899,Superfast Express,Nellore,Chennai,390,23:00,Clear,26,75.69,4.26,8.85,12.16
TRN5900,Rajdhani Express,Nellore,Chennai,406,10:00,Cloudy,34,56.46,7.53,0.97,22.02
TRN5901,Garib Rath,Secunderabad,Nizamabad,578,23:00,Heavy Rain,23,58.52,8.57,19.47,39.14
TRN5902,Intercity Express,Nellore,Chennai,632,18:00,Rain,38,32.96,5.01,6.93,33.08
TRN5903,Superfast Express,Secunderabad,Nizamabad,626,10:00,Cloudy,18,47.67,6.06,12.61,23.45
TRN5904,Superfast Express,Kurnool,Hyderabad,432,10:00,Clear,32,39.23,4.79,4.06,15.36
TRN5905,Krishna Express,Hyderabad,Warangal,624,06:00,Clear,19,38.38,1.48,4.48,11.86
TRN5906,Krishna Express,Kurnool,Hyderabad,447,09:00,Fog,35,57.18,10.97,15.31,35.87
TRN5907,Deccan Express,Nellore,Chennai,481,12:00,Clear,36,15.32,2.96,10.66,13.91
TRN5908,Intercity Express,Hyderabad,Vijayawada,461,01:00,Heavy Rain,31,51.26,0.0,8.7,17.04
TRN5909,Rajdhani Express,Hyderabad,Vijayawada,634,17:00,Clear,27,36.23,0.0,14.21,16.98
TRN5910,Duronto Express,Guntur,Tirupati,593,02:00,Clear,18,69.31,6.85,21.96,29.15
TRN5911,Intercity Express,Hyderabad,Vijayawada,245,14:00,Clear,31,74.34,0.0,6.25,1.26
TRN5912,Deccan Express,Hyderabad,Vijayawada,167,23:00,Clear,36,61.55,5.73,7.55,7.03
TRN5913,Garib Rath,Guntur,Tirupati,683,04:00,Cloudy,40,26.61,7.47,14.07,17.69
TRN5914,Rajdhani Express,Kurnool,Hyderabad,278,10:00,Rain,31,39.89,0.0,10.6,22.71
TRN5915,Jan Shatabdi,Secunderabad,Nizamabad,521,21:00,Clear,18,7.36,7.84,0.0,9.59
TRN5916,Krishna Express,Guntur,Tirupati,437,20:00,Clear,23,56.42,4.62,8.86,22.9
TRN5917,Rajdhani Express,Hyderabad,Vijayawada,119,21:00,Clear,38,73.68,0.0,16.16,9.78
TRN5918,Deccan Express,Kurnool,Hyderabad,366,12:00,Cloudy,30,18.19,6.03,6.36,18.78
TRN5919,Garib Rath,Guntur,Tirupati,313,20:00,Cloudy,27,74.11,9.06,12.87,25.79
TRN5920,Deccan Express,Secunderabad,Nizamabad,401,20:00,Cloudy,41,63.04,7.73,13.22,31.27
TRN5921,Shatabdi Express,Hyderabad,Warangal,340,01:00,Heavy Rain,35,30.0,6.54,2.74,18.52
TRN5922,Superfast Express,Guntur,Tirupati,85,12:00,Clear,20,75.84,7.75,16.68,20.46
TRN5923,Intercity Express,Hyderabad,Vijayawada,444,17:00,Rain,26,21.94,7.14,6.87,30.84
TRN5924,Rajdhani Express,Vijayawada,Visakhapatnam,604,10:00,Clear,23,31.79,2.97,8.06,26.86
TRN5925,Shatabdi Express,Secunderabad,Nizamabad,389,01:00,Heavy Rain,40,26.75,9.37,17.02,33.09
TRN5926,Deccan Express,Hyderabad,Warangal,489,23:00,Clear,30,55.26,6.79,11.02,5.56
TRN5927,Krishna Express,Vijayawada,Visakhapatnam,357,17:00,Cloudy,35,1.49,10.14,9.68,21.66
TRN5928,Garib Rath,Hyderabad,Vijayawada,346,13:00,Cloudy,41,57.67,2.34,6.72,13.09
TRN5929,Krishna Express,Hyderabad,Vijayawada,143,02:00,Clear,34,61.42,4.79,14.64,8.31
TRN5930,Superfast Express,Vijayawada,Visakhapatnam,501,22:00,Clear,33,62.67,0.0,5.94,8.1
TRN5931,Jan Shatabdi,Nellore,Chennai,89,12:00,Clear,21,4.9,0.16,12.68,2.75
TRN5932,Shatabdi Express,Hyderabad,Warangal,259,05:00,Heavy Rain,36,5.07,2.85,8.84,23.39
TRN5933,Shatabdi Express,Kurnool,Hyderabad,293,12:00,Heavy Rain,38,77.59,9.93,2.24,30.95
TRN5934,Vande Bharat,Hyderabad,Vijayawada,423,07:00,Clear,32,66.49,5.36,1.93,22.98
TRN5935,Superfast Express,Nellore,Chennai,380,12:00,Clear,33,44.23,10.77,16.69,18.25
TRN5936,Vande Bharat,Secunderabad,Nizamabad,665,02:00,Rain,18,43.95,0.0,15.42,17.71
TRN5937,Jan Shatabdi,Kurnool,Hyderabad,538,22:00,Clear,31,26.26,2.06,0.0,9.69
TRN5938,Intercity Express,Hyderabad,Warangal,582,17:00,Fog,24,58.2,6.48,2.24,28.2
TRN5939,Rajdhani Express,Nellore,Chennai,507,06:00,Cloudy,39,55.3,0.0,0.0,3.26
TRN5940,Shatabdi Express,Kurnool,Hyderabad,540,00:00,Clear,40,31.0,3.37,9.59,11.39
TRN5941,Vande Bharat,Guntur,Tirupati,251,01:00,Rain,27,20.95,4.52,5.83,14.3
TRN5942,Jan Shatabdi,Hyderabad,Warangal,676,12:00,Clear,26,75.19,10.08,7.56,21.84
TRN5943,Deccan Express,Guntur,Tirupati,126,19:00,Clear,36,4.95,0.0,12.73,11.53
TRN5944,Shatabdi Express,Guntur,Tirupati,332,22:00,Clear,27,8.13,7.11,9.05,16.44
TRN5945,Superfast Express,Hyderabad,Vijayawada,301,21:00,Cloudy,41,58.57,6.27,0.0,19.48
TRN5946,Deccan Express,Secunderabad,Nizamabad,95,22:00,Clear,31,16.3,6.23,5.45,4.27
TRN5947,Jan Shatabdi,Hyderabad,Vijayawada,201,03:00,Cloudy,32,52.09,8.07,4.66,11.1
TRN5948,Duronto Express,Secunderabad,Nizamabad,436,13:00,Clear,19,45.43,13.01,0.0,12.02
TRN5949,Jan Shatabdi,Secunderabad,Nizamabad,196,12:00,Cloudy,26,23.07,4.85,9.49,12.04
TRN5950,Rajdhani Express,Guntur,Tirupati,689,18:00,Cloudy,35,22.65,2.23,15.08,21.31
TRN5951,Rajdhani Express,Nellore,Chennai,150,01:00,Heavy Rain,39,53.13,0.0,17.14,23.49
TRN5952,Duronto Express,Hyderabad,Vijayawada,517,14:00,Fog,32,27.1,8.15,6.73,22.93
TRN5953,Vande Bharat,Guntur,Tirupati,180,01:00,Clear,40,16.36,3.23,0.0,2.97
TRN5954,Garib Rath,Hyderabad,Vijayawada,427,12:00,Cloudy,21,76.91,5.96,15.95,22.51
TRN5955,Shatabdi Express,Secunderabad,Nizamabad,523,04:00,Rain,27,77.82,0.0,0.0,9.47
TRN5956,Intercity Express,Kurnool,Hyderabad,668,02:00,Clear,36,22.0,1.26,0.0,7.61
TRN5957,Duronto Express,Kurnool,Hyderabad,86,13:00,Fog,36,44.3,3.34,16.7,14.35
TRN5958,Krishna Express,Kurnool,Hyderabad,178,18:00,Cloudy,23,75.28,4.41,6.89,24.2
TRN5959,Intercity Express,Hyderabad,Warangal,591,11:00,Heavy Rain,35,50.58,8.18,11.89,30.6
TRN5960,Krishna Express,Guntur,Tirupati,652,07:00,Fog,31,56.67,3.85,10.74,25.65
TRN5961,Krishna Express,Hyderabad,Vijayawada,485,05:00,Clear,20,64.27,0.0,8.02,7.45
TRN5962,Superfast Express,Secunderabad,Nizamabad,657,13:00,Clear,40,7.0,4.75,3.79,19.14
TRN5963,Duronto Express,Vijayawada,Visakhapatnam,665,05:00,Clear,19,45.75,12.26,0.0,19.47
TRN5964,Shatabdi Express,Vijayawada,Visakhapatnam,421,21:00,Cloudy,21,38.51,0.88,0.0,16.41
TRN5965,Shatabdi Express,Hyderabad,Warangal,674,21:00,Clear,36,65.13,8.91,10.34,24.27
TRN5966,Intercity Express,Kurnool,Hyderabad,122,08:00,Clear,36,44.56,0.68,16.26,13.16
TRN5967,Duronto Express,Kurnool,Hyderabad,393,23:00,Cloudy,39,9.89,4.76,2.6,12.14
TRN5968,Vande Bharat,Kurnool,Hyderabad,667,16:00,Cloudy,23,50.3,7.79,5.54,19.06
TRN5969,Jan Shatabdi,Hyderabad,Warangal,670,19:00,Clear,32,28.75,5.93,8.97,17.45
TRN5970,Deccan Express,Kurnool,Hyderabad,588,11:00,Cloudy,27,42.99,0.98,5.87,11.73
TRN5971,Intercity Express,Hyderabad,Warangal,307,01:00,Clear,29,12.28,9.55,0.0,10.86
TRN5972,Rajdhani Express,Kurnool,Hyderabad,435,22:00,Fog,36,20.66,5.56,22.88,25.37
TRN5973,Superfast Express,Guntur,Tirupati,435,22:00,Clear,30,9.21,1.52,11.63,10.03
TRN5974,Intercity Express,Hyderabad,Vijayawada,527,11:00,Cloudy,31,20.44,10.34,5.0,10.09
TRN5975,Garib Rath,Secunderabad,Nizamabad,355,20:00,Fog,21,76.04,0.0,7.76,24.8
TRN5976,Krishna Express,Secunderabad,Nizamabad,647,12:00,Cloudy,22,54.44,6.74,7.98,15.32
TRN5977,Garib Rath,Nellore,Chennai,151,08:00,Clear,20,65.52,0.53,9.37,17.27
TRN5978,Deccan Express,Hyderabad,Warangal,283,07:00,Rain,39,75.46,7.37,0.0,28.1
TRN5979,Rajdhani Express,Secunderabad,Nizamabad,262,20:00,Cloudy,31,45.1,8.78,7.22,20.26
TRN5980,Garib Rath,Secunderabad,Nizamabad,500,07:00,Cloudy,25,24.87,11.36,4.41,29.01
TRN5981,Duronto Express,Guntur,Tirupati,351,06:00,Clear,22,69.57,2.28,1.3,1.38
TRN5982,Krishna Express,Nellore,Chennai,352,20:00,Clear,32,64.91,7.66,8.81,13.01
TRN5983,Superfast Express,Vijayawada,Visakhapatnam,506,05:00,Clear,36,40.41,3.69,0.94,12.88
TRN5984,Superfast Express,Secunderabad,Nizamabad,378,01:00,Rain,21,54.81,1.56,5.02,13.52
TRN5985,Shatabdi Express,Vijayawada,Visakhapatnam,478,13:00,Clear,26,30.46,11.77,8.91,18.24
TRN5986,Krishna Express,Secunderabad,Nizamabad,321,01:00,Cloudy,37,17.91,3.47,10.34,15.57
TRN5987,Vande Bharat,Secunderabad,Nizamabad,375,16:00,Clear,23,3.49,6.19,17.68,20.14
TRN5988,Garib Rath,Kurnool,Hyderabad,541,08:00,Clear,38,49.26,0.35,19.81,19.52
TRN5989,Deccan Express,Vijayawada,Visakhapatnam,105,22:00,Rain,28,27.73,5.79,7.3,21.94
TRN5990,Duronto Express,Hyderabad,Vijayawada,141,10:00,Cloudy,36,10.32,9.36,5.16,24.43
TRN5991,Superfast Express,Kurnool,Hyderabad,435,10:00,Cloudy,24,76.18,0.0,21.73,17.69
TRN5992,Jan Shatabdi,Hyderabad,Vijayawada,671,07:00,Heavy Rain,25,3.51,1.76,10.88,29.2
TRN5993,Rajdhani Express,Hyderabad,Warangal,597,12:00,Clear,35,44.15,0.34,10.94,8.01
TRN5994,Rajdhani Express,Hyderabad,Warangal,294,16:00,Clear,19,12.72,10.91,7.33,20.68
TRN5995,Jan Shatabdi,Secunderabad,Nizamabad,367,10:00,Cloudy,35,22.5,0.0,7.84,16.3
TRN5996,Duronto Express,Secunderabad,Nizamabad,624,21:00,Clear,22,17.71,0.96,9.72,23.67
TRN5997,Garib Rath,Hyderabad,Vijayawada,241,01:00,Heavy Rain,26,55.95,7.27,22.15,40.43
TRN5998,Intercity Express,Guntur,Tirupati,535,22:00,Rain,28,30.41,0.56,3.5,13.22
TRN5999,Duronto Express,Guntur,Tirupati,561,00:00,Rain,37,79.5,8.33,17.23,29.18
TRN6000,Duronto Express,Kurnool,Hyderabad,448,05:00,Clear,41,75.19,1.22,9.73,4.93
