train_id,engine_temperature,brake_pressure,vibration,wheel_condition,engine_hours,last_service_days,maintenance_count,failure
2569,91.33,88.74,3.28,55,6057,67,7,0
1891,75.91,93.46,3.34,75,5416,257,11,0
2998,87.09,90.08,5.38,96,5831,229,4,0
3126,62.02,91.54,4.6,85,4060,137,14,1
1367,91.01,87.05,3.15,57,11743,146,9,0
792,79.19,104.52,5.51,53,4872,31,0,0
2895,86.62,83.03,3.63,59,12624,151,0,1
3067,95.83,94.92,2.54,77,11688,125,13,0
1781,88.39,94.4,5.0,71,8695,71,0,0
1759,87.67,87.05,2.61,94,8998,216,3,0
2351,78.71,103.13,2.95,67,14161,92,3,0
256,102.85,96.82,5.61,65,11976,344,3,0
1671,91.15,105.42,5.7,89,8886,27,1,0
2205,77.06,98.25,6.34,50,14697,39,11,1
1899,91.45,94.67,3.46,68,2492,300,1,1
2966,93.69,98.87,3.44,84,11720,105,10,1
2482,97.51,91.73,3.56,95,5557,73,1,0
461,56.35,93.43,2.27,95,9925,229,7,0
2076,93.26,92.87,4.92,90,5191,208,2,0
2487,72.96,93.05,2.16,76,9072,50,6,0
2953,90.94,95.95,4.24,85,1733,187,6,0
100,108.07,85.57,4.42,78,11075,256,12,1
862,78.71,80.51,1.53,58,11225,20,3,0
2624,84.74,103.41,5.82,91,8943,60,9,0
3030,80.78,101.74,3.52,57,2447,239,0,0
185,91.67,83.76,4.6,50,4384,326,13,1
3014,71.32,82.75,2.79,77,12398,18,5,1
3013,82.75,92.93,3.36,55,13714,232,12,1
2029,99.19,96.09,4.21,93,4592,348,3,0
2846,77.63,96.02,3.88,53,10888,212,2,0
573,109.27,89.4,5.83,77,3113,102,10,0
2891,94.52,107.17,2.16,78,1920,282,3,0
3148,75.59,99.75,5.28,54,2054,273,14,0
1277,62.05,90.93,1.94,53,3912,348,10,0
1877,90.48,87.41,1.85,53,14264,59,1,0
492,68.17,90.92,0.66,54,10035,156,2,1
360,78.9,89.51,2.69,84,5412,144,7,0
2887,58.09,96.48,4.48,76,6852,319,10,0
2274,78.45,93.03,3.22,100,11273,32,12,0
532,100.88,93.03,1.7,84,7210,158,10,0
2711,87.88,78.9,3.76,54,14291,29,4,1
1522,77.34,89.17,2.63,71,6911,360,1,0
2442,77.81,96.2,1.99,59,7541,332,6,1
2479,62.86,83.6,3.14,82,6583,324,5,0
402,86.66,92.75,4.73,96,13635,33,0,0
1149,88.47,98.5,2.93,93,8611,42,14,0
2620,73.97,96.05,4.02,50,2872,83,1,0
437,108.36,99.92,6.22,64,7203,343,11,1
1100,82.0,87.12,4.96,99,4344,168,14,1
2826,85.86,101.11,4.13,80,9376,78,6,0
1025,87.71,102.25,4.77,79,4349,286,3,1
453,73.87,100.07,8.14,99,12958,3,10,0
914,77.38,98.35,5.44,63,12277,193,5,0
1765,79.75,95.9,6.06,69,11159,178,1,1
2723,100.68,96.91,3.95,80,13233,251,6,0
2830,74.38,84.2,4.69,61,9664,320,5,1
159,93.31,90.77,1.2,88,4000,207,6,0
3169,79.43,97.64,4.85,76,14417,346,5,1
1483,86.14,84.58,6.12,65,12606,38,8,0
959,98.79,97.89,6.69,50,4156,318,1,1
2483,94.74,95.01,5.23,74,3686,44,14,1
683,75.31,88.35,2.21,65,4400,205,12,0
2264,62.56,98.83,2.22,79,5110,292,8,0
920,77.65,90.27,4.06,98,12580,322,5,0
2422,85.29,95.34,4.78,60,2966,235,5,1
2160,105.59,89.19,2.88,77,3765,36,9,0
882,98.99,92.79,3.8,100,5022,357,6,0
1482,68.66,86.93,6.23,86,2647,180,5,0
449,80.43,93.38,5.75,53,5222,194,4,0
689,92.91,96.92,6.58,84,9975,136,4,0
1478,105.04,95.34,2.37,54,11835,307,11,0
1973,66.28,78.01,4.78,95,12116,8,12,0
3122,91.29,101.06,0.96,92,3823,278,1,0
444,51.57,87.45,3.7,86,11758,211,8,0
2428,86.16,87.34,5.29,86,9474,85,8,0
509,92.12,85.36,0.78,66,12924,271,9,0
732,76.79,93.35,0.67,59,10132,251,14,1
2470,84.0,87.75,5.58,99,13652,94,9,0
1595,73.92,85.41,1.51,98,1395,96,11,0
1874,89.14,109.96,4.93,92,9095,33,7,0
1915,92.91,115.74,4.66,78,9684,132,3,0
597,77.65,91.94,4.77,58,14670,333,11,1
2287,78.76,93.77,4.26,74,13749,202,7,0
2055,81.37,78.82,1.84,64,7239,139,3,0
188,104.05,96.93,6.24,77,13079,106,9,0
1422,85.22,103.17,4.38,81,3369,64,7,0
1883,67.44,94.98,4.35,89,3676,349,12,1
300,69.77,90.53,3.47,63,10906,107,11,0
1363,69.2,92.9,1.65,71,10685,149,14,0
941,90.7,89.79,3.18,76,14179,223,9,0
1514,70.85,83.5,3.2,56,7549,137,2,1
1291,107.83,86.2,5.25,85,3313,228,1,0
301,98.67,105.62,5.02,54,14353,258,11,1
343,68.71,95.86,3.91,66,13674,73,11,0
1826,106.23,110.12,2.13,67,4841,176,10,1
605,93.73,94.45,3.79,62,4589,40,4,0
1474,73.3,82.86,4.37,76,14597,126,8,0
1449,76.3,106.16,2.47,100,7834,213,0,0
700,67.38,102.8,5.93,64,8873,343,12,1
2466,96.22,102.48,4.88,72,12854,130,5,0
2494,92.96,95.76,2.91,65,14310,341,4,0
869,87.53,87.08,2.71,57,3413,351,4,1
2565,90.96,81.5,5.78,51,1240,161,14,1
2997,83.2,111.44,4.03,56,9291,171,11,1
726,83.54,102.05,-0.01,94,8874,160,8,0
2525,73.41,99.37,4.23,76,11705,13,11,0
1568,90.76,82.05,5.47,64,3551,285,9,0
1730,99.73,98.83,2.87,84,13703,349,13,1
2816,94.99,86.09,3.43,78,6240,352,9,1
1069,70.85,79.37,0.8,52,1596,212,1,0
2773,98.06,103.37,4.41,60,10151,112,0,0
1960,71.24,105.6,1.81,76,13345,134,14,0
2220,73.71,102.28,2.62,74,7135,250,0,0
1109,117.11,93.64,3.14,71,5509,276,13,1
2805,75.8,93.92,3.52,63,7365,240,7,0
1314,87.08,80.7,2.43,67,9741,326,13,1
2894,72.9,106.74,3.68,92,11589,15,12,0
2902,75.85,91.88,3.77,91,13637,336,14,1
2194,87.46,91.49,2.24,61,8690,222,9,0
1501,76.93,89.48,4.28,75,4778,245,10,0
718,74.1,97.28,5.27,97,4610,93,10,1
3017,105.21,95.25,2.54,92,6188,97,9,0
2823,79.82,85.87,3.62,88,6728,288,9,0
1624,71.76,100.32,1.72,88,7565,318,13,0
1032,66.55,80.66,3.76,93,6650,60,14,1
1573,87.43,98.11,3.56,91,12542,166,3,1
2097,93.48,100.13,3.48,52,4072,219,1,1
448,94.51,94.01,4.07,54,2685,167,5,1
801,92.0,98.13,1.02,72,1716,67,5,0
231,81.02,97.27,2.12,77,2268,177,0,0
1757,82.68,87.22,7.23,76,14283,124,9,1
271,103.59,84.07,4.35,77,8878,178,12,1
2288,84.41,97.51,-0.57,98,9513,51,9,0
26,81.73,93.25,3.95,97,5152,236,3,0
538,87.6,78.87,3.01,70,13151,351,1,1
1124,87.47,99.35,5.74,94,3077,362,6,1
1104,66.4,99.43,6.33,66,11327,287,3,0
2461,67.82,100.74,2.24,75,6608,236,10,1
2164,79.76,83.84,6.06,98,11602,324,3,0
3035,80.76,90.76,2.53,74,2751,84,1,0
3006,68.97,97.85,3.66,96,7005,141,1,0
1794,88.59,86.27,4.7,83,12801,255,9,0
1173,87.78,108.5,0.73,73,11414,337,14,0
10,75.38,104.44,4.46,63,2122,256,4,1
2888,91.32,106.19,2.39,93,5507,129,14,0
2238,89.73,93.32,2.7,63,2612,117,7,0
2693,96.27,104.96,5.53,56,13428,135,2,1
519,88.26,99.08,3.08,78,1025,39,4,0
1842,79.84,90.02,3.61,73,6150,256,7,0
1036,56.05,91.89,6.2,94,4656,144,5,1
1724,69.07,89.23,6.77,64,8767,197,4,0
31,102.5,86.61,1.88,55,4622,16,2,0
696,87.83,103.11,5.72,67,9829,37,5,0
1893,81.87,104.23,2.26,82,4271,347,0,1
2202,117.06,88.54,4.2,55,6328,133,2,1
702,85.06,107.37,2.54,65,13816,51,6,0
1661,83.79,94.8,4.08,61,4386,212,9,0
3078,91.85,97.12,7.89,50,4255,139,12,0
3011,83.41,104.19,5.08,90,11490,139,7,0
2589,78.37,99.54,5.07,66,4203,244,14,0
2332,106.51,89.53,4.0,67,2968,209,0,0
1800,78.24,100.26,5.34,94,9724,297,3,1
1608,73.76,85.81,3.3,63,6911,166,0,0
1942,83.07,101.19,2.42,84,8181,189,0,0
3082,106.84,83.67,2.1,75,12407,108,10,1
2480,71.49,94.35,3.32,51,13146,355,14,0
1890,98.76,113.23,3.02,53,9809,120,0,0
142,79.49,111.15,4.94,67,2155,276,4,0
12,81.4,82.54,6.19,75,12264,153,7,1
1983,61.94,107.52,5.33,76,14404,322,14,0
2872,90.11,97.56,4.21,91,8570,302,8,0
1332,73.87,84.62,2.54,51,11008,359,5,1
2430,86.64,87.15,4.97,81,11595,142,9,0
775,83.29,88.2,4.61,94,5743,2,3,1
1959,84.92,107.33,5.72,89,14930,229,4,0
185,75.63,98.52,3.96,53,2574,139,11,0
930,64.96,98.66,5.54,75,3185,79,9,0
1494,74.49,84.2,4.06,63,8364,18,8,0
2828,116.68,95.61,3.92,56,8665,59,12,1
2103,75.51,97.82,3.22,92,6272,282,11,0
1296,70.88,103.91,6.49,80,12212,116,13,0
1679,84.74,87.22,4.2,77,12452,20,8,0
11,73.24,107.71,4.35,52,7130,182,7,0
2585,82.58,108.72,6.03,54,11610,133,1,1
3134,84.61,89.21,4.6,86,6332,31,13,0
213,101.62,110.51,5.84,55,5038,51,14,1
1761,106.35,98.51,4.92,72,2981,27,12,1
2708,86.11,97.99,5.37,70,6910,314,3,0
1394,89.09,103.17,1.37,68,4033,344,14,1
1481,67.38,101.43,2.5,81,3479,253,8,0
2921,76.15,99.72,3.5,81,6693,184,12,0
1641,77.77,93.42,0.61,76,2914,86,10,0
1710,93.31,80.36,4.6,90,4405,130,8,0
2582,100.83,96.02,3.44,94,8170,61,6,0
2880,83.89,101.16,4.42,68,14011,62,2,0
979,85.72,92.45,5.97,83,1369,201,6,0
2499,76.38,104.65,1.07,94,14489,291,3,0
1360,83.89,91.0,5.4,77,3092,78,6,0
1088,76.1,88.41,3.61,81,5193,182,1,0
3057,101.93,102.92,4.33,95,2399,33,8,0
2110,85.98,80.46,2.69,71,8520,225,8,0
2168,75.75,97.27,5.14,86,2392,123,4,0
240,90.12,97.72,4.41,64,1766,132,12,0
2493,111.98,95.27,6.88,83,9772,240,9,1
1830,100.05,97.06,6.1,75,10802,77,3,0
2780,70.42,99.44,6.25,53,7449,298,14,1
1703,67.93,92.74,5.02,89,12220,301,1,1
324,77.87,105.69,5.43,85,2701,259,12,0
469,81.48,103.33,2.9,90,8347,20,13,0
2777,95.37,97.01,3.51,60,13975,269,13,1
3015,86.23,95.06,4.72,65,2170,295,11,0
923,79.9,95.35,5.66,85,11771,361,8,0
3014,80.59,86.44,2.5,56,2676,240,7,0
462,96.57,81.97,1.88,79,8012,151,11,0
2875,68.01,93.35,4.06,61,13048,159,7,1
811,81.36,88.98,5.35,52,5734,298,9,0
2980,64.3,98.13,5.87,95,7588,338,0,1
698,65.49,104.46,6.28,79,10574,235,12,0
2018,98.55,95.93,4.97,50,4894,192,9,1
396,91.62,86.04,4.77,57,9648,261,14,0
2987,76.29,92.72,5.21,88,11647,130,7,0
2798,97.48,94.62,1.84,71,1208,186,14,0
2813,74.45,101.0,1.65,95,14264,132,9,0
2108,78.73,105.36,3.67,85,4122,292,14,0
308,77.31,86.34,2.83,96,7459,116,13,0
1662,84.51,99.63,3.42,68,6603,44,1,0
2317,94.67,92.99,4.99,87,4873,161,3,1
1472,86.65,98.4,3.09,50,12558,32,2,0
2573,83.35,91.63,2.75,86,8514,132,3,0
1167,78.04,87.63,0.94,67,7927,175,14,0
3010,63.62,90.51,3.51,65,12311,41,2,0
2739,60.57,93.42,2.75,70,10389,226,9,0
1375,105.6,96.93,3.48,55,11899,97,8,1
3010,80.38,89.14,2.33,100,8226,127,11,0
1588,97.7,108.57,2.14,92,14082,220,8,0
195,85.78,87.21,3.07,65,2346,257,1,0
2606,79.65,101.19,5.06,80,8072,310,3,0
1681,72.52,85.79,3.08,67,7169,215,2,0
2027,94.39,84.48,5.72,86,4275,287,7,0
2349,95.98,83.49,4.45,59,14479,269,4,1
1595,83.68,91.56,3.88,90,6967,255,11,0
1937,76.48,81.94,3.06,78,13153,271,0,1
2532,107.12,92.31,4.34,74,4893,212,5,1
1361,70.49,88.44,6.38,90,7666,63,10,0
1854,63.62,95.87,5.96,96,12535,225,2,0
516,68.49,94.96,2.9,68,2083,298,9,1
2882,71.68,100.53,5.36,74,3919,3,14,0
3103,81.82,103.21,2.88,73,14406,359,14,0
2433,100.49,94.28,4.69,94,1783,258,7,0
1418,103.75,90.35,3.52,76,6554,307,7,1
1680,89.08,99.31,4.17,96,10769,169,9,0
3023,85.67,94.78,2.56,58,14410,292,2,0
1265,79.78,93.67,3.08,71,1215,35,5,0
448,84.34,90.99,6.13,56,11450,101,2,1
2488,100.11,90.16,4.33,52,8410,306,5,0
1956,91.97,87.18,6.39,98,5405,180,5,0
724,70.88,105.81,4.19,98,8980,289,4,1
798,97.23,94.65,3.81,81,7144,32,2,0
2945,89.61,112.33,6.18,85,1102,192,1,0
2394,90.21,98.12,1.93,100,12839,352,2,1
2738,61.12,99.33,1.92,75,11234,255,5,0
272,82.29,88.41,-0.06,70,7097,84,3,0
2163,76.29,100.53,4.02,89,4061,234,7,0
104,99.11,81.38,2.24,97,8274,116,1,1
2210,101.62,109.76,5.9,95,3052,45,12,0
414,93.73,100.38,4.39,78,9796,213,8,0
2064,89.76,93.69,3.47,72,3298,60,0,0
2885,83.99,91.76,5.06,73,11754,129,14,0
2386,81.73,105.54,4.2,86,6823,143,9,0
3155,68.84,97.27,4.83,88,10084,32,9,0
1134,90.71,95.64,5.11,91,14264,292,7,0
1296,94.92,97.91,5.8,56,4847,15,8,0
1218,81.24,81.87,2.31,89,14670,78,10,0
3066,87.74,97.03,4.62,65,4573,229,11,0
2771,81.19,92.04,4.17,93,12800,294,4,0
380,101.07,72.56,3.84,63,6628,359,3,1
220,85.93,115.26,3.74,76,13894,303,7,1
2548,47.64,98.8,3.2,74,9770,89,9,0
904,103.12,89.22,2.44,95,2066,319,0,0
2458,89.28,100.83,3.59,56,3437,149,1,0
3008,84.4,100.2,2.2,53,14000,289,10,1
2835,86.74,98.41,1.49,71,7169,291,0,0
902,84.4,92.29,3.21,76,14752,85,5,0
2688,78.02,95.46,4.94,58,2060,306,12,0
2960,80.5,89.18,2.37,73,10883,167,6,1
1988,93.41,98.73,8.0,63,1468,267,14,1
1881,72.55,108.84,5.39,64,6706,140,2,0
2079,75.72,91.72,3.93,79,8183,336,0,0
73,77.62,91.79,3.19,99,10657,323,14,1
364,85.29,102.09,5.1,94,3479,244,6,0
656,62.16,98.54,2.81,87,8754,317,9,0
699,87.44,82.73,5.74,73,9180,19,8,0
2919,86.76,88.65,4.22,58,3756,100,12,0
264,88.05,100.84,2.35,61,14455,60,2,0
1750,84.26,102.49,2.0,84,7519,282,2,0
1542,62.06,83.25,5.72,57,12250,260,0,0
2200,90.97,85.06,5.38,58,8207,84,9,0
1861,101.25,84.83,4.99,89,4899,293,13,1
1379,90.77,81.89,4.7,54,14400,272,14,1
2671,85.49,89.82,2.28,73,7297,354,12,0
2056,69.35,89.38,0.61,65,5783,182,14,0
1001,52.2,92.08,3.11,80,14491,312,6,1
273,84.2,81.53,2.43,63,12601,35,14,1
456,85.98,103.41,3.93,86,11384,287,9,0
738,76.1,84.45,5.18,77,10717,138,1,0
2143,98.25,108.69,3.82,73,14369,357,1,0
1395,86.16,92.35,4.52,57,9819,27,13,0
1125,92.24,104.18,1.78,76,13220,126,4,0
1725,91.6,81.13,6.17,62,6369,169,1,0
2563,93.98,101.36,2.22,51,13474,237,6,0
2292,74.47,87.92,3.04,96,13289,231,7,0
768,70.1,111.77,2.68,91,6383,282,5,0
2060,107.76,97.41,3.67,66,11138,153,10,0
1473,93.02,95.83,6.83,54,9857,246,9,1
1853,93.91,103.26,4.85,65,7571,2,12,0
2212,82.72,83.34,2.82,71,7462,284,9,1
805,82.2,103.28,2.28,92,11265,326,11,1
2559,86.26,92.89,1.93,50,9482,324,7,0
1005,85.74,90.36,3.52,80,2311,148,14,0
1418,97.98,105.13,2.84,96,11012,180,2,0
1658,78.39,101.13,4.16,52,14159,171,4,0
2549,75.04,99.87,2.01,96,12377,209,8,0
1347,93.58,97.42,1.75,50,2629,348,12,0
1114,65.32,106.35,6.38,68,6986,289,7,0
541,75.41,89.16,4.22,68,12323,124,9,1
1439,99.41,109.03,5.22,79,13954,66,7,0
2296,80.0,92.27,5.32,96,12826,147,13,0
457,69.51,88.21,4.75,99,1423,47,13,0
204,78.26,100.0,5.99,86,3488,150,1,0
375,65.54,89.17,5.2,99,8612,40,3,0
2142,68.17,97.31,4.51,70,7888,339,13,0
2822,76.39,98.77,4.43,50,3983,257,7,0
2890,98.24,93.6,5.43,61,11772,331,1,1
1339,72.68,93.35,4.83,58,6305,49,0,0
2448,84.44,95.75,3.75,96,4884,49,7,0
1778,74.35,88.97,3.52,92,13636,234,11,0
429,74.92,92.55,2.75,84,1095,53,11,0
1016,48.66,98.81,2.5,56,10159,68,5,0
955,95.81,83.26,4.04,56,5500,225,10,0
348,81.06,82.62,2.89,95,13219,49,12,0
2453,70.43,102.02,3.81,75,8486,60,4,0
900,76.93,100.74,3.54,53,6685,114,11,0
651,79.51,90.47,2.94,82,4487,70,10,1
2341,74.33,96.33,6.12,54,8716,360,2,1
1536,101.15,115.62,5.23,85,12026,317,0,1
945,89.51,104.82,6.3,96,3558,123,3,0
1672,85.85,97.59,2.56,79,13461,86,10,0
2228,94.28,94.44,1.45,51,2088,340,12,0
1532,88.44,106.24,5.44,97,1045,186,4,0
1446,80.49,94.76,6.19,72,8939,159,7,0
1161,87.64,95.03,0.81,97,7847,317,1,0
1762,108.69,98.17,3.71,66,7461,321,13,1
598,69.28,83.99,3.98,54,4788,209,2,0
2599,68.85,100.12,5.67,56,5371,188,7,0
1318,78.93,91.23,6.26,78,1733,31,3,0
477,84.25,87.57,3.29,55,3666,107,2,0
2645,88.22,90.93,3.93,65,2555,59,10,0
1440,80.93,93.36,2.16,60,1793,51,14,0
3089,98.78,82.07,5.46,70,9043,330,4,0
2102,84.06,99.01,5.48,58,10381,101,3,1
1738,96.51,83.18,4.15,77,4133,2,11,0
1487,93.19,109.08,4.1,68,3938,221,11,0
2839,90.95,94.59,4.83,74,13444,203,4,0
1747,99.7,85.3,3.49,54,13539,318,1,1
2407,94.25,100.17,5.49,67,8891,98,6,0
1090,104.45,75.25,4.06,83,9659,275,9,1
2681,69.56,97.96,6.36,65,3350,170,8,0
2797,95.25,90.23,5.99,93,7169,219,6,0
619,87.65,96.67,5.92,98,2127,61,0,0
59,80.6,85.15,3.73,50,9252,266,1,1
2883,62.81,86.01,6.89,52,14766,89,14,1
1658,81.81,95.0,5.08,91,6958,197,14,0
1145,89.82,90.05,5.76,96,1199,302,5,0
2790,84.4,105.37,3.13,76,8953,324,12,0
1987,101.75,95.83,5.08,62,7929,126,5,0
1958,73.26,93.49,3.82,93,7011,220,8,0
1717,85.53,100.84,1.72,100,9300,306,5,0
407,97.82,89.81,1.82,59,3859,175,11,0
2064,89.62,96.6,3.21,79,3830,223,10,0
155,97.58,104.11,5.45,71,6263,248,0,0
2118,96.04,101.1,6.16,90,7619,279,10,1
447,87.86,95.66,1.76,82,5730,196,3,0
3108,85.56,91.22,3.96,77,3466,137,5,0
2668,100.19,91.74,2.88,88,7301,74,1,0
2288,90.85,113.49,2.95,100,4772,222,2,0
2567,100.32,89.78,7.39,50,3327,276,5,1
134,84.51,79.34,3.72,63,8000,255,10,1
3177,79.04,107.08,6.55,94,9738,204,3,0
1884,54.99,95.07,4.22,91,4511,23,11,0
1641,93.33,100.0,2.24,65,6361,110,12,0
1421,81.89,111.41,6.38,88,12745,169,8,0
3051,102.37,81.14,5.34,65,12466,155,6,0
1018,83.79,98.67,4.74,64,11043,215,12,1
743,98.45,94.87,5.52,58,13001,180,7,0
1584,83.56,93.57,4.57,52,9318,147,3,0
2192,85.96,93.97,6.31,51,8196,49,4,1
706,76.71,88.51,1.94,59,5052,66,8,1
2295,80.82,101.01,4.21,89,8768,357,2,1
1264,88.74,92.33,3.82,91,13356,168,4,0
1760,70.29,106.83,2.15,98,9035,336,2,1
1314,89.1,102.67,5.4,63,8303,288,13,0
2495,95.58,95.56,4.15,70,2575,335,10,0
1577,79.14,91.68,3.32,60,13381,118,2,0
23,87.51,102.97,2.95,59,3049,81,14,1
281,85.85,93.44,4.23,67,2052,68,13,0
2221,76.31,83.82,2.4,69,4256,228,4,1
172,92.42,103.99,3.08,55,6340,347,11,1
1702,60.87,83.44,2.63,52,11855,304,2,1
1246,67.15,94.85,3.9,88,1382,192,14,0
124,88.58,96.53,4.99,78,9129,105,9,0
744,82.02,93.07,4.06,57,12310,246,6,1
1742,84.67,103.1,2.43,80,3127,76,13,0
1006,85.49,111.97,2.46,51,5207,195,8,0
698,98.69,94.33,2.07,88,9460,303,10,0
1614,84.32,97.51,5.32,90,3667,339,11,0
1172,68.1,105.38,3.51,95,2541,352,8,1
3,99.03,89.95,3.39,68,1090,67,8,0
2704,91.05,89.1,4.57,53,8019,169,4,1
2469,85.95,77.14,2.94,72,12447,265,7,0
1950,90.62,92.29,3.36,92,14992,319,12,1
648,101.72,96.22,4.99,95,5676,160,4,1
1566,64.69,104.26,3.27,60,14242,220,11,1
1886,98.52,98.68,3.0,68,3211,57,6,0
667,85.49,91.97,6.17,89,9287,109,11,0
3079,82.41,98.06,2.91,84,6468,146,5,1
557,85.49,87.27,5.92,100,2637,276,8,0
725,92.11,82.75,2.92,52,3357,235,2,0
358,104.98,86.13,2.72,72,6074,321,3,0
2974,74.13,98.16,6.38,50,14411,67,2,1
2989,77.7,83.43,3.05,75,10095,180,6,0
347,82.94,78.48,5.9,85,2192,248,3,0
2923,113.46,108.19,2.42,75,2201,30,3,1
637,94.68,103.49,1.85,52,8522,184,0,0
2784,99.37,108.83,1.29,84,2396,230,0,0
2747,85.68,80.69,0.6,53,1534,360,11,0
368,73.03,95.48,4.42,93,1497,205,8,0
2725,98.29,99.79,3.85,65,12412,226,13,0
3079,83.57,90.86,5.12,55,5856,44,6,1
853,77.61,83.48,4.37,51,5927,299,13,1
1951,88.72,94.59,2.93,71,3009,249,12,0
2678,78.84,87.9,5.0,60,8208,4,8,0
3141,93.36,107.96,4.66,87,14774,341,6,1
2185,77.26,88.57,3.37,79,6664,192,2,0
921,82.02,100.1,3.5,53,11849,280,11,1
2986,77.93,94.6,2.33,76,4234,18,6,0
2376,67.19,90.82,2.78,99,3849,129,8,0
2402,84.41,87.61,2.56,87,12627,272,6,0
3173,92.88,101.0,4.1,55,11780,296,6,0
503,75.41,97.76,5.33,89,1291,257,0,0
1946,77.74,102.03,5.09,56,3314,336,14,0
2619,69.44,98.65,4.35,81,2203,230,1,0
824,110.14,106.12,1.78,94,1546,170,11,0
1049,83.44,97.41,1.07,87,6931,149,5,0
1855,87.02,100.77,3.03,91,2158,69,4,0
2622,84.82,82.06,4.63,67,2214,278,13,0
1000,74.76,116.53,2.42,63,8105,234,6,1
767,100.32,99.01,2.07,73,6476,182,1,0
1234,92.26,96.33,1.03,96,12902,204,8,0
1310,78.7,104.87,1.73,56,5318,233,12,0
1136,78.87,89.24,2.79,61,5165,194,4,0
2365,96.42,105.46,5.73,94,4621,236,5,0
385,84.48,94.74,3.15,51,13799,349,4,0
2580,94.47,89.67,2.3,62,10960,149,12,0
2195,82.83,87.02,3.36,89,9121,94,2,0
2909,98.16,99.49,6.27,100,1645,146,0,1
966,101.5,90.8,4.03,73,4137,240,2,0
1611,106.44,94.82,1.57,54,3410,116,10,0
1396,65.69,100.26,4.03,68,5376,107,14,0
2297,92.85,104.03,5.35,87,11205,325,6,1
2551,92.78,85.36,4.11,89,7469,222,1,0
224,97.9,88.48,2.92,66,5120,44,13,1
1609,62.81,88.59,2.42,97,4512,113,9,0
731,65.97,103.97,4.74,59,11171,173,2,0
1849,70.56,96.79,3.54,83,11945,89,8,0
1190,102.03,100.35,4.13,62,11016,239,3,0
3046,75.64,92.33,2.82,85,7882,5,11,0
150,99.43,89.38,3.48,82,7062,292,2,0
1205,81.62,89.26,5.41,80,3018,156,0,0
1959,84.13,114.66,4.78,53,5238,229,14,1
451,76.71,95.95,5.01,79,12363,287,4,0
2827,68.19,88.04,2.57,74,5689,309,7,0
1925,91.13,92.8,6.06,97,14753,212,10,1
823,81.84,86.53,2.88,55,12540,320,7,1
2403,87.64,101.06,4.13,60,11287,298,6,1
2396,62.67,101.9,0.52,81,6169,122,13,0
1553,73.14,94.17,3.73,66,11808,154,3,0
1677,65.1,92.78,2.92,59,5010,167,2,1
1591,67.04,101.54,3.8,54,6705,63,7,0
2553,97.86,98.77,2.02,79,13316,163,4,0
3032,72.21,96.86,6.25,79,2610,144,6,0
985,93.68,97.13,3.07,89,2416,139,11,0
46,81.11,97.96,3.95,82,8095,130,1,0
1712,70.2,101.43,3.26,81,10530,8,1,1
1062,107.98,99.79,3.99,69,12166,115,3,0
1675,88.65,98.38,5.22,89,2996,120,4,0
2741,75.05,106.1,7.15,58,3950,229,5,0
2081,90.05,74.55,5.76,61,12202,176,3,1
2028,99.93,89.61,1.66,97,9217,337,1,0
513,73.96,93.91,4.38,72,6586,65,14,0
1520,101.91,104.29,1.89,83,5800,314,5,1
1214,107.18,98.24,5.82,53,4778,363,3,1
710,90.19,93.55,4.25,77,2718,28,10,0
2842,86.9,105.61,2.99,85,14150,11,13,1
611,89.76,105.79,3.75,90,4589,103,13,0
829,88.46,103.19,3.51,74,7152,317,4,0
1191,81.26,107.38,4.65,77,6491,105,14,0
1404,73.95,101.05,4.4,84,12415,71,0,0
1384,87.11,98.45,3.71,57,14912,278,1,0
2501,97.66,103.37,4.98,50,4895,299,12,0
2810,84.3,84.91,3.38,65,4556,301,2,1
1477,90.09,94.3,2.41,96,14290,16,12,1
548,94.57,88.34,2.44,96,2837,359,1,0
153,90.23,86.79,3.26,67,8281,66,4,0
2973,87.27,113.87,4.33,55,7604,326,3,0
535,102.2,113.12,5.9,87,8678,219,0,0
1288,71.17,99.95,3.17,57,13167,285,8,1
1125,87.79,101.74,2.82,90,5601,41,5,0
1034,82.55,88.65,4.09,60,6371,116,2,0
2362,97.67,97.01,2.6,94,5972,141,6,0
2077,106.52,84.65,2.85,83,4851,68,3,0
1995,94.84,112.12,4.01,87,1558,217,3,0
1514,76.31,91.45,4.31,94,12201,326,2,1
294,84.38,92.45,3.16,93,6051,206,9,0
2062,84.7,98.58,6.91,81,13524,315,6,1
17,99.67,73.6,3.72,57,12929,150,12,1
415,59.63,85.42,4.57,98,9299,60,14,0
3161,84.73,97.78,3.29,74,2134,24,11,0
1154,78.07,97.16,6.13,76,12709,6,5,1
150,96.6,92.48,3.37,57,6744,227,0,0
1105,69.4,99.29,5.76,54,13325,177,12,0
786,90.44,95.38,1.85,79,7354,278,0,0
2885,75.07,95.61,3.65,65,12762,233,10,0
2870,61.5,97.04,3.67,56,12744,140,0,0
219,75.12,84.02,2.51,64,9079,72,13,1
2148,75.33,92.38,1.44,71,3406,85,4,0
847,81.19,87.04,4.29,73,10779,80,6,0
3093,85.75,88.74,3.77,54,4642,207,0,0
2684,106.0,92.71,5.6,80,8532,41,3,0
1741,91.48,104.76,1.61,57,14427,160,6,1
103,107.97,98.91,4.6,62,5890,30,0,1
282,79.57,100.64,2.72,82,11143,36,6,0
2444,79.41,104.56,6.28,82,11539,329,10,1
1918,73.67,92.52,5.57,91,13024,16,11,0
1980,78.96,95.13,5.69,92,6207,141,12,0
1872,86.5,106.64,4.24,96,12591,351,8,0
2654,70.42,85.77,5.24,61,9492,152,14,0
2951,89.66,96.54,5.21,91,4596,84,2,0
10,86.47,96.4,2.91,92,10085,296,6,1
1487,86.81,102.66,2.35,92,4730,152,4,0
1096,88.51,88.4,5.56,97,9366,119,10,1
2499,57.92,94.72,5.18,59,14678,46,8,0
2322,103.28,98.93,4.8,53,6926,312,4,0
3109,72.72,107.43,2.5,51,11809,318,0,1
395,86.54,96.4,4.87,97,8239,71,0,0
2573,88.39,110.16,3.39,77,13790,253,3,0
1606,83.79,87.71,1.08,97,5964,270,13,0
401,96.46,94.6,5.8,88,5042,347,5,0
2141,108.59,94.49,6.28,99,7655,340,0,0
1570,96.09,89.45,3.57,67,14137,215,3,0
1047,74.81,83.04,4.11,91,6019,285,14,0
2128,66.43,105.5,2.62,91,12091,226,10,0
1630,65.98,101.33,2.56,99,7624,223,14,0
2080,69.72,94.63,4.01,99,11002,74,14,0
1247,74.6,105.35,3.55,51,7807,318,1,0
1729,93.0,98.65,3.07,79,11985,345,2,1
1901,77.0,86.47,4.76,60,6571,82,10,0
1027,98.2,101.47,1.35,71,14491,333,13,1
405,71.15,100.14,0.01,52,11541,41,3,0
690,97.55,105.38,2.85,53,12163,106,7,0
2651,77.46,103.23,3.18,88,4774,140,7,0
356,77.11,91.55,4.5,55,12622,116,12,1
1815,81.69,99.15,5.05,51,11115,119,8,0
750,93.99,97.61,3.6,88,11977,52,3,0
2223,103.58,96.66,7.13,67,8789,11,10,1
1211,101.97,97.17,2.51,56,2216,148,8,1
2831,75.39,92.86,6.56,57,6086,19,4,1
2385,66.33,86.64,1.43,94,12393,328,2,0
1825,88.79,100.3,6.72,89,5758,35,14,0
2954,95.01,90.73,6.04,76,7055,263,3,1
2801,69.34,100.7,6.79,58,5788,350,2,1
2408,74.28,91.9,1.75,78,11994,257,4,0
1760,67.5,95.53,2.4,70,8229,303,4,1
1972,93.64,102.87,3.87,81,10934,143,0,0
1938,103.62,91.4,4.77,69,6953,144,2,0
801,73.2,106.9,4.55,81,4778,52,4,0
881,70.78,96.31,5.56,64,4331,209,5,0
1495,76.33,93.66,1.82,66,1671,296,0,0
100,96.97,98.21,5.32,97,8032,337,13,1
2227,77.81,117.73,4.01,52,10754,323,13,1
755,85.56,106.37,3.86,57,11253,357,8,0
1584,92.82,99.07,4.38,50,14592,62,4,1
1657,83.82,88.85,4.16,80,12215,242,2,0
1490,77.73,103.39,4.39,62,5428,285,12,0
2951,58.79,93.43,3.26,60,6179,164,5,1
2167,95.79,98.08,4.39,85,5760,312,2,0
3002,81.24,83.32,6.97,95,4836,18,9,0
2900,86.67,87.85,3.44,83,4694,83,5,0
2455,90.87,91.93,4.07,61,3847,214,0,1
2785,83.77,99.19,3.51,92,2821,114,13,0
3088,86.38,93.9,5.2,58,12491,22,3,1
473,96.6,88.9,4.42,88,6802,162,10,1
2844,91.19,108.4,3.1,89,8527,12,6,0
3125,78.0,97.19,5.04,98,6243,346,7,0
17,75.28,107.4,0.9,57,2708,10,3,0
1804,81.25,85.82,4.72,71,3028,86,12,0
2678,97.61,102.92,3.63,77,1414,185,12,1
1854,83.88,94.45,3.81,63,10572,239,0,1
2054,69.76,80.43,2.15,100,1032,362,11,0
3098,67.4,84.55,5.79,97,7602,142,9,1
542,76.28,85.24,3.38,96,4530,51,6,0
2528,89.52,98.03,5.98,69,13950,293,1,1
112,86.57,94.58,4.61,92,11811,197,7,0
1227,96.21,99.15,6.2,51,2761,259,8,0
1201,84.03,87.35,6.47,53,6604,289,0,1
1353,65.24,88.17,4.91,96,13264,105,10,0
2261,74.94,104.77,3.96,78,6238,152,0,0
1081,98.26,99.25,2.92,76,3429,299,11,0
477,78.2,91.63,3.4,79,7313,49,8,0
1185,61.66,88.34,5.46,58,10631,72,12,1
2372,92.26,87.38,3.85,84,10635,194,13,0
1777,86.58,96.6,4.91,83,11568,282,9,0
2781,98.24,80.32,2.19,83,12572,95,4,0
2062,85.43,90.51,5.18,72,13899,197,13,1
250,103.3,83.1,5.1,75,5729,287,9,0
644,85.79,109.21,4.21,67,10016,8,9,0
1647,71.59,90.41,3.17,75,14012,267,0,1
2662,101.55,98.23,6.88,63,1488,84,12,0
1353,65.25,86.48,5.96,89,13771,209,10,0
1605,92.62,100.28,6.49,55,10673,231,13,1
2323,85.37,79.98,4.71,50,11294,152,3,1
2111,85.77,80.55,2.7,75,7526,57,1,0
2730,86.24,101.18,2.12,77,14688,172,0,0
2370,81.61,95.66,5.43,98,9768,231,13,0
793,57.69,87.73,5.05,80,1612,237,0,0
276,90.58,72.66,3.66,68,3121,287,6,1
2299,83.29,79.48,5.49,63,9585,3,3,0
2479,68.89,114.49,4.41,91,2605,70,5,0
1827,77.58,97.53,3.61,73,13577,156,14,0
697,88.21,101.08,3.12,85,11919,252,5,0
1455,84.69,83.11,5.27,84,7809,137,7,0
292,99.69,82.54,2.15,63,6164,41,10,1
2417,80.93,91.01,3.2,67,7456,284,5,0
1721,77.82,94.49,2.79,62,4018,166,13,0
335,88.57,97.63,4.36,89,2348,19,3,1
2857,72.74,97.99,3.63,54,8267,242,13,1
2350,99.38,90.06,2.88,50,14673,65,9,0
2884,64.21,105.92,3.67,63,2758,60,2,0
126,80.8,99.52,4.81,80,2993,308,0,1
2502,84.77,95.11,2.86,53,3720,248,3,1
962,59.26,84.52,3.76,87,13463,223,12,0
891,92.56,85.32,4.48,63,12386,94,6,1
2379,102.58,88.77,4.36,69,14851,302,1,0
1514,78.88,112.68,3.2,69,9193,55,3,0
1357,83.75,99.08,4.45,95,13627,59,0,1
1871,104.99,84.8,5.74,82,6841,350,3,1
2713,112.18,94.44,4.51,92,13198,96,13,1
105,72.75,95.33,3.85,91,10950,317,3,1
2051,95.52,90.78,3.99,82,9753,346,0,0
288,76.92,94.45,3.29,53,9547,96,14,0
238,80.45,76.24,5.17,93,6125,23,6,0
111,96.23,107.98,3.36,81,9789,252,0,1
652,103.15,83.01,3.62,63,11408,210,13,1
980,80.44,87.07,4.94,56,14754,208,4,0
472,84.26,89.31,3.27,53,13403,286,1,1
346,102.25,90.27,4.62,70,6613,263,8,0
2761,73.43,91.76,3.65,77,7372,258,9,1
2475,75.6,98.87,4.86,87,8573,40,4,0
387,88.32,91.9,4.04,95,13959,343,4,0
1651,85.44,81.27,4.52,56,10779,51,0,0
2630,76.36,85.79,3.22,59,12737,22,4,0
2801,87.79,93.57,6.8,58,2571,149,4,0
29,91.37,96.54,4.58,60,8380,128,6,1
2527,87.07,84.82,7.03,76,1463,199,9,0
229,92.97,87.35,6.31,70,4239,316,11,0
2750,113.08,91.95,5.21,75,11056,240,0,1
305,85.14,110.36,3.41,58,8649,51,7,1
2615,70.16,95.48,4.12,70,7190,115,3,0
2468,79.14,112.13,3.1,95,12278,21,10,0
2936,82.64,103.6,5.67,51,14194,119,11,0
2322,90.74,82.09,3.07,72,13803,43,11,1
759,99.33,92.78,7.1,70,12411,77,8,0
232,94.12,97.49,3.17,63,10154,189,11,1
2950,77.19,114.29,2.21,97,10231,18,13,0
1308,77.18,93.73,4.62,74,5971,177,2,1
2652,97.39,82.85,2.41,78,14910,184,9,1
1457,76.2,95.36,5.23,72,5433,247,0,0
65,91.58,82.48,3.91,86,10647,74,14,1
1453,64.38,91.42,4.48,98,10559,286,11,1
1345,81.29,88.72,7.0,69,5951,51,0,0
2954,89.13,95.33,3.82,50,14774,261,4,1
2344,82.56,93.71,3.93,76,4090,41,7,0
2130,96.88,98.95,4.27,95,9000,50,12,0
1613,77.65,107.58,7.72,58,9444,263,6,1
2767,93.95,95.24,4.84,67,10286,186,8,0
3149,95.96,84.77,4.67,61,12469,333,14,1
1845,76.36,84.56,2.97,90,8967,271,5,1
1215,72.72,96.59,4.03,93,12721,192,9,0
1046,84.02,103.97,2.39,65,10272,323,13,1
1556,86.19,107.02,1.46,95,14394,106,6,0
2023,73.83,98.5,3.93,89,4184,259,5,0
779,77.58,86.32,2.71,62,3719,72,13,1
3102,87.26,86.92,3.65,78,2948,185,1,0
1721,90.17,100.77,4.22,63,12996,87,14,1
1099,85.53,102.14,4.56,60,1551,296,12,1
294,80.59,100.29,1.33,74,7129,74,2,0
1417,95.74,94.53,6.84,87,3146,169,0,0
672,77.07,100.39,4.92,72,4435,69,6,0
2279,92.4,89.66,5.74,95,11126,72,5,1
1766,71.38,94.57,4.34,74,8558,133,6,0
1059,83.58,108.87,5.29,51,9428,150,1,1
2188,77.12,97.19,5.73,97,5334,354,13,0
113,102.15,94.51,6.02,95,5563,298,12,1
334,87.05,84.38,0.08,84,14416,319,7,1
3024,86.27,102.66,3.86,83,10366,189,9,0
300,97.47,92.95,4.13,59,2754,263,4,1
743,82.4,84.97,5.52,82,9155,48,11,1
2182,91.57,93.67,3.19,94,1686,77,4,0
593,97.01,93.47,3.12,78,11304,17,11,0
475,78.9,93.37,5.31,73,9518,181,9,0
1236,72.81,93.05,1.54,60,14632,178,0,0
524,90.58,95.23,4.64,55,14876,182,9,1
122,110.89,77.72,4.51,58,1638,161,6,1
2728,69.99,110.29,4.11,63,13717,211,5,1
2734,94.91,86.24,3.41,82,1634,203,1,0
834,73.32,98.11,3.6,66,11841,131,3,0
1590,83.88,102.37,3.91,54,8029,288,1,0
3020,83.11,100.24,2.94,83,8680,92,2,0
2742,83.97,84.22,1.59,56,8498,94,11,1
2063,83.11,96.17,6.21,87,7259,268,4,0
729,106.72,93.06,0.87,68,11086,64,7,0
2938,75.97,88.12,5.46,72,2243,247,2,0
609,88.89,101.49,5.61,79,13665,117,9,0
151,73.52,96.07,5.77,100,11564,87,8,0
2625,88.6,106.86,6.6,90,9619,265,12,0
1648,81.72,83.79,3.97,86,7302,314,14,0
1266,86.57,99.32,1.76,61,7965,124,3,0
2457,86.14,89.08,4.83,70,1831,288,8,0
243,88.45,100.54,2.32,85,9025,77,2,0
1943,75.8,91.94,3.34,57,7492,57,4,0
1438,77.43,88.9,4.69,78,7241,322,12,1
2612,89.31,106.32,2.26,94,1586,316,4,0
318,83.77,94.57,1.81,87,2579,301,1,1
870,58.61,95.1,1.54,60,5350,282,8,0
223,87.1,91.94,5.29,96,2413,22,9,0
2429,94.51,78.76,2.56,89,8930,343,10,0
1598,70.84,88.49,4.6,64,2884,335,8,1
2649,69.04,91.39,4.73,68,5768,53,7,0
2647,89.42,82.96,6.61,97,14668,67,11,1
2100,83.03,103.31,1.93,64,3827,23,1,1
2592,95.24,93.02,2.55,69,7965,102,3,0
1469,83.39,88.3,3.33,52,9823,76,9,0
1407,81.94,93.9,4.18,95,1182,146,0,0
1633,89.1,92.92,4.16,85,1345,212,13,0
571,91.92,92.17,1.91,60,3629,165,0,0
1166,92.3,94.0,0.24,77,4215,13,8,0
93,75.61,86.2,3.06,100,10753,79,0,0
2281,77.98,93.03,3.29,70,5364,201,6,0
2949,103.74,95.94,3.19,67,9111,190,4,1
1117,126.35,112.48,3.41,82,11931,5,1,0
1383,70.63,92.76,4.14,62,12012,94,0,1
1525,84.77,101.47,4.02,82,9392,80,12,1
337,78.58,96.0,1.67,85,12525,181,2,0
1575,83.22,89.09,3.07,59,7621,77,9,0
2351,102.48,83.06,4.4,81,14427,123,5,1
1893,85.98,91.94,3.79,75,10885,53,0,0
2946,105.17,90.22,1.67,57,1668,160,7,0
3038,68.14,91.2,5.44,74,3983,60,5,0
357,83.62,84.43,5.27,69,14735,140,0,0
861,68.64,92.84,4.44,92,9955,176,9,0
630,95.33,112.23,4.83,91,7903,135,3,0
16,87.6,84.78,2.09,89,14448,140,9,1
1053,93.82,94.93,2.96,86,13397,195,2,0
640,107.19,92.77,1.73,80,11903,193,7,1
1296,80.7,85.87,4.29,64,12251,125,10,1
1668,99.9,86.16,5.59,71,1794,317,7,1
85,87.21,98.73,4.76,82,6292,167,3,0
2893,88.49,94.26,2.1,92,12227,85,5,0
2881,100.91,100.5,5.4,68,3115,49,6,0
1926,68.99,84.58,2.97,97,6749,250,13,1
2239,86.95,119.08,3.74,72,8654,232,4,0
1926,85.71,95.05,4.57,84,9154,5,12,1
2799,103.03,91.8,4.35,59,5703,45,2,1
649,70.94,80.5,1.93,70,10083,85,4,0
377,98.94,100.43,4.34,82,5802,144,10,1
1672,92.24,99.16,2.95,77,12497,27,3,0
2041,84.44,90.93,2.85,59,14623,197,3,1
1629,73.35,87.78,5.35,94,13396,194,10,1
175,78.69,112.5,6.2,98,6812,53,8,0
2970,82.12,92.1,3.26,83,11180,97,7,0
1697,112.08,97.86,6.1,94,10482,329,4,0
560,95.57,88.42,3.46,50,12143,54,0,0
2400,69.57,97.8,2.24,76,8031,339,8,0
1984,99.26,89.66,4.88,76,4020,130,12,0
3007,95.39,93.53,3.84,68,7856,362,5,1
3176,93.26,99.85,4.19,91,12874,313,13,1
956,94.44,98.01,5.59,85,7420,60,6,0
45,73.99,94.68,1.34,95,14033,341,14,0
787,50.87,92.5,5.08,65,7083,74,1,0
2730,65.99,99.27,5.4,81,6079,356,9,0
3052,87.34,95.81,2.18,82,5382,318,14,1
1839,85.35,88.89,3.13,59,14873,46,11,1
972,75.25,91.47,2.58,51,9787,200,12,0
1497,71.02,92.08,3.84,94,3171,29,10,0
1790,84.31,85.59,4.26,93,3731,267,8,0
3034,69.88,100.28,5.13,96,3633,271,10,1
1267,92.32,76.37,6.71,60,2476,78,9,1
3096,76.28,93.22,4.84,94,3278,89,11,0
2109,103.33,94.09,2.76,87,4835,99,14,0
1997,65.81,91.76,5.18,70,14495,131,1,0
3137,89.02,100.28,2.33,52,11723,10,12,0
2628,105.72,95.62,4.42,70,13835,130,12,0
1629,86.99,94.25,3.94,61,10290,132,9,1
90,88.99,88.91,4.94,56,14740,310,14,1
2866,69.0,93.63,1.22,58,6629,34,9,0
655,81.55,96.83,4.22,64,6377,215,12,1
1374,85.95,102.35,4.66,64,4651,23,8,0
2197,81.21,96.57,4.74,54,1466,278,1,0
2536,91.96,87.35,4.2,66,10116,75,6,0
2249,58.85,94.69,1.67,52,13687,317,5,0
1828,74.35,93.09,1.68,80,9928,140,14,0
2695,86.1,97.86,5.08,57,4535,355,6,1
2027,97.93,96.26,5.73,63,14072,180,0,0
1647,106.75,100.05,4.25,93,9884,254,10,0
1153,83.22,79.98,4.74,98,3715,272,2,1
1720,89.56,98.57,2.82,74,2199,198,9,0
2581,83.9,88.69,4.73,75,13398,111,7,0
476,96.95,92.92,4.49,72,10483,33,2,1
994,84.01,98.38,4.31,64,2858,141,10,0
712,100.96,90.29,7.03,62,7659,6,14,1
2405,86.28,84.99,4.79,54,9374,172,7,0
2828,104.07,92.1,3.13,87,4219,273,12,1
896,91.61,107.5,2.29,89,4627,74,12,0
264,80.08,94.3,2.32,87,11681,216,10,0
1575,95.74,92.28,1.9,99,11620,175,2,0
2638,89.87,107.83,3.67,89,4634,273,10,0
2310,105.48,83.55,7.28,90,14953,27,11,1
669,87.98,102.12,3.48,63,1802,360,1,1
2526,89.94,92.43,0.82,84,7856,336,2,0
267,101.57,92.61,3.96,83,6044,78,11,1
3099,85.08,104.88,5.96,75,2861,237,5,0
215,72.7,92.15,2.65,80,6235,285,2,0
2141,70.38,86.21,2.45,99,2570,118,14,0
969,97.66,90.54,1.54,75,5690,67,7,0
459,86.14,100.46,3.0,94,1981,173,10,0
1743,93.32,106.67,2.3,79,11450,167,7,1
197,90.77,98.94,4.62,55,13160,183,11,1
178,66.76,113.3,3.43,79,5475,222,1,0
526,92.7,92.2,3.14,84,9633,264,0,0
1946,88.88,99.71,2.28,60,9493,92,6,0
943,83.82,90.38,4.61,80,3161,219,6,0
2825,65.58,95.27,6.41,69,9361,149,13,1
663,54.03,100.53,3.12,78,11731,134,3,1
2665,110.15,88.27,1.55,89,12417,116,3,0
1013,94.99,96.05,0.82,71,11009,137,0,0
2277,81.43,99.15,3.63,53,1264,232,9,0
2687,84.28,97.49,1.28,87,2186,102,2,0
1900,102.74,84.73,4.24,87,7340,12,13,0
848,98.26,89.28,3.82,91,8574,16,1,0
841,96.32,86.41,3.53,93,4850,125,0,0
464,75.49,93.98,4.65,96,4330,147,5,0
2456,86.29,118.06,4.21,79,13340,170,5,0
1428,79.72,95.12,1.35,95,2213,242,0,1
2783,106.56,83.05,4.47,60,7657,41,7,1
1395,78.63,94.62,5.78,73,11357,281,5,0
1539,86.6,92.32,3.33,78,9218,28,13,1
1939,84.86,110.28,3.38,69,10899,251,9,1
2314,72.13,101.88,6.72,54,6896,326,8,1
898,82.84,94.9,3.45,96,7162,190,13,1
1708,73.31,94.84,4.3,93,5261,297,2,0
368,65.44,110.34,4.58,87,8548,67,3,0
811,86.92,90.52,3.18,74,4146,61,1,0
2633,109.5,93.03,0.68,56,10654,307,11,1
2244,100.6,106.77,5.47,83,9362,275,3,1
2231,78.1,90.58,3.82,68,14930,162,7,0
1238,90.13,98.4,4.87,54,1112,242,8,0
2283,71.74,92.13,0.83,89,12504,41,9,1
104,92.83,90.56,1.91,93,12674,147,12,0
1935,74.21,94.89,0.87,97,13281,222,3,0
391,92.03,88.8,3.93,91,8178,111,13,1
285,103.16,114.78,5.21,62,9281,361,4,1
3068,86.04,92.67,2.27,97,2964,8,13,0
574,83.42,90.13,4.55,65,10839,60,9,0
577,69.14,99.21,2.74,85,8973,348,13,0
827,96.63,90.37,5.01,97,5483,180,9,0
1751,82.31,100.8,2.23,58,1489,353,2,1
1021,81.88,77.28,6.55,73,12712,81,7,1
612,87.11,103.23,3.36,100,7762,295,5,0
1495,104.6,91.24,3.9,55,2603,353,2,1
145,71.41,88.66,2.5,59,12588,59,9,0
3001,67.53,98.62,3.88,64,8217,163,6,0
1370,104.48,101.0,0.46,86,12166,232,11,0
197,94.58,95.56,3.24,91,12683,115,5,0
285,73.78,99.17,4.46,98,12934,3,6,0
1225,100.93,104.87,6.86,72,3439,73,4,0
514,84.66,93.25,4.13,67,14885,186,4,0
2052,85.71,87.15,3.93,86,8114,82,12,0
1329,107.49,106.68,6.44,83,4435,59,1,1
771,71.22,84.29,6.0,63,2321,196,7,1
1961,93.6,90.79,4.65,51,4201,310,12,0
2209,87.79,84.65,5.25,93,4995,103,12,0
2065,101.64,97.33,5.77,83,1661,287,6,0
2609,88.79,90.14,4.0,72,10944,250,13,1
2294,106.15,91.95,5.47,68,14805,318,13,1
2139,81.58,96.26,2.21,68,4109,179,2,0
1007,95.69,96.23,3.43,97,13769,16,4,0
2075,91.54,90.21,5.13,93,5327,170,12,0
24,93.75,100.48,2.38,100,14308,7,5,1
293,88.63,105.65,6.69,76,11240,315,3,0
599,94.82,90.91,6.07,61,5884,232,14,1
2450,84.54,102.37,5.82,55,5854,132,10,1
1791,89.27,87.36,3.74,73,14270,159,12,1
2086,82.91,90.07,5.9,61,4092,313,9,1
1242,66.47,105.55,2.32,67,10851,86,9,0
2116,93.21,80.85,3.81,58,2332,93,1,0
1818,91.09,102.12,4.75,81,9151,72,14,0
2140,107.86,98.28,4.16,78,10749,76,3,1
161,83.57,81.5,4.0,81,3785,56,9,0
2535,95.24,95.01,2.82,79,13163,283,12,0
2697,74.53,101.13,0.87,82,4964,198,9,0
2624,70.68,89.38,6.01,66,12617,264,7,1
3062,81.69,99.27,1.98,52,11046,294,0,1
1413,97.32,96.7,4.1,92,4890,138,4,0
1423,91.65,83.32,3.4,62,11102,319,9,1
1898,76.43,91.01,1.44,68,5923,304,11,0
254,66.34,107.79,1.31,71,4296,304,11,0
2017,69.98,99.33,4.59,69,12855,139,1,0
2753,85.52,103.87,3.27,51,11944,326,14,1
2114,78.85,93.57,6.77,68,6594,110,8,0
1304,86.48,96.77,4.59,92,9670,157,10,0
2066,77.2,80.32,4.93,63,9751,212,13,1
2121,82.49,97.85,4.95,85,9497,32,10,0
1464,104.17,97.8,1.09,99,10971,108,0,0
493,68.53,96.23,3.31,77,8289,186,3,0
1434,79.74,93.83,4.74,50,11837,196,11,1
2661,109.32,87.81,4.82,85,12165,143,6,0
277,80.0,89.83,4.03,64,2508,326,10,1
1876,78.91,87.13,4.74,94,9516,349,4,0
852,95.68,94.67,4.64,58,8414,200,11,1
129,88.05,98.45,4.46,62,5521,200,12,0
1118,82.21,92.32,4.96,78,9485,5,6,0
664,107.56,93.15,4.91,84,12446,255,10,0
1156,79.27,103.71,5.26,80,10451,42,8,0
2324,77.02,99.55,4.0,64,9010,94,11,1
2301,76.07,101.34,3.18,70,1489,270,14,0
2834,96.72,78.71,3.93,83,4015,91,12,0
2206,89.9,112.51,5.36,91,3562,209,14,0
601,87.83,93.77,3.35,51,10457,158,11,1
1739,77.93,92.83,5.49,95,4888,331,11,0
316,73.93,92.52,4.22,56,14233,63,12,1
2246,74.18,96.84,4.41,64,1720,24,12,0
1374,83.31,91.52,1.9,99,3719,43,7,0
2278,119.94,96.03,1.42,99,4865,32,6,1
2203,95.98,88.98,2.39,96,7081,111,2,0
1419,78.1,111.88,1.65,50,8807,168,13,0
2901,95.34,99.48,5.12,50,7035,132,3,0
2808,93.76,88.02,4.01,88,9017,2,8,0
2137,87.59,94.34,4.99,90,1815,140,5,0
1388,88.73,104.13,3.97,93,6190,123,0,1
3010,82.74,95.62,5.8,60,6472,237,10,0
1212,96.97,98.76,4.33,69,2470,279,5,1
263,92.71,88.25,6.3,96,14329,348,1,0
495,84.51,83.96,2.26,63,11267,363,6,1
751,99.89,84.2,4.87,63,3393,262,4,1
2192,92.28,95.59,2.65,60,6418,96,2,0
2105,102.96,100.46,1.42,70,11200,270,11,0
1245,81.64,89.6,2.7,70,11276,86,11,0
2020,89.74,99.1,4.57,81,1055,257,8,0
536,99.15,106.57,5.14,73,3185,231,11,0
634,77.45,111.22,3.1,92,8175,273,0,0
2177,95.9,94.84,3.86,100,1992,114,7,0
2984,86.46,82.98,3.35,100,8344,276,13,1
1455,68.05,102.42,4.54,61,3671,81,9,0
1386,113.29,96.54,4.35,79,8866,153,2,0
927,93.83,98.88,4.02,57,12195,147,13,1
835,70.16,91.24,5.4,70,2261,171,13,0
781,95.84,84.74,2.93,59,2597,14,13,1
652,87.16,96.28,4.67,81,13527,136,6,0
2207,98.39,94.54,4.77,97,6516,109,13,0
1373,89.14,92.11,1.89,54,4498,53,0,0
2015,78.73,98.7,3.44,66,7086,276,1,0
398,65.05,95.7,4.78,76,1636,18,7,0
2121,77.18,91.62,5.07,91,1849,264,10,0
348,65.37,90.57,2.42,56,2751,73,10,1
915,79.07,102.37,1.74,98,12738,337,7,1
790,102.06,95.56,3.39,79,2309,320,9,1
376,72.21,100.37,2.45,82,13071,73,3,0
2387,82.58,87.82,3.66,100,9562,17,0,0
1305,87.05,85.75,2.72,88,3665,139,4,0
824,91.16,90.18,6.08,65,4011,345,6,1
2138,86.73,88.13,2.07,51,4074,247,4,0
2745,81.84,107.66,2.45,98,11469,195,3,0
1229,82.12,89.3,6.25,89,3701,175,14,0
1713,101.87,87.73,2.94,64,8580,50,13,1
2086,74.95,92.5,1.47,100,11548,168,2,0
1997,78.12,89.17,2.37,55,11052,111,2,0
3163,98.33,97.07,0.52,97,13949,232,13,0
86,86.18,96.03,4.43,77,5806,270,12,1
799,103.82,96.32,5.63,53,1219,98,13,1
2343,86.07,114.74,5.49,75,6495,330,7,1
911,84.79,98.5,4.72,71,9150,130,9,0
90,106.5,119.3,3.45,69,14243,176,8,0
2848,79.5,89.77,4.74,92,2393,258,3,0
1946,63.32,93.05,4.81,68,7344,170,8,1
947,75.42,94.59,5.42,53,1989,11,9,1
1599,81.66,81.23,3.69,69,8081,106,1,0
2097,104.42,100.16,4.22,53,14500,240,1,1
2150,93.94,91.01,4.81,55,1353,51,14,0
2665,91.91,91.01,3.77,75,4218,94,9,0
873,79.34,79.09,5.9,81,7957,214,7,0
1253,90.15,87.19,5.54,77,5212,164,7,0
1906,95.11,97.74,3.89,77,9929,144,12,1
1355,80.44,95.41,1.41,72,5693,294,10,0
1003,77.27,89.3,-1.73,99,13512,86,6,0
2042,79.5,93.04,2.08,95,9041,138,6,0
1087,76.49,85.82,4.25,74,8539,276,9,1
2959,68.96,94.92,0.37,66,1643,193,4,0
2109,103.22,97.2,3.75,78,3343,318,11,1
949,89.39,100.84,-0.18,80,13203,62,1,1
57,92.06,114.85,4.31,94,6899,160,14,0
742,79.6,91.11,2.81,65,14314,87,6,1
333,81.02,96.31,4.65,61,10221,58,3,0
2219,103.26,97.53,7.32,53,9468,8,7,0
2914,87.59,97.96,4.05,67,13918,21,4,1
1635,67.44,91.15,6.5,95,6174,324,1,1
91,79.36,74.95,3.51,82,2993,355,4,0
2241,88.51,103.04,2.3,94,10287,303,9,0
984,100.27,102.88,3.91,54,14132,173,5,0
238,83.1,101.94,3.96,69,7512,77,9,0
2676,74.61,105.16,-1.27,53,14697,192,11,1
3058,73.81,108.4,2.9,70,12988,184,11,1
2005,89.7,97.75,4.47,91,11355,30,12,0
2320,120.09,90.08,2.35,72,7357,248,1,1
2049,94.31,84.48,4.91,63,9674,343,9,0
1304,71.62,105.84,4.85,92,9741,124,6,0
926,82.49,92.91,2.49,91,2382,176,6,0
434,85.16,99.67,4.26,59,5041,95,8,0
1459,103.71,109.27,2.89,59,1815,192,14,1
1673,97.27,101.71,5.96,52,8171,148,14,0
3148,94.18,99.51,2.41,100,10244,351,4,1
508,69.49,110.08,3.15,95,8067,137,4,0
930,76.15,102.91,1.64,53,10548,324,9,0
836,67.91,104.1,2.24,80,8794,106,0,0
2256,80.21,72.47,5.12,88,7285,288,3,1
770,93.5,97.94,5.86,95,3517,104,1,0
616,96.44,105.92,3.14,72,2976,277,4,1
132,82.86,97.54,1.93,86,10455,15,7,0
676,86.66,87.25,4.49,69,9692,251,7,0
2768,105.2,103.61,4.7,73,5668,133,12,0
2396,93.61,94.23,4.91,95,6406,1,5,0
2651,94.5,94.7,2.46,93,11539,283,10,0
1188,91.6,94.18,2.67,73,10226,363,5,0
978,70.29,82.95,3.21,52,12585,267,7,0
641,79.21,94.02,5.01,61,7451,342,3,0
1923,91.85,80.52,2.22,82,3810,271,9,1
93,91.67,107.99,3.98,61,5728,101,4,0
47,104.34,100.25,2.28,51,4845,266,0,0
2802,87.88,90.46,3.9,68,6486,247,5,0
2874,73.54,86.4,1.78,97,4819,123,0,0
2475,73.89,85.53,6.02,100,12132,208,2,1
1712,79.45,102.86,2.9,98,9366,151,5,0
2578,80.31,98.72,1.47,54,7956,82,5,0
1143,79.7,95.34,5.44,76,6041,61,0,0
2623,86.39,90.84,4.75,66,12359,177,5,0
453,88.96,86.94,7.47,91,10921,126,0,0
2698,113.12,104.59,0.85,89,13489,211,10,0
553,101.29,102.06,4.87,58,4561,72,11,0
1219,82.07,95.25,5.86,58,8985,129,4,0
1831,91.02,96.91,3.09,99,14389,18,10,0
1586,80.38,90.27,1.45,64,6481,333,5,0
2726,63.03,108.59,5.39,75,8592,117,14,0
2226,79.87,95.71,4.53,70,5507,152,11,0
45,78.24,98.76,6.55,65,14395,224,6,0
759,87.38,102.5,2.83,72,6153,310,0,0
1613,79.69,88.39,5.7,50,4650,91,10,1
333,67.17,96.4,2.92,64,13153,8,12,1
2564,100.14,103.0,2.8,66,5392,19,6,1
34,72.02,106.95,3.12,60,10808,143,13,1
414,94.46,93.42,3.55,96,13226,245,10,1
2098,87.23,87.91,2.91,51,12224,89,11,1
546,91.61,102.11,4.24,71,13241,335,12,1
528,84.3,95.26,2.89,65,13790,255,3,1
260,94.27,89.01,3.2,93,6497,37,14,0
1336,75.4,109.13,2.34,99,10635,47,10,0
2734,105.64,105.45,2.78,74,5929,104,0,0
2057,90.64,87.06,5.22,57,3559,47,12,0
1610,83.24,95.67,8.02,95,3360,218,3,0
550,89.08,89.39,4.12,97,11280,215,13,0
2217,75.5,97.25,4.27,54,12465,142,4,1
2599,72.52,75.34,2.86,50,3815,249,14,1
1669,101.2,98.83,4.66,55,9879,317,6,1
2035,105.27,106.68,1.8,89,2771,110,12,0
2968,99.06,94.27,1.64,75,9683,125,10,0
2458,87.33,97.08,6.72,99,7683,67,11,0
3052,69.68,106.81,1.37,59,2468,335,13,1
1092,82.96,99.09,1.14,65,4137,98,7,0
404,74.39,98.3,3.98,85,1693,292,12,1
2336,78.0,90.09,4.09,52,12899,48,0,1
1195,74.4,81.14,3.65,64,2861,313,14,1
39,93.86,97.62,3.19,92,11392,357,5,0
3081,71.76,105.29,3.72,56,7015,348,14,1
1071,80.89,94.23,4.33,58,8470,118,8,0
1932,93.8,95.24,4.12,100,4810,283,7,0
1706,88.6,92.28,4.71,87,12265,32,9,0
56,103.85,86.07,5.15,97,4292,268,6,0
231,73.65,101.93,5.23,86,14256,15,8,0
358,106.2,102.91,5.08,70,6535,212,5,0
856,106.84,94.84,0.69,99,9013,25,12,0
1054,89.46,84.13,4.91,87,6885,100,5,0
687,69.77,100.06,0.92,67,3481,127,1,0
1563,75.54,87.41,2.86,91,4249,197,2,0
2513,86.64,98.94,5.42,94,13049,50,9,0
107,69.73,73.51,4.56,87,12013,261,9,1
2359,87.4,103.15,2.47,61,7962,255,11,1
1122,79.63,95.13,4.32,78,4994,317,11,0
2847,70.38,100.24,4.5,61,5121,185,14,0
2270,105.08,99.33,4.01,86,6876,137,14,0
2521,95.08,97.16,3.04,70,8699,306,6,0
2233,82.51,100.18,3.92,67,11604,219,0,0
1058,86.61,100.99,5.14,69,10051,24,4,0
1618,105.64,85.14,3.25,89,5886,189,5,1
3154,84.78,84.73,3.93,80,1783,158,12,1
2181,87.25,88.41,5.41,67,10467,178,12,1
484,68.98,98.65,6.64,76,9307,77,0,1
2084,76.42,89.85,1.37,83,5704,153,5,0
1797,71.97,95.81,4.4,68,8955,3,2,0
416,78.47,91.44,2.57,59,1110,214,0,0
2091,58.89,98.78,1.16,87,7665,289,6,0
1380,124.78,115.06,3.61,78,1726,36,12,1
139,67.31,90.93,6.08,79,2560,97,1,0
1436,78.4,101.11,3.04,56,14085,157,12,1
383,63.81,88.52,3.05,58,5308,362,9,1
3063,93.3,78.41,5.58,61,8831,116,9,0
399,80.91,92.94,3.09,78,13673,127,8,0
1858,72.07,78.57,3.24,80,11116,177,2,0
1996,88.53,100.24,2.88,86,11329,358,14,0
2214,94.28,92.09,4.08,65,4887,331,9,0
468,93.14,98.94,3.74,67,13940,356,13,0
2389,100.62,97.61,4.15,95,9929,279,14,1
1731,107.91,99.61,2.11,72,10271,301,5,1
1565,84.74,96.41,6.67,75,3899,169,14,0
1973,82.17,96.06,4.88,76,9529,128,1,1
275,80.33,110.81,5.84,53,1862,300,2,0
2838,95.26,80.67,4.9,60,10857,5,2,1
2616,89.21,85.16,4.74,72,11933,299,14,1
2731,98.4,100.62,2.57,92,7043,201,13,0
1820,67.62,82.79,3.67,98,11074,108,12,1
1558,79.49,103.5,2.67,70,6183,115,7,0
1393,103.6,100.41,6.71,74,2005,197,1,0
2942,91.23,104.75,3.67,87,6181,263,14,1
1675,102.55,88.91,4.46,67,4044,164,14,0
173,88.52,93.75,4.99,93,6300,235,4,0
2415,58.8,89.93,3.41,96,4655,274,7,0
2099,83.57,95.91,1.78,65,1023,94,8,0
463,100.04,90.44,3.83,98,8287,355,13,1
1137,79.63,99.3,4.08,99,14854,18,3,0
1368,95.95,97.4,2.58,52,13301,355,12,0
1848,101.53,90.24,3.08,62,12282,78,9,1
1779,90.19,85.28,0.91,53,3479,353,9,0
963,78.47,89.28,4.76,58,14552,44,12,0
2410,94.6,101.08,2.54,75,13865,341,1,0
2202,56.02,83.96,2.21,79,10085,176,14,1
1578,74.48,95.14,5.05,54,11024,276,3,0
1260,71.56,84.02,4.46,80,12985,213,10,1
2030,77.59,95.99,3.3,80,5306,104,12,0
1976,111.2,83.22,4.46,63,14174,210,0,1
1981,65.67,84.16,5.63,63,5892,139,14,1
1586,73.52,85.75,6.58,85,11008,246,7,1
1876,86.72,96.29,2.88,83,4710,161,8,0
757,82.82,97.31,4.35,97,8607,24,5,0
642,97.67,117.67,5.29,64,13202,62,5,1
1557,81.69,93.09,1.25,54,10047,53,4,0
2366,80.11,97.86,2.58,73,3741,339,11,1
157,83.66,94.36,4.47,83,1534,266,13,0
546,79.5,108.52,4.34,92,9555,341,7,0
581,99.34,94.46,2.9,79,5528,325,6,0
1344,60.97,105.63,6.27,64,11321,229,10,1
1417,68.66,95.41,5.16,95,13907,340,10,0
3051,74.52,94.92,2.44,69,13247,59,8,0
411,101.37,90.7,4.27,93,2553,249,14,1
614,66.93,94.78,2.72,59,5069,357,12,1
295,77.27,105.6,4.83,77,9492,354,11,1
3152,81.05,76.43,3.96,70,5160,242,0,0
1921,109.25,103.98,4.92,51,4082,32,14,0
988,71.51,95.92,3.46,96,14064,131,10,0
3074,95.57,105.72,4.73,78,8126,293,2,1
1391,92.28,93.06,3.01,99,11067,16,7,0
838,62.51,98.65,3.7,98,12305,54,7,0
2647,91.82,83.19,6.11,68,12283,122,11,0
2795,82.6,88.42,4.4,89,12629,280,1,1
643,85.82,102.05,5.5,61,14587,313,3,1
280,72.25,102.71,4.82,58,9573,61,9,1
1664,70.93,101.68,5.78,62,5511,134,2,0
2549,90.84,87.74,3.68,59,11797,330,7,1
1055,79.22,101.65,2.58,60,6299,158,13,1
122,102.91,94.03,5.65,87,6612,251,5,0
2644,106.41,103.83,2.82,70,14756,125,0,1
1251,89.8,103.57,7.01,87,13872,263,14,1
2317,70.21,93.64,3.73,66,1753,224,11,0
316,109.62,91.77,3.21,82,7859,95,4,0
1443,109.01,98.3,3.92,75,13425,39,8,0
2496,74.47,80.63,3.01,57,7601,363,8,1
2912,91.8,81.2,1.67,83,2995,303,4,1
28,73.96,104.36,0.41,78,4746,100,9,0
2508,92.37,99.94,5.63,53,3297,246,7,0
1532,88.17,83.37,0.26,57,11470,232,14,1
2897,102.2,107.43,4.44,66,5458,119,9,1
1982,76.6,106.09,3.12,81,11613,338,0,1
2219,88.91,96.6,7.52,81,7816,104,1,1
2335,64.13,97.9,4.04,84,12782,262,1,1
2626,82.77,92.75,5.51,56,4905,287,12,1
284,81.15,96.72,1.57,94,7277,283,4,0
633,95.92,98.01,5.26,51,7861,56,4,0
1432,99.33,92.92,5.14,56,14205,109,1,0
1538,73.39,85.31,4.77,70,2733,42,13,0
2285,78.92,102.46,3.19,69,6859,147,14,0
1823,81.86,98.74,4.98,65,3418,39,8,0
1312,109.26,104.67,3.2,90,9148,116,5,0
444,72.84,97.22,1.38,80,1655,17,12,0
2752,98.22,94.12,6.16,100,7685,281,1,0
77,88.41,101.51,3.92,80,6311,279,13,0
2308,93.23,97.39,3.07,75,12999,64,12,1
3006,70.57,96.07,3.84,91,9330,325,12,0
1015,101.01,95.59,3.04,54,6462,216,11,0
577,95.61,97.89,3.82,74,7992,334,6,0
1562,98.91,107.65,5.2,88,2157,281,14,1
2925,64.82,97.47,1.69,91,8720,315,6,0
2387,81.86,93.36,5.15,88,13812,337,11,0
2667,73.47,93.37,2.53,66,3230,161,13,1
840,80.61,84.17,3.59,98,2601,297,14,0
2007,66.22,94.12,0.77,54,12943,287,13,1
342,100.98,98.52,2.8,57,6773,242,14,0
2677,86.55,94.92,2.74,100,2416,189,0,0
2265,100.34,96.23,4.29,62,13602,254,9,1
1335,83.46,93.03,3.74,88,6022,329,1,1
957,103.27,94.11,5.74,55,14805,78,9,1
418,87.27,94.3,2.19,78,12387,68,11,0
228,77.27,84.68,3.99,96,6632,87,5,0
3050,111.57,103.21,5.31,50,4244,74,13,0
1042,88.73,97.09,3.71,61,10679,65,1,1
351,74.34,75.71,2.15,93,3978,204,10,0
1962,77.91,93.15,2.84,55,7499,187,10,0
610,88.73,88.87,6.06,59,4907,289,11,1
1564,105.13,92.97,5.16,51,10345,333,8,1
1983,78.98,89.58,5.58,56,7446,57,3,0
1186,96.29,108.44,1.83,75,7608,212,3,0
1745,90.36,98.85,2.18,90,6369,141,7,0
1908,80.93,86.74,2.31,51,7026,201,1,1
618,74.95,106.08,4.66,80,2870,222,10,0
1095,83.82,109.13,3.53,73,2096,163,6,0
2137,87.59,100.36,6.58,78,14251,360,1,0
2374,94.33,76.23,1.84,100,12574,164,7,1
1135,68.78,101.02,1.47,92,1538,147,2,0
196,81.08,99.4,5.3,66,7466,235,3,0
1395,76.42,110.43,2.47,80,6929,179,10,0
2184,71.34,95.04,4.69,76,6848,129,8,0
602,65.56,93.28,3.28,96,9415,300,4,1
2433,91.83,106.56,2.65,99,2776,304,1,0
2446,91.75,95.88,4.35,78,2225,58,12,0
2852,89.02,87.99,3.03,87,7547,343,12,0
505,87.04,95.37,5.38,77,14288,180,12,0
498,76.09,106.26,5.07,66,14633,150,11,0
328,61.66,92.34,2.68,52,5771,245,2,1
1574,91.06,90.76,0.93,92,2640,189,11,0
1885,94.52,77.52,2.09,60,6711,109,0,1
2486,83.8,100.05,3.29,70,9500,82,9,1
2939,87.8,96.1,3.65,95,8432,83,5,0
2189,82.51,93.65,5.38,59,13607,23,2,0
1108,75.08,87.39,3.03,88,11478,107,13,0
2931,85.27,99.1,4.16,77,4878,147,3,0
1812,84.14,99.82,3.45,99,12867,99,6,0
167,102.8,92.91,3.99,83,1345,27,4,1
2124,94.83,96.49,3.02,78,4916,182,8,0
2830,70.09,105.38,2.85,77,7994,338,3,0
1924,70.41,89.43,4.47,90,13904,13,3,0
2800,85.93,90.42,4.65,95,8855,195,5,0
51,89.29,96.15,4.1,91,10410,130,12,1
411,90.7,95.85,3.72,97,4721,27,12,1
732,104.25,91.56,3.77,84,1492,270,2,1
1835,92.56,108.1,2.61,56,8964,30,11,0
1271,63.86,96.46,4.32,61,13221,180,10,0
749,88.81,101.15,5.44,52,2770,128,10,0
2821,79.15,87.8,1.53,62,7113,277,9,0
2964,91.58,95.4,1.64,96,4917,173,4,0
2947,77.08,108.84,4.04,57,7703,26,5,0
925,94.74,90.05,4.83,97,11345,232,3,0
525,94.64,91.62,4.3,54,1270,219,0,0
3120,82.23,99.81,6.28,89,12639,293,14,0
1605,88.49,89.19,5.62,84,11046,84,1,0
1408,70.82,84.41,3.8,90,11551,280,2,1
52,92.69,84.97,4.13,69,5686,201,8,1
699,77.03,88.75,3.7,76,1076,87,1,0
849,71.48,97.37,3.99,81,12329,260,1,0
2771,70.7,99.14,5.08,72,14959,1,12,0
529,84.08,92.37,3.23,89,12955,67,6,0
81,73.06,108.74,5.44,89,1130,141,9,0
739,68.61,89.33,2.49,100,12900,6,0,0
203,97.14,96.46,3.64,53,6267,328,3,1
2637,114.18,96.7,3.2,79,2778,259,3,0
1180,101.72,94.46,1.85,92,2224,203,0,0
1343,81.53,98.8,3.95,75,14079,289,9,1
2052,94.41,111.0,2.67,76,1075,213,3,0
204,96.68,90.68,3.8,81,10327,348,4,0
383,58.33,93.5,6.55,50,1520,173,7,0
930,99.18,91.84,3.63,68,4413,210,4,0
529,67.32,86.0,4.14,97,8400,31,6,0
2342,86.71,93.21,3.52,89,7793,257,7,0
687,78.87,90.6,4.41,82,6834,253,9,0
1192,96.6,96.88,4.46,74,1609,260,11,1
1083,73.99,104.97,2.48,82,5337,262,6,0
1567,50.56,111.47,4.87,98,1718,289,13,0
120,85.05,92.51,2.55,61,9576,49,0,0
745,70.93,111.02,7.26,92,4259,152,3,0
2489,80.82,103.27,4.11,71,12806,188,8,0
2263,70.59,91.98,5.74,90,1159,239,10,0
2232,90.23,96.98,2.01,99,9459,153,13,0
2727,83.82,100.42,4.37,85,13080,94,5,0
2874,79.74,92.88,2.8,98,12580,134,1,0
819,80.26,105.68,5.37,75,8700,60,1,0
2863,95.71,90.06,3.46,61,9347,66,5,0
3098,84.99,85.52,5.48,62,2975,308,12,1
2730,66.79,93.72,3.92,92,2964,107,0,0
2698,88.47,99.08,3.66,67,2975,20,11,0
2688,89.77,108.26,5.17,88,2450,65,13,0
2149,92.97,97.01,4.47,58,5582,170,12,1
451,95.57,84.37,4.16,56,11957,225,11,1
1398,73.2,99.64,3.28,92,6846,332,12,0
2136,71.4,89.37,6.25,79,14713,226,9,0
1684,89.79,107.38,5.12,53,5201,55,2,0
3050,92.94,86.64,2.88,83,13133,287,4,1
365,64.45,89.57,2.45,91,5786,113,4,0
3088,87.49,101.14,7.87,92,4641,17,5,0
2934,74.29,97.65,2.67,80,6880,64,10,0
1600,80.82,90.4,5.9,91,4141,23,8,0
482,91.0,78.89,4.12,64,13487,281,10,1
660,78.35,102.71,0.47,63,10895,257,12,1
3003,79.25,103.75,4.03,75,3835,339,13,1
2372,60.97,93.34,4.15,79,12396,73,7,1
2183,81.42,83.06,3.32,50,9009,198,4,1
521,67.33,91.27,5.56,65,10560,338,7,0
908,87.43,87.76,3.88,67,6860,285,10,1
1439,74.9,84.84,2.3,67,11945,134,9,0
809,80.06,92.0,3.06,52,7260,81,4,0
2728,70.14,110.1,3.14,88,12795,295,5,0
2377,88.14,92.86,2.59,83,3708,157,3,0
3015,66.73,99.19,1.92,62,4049,34,3,0
3114,98.33,87.93,5.67,73,13493,80,10,0
727,80.11,101.33,3.37,82,2252,308,4,1
3124,68.76,93.19,4.42,69,2633,261,1,0
1897,91.66,97.78,4.64,71,3701,360,12,0
1844,90.18,92.74,2.98,79,1107,320,9,0
489,80.76,90.66,3.89,85,5095,113,10,0
232,71.13,92.85,4.75,87,12825,181,7,0
468,67.86,94.41,6.6,80,13483,184,12,1
265,88.84,100.44,3.07,93,8657,268,12,1
907,65.31,91.73,5.85,65,10736,182,1,0
41,73.54,103.33,3.71,76,4803,38,3,0
495,84.81,78.39,2.62,73,1196,70,11,1
2120,90.0,97.52,4.32,52,4763,210,12,1
1240,76.45,93.48,2.03,59,8625,229,3,0
2561,94.93,93.65,0.61,60,2548,23,9,1
2388,75.05,75.66,3.14,94,12934,50,12,1
1139,86.89,91.39,3.13,84,7811,83,2,1
371,87.07,104.2,3.74,78,2479,229,2,0
1445,105.82,109.45,2.83,71,13639,38,6,0
541,77.59,91.23,2.25,88,7616,346,14,1
96,78.74,82.91,3.66,65,8624,222,8,0
999,76.56,82.1,5.07,96,3750,221,6,0
737,77.48,88.6,4.91,65,4500,101,6,0
1387,76.4,96.71,6.28,72,5660,290,5,0
2517,84.69,104.1,0.93,61,10314,236,8,0
350,61.39,97.22,4.66,97,6659,328,7,0
483,98.8,75.73,4.18,85,12293,139,8,0
2703,101.61,82.74,5.58,95,11889,47,1,0
866,75.65,104.21,2.21,57,14441,327,12,1
1710,95.66,99.62,3.93,59,1182,175,1,0
2346,85.48,100.71,4.41,90,10460,201,12,0
164,75.35,97.04,4.05,94,2801,111,9,1
2172,94.46,91.34,0.02,50,14636,48,3,0
2092,84.27,99.25,2.85,73,3448,219,7,0
2632,75.13,89.38,3.47,99,5382,13,12,1
2384,92.08,83.35,6.09,65,7501,109,10,1
918,78.6,92.93,3.51,91,12926,21,6,0
2788,76.85,98.31,1.16,53,13400,25,6,0
1477,99.05,91.59,7.07,90,2273,48,2,0
3169,81.77,96.18,3.33,55,11377,242,11,1
1180,65.51,84.15,2.65,93,1124,275,5,0
1479,82.19,78.76,2.35,100,2053,311,10,0
2527,97.36,102.4,3.64,52,8129,358,3,1
590,74.07,97.61,3.94,51,11000,203,10,0
2234,56.36,87.65,3.32,95,8025,130,6,0
2436,100.27,103.24,7.16,92,12354,155,8,1
1926,85.38,102.77,3.5,83,2329,280,3,1
2806,95.92,99.37,4.67,51,1634,144,12,0
54,64.45,98.98,3.2,96,14676,266,12,1
2392,98.97,94.41,7.22,86,14588,257,2,0
2255,101.42,102.8,2.61,71,13406,57,5,0
760,73.76,99.05,1.0,64,8345,335,4,0
181,89.53,81.72,2.96,63,13937,147,10,1
1643,72.71,94.37,8.09,92,9666,193,11,1
1698,105.97,83.76,6.05,91,13291,320,6,1
281,69.01,86.97,2.25,94,10330,95,9,0
135,84.89,106.74,2.81,64,13424,67,3,0
1563,82.43,91.86,2.54,71,6624,361,9,1
1885,76.25,98.14,3.65,81,10653,361,8,1
2571,94.92,87.37,4.55,58,7521,305,3,0
2329,83.79,98.39,2.89,68,5080,81,3,0
797,78.85,88.2,2.84,63,2307,308,10,0
1733,51.32,105.71,6.27,50,2014,234,3,0
1380,93.61,106.97,5.33,82,13602,106,3,0
1512,101.29,103.87,5.12,66,3215,186,3,0
2493,77.03,102.97,3.26,85,12333,354,0,0
2432,95.46,92.82,5.7,81,11501,134,7,0
1503,91.79,91.68,4.27,81,9361,60,7,0
2805,90.64,94.22,4.94,81,10484,273,1,1
1173,71.49,101.9,3.22,61,9774,88,4,0
1005,93.19,107.73,4.27,61,1884,251,7,1
60,96.97,98.05,4.39,80,12092,147,6,0
1168,65.17,98.59,2.79,92,8607,301,11,1
387,98.57,93.79,3.4,75,12839,145,1,1
2756,70.96,77.83,3.85,51,13531,200,5,1
3112,90.04,82.6,3.13,81,2453,342,10,0
1226,93.11,98.86,4.96,74,7149,255,11,0
2229,91.62,104.56,5.0,58,9847,183,2,0
2178,71.67,95.13,5.66,62,7109,87,11,1
2309,66.69,97.59,6.21,99,11839,352,7,1
2841,74.63,86.24,4.53,61,14047,100,11,0
1538,96.37,88.19,3.53,66,11653,270,4,1
200,77.25,105.51,-1.1,55,2132,127,0,0
1961,85.37,92.08,4.1,62,6301,128,8,0
2476,77.54,97.32,3.05,50,5365,226,13,0
1910,87.42,97.73,3.91,88,8254,306,5,1
252,86.3,99.23,4.4,84,8254,15,7,1
2651,84.58,88.76,4.04,83,10536,355,9,1
2585,68.5,81.64,3.46,95,10562,335,11,1
2097,80.87,84.0,5.31,67,8926,226,0,0
1835,81.6,88.27,3.9,53,5601,229,6,0
1473,89.39,92.06,5.18,92,11622,61,7,1
2784,48.06,107.4,4.28,75,3364,122,8,0
563,96.92,85.14,4.34,95,13736,327,7,0
890,80.33,100.68,4.01,87,9347,293,12,1
2563,82.65,86.26,0.21,86,5301,361,1,0
3105,108.23,85.3,6.6,82,14733,213,6,0
205,70.22,117.86,4.47,86,7410,154,9,0
88,69.71,107.83,4.41,67,13185,305,6,0
2658,91.02,85.46,3.14,64,9531,38,1,0
872,92.01,93.19,1.27,98,13369,163,2,0
2658,71.44,92.24,4.88,74,14126,10,3,0
2544,88.44,93.14,7.81,79,7091,169,14,1
2904,81.41,87.5,2.73,76,9873,8,1,0
1619,54.67,85.99,4.84,86,4942,347,0,0
2933,102.1,81.09,5.25,63,8563,196,7,1
1580,104.87,102.6,4.34,50,5148,167,5,1
1311,78.5,94.7,3.35,76,3571,191,14,1
343,85.19,99.21,5.69,60,1220,333,10,0
2965,69.9,120.63,2.53,64,6363,18,12,0
1136,77.36,85.63,4.37,55,5795,230,11,0
2824,74.85,99.48,2.01,57,9321,93,9,0
22,72.31,109.26,3.92,76,3834,51,2,0
1868,87.81,89.32,4.02,56,14763,113,4,0
460,79.82,89.83,2.14,89,7697,2,1,0
1986,79.73,97.58,5.4,96,14525,301,0,0
2682,65.44,102.3,7.08,68,3077,131,4,1
2167,105.21,109.63,1.03,84,6953,46,4,0
1113,105.0,88.53,4.83,54,13340,195,10,1
1116,94.45,99.81,3.34,97,12971,129,14,0
1602,70.36,110.38,2.64,71,8539,74,8,0
456,80.48,81.82,4.89,79,12979,231,2,0
1301,109.93,106.74,5.17,56,8928,58,0,1
2720,90.61,89.94,6.42,56,9083,221,7,0
2565,72.76,96.07,5.65,62,2508,101,10,0
561,58.77,103.34,1.11,65,8363,252,3,0
309,62.08,80.26,3.83,75,11376,249,11,0
1201,84.16,92.92,5.26,75,4114,14,12,0
1120,72.52,95.79,1.89,91,14076,203,1,0
255,75.85,93.8,3.68,72,11003,350,8,0
3053,73.01,84.89,3.59,58,5782,276,8,0
704,61.27,99.6,4.62,83,4478,56,6,0
138,79.92,84.21,4.23,76,7758,219,6,0
2815,78.61,84.62,3.0,93,3111,198,4,0
641,101.3,108.18,3.97,62,6989,90,13,0
2357,114.17,91.5,4.21,97,13764,251,14,0
1416,94.68,92.98,3.54,64,14889,14,13,0
874,89.28,90.36,5.73,72,3804,239,10,0
3093,85.55,99.06,4.47,80,10653,163,13,0
1726,100.87,94.66,3.06,69,9850,224,1,0
2515,97.73,103.9,1.01,82,7993,87,10,0
682,93.79,78.39,1.42,79,5330,350,13,0
3057,96.36,99.07,5.62,95,4602,30,7,0
622,97.75,93.24,4.37,62,3985,334,3,0
3140,62.42,85.63,3.86,51,14659,197,8,1
2963,70.94,93.8,3.02,71,7320,109,13,0
551,97.98,92.96,5.49,51,9239,245,13,1
248,88.25,94.61,5.27,59,6356,280,1,1
1753,70.17,104.61,6.5,82,5823,257,2,0
1893,89.02,107.87,3.62,88,8965,363,12,1
115,85.72,91.33,3.43,89,12464,85,14,0
89,92.07,85.08,5.03,76,10530,215,3,0
969,95.89,105.38,4.28,71,1138,75,6,0
2104,85.6,94.8,3.98,83,4249,47,7,0
584,79.41,92.48,3.21,52,14818,25,1,0
691,67.12,103.68,5.1,56,14653,318,12,0
2778,82.75,101.95,1.14,66,8056,255,8,1
492,85.29,108.88,6.17,54,13732,23,12,1
2972,73.51,98.56,5.51,92,1269,32,3,0
2721,91.27,108.57,5.95,75,13909,139,2,0
2588,93.13,103.44,3.26,81,14119,344,8,0
675,60.93,90.51,5.27,64,10409,114,1,0
1410,89.97,88.56,6.34,61,13992,32,14,1
485,65.28,100.37,4.6,52,7346,280,6,0
389,90.8,88.95,2.39,61,9043,54,13,0
165,88.44,105.44,4.79,97,9459,147,0,1
2930,101.02,94.29,5.6,70,8411,103,2,0
2993,106.15,98.89,3.61,100,5532,226,11,0
47,83.21,85.85,3.72,81,9954,114,4,0
86,71.77,101.38,3.79,76,2784,225,13,0
3119,72.08,97.32,5.28,97,3502,354,6,1
188,90.13,98.21,3.24,87,2470,169,1,0
773,84.05,84.66,2.97,62,6549,97,9,1
186,95.26,107.38,4.3,71,5686,260,8,1
2261,72.93,91.95,3.5,75,5610,353,0,0
2936,88.59,90.7,4.16,55,1957,121,7,0
1209,122.51,82.1,4.09,67,14256,70,1,0
2281,69.19,93.98,4.55,83,14454,321,3,1
3070,97.57,107.21,3.3,68,13599,88,2,0
1575,72.45,79.98,5.31,62,2354,75,8,0
73,67.28,88.57,3.11,95,1204,195,11,0
179,60.77,88.91,2.7,56,1302,313,2,0
2916,70.7,90.02,3.17,95,12544,259,13,1
3098,89.37,100.12,4.9,90,5306,208,11,1
1655,73.17,104.68,6.88,91,13088,210,14,0
3147,99.69,92.13,4.21,87,7447,205,11,0
1788,80.78,86.38,4.6,80,8427,358,3,0
1271,81.99,96.21,7.56,100,7331,187,4,0
857,73.25,87.84,4.11,93,14495,84,5,0
692,92.4,96.43,5.48,76,10702,173,14,0
1316,103.41,88.94,2.02,63,6900,288,9,1
522,74.9,101.4,4.04,68,14071,62,12,1
507,100.18,104.15,4.95,87,11234,286,14,1
3130,70.86,100.0,3.71,100,3044,294,0,1
2169,88.75,99.97,3.13,91,1095,319,10,0
2770,99.91,84.45,2.3,82,3544,231,14,0
2275,81.39,92.71,4.66,73,14648,55,13,0
2188,105.01,91.18,4.85,66,4604,244,2,0
462,83.77,80.72,2.05,53,8752,38,14,0
965,83.98,90.93,2.7,89,9198,147,4,0
1064,74.92,93.78,2.35,92,11065,54,12,0
1518,86.53,93.13,3.37,73,1409,310,5,0
2622,88.23,94.66,3.28,96,4789,334,13,0
2539,82.39,94.33,4.64,81,6871,319,3,0
2096,92.59,100.63,3.63,72,9707,282,4,0
2373,81.85,101.11,4.26,78,9372,158,5,0
1338,69.26,102.12,2.83,85,14397,303,6,1
786,81.55,97.49,4.82,53,3798,81,2,0
902,101.86,100.76,4.21,99,2793,108,4,0
1740,78.84,86.75,5.07,99,9744,119,8,0
1091,79.39,94.06,4.72,70,2391,172,1,0
1956,89.18,87.58,5.47,75,13806,44,7,0
437,81.25,105.82,6.37,66,7899,245,4,0
423,92.76,85.24,4.64,74,8772,321,8,0
2302,92.7,98.0,5.35,90,12537,242,6,0
1,78.58,89.71,5.71,67,7938,174,9,0
373,85.78,85.64,4.51,98,2663,289,11,0
2538,59.31,88.11,3.04,74,2169,285,13,1
1990,82.41,109.21,1.09,85,13176,357,3,0
1892,74.76,92.77,4.18,52,4003,279,3,0
275,82.9,99.33,2.09,56,11800,317,7,1
2464,95.12,85.63,5.01,81,11207,255,14,1
352,104.65,88.16,5.41,54,3838,183,4,0
579,86.08,98.12,5.11,53,12779,165,6,0
1718,70.93,96.87,0.92,59,5842,248,10,1
1685,65.64,106.88,0.46,92,12525,235,4,0
763,90.15,80.08,3.91,63,14717,48,13,1
2540,78.57,85.72,1.43,75,4956,109,4,0
257,111.94,86.33,1.23,97,1317,345,4,1
442,93.46,87.85,5.1,87,10744,364,13,1
2477,84.59,96.89,3.06,52,1677,245,11,1
659,104.33,103.63,2.74,76,9754,363,13,0
1523,80.04,92.97,5.54,62,3843,144,0,0
1286,92.77,99.96,2.67,74,9614,36,10,0
2625,72.28,109.07,4.13,82,11913,250,9,0
2551,74.21,84.86,4.49,71,14581,129,7,0
2288,83.87,88.27,2.2,55,5530,236,13,1
1320,89.65,87.42,2.34,59,9574,273,5,0
22,85.22,85.03,2.11,81,13271,43,10,0
340,80.56,106.54,2.91,64,5354,137,12,1
270,86.31,92.95,2.15,88,7790,173,13,0
687,82.2,85.9,5.07,69,12433,324,13,1
2789,88.4,84.38,2.41,80,3191,291,5,0
1073,76.36,90.12,4.51,88,7649,217,9,0
1968,71.05,94.94,4.91,83,9657,31,11,0
2523,73.94,121.95,3.71,70,14311,241,2,0
1663,77.68,92.35,4.05,92,4918,362,9,0
1256,96.03,96.29,5.14,96,7864,205,12,0
1793,79.56,104.16,5.71,62,4244,136,1,0
185,79.29,83.19,2.51,92,9932,139,0,1
2510,89.91,78.13,4.88,55,7527,124,0,1
1196,105.05,111.17,0.96,100,5750,261,4,0
1311,95.89,87.63,4.67,61,9515,279,9,0
3093,85.3,99.49,2.2,79,2382,173,3,0
2776,71.48,99.21,3.93,75,1321,313,14,0
468,73.93,96.68,3.9,52,3067,161,11,0
2067,68.31,110.32,6.5,97,9728,251,0,0
2860,79.55,103.2,1.69,86,10550,282,9,0
1259,82.82,105.22,4.36,89,1506,32,9,0
1983,91.25,98.06,5.13,88,6990,131,2,0
2801,82.67,92.85,4.15,75,8839,255,10,0
64,82.87,99.32,1.48,70,10069,77,0,0
921,123.63,99.91,4.8,66,5899,190,9,1
143,85.0,87.35,1.9,65,9544,214,14,0
2104,76.62,83.28,3.9,93,9254,106,14,0
2902,84.48,83.72,6.53,51,13755,343,2,1
2037,100.92,99.42,5.24,77,8182,82,6,0
1805,75.27,83.3,4.98,74,14250,41,6,1
1612,91.27,98.53,2.9,59,5788,168,1,0
2802,93.25,105.27,7.96,60,2865,285,11,1
1467,76.83,96.11,3.46,86,11069,333,6,0
2568,109.58,92.62,4.51,100,13030,242,11,1
1543,65.87,99.99,6.18,93,1939,261,7,0
1409,84.03,93.91,4.31,99,2393,88,1,0
696,95.72,95.42,3.72,69,5972,37,10,0
1916,71.95,93.75,1.54,70,4431,344,14,1
2724,77.99,110.0,2.78,72,6829,26,0,0
1159,81.09,87.47,3.86,63,3867,357,4,1
461,77.22,101.32,4.55,63,6306,133,14,1
581,85.14,71.23,3.9,79,2720,312,8,1
845,89.11,89.78,3.47,90,4259,306,14,0
2745,92.78,102.53,3.92,96,14857,271,9,1
2996,85.19,82.14,3.9,90,4772,158,0,0
471,61.53,97.18,3.15,98,4807,260,14,1
2160,53.01,97.46,5.46,90,11907,171,5,0
399,77.09,112.74,5.05,56,12367,195,1,1
1806,87.94,100.95,3.76,97,8039,111,1,0
3177,67.64,102.95,4.48,96,4550,14,11,0
519,88.43,92.99,1.33,81,2168,98,9,0
936,94.05,98.13,4.64,77,11172,108,5,0
871,87.46,95.98,5.16,73,4514,173,11,0
1695,98.19,93.21,1.09,79,14276,338,8,1
1444,67.43,91.73,2.04,98,4755,300,1,0
1429,84.43,101.18,5.61,56,8356,291,4,0
1929,121.35,96.65,2.54,84,3657,229,9,0
829,88.35,96.66,2.8,53,2889,84,2,1
452,74.6,97.77,2.33,51,14273,278,0,0
1136,90.2,101.55,2.07,69,7678,310,8,1
2921,98.28,107.13,2.64,74,9152,28,2,0
1785,78.52,79.07,5.72,81,6882,97,14,0
2782,87.92,103.24,1.78,55,1613,350,7,0
2266,98.9,91.67,2.94,61,1607,27,9,1
1723,87.43,91.22,4.01,78,2758,280,14,0
282,76.33,94.95,3.05,76,1848,169,8,0
907,102.37,89.56,2.9,60,14885,260,10,1
2331,93.43,97.13,0.89,74,11128,191,1,0
2523,81.22,98.56,4.09,59,6825,218,8,0
1734,86.94,104.68,3.58,98,7234,23,14,0
2688,82.17,87.83,1.13,91,14002,333,11,1
2166,80.0,93.06,3.35,80,1470,317,5,0
2811,94.99,87.56,2.02,61,3601,128,8,0
1405,89.07,93.03,3.82,54,3599,312,4,0
2657,92.69,107.03,5.6,61,12616,40,7,1
2661,79.9,106.23,3.37,67,3318,112,14,0
2044,87.79,107.32,5.66,70,4504,12,8,1
2878,77.94,86.99,6.32,56,10966,296,3,1
2169,76.62,106.0,2.14,58,9013,155,6,1
903,83.59,100.03,5.26,94,9742,345,1,0
1279,111.95,113.9,5.46,75,6587,361,8,0
912,70.05,100.89,5.86,76,13113,202,3,0
2422,76.45,93.03,4.2,53,9347,19,5,0
331,90.51,91.1,5.78,70,4588,318,8,1
2345,90.13,105.97,4.12,75,3501,31,11,0
3174,83.99,89.32,5.42,85,10707,83,7,0
1936,101.61,101.5,5.87,72,2097,218,12,1
108,79.12,86.89,3.95,74,4424,50,4,0
2560,76.11,92.92,4.18,55,8890,138,12,0
700,82.12,104.06,2.17,53,6575,283,6,1
3100,86.41,93.22,4.99,62,7346,295,1,0
49,74.73,85.74,2.35,55,2932,145,5,0
2235,69.24,102.52,7.3,83,4804,200,9,1
1486,88.77,112.97,2.87,67,4525,270,3,1
693,98.2,81.69,-0.75,93,4971,328,11,0
1631,115.54,91.21,5.01,52,9965,102,12,1
1999,85.66,79.72,2.17,82,4474,295,5,0
410,92.26,88.86,5.04,86,7336,38,0,0
1578,79.66,95.64,0.89,96,9267,23,7,0
3080,80.89,97.88,6.25,85,8136,102,12,1
435,74.46,92.81,0.26,68,3324,75,5,0
540,73.6,90.32,1.58,66,3058,95,8,0
67,85.93,89.04,3.87,100,5652,70,2,0
1753,89.92,96.55,1.77,74,5931,47,6,0
1333,97.58,91.29,3.29,97,12567,229,8,0
748,85.42,100.51,1.12,79,1341,151,11,0
846,93.07,103.58,4.07,78,14956,214,10,0
735,69.09,100.61,3.95,77,6931,245,2,0
97,91.57,76.55,2.17,92,6226,141,8,0
2440,105.51,95.51,2.9,92,6992,337,3,0
2064,106.25,85.21,4.42,66,8306,58,5,0
1113,78.21,96.54,3.15,85,8824,278,7,0
1056,86.04,103.83,4.92,99,8998,306,9,0
2198,88.07,92.08,4.65,71,9851,214,11,1
784,89.3,94.39,1.34,69,6219,76,14,1
218,57.42,95.03,5.6,94,1948,247,3,0
1660,88.46,84.57,3.36,60,11715,131,13,1
1060,85.07,94.41,3.72,99,14966,132,3,0
2992,77.59,90.56,5.05,95,14636,81,6,0
624,101.12,97.11,3.54,57,12514,44,13,1
1786,92.54,94.76,3.08,86,8395,195,3,0
1602,78.53,106.92,7.06,64,14907,196,12,0
85,77.9,89.42,4.57,74,2292,120,0,0
1533,85.43,102.49,3.81,90,6141,76,0,0
2752,90.78,82.17,2.24,99,8371,23,0,0
2530,85.44,94.26,5.04,96,4485,253,6,0
1687,71.14,82.46,5.37,99,14698,76,0,1
2137,93.76,97.34,6.66,58,4689,143,11,1
1515,111.33,99.21,4.63,68,11711,57,12,1
1737,75.16,97.99,5.61,69,4776,354,6,0
2502,87.91,103.49,4.53,83,1151,292,2,0
223,87.2,97.8,3.4,58,6146,18,14,0
2507,83.11,89.79,3.3,76,12158,198,14,0
1666,81.02,105.23,4.62,80,14564,219,6,0
2053,90.89,91.44,5.44,86,2674,203,2,0
2384,87.76,100.78,2.2,58,10551,362,1,1
2465,85.13,101.15,4.16,58,9967,220,2,1
2771,64.55,89.89,4.24,92,7175,317,12,1
1340,102.18,108.3,3.54,75,4823,296,1,1
379,83.1,106.44,5.52,53,4421,242,11,0
3128,90.75,89.39,3.26,58,6152,18,13,0
1859,87.39,96.15,4.43,86,1836,252,0,0
1111,97.3,93.99,3.84,75,9987,321,7,0
1037,96.27,95.03,2.31,73,11174,246,14,0
435,84.55,84.48,7.0,74,4316,230,9,1
281,89.19,100.2,2.08,52,3818,320,10,1
2193,78.94,100.26,4.36,58,11181,20,3,1
1394,85.75,99.83,5.44,61,1467,142,11,0
674,103.84,95.44,1.4,73,1257,102,8,0
921,76.96,100.79,2.8,67,11328,165,12,1
556,86.8,78.9,3.63,62,4219,323,5,1
2449,96.2,82.77,1.79,59,10520,45,14,0
1837,75.33,98.07,1.82,88,1065,178,14,1
140,72.67,90.87,3.96,50,12198,73,13,0
1638,94.13,83.58,4.65,79,6329,273,8,0
2220,73.94,96.02,4.63,84,14881,134,13,1
3067,90.05,102.88,3.52,96,5974,113,6,0
2958,83.53,97.13,4.37,93,9650,165,8,1
514,82.43,81.9,3.83,85,3995,297,4,0
1205,85.28,74.33,4.03,80,7548,94,12,1
1701,87.97,101.49,3.41,83,5269,240,0,0
248,57.38,96.08,6.11,56,12742,206,10,1
876,99.83,104.36,4.15,70,4031,209,14,0
721,73.95,113.23,2.89,61,5203,136,0,1
1917,76.58,99.6,4.31,65,9242,291,3,0
555,83.26,102.36,5.63,85,6676,112,12,0
1076,90.98,106.02,5.26,89,14617,31,1,0
2414,55.33,105.01,4.62,76,4657,272,3,1
2312,75.27,107.32,3.9,65,12374,339,9,1
754,86.22,91.44,2.6,98,7133,142,2,0
1140,89.43,98.88,1.95,51,11824,19,10,0
937,87.52,74.36,3.07,86,2447,200,5,0
1702,58.31,88.17,4.71,54,4401,52,14,1
2315,78.54,107.39,2.08,69,14313,252,6,1
118,60.52,82.24,3.34,57,5402,71,4,0
2631,79.39,87.31,3.41,51,11794,211,0,1
1052,85.84,93.24,2.77,77,10847,132,11,0
1417,103.7,106.42,3.53,56,11631,18,9,0
268,85.92,91.47,3.11,85,5558,146,0,0
131,93.44,83.48,3.19,69,12196,87,6,0
827,93.95,75.28,2.73,91,1840,285,4,1
2874,68.74,101.07,5.51,92,2103,156,3,0
4,108.66,93.03,3.21,69,12916,233,14,0
1493,74.42,99.27,4.21,53,3001,310,7,0
1191,79.58,83.74,7.57,74,9707,60,6,0
2214,74.88,115.33,6.54,56,10620,294,13,1
775,81.45,91.16,4.86,54,1781,271,14,0
2713,93.52,105.42,3.33,74,4952,229,13,0
2536,93.73,94.84,4.43,92,5529,242,7,0
1348,99.44,87.45,1.8,52,11139,337,14,0
2206,88.02,88.64,4.25,71,5305,341,10,0
1650,91.54,91.59,4.97,77,12755,84,9,0
1680,102.2,95.19,4.51,59,8023,328,4,1
3122,76.53,92.04,2.04,52,6536,83,14,0
1720,91.82,87.46,5.95,61,12901,98,1,1
1206,77.12,76.61,1.03,81,12982,307,6,1
691,59.74,94.77,3.3,87,12101,142,4,0
892,60.06,90.53,1.3,85,4252,308,11,0
880,89.96,102.97,2.62,85,2192,290,8,0
2176,83.42,100.1,4.73,53,6546,346,12,0
2038,78.94,90.68,3.49,81,5738,44,5,0
2616,83.68,95.58,4.23,63,10682,333,4,0
904,90.77,78.99,4.47,69,14709,167,14,1
822,86.72,87.47,4.54,67,2088,155,5,0
3071,97.8,87.5,5.23,79,6547,210,4,0
1235,68.89,113.51,3.69,79,1768,217,14,1
2805,80.92,104.61,4.76,69,7220,31,2,0
1460,83.92,89.49,5.58,64,10527,77,0,0
1101,100.95,90.68,5.05,53,13722,305,8,1
2782,82.43,88.9,4.16,52,9244,54,7,1
2786,51.66,102.82,1.98,97,4834,227,5,0
239,81.49,88.41,4.74,90,10381,22,0,1
2429,77.76,94.73,1.69,92,14366,203,5,0
1714,85.39,111.76,4.03,61,6460,104,9,0
2397,56.11,99.56,5.14,60,7373,284,0,1
2253,80.96,82.89,6.18,81,1614,204,9,1
701,76.46,83.97,7.37,76,12458,123,1,0
3011,101.43,107.45,4.68,59,9084,291,1,1
3060,94.68,98.02,6.09,80,11865,116,13,1
2426,72.31,113.1,2.28,83,3299,305,13,0
2374,83.44,74.97,7.07,83,12272,263,8,1
1130,93.25,100.39,4.09,88,4326,143,0,0
1534,87.63,98.27,5.56,64,1389,248,12,0
2342,70.57,84.11,3.01,73,8863,301,11,0
2209,68.79,91.18,2.73,94,4759,40,14,0
246,85.24,88.11,2.8,70,6049,272,14,0
1491,75.59,96.67,2.68,82,2997,175,11,0
540,80.41,92.89,3.81,84,4186,349,0,0
1872,85.96,84.93,4.65,94,1648,245,7,0
258,80.15,87.88,1.99,83,14672,211,2,0
1696,96.45,90.57,5.74,96,7502,193,7,1
3116,96.26,96.95,5.58,72,1192,315,10,0
756,94.32,91.51,3.52,65,8488,120,14,0
2186,64.16,98.65,3.69,79,8747,174,11,1
936,98.34,99.27,3.58,87,10318,346,6,0
2147,85.56,87.77,0.41,85,9698,245,7,0
617,107.3,81.49,4.49,63,2512,43,6,0
2000,86.95,98.98,3.95,74,5504,183,12,1
747,81.41,104.02,2.76,87,7660,310,0,0
888,68.11,105.65,4.68,57,4397,209,10,0
2859,92.69,95.97,5.55,74,5492,227,9,0
2282,76.6,97.46,1.91,58,1448,19,8,0
1536,111.12,100.08,3.92,97,6007,33,2,0
1438,96.52,84.43,2.24,50,8470,23,0,0
548,81.97,94.0,2.65,98,1030,10,6,0
1770,66.22,99.8,5.02,92,14284,91,10,0
1709,82.22,81.56,1.74,54,11510,190,5,1
1964,95.33,110.14,4.07,77,10716,338,14,0
1863,81.65,88.76,1.6,96,2645,256,6,0
2005,92.2,102.05,2.53,86,14492,25,12,1
722,74.35,96.2,5.83,63,8558,323,1,0
811,69.21,109.55,4.28,86,10097,359,0,1
3017,76.47,113.38,3.26,77,1326,51,3,0
2818,78.51,93.84,3.14,55,10648,289,6,1
2493,88.74,80.28,3.14,63,11063,165,8,0
2949,86.76,93.64,2.03,70,9095,324,6,1
2701,76.44,84.99,3.97,58,10025,59,13,1
864,79.09,97.61,2.72,95,13456,238,2,0
837,76.04,98.53,3.86,76,5994,203,8,1
1020,81.48,97.27,6.58,85,4848,90,3,0
65,93.97,105.42,2.34,85,11381,72,1,1
1606,96.87,98.39,6.82,67,9344,186,11,0
259,75.14,96.89,3.78,68,14605,97,4,0
582,87.45,104.12,5.46,61,10304,130,8,0
335,85.03,99.03,4.65,79,9497,93,14,0
285,101.62,89.99,3.6,80,7319,321,11,0
2437,108.26,91.56,2.63,86,2487,183,11,1
2812,78.38,88.26,4.83,89,4536,239,7,0
1697,86.77,91.57,4.48,60,1534,189,5,1
2911,79.47,92.74,3.59,76,14792,144,8,0
681,80.45,94.03,2.66,83,5018,221,0,0
2957,88.06,93.27,5.57,66,5458,156,11,0
2418,47.27,96.03,6.2,73,10660,43,6,0
2771,81.87,99.45,2.37,79,3804,152,2,0
420,89.76,94.01,8.01,100,2758,55,0,0
2558,121.14,86.84,2.13,62,12852,320,13,1
1364,74.19,94.05,4.12,82,9188,177,1,0
1520,83.7,89.43,2.0,58,2139,132,3,1
2989,96.19,95.69,5.56,86,1783,208,4,0
507,76.42,91.95,4.02,95,13559,183,8,1
1953,85.04,91.84,2.15,60,11209,169,10,1
1095,75.46,95.19,2.51,50,4844,207,0,0
1282,98.33,108.04,5.14,67,14525,60,8,1
2981,86.91,81.45,5.26,87,3233,305,6,1
191,83.53,84.91,3.94,63,4706,77,3,0
2073,102.11,84.9,4.89,82,5586,57,1,0
769,74.59,93.58,6.48,75,11000,94,12,0
804,99.08,93.49,3.73,97,3475,351,0,0
1998,94.54,93.59,2.29,66,10504,170,6,0
2809,109.78,87.08,5.44,70,6879,272,5,0
1810,92.92,94.55,3.45,72,6372,136,3,0
448,53.85,101.02,3.67,94,3503,324,10,0
2259,74.66,101.53,1.92,77,2373,233,12,0
3006,84.76,90.49,4.01,66,6895,59,4,0
1811,95.93,89.43,3.91,90,11714,304,1,0
919,85.4,90.32,5.96,82,3336,134,5,0
3021,78.97,98.0,3.23,66,1179,340,5,0
618,81.89,98.81,2.17,92,9435,360,6,0
1746,99.25,97.45,6.08,72,8378,147,12,0
2290,64.12,101.98,5.15,76,3737,194,0,0
2855,102.32,83.38,2.65,62,12772,223,12,0
142,77.35,83.51,2.63,91,11609,314,7,0
565,75.74,98.94,5.08,66,9383,289,2,1
3155,78.33,100.47,4.4,95,2583,63,9,0
2894,76.93,102.75,2.31,84,7682,98,13,0
1715,89.05,88.34,1.12,87,3754,313,5,0
1660,80.85,79.64,3.82,52,14474,111,8,1
2793,68.77,97.27,4.24,70,7305,231,3,0
2797,70.91,96.15,4.6,63,11098,25,4,0
1401,90.78,110.27,0.04,63,5029,13,9,0
1775,75.48,90.95,2.17,92,5596,136,2,0
1639,70.92,87.68,5.9,61,11103,30,12,0
3144,62.61,98.27,3.63,87,7404,334,3,0
1793,98.29,95.23,7.13,97,14121,288,13,1
996,62.76,98.44,3.63,57,1685,31,0,0
1783,65.68,84.3,-0.09,63,6772,99,2,1
2958,79.3,98.01,6.7,89,9369,105,13,1
2562,84.47,104.02,3.27,78,7373,271,11,0
2943,92.61,93.09,4.95,73,13024,246,14,1
714,82.51,86.34,4.61,74,7568,89,1,0
1963,86.25,83.92,4.23,97,14529,20,9,1
1245,85.3,81.18,2.1,86,11219,20,9,0
2947,76.0,93.5,2.52,72,9147,256,13,1
1749,79.66,80.45,3.02,57,9113,213,0,1
1327,78.55,102.55,5.43,52,14518,174,13,0
2411,75.71,99.64,3.39,62,9522,43,7,0
336,73.12,103.93,6.14,78,14533,178,0,1
1206,93.03,84.84,2.66,98,11938,169,6,1
688,95.82,99.17,2.98,76,13645,344,8,1
2292,93.15,93.99,4.34,72,8669,217,13,0
3168,81.39,95.91,7.48,59,13643,265,6,1
588,71.97,92.8,3.1,54,5144,330,4,0
390,78.48,97.44,5.29,96,14332,142,11,0
1573,77.29,107.06,2.3,87,2537,284,9,0
2328,78.0,107.15,1.83,68,12523,343,6,0
1728,94.12,94.29,3.05,66,5373,300,11,0
548,101.88,94.48,4.12,75,11114,345,6,0
2873,64.66,98.39,2.43,71,1945,180,7,0
2577,80.42,89.52,3.69,79,11494,298,8,0
2945,95.04,99.5,2.7,98,13588,246,10,1
1595,98.05,109.18,5.12,56,1046,295,3,1
3009,82.43,98.62,4.8,62,10206,20,0,0
49,73.12,85.32,4.3,59,4294,206,10,0
2543,94.93,97.28,3.57,88,8560,349,0,0
542,91.9,97.06,2.72,67,13441,80,0,0
514,85.13,103.78,6.18,93,12758,122,7,0
3119,68.35,85.01,4.76,61,6571,339,4,0
1646,99.14,86.5,3.54,80,9399,256,12,1
3129,66.21,97.74,1.54,95,5793,360,8,0
193,76.35,100.57,3.17,74,5488,46,13,0
2108,98.21,101.26,7.8,66,7013,78,0,1
438,99.63,85.65,2.38,100,10572,34,5,0
1948,71.72,98.8,5.0,75,13766,100,2,0
1022,94.73,78.61,5.67,78,14524,79,9,0
2617,99.15,104.29,4.37,55,10292,297,4,1
446,81.9,73.52,5.04,82,4421,343,4,1
1834,89.63,112.67,4.16,100,5087,278,14,0
1909,74.22,97.76,1.57,93,14433,31,10,0
2255,72.8,89.59,3.23,74,4660,80,11,0
226,93.89,101.69,4.28,56,4417,24,0,1
1447,92.93,94.74,1.8,87,8728,146,11,0
954,81.11,92.41,1.73,60,10842,288,0,1
1559,92.78,87.82,5.57,65,2053,346,2,0
2016,92.72,89.63,2.76,72,5107,288,9,0
108,105.4,96.59,5.24,66,2942,116,11,0
1840,104.65,96.64,3.6,51,8720,66,0,0
457,92.25,92.38,1.21,93,4783,50,3,0
2572,95.05,107.07,3.86,95,4032,91,0,0
1380,87.24,100.83,4.76,78,3739,116,4,0
441,70.46,101.23,3.23,63,4282,309,13,1
2230,109.94,105.28,4.56,62,11711,137,9,1
1591,80.3,94.33,0.99,92,12672,285,5,0
50,88.16,96.43,1.32,90,14459,355,14,0
2358,77.34,96.65,1.51,71,2367,172,3,0
2111,86.53,93.15,2.28,82,14348,337,13,0
953,69.11,83.96,5.19,59,8224,203,3,0
815,89.15,105.43,1.79,62,5620,160,4,1
2062,88.2,86.98,4.15,63,6452,201,11,0
1735,72.03,91.49,4.57,63,6514,146,2,1
1656,86.42,111.12,5.14,89,10309,231,5,0
343,93.24,94.19,5.68,67,6247,297,6,0
2635,92.33,100.32,2.88,99,14820,17,1,0
931,95.59,106.24,6.38,53,7122,148,14,1
1194,85.13,92.41,3.76,50,12620,260,10,0
249,84.27,76.26,3.97,53,3406,237,6,0
1234,91.59,95.59,3.06,71,2309,328,11,0
2071,106.17,96.69,3.25,87,14347,41,14,0
2043,57.96,95.36,3.73,53,6186,140,12,0
2277,88.11,97.5,4.34,85,1641,157,6,0
1165,81.7,87.7,4.08,64,3553,59,8,0
247,59.27,103.07,4.42,100,12251,126,0,0
2397,85.9,95.99,4.23,81,13892,58,1,0
414,81.48,100.91,3.42,81,5532,153,8,0
478,98.27,102.01,4.58,68,10552,297,12,1
1297,86.2,93.01,1.59,62,7175,91,6,0
382,66.55,97.38,4.65,74,1641,27,1,0
1197,85.16,97.88,3.39,78,6629,266,7,0
2400,94.54,91.51,4.93,73,1479,6,1,0
2642,89.41,95.35,1.88,63,4021,175,12,0
1832,93.75,86.28,2.18,72,14894,294,8,1
787,67.4,92.67,4.18,63,3851,46,3,1
1868,77.98,114.23,2.67,72,1282,18,11,0
3151,91.45,83.95,3.83,66,13927,325,4,1
2291,85.19,109.72,4.88,98,2245,226,13,0
121,56.17,77.04,5.57,83,11770,254,7,1
2117,84.85,99.76,4.96,56,6845,77,1,0
2049,80.04,98.01,4.25,99,13446,26,1,0
1092,92.6,83.31,2.66,69,1072,194,4,0
2037,83.24,98.1,5.11,64,6729,363,14,1
1416,73.18,103.81,2.9,52,9778,135,5,0
1008,85.74,95.61,5.1,95,5757,300,11,1
899,92.47,78.37,4.18,56,1992,170,0,1
2810,79.03,93.63,3.88,57,9511,93,9,0
991,86.09,98.7,2.71,95,1851,169,14,0
2539,87.35,88.81,4.12,63,11621,5,9,1
795,82.1,101.88,6.0,61,13867,360,3,1
1768,73.01,98.58,2.07,50,2230,72,12,0
2721,95.91,96.04,2.7,99,2972,147,0,0
546,105.78,87.6,3.97,82,3483,243,7,0
98,65.32,98.02,5.19,70,1526,50,4,0
2208,68.3,88.11,3.67,87,11431,174,14,1
2623,75.33,92.38,4.85,54,7982,361,3,0
40,80.01,96.23,4.58,87,6423,30,5,0
2318,79.25,99.42,5.93,71,11581,159,10,0
2754,65.45,69.99,3.74,57,9599,297,7,0
1024,96.41,101.01,1.98,78,3211,43,5,0
2469,72.84,95.27,2.14,95,13889,251,12,0
495,85.03,89.63,4.65,91,12314,319,4,0
2445,95.84,106.91,4.1,63,9299,78,10,0
2669,105.21,96.95,4.38,98,12703,44,12,1
1199,68.53,87.35,2.6,63,12542,50,2,0
1993,72.77,114.83,0.82,53,6528,98,6,0
231,70.13,98.85,4.66,52,14849,248,14,0
1838,95.58,102.3,2.47,90,13395,235,13,1
973,67.76,99.48,4.88,76,14513,361,13,0
1005,79.46,84.18,2.93,96,1983,43,6,1
507,70.82,98.34,3.07,62,11327,344,8,1
1551,80.82,99.52,5.78,97,9092,335,4,0
2174,77.77,101.99,4.19,52,2577,182,7,0
1437,83.16,98.77,5.28,90,11012,35,4,0
201,66.7,104.24,5.47,68,7325,285,7,0
2297,85.57,109.3,2.86,91,1111,179,10,0
3130,80.19,103.23,2.45,99,7501,261,10,0
2489,92.21,97.64,2.7,84,11179,134,11,0
2978,101.78,86.69,4.66,86,12247,214,2,0
753,64.84,90.63,2.54,99,14354,130,5,0
189,74.22,85.98,5.12,52,14901,214,6,0
1572,71.94,82.31,7.21,55,5643,360,5,1
745,64.26,101.0,6.93,90,4827,185,0,0
734,74.08,99.63,5.42,71,6011,49,12,0
2135,82.5,84.09,4.31,85,7311,178,10,1
114,69.4,101.21,1.66,79,4916,97,12,0
2819,75.06,85.07,5.29,96,1780,196,10,0
2393,104.84,84.21,5.92,91,4074,5,4,1
219,83.83,100.86,4.32,77,2593,66,1,0
990,89.92,101.57,3.55,69,1744,340,6,1
1924,85.85,73.71,5.84,66,8118,275,10,1
1969,80.53,84.63,1.89,81,13624,235,9,0
2187,61.13,91.63,3.79,90,4208,182,0,0
639,90.7,84.84,3.48,85,7926,298,0,0
2498,73.18,93.89,2.77,96,7011,71,2,0
941,74.21,104.95,2.59,73,6210,278,12,0
2064,88.24,88.96,3.3,51,10084,148,6,1
1341,70.87,99.22,2.95,66,2311,56,14,0
1732,95.86,98.55,2.84,97,9277,139,12,0
2368,114.35,98.9,3.53,99,10136,50,10,1
2155,83.27,105.26,4.46,50,10962,317,1,1
595,78.75,104.5,3.17,87,11407,178,0,0
3095,104.76,93.19,3.41,61,10812,322,5,1
486,104.08,85.47,4.57,59,11570,159,2,1
1594,85.78,87.15,4.54,66,12079,98,12,0
1092,82.95,85.5,5.8,55,8690,26,7,0
31,83.93,91.85,3.45,97,9407,72,3,0
1548,72.56,107.1,7.04,66,5215,311,9,0
1450,84.87,85.68,6.22,74,4985,351,7,0
671,74.64,95.67,2.58,57,5637,239,4,1
875,86.98,92.03,3.5,92,2835,266,2,0
2964,78.71,94.87,4.67,81,12088,114,8,0
2737,86.82,84.31,4.4,62,3552,79,11,1
765,77.85,102.09,4.39,96,12052,189,6,0
1063,101.63,78.92,6.25,79,5981,191,6,1
1303,91.17,102.07,2.42,100,13258,268,9,0
2120,84.52,90.01,4.2,55,6695,283,13,1
2001,89.68,86.96,4.01,98,5110,114,14,0
1362,96.25,98.61,2.04,78,9128,126,11,0
1969,106.13,93.43,1.53,57,13449,209,6,0
2826,96.07,105.65,3.71,69,5675,168,12,0
1223,86.73,87.65,4.06,61,11775,4,2,0
605,79.03,107.71,4.64,60,7105,190,0,1
1050,67.17,94.82,4.27,67,6082,293,4,1
1404,85.7,86.6,7.1,93,5901,13,12,1
15,93.49,100.02,4.46,70,10246,211,13,1
1178,81.57,97.12,-0.22,66,9358,170,6,0
2093,77.97,94.85,5.37,61,2935,28,11,1
3159,83.61,82.91,4.45,75,7961,131,6,0
1673,98.05,77.98,3.31,78,8864,292,11,1
1297,53.54,97.42,1.09,84,2293,35,2,0
950,58.0,90.86,2.96,66,12412,249,1,0
459,84.72,79.47,4.62,95,4838,61,5,0
506,80.99,86.68,3.56,89,10992,301,6,0
344,72.67,111.18,4.18,61,11501,32,7,1
1258,63.4,96.68,0.66,52,14503,73,2,1
761,110.68,93.86,5.06,76,14000,249,11,1
243,67.33,96.26,2.98,67,5833,284,0,0
2754,79.06,87.26,2.99,66,10623,12,10,0
1533,83.52,86.94,3.76,84,1707,338,14,1
2863,100.35,87.46,3.75,68,10971,151,9,1
617,75.89,105.12,2.2,71,10280,285,4,1
3076,74.17,92.75,5.98,55,5672,130,11,1
526,81.04,98.4,2.58,67,12819,198,0,0
1295,78.3,84.38,3.0,63,14393,351,6,1
708,77.62,93.18,5.53,72,5247,150,0,0
1648,92.31,99.63,4.06,69,4367,100,12,0
2899,92.86,95.69,5.22,51,9683,151,3,0
213,76.92,76.55,3.25,87,7579,175,0,0
2119,105.05,93.53,4.48,80,8237,221,3,0
1086,73.52,104.92,6.63,76,9448,297,8,1
2942,102.07,97.34,3.76,69,4697,62,14,0
716,68.53,94.48,4.5,76,13936,74,5,0
1954,66.96,99.27,1.54,92,2868,225,0,0
2928,94.51,92.71,3.34,96,12900,98,1,0
1639,97.39,98.21,2.52,51,8427,27,7,0
672,88.29,108.0,3.39,51,8880,231,8,0
1868,98.67,94.78,3.51,54,13618,357,6,1
43,96.2,93.2,5.44,55,12772,332,5,1
2443,72.6,86.98,3.41,95,8946,6,8,0
762,88.56,94.95,7.08,96,11431,354,7,1
2395,79.33,103.87,1.84,87,9317,275,3,1
458,122.27,90.49,3.22,100,2527,307,9,1
2840,69.79,96.08,2.89,50,1874,171,6,0
2055,95.41,86.8,3.28,74,3335,211,6,0
2392,77.81,103.99,2.57,55,4154,115,2,1
2662,76.73,93.28,1.49,56,12347,36,11,1
1017,76.75,94.03,4.71,98,1823,337,9,0
2713,94.29,96.44,3.09,66,8159,39,1,0
1250,83.07,83.49,4.28,85,1886,263,14,1
2045,85.81,107.9,2.39,94,5364,147,0,0
2276,89.53,114.56,1.1,94,7417,68,10,0
2376,84.33,99.23,4.35,95,10649,148,1,0
3146,81.81,95.15,6.2,87,9695,87,12,0
1737,61.75,99.16,3.3,86,4460,42,12,0
376,85.14,92.12,4.43,53,4483,46,12,1
2956,100.89,90.89,4.67,81,7358,188,3,0
2593,106.91,85.04,4.33,84,8555,135,11,1
2778,88.39,95.17,5.57,53,13951,224,5,0
1912,93.42,91.59,4.78,93,6192,321,4,0
1784,84.05,97.24,5.25,94,8425,97,5,0
2751,94.83,103.08,5.15,86,8948,3,6,0
2457,87.99,90.76,3.8,94,12433,308,0,0
1576,89.58,89.88,3.74,65,5456,254,4,0
1735,81.32,91.34,3.23,64,12364,329,0,1
1097,102.34,91.24,2.55,82,9070,178,3,0
1879,89.94,97.64,0.5,76,5386,124,0,0
2423,109.3,92.92,5.96,91,3781,297,13,0
1412,107.52,98.39,4.73,51,5187,333,11,1
2030,71.13,101.43,0.2,52,12554,94,2,0
297,100.23,90.67,5.0,57,6929,284,8,0
84,105.34,98.83,5.73,91,4542,266,3,0
1304,99.75,98.15,2.18,86,7507,154,14,0
803,97.52,105.11,3.26,61,10900,160,3,1
19,89.37,88.67,4.49,57,10498,152,10,0
447,74.42,78.8,0.34,59,14372,81,5,1
521,54.28,90.04,1.05,91,12591,141,7,0
2113,69.28,93.19,6.4,56,4769,55,5,1
402,67.67,113.3,4.86,58,3423,267,11,1
101,82.85,95.0,5.33,76,5652,7,10,0
1846,100.38,90.44,1.38,91,7701,4,1,0
1394,118.57,93.73,4.26,86,13426,238,10,0
11,91.27,91.2,4.36,70,10708,85,11,0
1817,90.99,96.98,4.98,88,11654,62,7,0
2254,80.27,99.02,4.23,67,11852,202,4,1
3047,99.44,94.84,2.62,83,4759,320,9,0
1929,82.46,93.33,3.51,84,4432,147,4,0
1819,96.26,92.3,5.49,99,8334,301,11,0
758,63.9,87.81,5.91,74,10843,268,0,0
2937,80.64,98.99,2.42,61,11043,344,6,1
1811,90.15,95.25,3.56,62,12503,98,1,0
2905,85.83,78.02,2.49,75,5017,277,0,1
3162,71.29,86.9,3.13,89,7383,231,2,0
962,88.71,96.03,4.61,67,4073,194,12,0
115,73.94,94.28,4.49,97,2089,180,9,0
1430,92.09,86.23,2.52,89,4543,153,8,0
1620,74.85,96.23,3.26,62,10647,322,10,1
3083,84.34,107.45,4.45,62,6393,263,7,1
222,95.56,99.4,2.0,95,12178,25,2,0
2350,93.13,92.68,7.41,98,2895,92,11,1
172,111.74,85.13,3.26,50,11637,138,7,0
2011,86.38,89.6,5.09,51,12613,260,1,1
398,60.91,102.48,4.21,64,9423,34,7,0
2847,76.45,89.65,2.62,75,4785,82,3,0
720,92.34,90.13,3.29,98,8536,45,7,0
1985,70.81,106.19,4.37,80,12924,264,7,0
1782,94.52,99.48,6.69,61,5917,325,3,1
2511,93.88,98.69,5.92,59,9046,103,8,1
1219,60.12,105.3,3.2,82,9281,254,4,0
1216,103.49,101.1,4.2,78,9450,147,3,0
2135,96.55,105.37,3.31,100,1664,84,4,0
3167,88.88,87.02,4.51,76,1229,177,14,0
2151,96.46,97.18,2.25,97,7000,48,2,0
1487,82.64,83.01,3.77,83,8900,339,8,1
2509,97.59,98.22,3.99,76,7032,1,14,0
549,82.01,96.02,6.77,60,12380,164,12,1
302,99.94,110.02,3.85,94,8545,27,2,0
683,85.47,83.35,3.94,83,14358,19,13,0
58,81.05,103.3,5.22,50,6446,161,4,0
1281,86.2,98.18,3.4,95,13420,188,5,0
1392,78.45,91.12,5.58,67,8823,146,10,0
1719,92.25,100.81,3.53,58,13744,283,5,1
1851,98.82,98.56,4.61,80,4271,133,14,0
65,85.8,110.6,4.84,95,1721,85,1,0
968,92.34,104.79,2.61,87,3521,153,5,0
1153,80.3,96.14,5.28,51,9453,54,5,0
859,87.59,87.41,1.55,96,5345,48,13,0
506,79.99,107.07,4.25,97,6650,73,13,0
2806,82.77,83.52,4.32,98,14120,96,3,0
1221,53.0,96.86,3.24,68,7739,160,0,0
2431,89.83,96.75,3.56,92,14582,359,8,0
738,89.6,92.32,1.5,53,11594,196,12,0
1255,103.56,101.18,2.72,54,9117,20,2,1
2832,67.46,84.91,3.19,77,10273,42,0,0
129,85.32,89.96,3.08,94,11831,263,14,1
1682,96.27,85.56,3.96,58,5803,239,14,0
917,65.45,81.4,3.62,54,9547,244,10,1
3046,89.87,82.06,1.96,95,6372,161,5,0
2250,102.92,97.0,7.06,65,1050,154,1,1
2334,72.68,97.75,7.03,81,7862,228,9,0
1425,87.21,95.29,3.09,88,14346,26,6,0
1233,70.99,101.44,3.08,75,5511,245,3,0
1231,106.6,99.18,2.04,100,5569,266,0,1
1025,84.95,100.16,3.16,70,6464,67,0,0
8,81.09,103.79,8.33,98,9012,16,0,1
570,91.62,104.07,2.89,52,11277,314,7,1
3107,92.84,88.96,2.0,50,3452,50,9,0
1930,84.47,98.24,5.28,64,4856,97,13,0
2995,68.3,92.95,3.4,55,14774,120,14,0
2490,73.94,93.0,3.91,68,8424,80,0,0
1241,90.16,86.39,2.83,58,1925,183,10,0
2544,60.31,100.36,3.37,91,12124,122,6,0
2804,109.25,97.82,6.04,58,10179,323,13,1
2007,109.63,97.88,3.87,88,12977,316,12,1
25,69.91,92.94,4.82,96,9094,112,9,0
42,78.18,93.81,2.36,81,12548,99,7,0
2149,81.66,88.61,4.38,94,7317,141,0,0
824,61.22,101.01,6.83,50,9922,350,11,0
2126,74.29,100.91,4.78,66,1498,170,6,0
1511,87.43,87.42,2.95,51,10276,258,9,1
2233,54.4,89.43,1.51,91,13071,332,0,1
635,85.94,98.69,2.5,81,9325,350,1,0
1275,78.52,89.23,5.5,95,3854,59,8,0
945,74.01,89.57,4.26,70,11550,111,8,0
976,81.56,103.91,5.43,63,2457,58,9,0
2165,82.47,98.13,3.2,96,3537,216,4,0
1045,77.24,102.29,3.78,61,9478,113,9,1
490,82.49,90.15,4.96,64,5929,140,5,0
628,62.97,94.34,3.04,99,1885,315,14,0
2347,85.74,96.44,5.5,58,1003,118,6,0
3060,86.75,96.17,2.24,84,7514,134,5,0
1758,74.76,96.01,3.14,99,13994,139,4,0
2703,91.85,102.23,6.72,63,5777,279,11,1
728,79.75,84.66,1.0,99,14194,162,1,0
3066,64.34,92.69,4.07,97,5825,348,0,0
889,82.74,103.55,4.41,72,5872,139,7,0
1611,70.61,91.89,3.57,67,12077,95,11,0
740,93.11,93.55,3.88,86,5012,34,4,0
1447,79.99,99.01,4.34,55,9414,249,11,1
3015,80.67,102.78,3.87,94,1881,278,3,0
2935,75.34,98.02,7.2,93,1428,75,11,0
1475,84.53,77.8,3.6,75,10872,271,2,1
248,84.04,88.7,3.28,86,12589,1,9,0
895,95.35,95.57,5.07,94,5258,4,3,0
1035,82.87,95.72,3.55,55,4290,164,11,0
2666,100.42,99.02,4.66,67,2453,111,9,1
756,87.07,85.31,5.14,69,11294,17,1,0
2794,66.54,88.66,4.22,67,11377,66,10,0
3143,77.61,87.0,5.81,67,11572,67,3,0
2856,81.4,98.78,1.23,96,5688,65,5,0
237,104.8,102.1,3.2,58,1797,250,1,0
2544,66.87,84.97,4.98,77,1232,360,13,1
3143,103.28,91.63,5.16,88,4218,108,7,0
860,96.76,90.9,2.1,82,4223,340,2,0
928,92.54,95.92,4.15,100,2585,288,3,1
2484,90.93,91.84,5.95,69,12779,73,11,0
317,110.29,101.75,7.78,81,10161,36,7,0
1764,75.17,102.21,5.93,60,6326,278,3,1
2,69.54,87.67,5.41,51,12685,313,5,0
665,102.8,89.13,3.22,93,11089,275,11,1
2910,90.47,94.11,4.92,61,6446,225,14,0
1691,66.33,103.63,5.32,56,13637,123,8,1
1549,95.31,107.08,3.8,66,2840,68,12,0
2956,58.45,109.42,4.23,93,11230,300,9,1
2684,81.67,113.44,2.9,96,13558,12,7,0
2760,82.33,99.82,3.8,78,6147,229,9,0
1427,74.74,96.7,3.35,56,4405,271,7,0
1956,74.69,96.43,3.36,84,2925,10,14,0
1659,104.58,105.68,6.05,91,11629,154,9,1
2875,79.11,93.38,5.91,81,6272,243,7,0
1886,74.7,94.24,4.07,71,14011,336,12,0
395,101.41,101.33,5.12,91,9649,288,4,0
1761,75.17,86.71,4.93,94,2186,13,6,0
2505,79.83,97.51,5.35,60,4424,163,10,0
2513,104.84,86.75,5.19,73,4214,114,8,0
2867,89.04,94.89,3.18,68,9513,196,11,0
1521,99.37,94.9,4.48,90,10986,143,13,0
303,87.75,91.45,3.58,68,12742,97,11,1
707,95.31,78.87,3.86,98,2996,272,13,0
868,89.17,92.76,4.94,88,10373,276,14,0
2378,78.77,90.77,4.86,97,4369,309,4,0
2158,102.58,98.01,5.31,80,13542,275,0,1
2420,97.28,105.57,3.53,54,2633,39,6,0
467,87.79,106.34,5.84,87,14479,190,8,1
886,76.6,101.07,2.88,55,4586,74,4,0
1253,94.41,85.48,5.08,72,9907,81,3,0
1548,87.95,107.31,3.81,68,7077,277,8,0
350,85.3,96.27,7.24,52,9930,193,10,1
290,75.37,80.88,5.41,96,5077,359,5,0
1061,102.48,90.82,4.53,99,2900,27,6,0
977,98.81,112.86,3.16,82,7011,221,11,0
2329,65.37,93.38,2.2,82,4835,184,4,0
2719,57.14,92.96,2.97,86,14647,194,6,0
2511,84.3,100.6,5.88,55,13082,27,1,1
2039,88.79,100.27,2.07,69,11964,258,4,1
1864,87.88,98.83,5.57,70,14632,187,7,0
1350,82.28,91.57,1.2,58,7732,151,4,1
1229,87.82,97.34,3.94,96,13558,337,13,1
1133,77.46,84.27,3.27,85,9085,195,14,1
1809,94.21,86.4,3.26,69,7276,46,10,0
1881,85.36,94.23,3.76,98,14811,194,8,0
512,68.53,91.7,4.36,100,9426,4,2,0
1749,69.78,98.21,5.4,100,14260,327,12,0
106,106.81,92.53,1.37,95,5630,235,8,0
1215,81.12,80.77,3.22,58,14148,305,9,1
2491,71.81,91.82,5.52,66,14054,107,0,1
103,88.41,95.55,3.55,91,1959,32,13,1
2198,92.97,92.63,3.9,77,3377,80,1,0
1242,82.9,101.17,7.35,54,8782,152,9,0
455,64.61,99.81,2.59,100,10987,193,7,0
2166,70.62,89.85,6.37,85,7210,92,5,0
1408,87.91,112.73,3.94,95,10013,113,7,0
1341,57.55,96.13,3.69,55,10479,219,1,0
854,87.01,84.72,4.57,50,14482,250,1,0
2478,104.19,77.3,5.03,63,1712,299,7,1
257,82.11,90.63,4.72,95,7249,290,11,0
1559,98.12,95.36,2.47,62,13968,252,0,0
38,66.88,92.37,4.32,64,10015,103,3,0
1241,60.28,101.57,5.57,87,9857,302,3,0
885,95.94,100.87,3.82,78,12409,151,0,0
1254,78.79,99.3,4.2,85,8194,124,5,0
2609,73.12,97.83,6.27,73,1727,290,2,1
2306,56.64,102.77,3.3,96,4700,213,10,0
1055,104.74,98.36,4.57,53,3050,135,3,1
560,90.88,97.15,6.03,71,7141,317,0,0
3039,104.76,85.72,6.06,80,10644,104,9,0
2723,79.82,98.29,5.23,60,11303,86,3,0
1406,73.8,103.87,2.45,67,12593,100,4,0
1834,69.37,83.17,3.31,76,9147,199,7,0
221,63.92,99.07,1.26,96,6668,105,0,0
3133,92.18,98.15,4.59,61,6135,250,1,0
3131,85.01,100.74,1.53,72,9993,233,12,0
2199,89.35,91.13,4.31,100,11736,245,4,0
1857,84.57,91.67,4.39,52,11673,134,10,1
733,70.82,90.33,4.78,68,3134,156,6,0
391,80.37,96.91,4.46,61,10032,274,6,1
263,54.65,107.3,1.2,80,2211,315,5,0
863,91.88,97.8,3.95,79,11319,98,10,0
606,83.99,93.46,7.08,93,5337,104,0,0
2650,83.83,96.06,4.34,71,4293,318,9,0
537,72.65,87.54,2.34,70,12500,82,10,0
2513,78.73,88.09,2.15,98,7088,131,12,0
2240,83.12,91.11,2.52,99,10288,78,5,0
778,80.58,103.18,2.48,88,1604,342,3,0
1714,80.86,95.11,6.87,87,12748,104,1,1
2371,88.19,90.39,5.09,89,3635,208,8,0
2155,83.53,95.2,3.42,51,1011,204,0,0
752,55.56,97.72,2.42,64,7206,317,9,1
2454,90.97,91.31,2.65,71,14947,213,2,1
943,77.43,96.47,0.92,97,8486,326,4,0
503,90.87,103.67,4.37,71,5646,351,8,0
2217,61.41,85.05,6.21,77,12166,64,11,1
741,94.1,98.77,5.66,68,7124,214,7,0
97,72.9,98.13,3.55,74,9912,363,13,0
2160,66.8,82.21,2.89,88,7514,250,10,0
1922,89.29,81.12,2.18,54,8658,293,9,1
183,71.68,102.98,2.32,88,7180,110,7,0
690,78.56,102.39,2.87,56,9749,137,14,0
3037,89.46,100.85,4.05,87,14837,41,3,0
2764,87.35,93.89,4.17,84,11002,44,6,0
2958,79.5,93.28,4.54,84,9144,337,8,0
715,80.71,90.44,1.89,57,2352,54,11,0
2847,72.64,104.55,3.9,85,7755,23,12,0
142,72.57,97.6,4.33,73,13364,331,7,0
2851,98.63,93.73,0.14,60,6539,68,11,0
148,84.4,87.06,2.81,82,7669,351,14,1
2280,84.42,75.11,4.06,73,4810,211,11,1
1400,81.64,85.79,4.32,60,12927,76,10,0
1715,76.19,109.08,5.42,83,14071,179,12,0
1905,84.56,98.14,5.27,94,1400,220,6,0
909,86.98,97.16,4.8,60,5608,307,8,1
1927,89.11,94.64,2.2,100,8683,65,12,0
2420,103.25,94.98,4.56,80,7200,11,9,1
1707,85.23,96.93,1.55,81,13042,205,4,0
915,79.69,95.2,2.17,57,8891,259,8,0
2519,99.74,93.2,1.33,90,6804,49,7,0
1284,87.26,93.22,2.34,85,12504,115,4,1
603,92.67,92.85,3.93,57,10469,225,13,0
2970,82.07,100.72,1.12,86,3880,94,8,0
1993,82.83,98.17,4.11,89,2801,282,8,1
1315,82.3,94.14,4.3,100,9598,223,3,0
275,79.62,95.88,1.63,81,2571,22,13,0
1238,68.19,92.43,3.98,81,9674,252,10,1
974,63.15,82.12,5.58,68,4642,322,5,0
2364,107.96,91.55,3.59,54,1381,218,8,1
3041,91.44,78.88,2.24,74,7627,49,0,1
2452,88.33,107.39,5.46,79,8891,93,1,0
2410,69.05,82.74,2.51,76,6947,42,12,1
146,99.53,92.99,4.52,69,4423,136,9,0
2458,80.78,84.43,7.33,57,9857,33,10,1
1205,88.31,96.59,4.7,96,8064,196,2,0
1804,94.11,94.53,0.97,56,14604,118,5,0
1645,94.29,103.46,4.42,81,13847,266,11,0
3170,94.71,98.77,2.75,71,6414,45,13,0
81,69.89,78.91,4.94,60,1768,193,4,0
1972,79.74,84.28,4.13,54,14222,196,4,0
785,65.53,91.38,4.08,66,14166,58,10,0
2531,90.6,98.1,5.22,50,9346,120,7,1
1816,68.91,106.19,4.29,96,6822,173,10,1
2247,80.04,91.43,2.72,69,6528,311,11,0
3153,115.42,93.9,2.72,87,12270,196,3,0
3040,79.17,81.06,3.93,92,10412,97,7,1
2414,76.02,90.13,3.78,95,3021,219,5,0
1352,52.37,99.49,3.94,88,14589,204,0,0
331,95.34,96.14,4.85,97,10366,27,14,0
487,77.94,83.97,4.49,54,11625,295,10,1
460,83.49,103.15,4.18,55,6135,160,7,1
313,83.2,113.24,5.96,78,14490,234,10,0
2876,76.64,103.91,6.0,52,7250,191,4,0
1387,85.8,91.11,4.52,80,12769,220,11,0
1043,91.92,103.69,5.38,68,3653,136,14,0
319,98.83,102.88,4.11,76,1635,200,5,0
2918,103.94,99.27,2.56,54,2018,64,2,1
2795,72.55,101.54,6.95,61,12831,281,8,1
1090,71.65,104.65,7.14,88,5600,256,1,1
3073,98.0,90.99,3.69,95,11917,52,1,0
14,90.53,76.55,4.71,61,6838,124,5,0
1192,92.27,106.2,4.85,75,14107,229,12,0
1854,67.0,94.62,3.4,64,4819,102,11,1
2634,67.41,83.22,1.78,65,14074,154,8,0
63,91.06,96.14,3.95,83,8899,208,11,0
1583,77.78,93.48,5.28,88,14523,57,13,1
2862,78.66,110.67,2.9,95,3542,23,5,0
2238,80.47,88.38,4.51,67,14031,110,8,0
1471,101.37,74.94,4.25,78,2831,318,7,0
499,80.04,101.67,3.45,79,9896,364,14,0
3066,89.92,82.39,4.21,92,11987,202,6,1
2963,100.06,108.15,6.35,100,8751,264,6,0
1307,93.39,89.03,5.63,64,14170,113,6,0
1276,72.42,94.87,5.45,53,6984,74,6,0
2010,59.65,92.67,2.05,76,10094,271,13,1
3022,80.78,89.97,6.12,62,7943,71,10,0
1925,61.42,90.26,2.93,91,7602,76,7,0
423,81.36,89.42,2.1,80,6113,254,12,0
1228,96.3,94.48,3.26,97,6515,297,2,0
2872,73.3,96.09,2.93,84,1745,261,7,0
1710,64.02,95.46,2.88,96,10698,6,5,0
2506,92.4,115.19,5.89,83,11343,69,12,0
2592,103.24,104.1,5.93,67,2544,87,5,0
495,73.65,107.95,3.71,92,3585,301,2,1
1916,114.08,102.37,2.35,56,8958,105,6,1
1255,75.56,97.51,4.06,81,13310,318,5,0
1187,91.07,80.05,3.33,53,2223,33,14,1
1283,92.92,108.54,1.4,86,6886,315,9,1
1126,72.9,104.4,3.62,73,9788,94,1,0
3005,76.71,92.02,4.65,96,14076,207,10,0
1513,88.22,95.64,5.92,58,13140,158,14,1
1420,69.4,87.98,3.86,73,14342,251,12,0
361,70.97,99.46,3.18,68,9332,315,4,1
2954,80.43,80.24,1.74,77,11448,61,8,1
1182,77.66,77.93,6.31,95,3770,118,13,1
2963,63.48,102.9,3.09,99,7045,307,0,0
2282,77.45,95.02,1.54,94,8231,170,10,0
2981,84.42,87.99,3.87,80,13581,278,4,0
2386,63.26,105.41,2.49,99,6627,23,9,0
2868,95.01,91.99,6.34,79,1769,189,5,0
1992,40.37,110.7,5.32,57,1893,311,10,0
2889,103.3,89.34,5.72,51,1675,123,7,0
2333,68.24,81.32,4.45,56,9212,200,8,0
729,89.93,75.87,5.13,70,14014,172,12,0
1819,72.6,92.61,2.56,50,13496,44,8,1
1249,104.98,91.69,4.02,75,12184,6,2,0
1079,85.97,110.18,3.82,52,11729,201,2,1
2629,89.65,99.7,4.42,73,14317,106,6,0
2311,71.84,98.64,2.71,86,1068,230,14,0
1150,92.44,81.24,4.12,70,12536,155,14,1
1715,87.45,95.94,4.24,85,3266,13,3,0
985,72.91,97.65,4.24,79,2862,318,13,0
2846,102.1,88.37,3.8,87,3566,246,3,0
1082,91.32,90.17,2.56,71,7842,129,0,0
1299,76.76,93.13,4.78,82,4141,47,5,0
766,66.67,89.15,5.89,80,2888,221,2,0
2324,93.07,93.31,5.03,62,5629,232,13,0
2479,115.55,93.63,3.42,89,7300,110,10,1
220,70.69,94.33,1.07,62,4308,345,4,1
2367,82.83,90.14,3.41,63,12585,224,9,1
709,89.94,98.24,2.29,66,13586,116,2,0
2460,93.26,83.91,3.39,91,10580,80,10,0
1057,85.61,95.35,3.14,65,8802,9,8,0
567,74.79,98.53,4.01,60,13214,109,2,0
2451,70.5,88.27,3.9,55,10231,104,1,0
218,63.6,98.01,6.79,78,6978,256,7,0
1941,99.44,89.5,2.93,60,2423,265,11,0
384,79.67,93.44,4.43,90,13298,141,0,0
1583,84.81,83.17,6.59,76,13376,215,6,0
729,86.57,95.95,5.98,100,11754,152,7,0
1939,69.97,106.05,6.53,84,9080,214,6,0
810,97.87,106.03,3.43,90,12116,169,11,0
2772,99.21,99.47,2.95,83,3260,256,4,1
1097,65.82,97.61,4.68,67,13518,276,4,0
2138,69.82,82.81,1.81,92,1006,40,11,1
1844,54.41,87.2,3.31,82,10371,118,4,0
884,80.92,100.85,6.57,57,12423,279,4,1
1163,100.61,100.89,4.1,98,11155,260,7,0
889,84.05,91.51,3.27,99,1822,225,2,0
865,58.1,90.86,5.18,82,14662,319,5,1
2033,92.36,87.09,6.27,73,3989,215,2,0
2705,80.14,90.89,2.17,96,5320,151,8,0
488,92.19,95.36,3.19,51,5279,195,1,1
596,81.83,89.07,2.08,51,11748,103,9,0
3100,72.51,86.77,4.08,82,10335,275,5,0
2527,106.07,94.89,4.44,66,13183,83,3,1
1365,78.23,85.46,3.46,85,3799,147,13,0
419,71.21,95.93,7.31,69,2856,88,9,1
622,77.16,84.95,5.38,81,4259,259,5,0
944,93.46,90.83,4.08,83,1704,309,4,0
1101,91.99,99.23,1.64,83,14886,66,10,0
1548,79.78,82.52,4.32,72,1946,24,3,0
1517,98.9,89.16,5.64,64,7201,53,8,0
217,99.2,92.15,5.05,54,9797,67,7,0
129,68.03,106.73,5.57,88,3263,313,8,0
746,85.64,94.77,5.52,51,11740,225,5,1
1972,76.25,107.82,3.02,76,10687,183,5,0
680,68.34,88.04,2.73,100,3901,256,12,1
372,104.89,87.33,4.16,50,7786,176,2,0
1607,90.52,103.32,4.9,87,8976,299,6,0
106,100.37,96.55,6.26,98,3581,170,7,1
815,82.32,97.55,4.71,72,9933,273,12,1
2575,84.31,103.72,1.93,93,4672,279,10,0
1861,94.05,97.07,5.52,87,8194,198,3,0
2954,80.74,104.03,1.7,67,3624,343,4,0
2740,86.89,83.36,5.43,92,13032,353,9,0
552,99.65,83.36,4.35,64,4555,346,6,1
1760,80.31,87.29,5.67,51,7018,244,13,0
2012,73.0,108.47,5.38,97,3623,58,12,0
2330,102.0,97.56,3.58,90,8420,294,13,0
28,83.9,84.61,5.55,72,12127,289,5,1
1931,72.45,101.62,2.34,84,11901,342,2,0
1257,76.9,107.4,6.36,85,6972,176,7,0
3171,99.07,88.4,4.4,59,7137,187,7,0
1347,84.54,87.22,3.27,86,2449,197,6,0
1041,89.1,96.06,3.82,63,1026,87,5,0
2889,80.27,93.67,5.23,54,12757,60,14,1
2094,81.21,80.75,3.88,67,13038,210,2,0
414,86.32,89.22,5.85,78,7118,121,9,1
544,98.66,95.77,3.12,79,11520,188,14,0
626,72.58,93.13,3.88,85,14685,261,7,1
304,80.0,85.85,4.17,76,5404,261,5,0
1691,88.64,82.8,4.26,72,8575,56,4,0
104,90.3,101.75,5.27,85,2921,249,14,0
592,109.02,102.27,2.39,69,14915,133,5,0
1645,78.46,83.45,4.15,79,12851,265,3,1
2748,103.47,90.2,3.17,80,6102,213,11,1
1350,100.94,71.37,6.27,73,14301,175,6,1
1544,111.71,102.88,4.75,93,12337,174,9,0
2227,100.48,84.03,2.0,100,14576,231,11,0
844,100.79,86.8,5.94,55,7067,161,5,1
116,93.45,96.47,3.5,71,7956,125,5,0
2360,74.43,102.16,1.18,84,13475,304,1,0
475,61.55,85.35,2.17,57,2238,111,2,0
713,95.62,94.25,4.16,84,8308,363,14,0
2518,106.79,98.58,5.22,97,10853,232,7,0
269,70.75,103.1,6.97,65,4557,148,2,1
2710,69.23,78.61,4.04,92,6449,27,10,0
443,79.97,75.09,7.71,67,6145,347,10,0
283,104.44,89.65,5.73,75,9584,262,9,0
2860,75.77,100.04,3.97,52,6212,302,13,1
1882,80.24,109.44,3.09,85,11540,133,13,1
1361,97.68,95.73,4.09,62,6181,80,1,0
1446,68.52,88.1,3.05,97,11123,301,11,1
1402,75.54,89.63,1.72,79,8114,127,13,0
3126,93.09,85.88,5.24,89,3986,348,5,0
2531,60.28,92.17,3.21,52,5809,248,1,1
1526,93.21,98.17,3.91,59,4771,55,0,0
245,88.89,75.68,4.92,61,14251,164,0,0
1593,110.13,94.22,4.78,91,8531,238,10,1
1119,74.53,83.28,2.82,72,2890,28,4,0
1394,76.83,76.59,5.99,83,9753,129,1,1
7,73.89,95.32,4.44,86,6936,68,13,0
897,85.56,93.15,4.31,52,7555,345,14,0
1911,83.94,93.49,6.34,53,1327,274,6,0
2467,86.18,91.09,3.0,57,12758,65,5,1
1484,116.15,96.82,4.88,93,7976,282,3,1
2036,84.71,88.59,6.32,73,9130,162,10,0
2446,85.94,114.31,4.77,91,6565,309,12,1
1750,96.19,114.19,3.69,65,7073,222,1,0
1114,90.68,107.17,3.86,74,9992,291,7,1
905,96.01,110.91,3.95,64,5549,338,9,1
2258,94.79,104.85,5.53,61,11391,129,7,1
2025,73.16,114.92,2.02,97,13663,118,1,1
3145,69.91,96.93,5.57,75,13952,223,8,1
624,58.42,91.86,2.48,69,1104,232,5,0
3016,79.66,90.36,4.5,59,9145,289,2,1
1756,76.46,93.86,3.62,91,12970,322,10,0
1675,81.13,91.19,5.62,59,1106,342,7,0
1399,77.75,111.48,3.3,90,9074,220,11,0
2203,101.98,103.21,3.73,61,10896,247,14,1
1850,89.25,92.64,-0.24,76,1138,151,13,0
1609,81.74,93.96,4.22,70,7553,52,11,0
686,96.04,94.1,5.63,76,12172,290,12,0
1278,90.85,89.85,1.32,98,2149,35,4,0
1354,92.41,85.13,5.23,55,2283,101,1,0
1751,79.12,104.73,4.73,60,5159,190,3,0
656,99.39,99.81,4.99,91,8691,10,6,0
1547,82.33,102.26,3.21,99,9941,167,10,0
1636,78.88,86.39,1.66,56,9262,52,7,0
995,109.29,94.97,1.96,93,10451,307,14,0
3036,93.43,82.52,4.32,58,14938,88,11,0
241,83.11,81.96,2.89,80,9212,279,0,1
2994,91.17,98.44,3.35,63,1548,273,11,1
2546,94.45,89.23,3.77,57,6230,311,12,0
496,83.43,85.1,2.05,51,7433,224,0,0
2080,89.67,104.72,4.62,78,12763,84,7,0
1151,78.2,103.2,4.79,59,14115,283,11,1
1124,85.41,103.06,3.42,75,3371,138,8,0
1469,94.42,87.2,2.84,65,9113,163,10,0
1589,100.79,88.61,1.92,78,3175,239,3,0
2762,103.9,94.67,3.77,93,7254,250,11,0
1597,87.78,101.03,3.24,73,11119,107,0,0
2712,86.11,87.5,4.24,69,13126,43,7,0
3098,95.13,103.9,3.72,88,5289,3,11,0
2352,88.03,87.91,4.02,71,7506,116,6,0
1686,118.68,93.76,3.06,89,10771,99,3,0
3156,77.36,84.05,2.48,65,6849,218,1,0
1358,104.57,107.98,1.4,62,9545,269,3,1
2830,91.91,87.18,5.02,91,8462,300,2,1
1951,94.71,90.09,4.92,79,8265,239,0,0
1822,75.75,98.36,6.83,62,5121,162,10,0
137,78.5,103.36,4.45,66,1880,42,0,0
1222,94.43,101.8,4.6,97,9211,136,1,0
1824,77.5,99.22,4.51,52,13065,262,14,1
328,91.04,78.79,6.4,87,14583,243,6,0
1734,90.39,92.62,3.85,100,3884,94,3,0
502,94.84,96.18,4.3,58,7158,130,0,1
1489,92.71,90.9,4.39,97,2075,121,1,0
971,77.84,99.48,4.61,78,9807,119,9,0
131,75.59,90.39,4.06,50,5975,326,2,0
369,62.8,94.98,4.76,65,2333,162,4,0
1771,80.69,91.87,2.08,86,7230,174,5,0
3018,68.39,94.47,3.95,94,6298,79,13,0
1294,99.54,92.81,2.76,55,13438,50,12,1
2088,59.26,93.05,2.71,73,1269,38,8,0
40,74.48,86.69,4.95,79,6442,39,12,0
2389,88.6,107.7,5.03,86,5236,301,2,0
498,87.55,93.42,4.68,80,14841,220,3,0
1846,66.14,103.0,4.85,90,2076,80,10,0
1309,85.07,105.87,8.15,95,1343,312,13,1
80,88.68,87.34,3.6,78,7492,256,4,0
2346,69.46,85.11,4.4,57,12119,59,14,0
255,93.32,95.29,5.72,93,3519,115,0,0
3081,83.93,99.49,5.5,52,1574,168,9,0
691,88.14,95.99,2.91,60,9695,26,13,0
288,74.83,95.23,5.61,97,14199,128,5,0
192,80.58,91.29,6.35,88,7228,16,1,1
1465,83.19,95.13,3.34,58,9205,291,9,0
2526,96.08,97.53,4.14,76,14702,275,4,1
1021,91.41,92.69,3.34,90,8849,231,5,0
417,76.46,93.02,0.83,94,3416,364,11,0
2853,105.32,102.42,4.1,80,11167,285,9,1
153,90.96,93.53,2.14,54,1998,102,7,0
246,80.12,98.66,4.58,51,4428,70,3,0
1528,82.89,96.61,4.21,92,9515,90,12,0
2683,92.08,90.4,2.81,100,7084,14,8,0
2436,80.28,99.57,5.5,53,11863,76,10,0
1393,78.6,93.5,6.28,83,14376,243,4,0
580,71.0,90.93,3.26,75,8880,277,10,1
2098,79.45,97.13,2.19,70,10633,204,0,0
1205,90.61,91.69,4.75,78,9557,78,7,0
2924,76.79,91.02,1.23,53,2400,223,11,1
1279,81.0,102.38,0.06,65,6156,285,12,0
1191,71.01,106.24,3.68,78,14573,4,0,1
151,76.62,97.02,3.66,98,8641,226,1,0
412,103.21,98.47,2.25,66,11589,275,10,0
2686,79.09,84.37,5.57,65,6731,188,4,1
1761,89.93,93.35,2.49,58,6296,250,13,0
2926,108.53,101.05,3.74,91,6696,115,11,0
2920,67.33,87.67,4.4,77,7385,163,1,0
1798,87.68,102.0,6.3,99,14733,144,1,0
1649,62.86,91.47,0.24,73,11762,93,8,0
1814,78.18,88.29,3.46,76,7435,96,10,0
850,92.01,88.05,3.78,55,2498,213,1,1
327,85.08,100.84,3.09,77,9816,164,4,0
3166,104.45,102.6,4.02,70,8013,233,12,0
1382,73.7,107.1,4.97,57,6309,191,9,1
2419,76.71,105.38,5.36,59,2813,170,10,0
1875,94.79,100.95,3.83,77,1582,127,10,0
2518,87.93,88.59,4.74,55,14833,155,3,0
2210,77.61,100.7,2.55,67,11966,188,11,0
129,74.04,101.11,3.84,54,6563,183,4,0
87,73.99,102.94,4.92,97,6951,157,0,0
2473,102.11,102.87,2.96,57,7652,25,7,0
598,60.47,99.09,1.6,57,11274,204,3,0
876,91.03,93.94,4.29,92,14610,232,0,0
904,83.82,84.87,2.55,60,1330,272,9,1
1896,84.14,82.85,5.04,94,14268,246,13,0
2352,60.8,99.75,3.39,77,5266,61,12,0
837,92.46,109.1,3.96,50,5735,214,11,1
422,72.77,96.32,4.92,55,2280,157,4,0
2305,58.11,101.4,5.11,91,12956,116,9,0
1323,85.58,85.3,3.0,98,9386,321,9,0
353,92.11,81.4,3.7,84,6264,140,1,0
2350,77.82,107.81,2.28,68,11561,253,12,1
450,108.05,118.11,4.12,96,9408,123,5,0
2627,88.76,99.57,5.65,52,4244,187,9,0
1952,90.01,92.29,2.29,52,12843,28,12,1
2937,96.91,95.93,3.25,81,11067,120,6,1
1777,102.01,88.85,5.5,73,9406,338,7,0
806,105.37,109.79,3.8,93,3699,186,7,1
2091,90.83,94.53,1.04,64,7162,267,1,0
2132,92.07,101.45,0.57,99,9978,230,9,0
2178,78.73,104.95,2.44,83,1849,61,9,0
1318,92.77,91.51,2.09,67,2299,67,7,0
2456,87.92,100.47,3.63,81,5824,338,0,0
1479,79.0,102.11,3.99,66,1389,207,2,0
3054,110.21,107.41,1.06,72,1054,189,12,1
2285,82.76,97.85,2.4,65,11770,192,13,1
2138,106.35,119.4,4.58,50,12008,240,3,0
2610,73.34,90.47,2.41,72,3321,263,4,0
549,88.24,82.45,5.15,61,3541,47,7,1
2977,80.75,89.25,0.97,89,7234,349,1,0
1237,85.79,90.51,4.32,96,13791,275,9,0
2161,97.75,91.23,4.67,74,1199,255,14,0
929,82.14,100.91,4.2,95,14999,89,13,0
360,71.82,80.56,2.38,59,2830,250,4,1
1845,87.8,96.3,3.14,88,8678,206,4,0
2514,60.92,88.89,2.8,63,10635,318,11,0
1671,92.75,93.34,2.39,79,2727,153,14,0
884,91.83,91.03,3.67,76,3127,357,10,1
3098,96.72,106.5,4.38,68,14033,89,6,1
1385,102.41,82.87,5.75,78,12971,98,4,1
3095,85.12,93.51,3.02,89,3525,10,2,0
44,91.78,102.36,5.5,79,14500,291,12,1
17,83.25,94.41,3.27,71,12260,41,8,0
420,98.47,87.4,5.56,60,3745,21,8,0
2307,68.25,105.01,4.17,71,2352,5,7,0
1850,110.44,89.62,1.21,74,14168,50,7,0
1225,81.4,96.69,6.87,61,9557,333,9,0
1629,93.06,89.69,4.72,93,11660,21,14,1
2475,94.86,100.6,5.84,70,3355,50,7,0
2605,82.95,95.35,8.21,89,3191,163,9,0
1922,85.06,98.11,3.41,89,5790,77,10,0
2236,84.54,106.45,1.22,70,3830,302,7,1
430,79.82,95.05,4.81,57,13181,306,14,1
3161,83.33,93.78,3.48,74,9077,104,10,0
2700,85.77,94.01,4.51,87,8490,38,9,0
1371,85.33,102.4,3.73,57,11696,269,13,0
1920,90.42,101.5,2.49,52,8776,19,14,0
1656,110.99,96.03,3.37,67,6539,105,13,0
1867,87.51,101.82,3.47,81,9715,39,2,0
2082,107.27,81.52,5.24,69,7511,329,10,1
2533,77.58,99.14,4.86,74,3362,73,12,0
50,99.95,91.74,6.05,66,7558,50,5,0
101,85.56,93.75,6.87,70,3697,137,11,1
2047,85.83,96.56,4.88,82,6602,221,10,0
1451,99.24,95.92,5.58,100,13438,174,3,0
712,79.74,101.97,4.32,85,8878,224,4,0
1692,104.96,97.3,4.77,88,4329,228,0,0
1817,89.06,98.72,2.15,89,2994,139,9,0
465,112.31,98.96,1.79,84,10149,8,9,0
2828,103.82,101.68,4.77,91,8060,75,10,1
2795,75.83,92.63,4.35,84,1405,23,7,0
323,87.64,97.19,5.38,97,7501,85,14,0
1199,89.54,108.68,7.79,72,10725,254,14,1
251,93.99,102.14,4.52,65,11779,321,3,1
2829,95.69,94.21,4.3,85,2510,229,4,0
322,76.2,92.06,2.49,64,5740,293,3,0
1144,86.41,91.65,3.55,94,10350,12,3,0
1541,90.05,84.63,2.45,77,12196,342,2,1
510,94.98,95.92,3.84,63,5159,223,14,0
1311,80.7,97.71,3.19,100,9343,259,5,1
1442,93.19,90.43,2.7,95,12023,31,4,1
728,95.41,103.1,5.63,92,13770,81,9,0
1975,88.07,84.8,4.73,91,10872,337,11,1
3103,93.4,95.6,4.43,78,1042,280,11,1
1635,96.36,88.54,5.57,71,13866,208,9,0
2011,86.4,96.44,4.53,76,2972,142,12,0
1303,85.99,91.78,1.09,82,6823,353,14,0
965,65.31,98.64,4.63,78,13447,360,1,0
1603,86.89,103.21,3.83,79,5276,84,5,0
764,100.49,97.38,4.51,85,10333,147,5,0
1067,76.28,103.81,3.78,64,9341,86,7,0
1349,81.05,101.67,4.34,74,3236,333,13,0
150,69.9,119.34,2.65,99,6485,320,3,0
299,97.07,98.61,2.85,97,6101,316,0,0
3118,89.29,87.71,6.52,88,3794,63,4,0
562,86.12,77.45,3.18,73,12077,10,13,0
326,79.01,82.17,4.97,88,12553,298,1,0
919,95.62,100.49,2.89,100,12368,244,9,0
2339,98.43,98.6,5.45,55,14446,336,1,0
429,59.7,86.01,2.42,63,3041,315,1,0
2316,91.36,91.42,2.65,60,2608,162,0,0
1666,88.35,95.15,1.94,67,10798,275,9,0
2447,99.48,86.42,5.94,79,13237,323,8,0
2259,82.28,87.39,4.8,79,13866,282,9,1
647,90.16,104.91,2.81,87,14954,203,2,0
1147,118.85,98.59,4.6,91,13365,16,8,0
2189,89.69,101.82,1.52,60,9292,187,2,0
2500,75.51,89.68,2.18,78,1909,242,3,0
1129,81.35,99.58,4.49,57,14988,171,8,0
615,106.36,90.2,1.72,89,3183,187,3,0
1599,64.41,104.83,4.19,71,12888,333,11,0
1572,69.53,88.9,4.72,55,14943,87,7,0
1790,85.57,81.04,5.25,59,9648,72,13,1
1664,84.7,93.15,3.16,86,1507,114,9,0
1019,66.73,93.34,5.54,64,11428,227,10,1
1754,84.44,98.64,3.39,88,2549,291,12,1
2343,80.53,85.94,5.89,75,7595,248,13,0
878,88.77,95.16,4.79,71,1973,12,14,0
1338,82.73,100.02,4.56,95,5753,75,9,0
1773,87.46,88.61,3.47,72,13033,105,13,0
2280,89.5,98.53,4.31,80,11088,305,14,0
1074,86.05,76.6,4.03,52,1263,40,13,0
400,81.4,100.06,4.74,92,5348,232,6,0
3156,105.78,96.46,5.14,95,8273,228,3,0
800,90.39,83.07,5.91,74,7190,81,1,0
187,68.09,89.57,2.95,50,1109,125,7,0
1665,88.49,80.44,7.17,95,10318,278,2,0
2517,78.27,95.12,5.89,63,2550,179,2,0
1094,76.64,105.18,1.32,85,10873,301,7,1
791,74.59,89.62,3.24,59,9568,245,13,0
368,93.94,93.16,3.37,99,8843,265,10,0
475,77.5,102.57,3.92,56,6005,188,12,0
2540,102.06,92.38,6.58,73,7587,342,3,1
2191,70.13,96.21,6.7,54,7652,276,6,1
794,88.21,83.1,6.15,65,8834,65,2,0
1923,95.73,96.97,3.39,99,9705,140,1,0
3037,84.1,93.03,2.51,66,7917,30,5,0
1411,93.08,82.84,3.34,52,8770,124,4,1
1862,83.23,108.57,4.46,79,4139,105,10,0
421,99.11,81.48,4.9,85,9473,241,12,0
2796,69.34,89.3,3.79,95,12618,80,1,0
1676,69.03,98.07,6.12,63,4575,69,10,0
2606,79.18,93.77,6.12,88,14338,104,2,0
2664,90.73,95.78,3.1,96,13993,257,7,0
180,84.48,118.6,4.96,59,9331,116,11,0
1656,86.81,95.96,5.62,86,1160,116,0,0
1488,103.3,86.24,5.61,90,4019,160,10,0
261,84.44,108.57,3.42,77,9593,238,14,0
2949,101.54,79.94,2.44,93,3133,157,3,0
3045,81.24,104.45,2.79,92,2235,125,13,0
1448,77.13,86.37,6.17,92,5109,198,5,0
2136,94.63,106.95,4.11,50,3456,217,0,1
1556,92.06,98.54,4.02,75,1497,334,7,0
2791,91.56,91.63,2.1,81,7635,10,0,1
607,77.64,100.81,3.92,74,3564,199,6,0
3157,93.62,91.03,2.74,70,5617,338,12,0
393,97.88,96.23,4.03,74,9210,28,0,0
1131,99.92,90.0,2.5,73,10939,319,0,0
1363,98.61,106.07,2.79,66,11484,212,9,0
2021,93.11,73.36,4.81,53,1971,79,9,1
832,83.12,91.61,2.97,99,12553,54,5,1
2210,80.02,85.68,6.34,99,14298,34,9,0
2646,85.83,87.96,5.69,89,5029,143,5,1
1158,103.36,78.83,4.91,88,7110,5,14,1
1163,79.25,93.73,3.96,90,14786,290,4,1
2225,70.28,111.52,7.01,100,12764,250,14,0
2503,76.61,81.76,4.94,63,2344,13,8,1
1663,112.27,88.91,3.67,54,6417,212,3,0
114,85.04,94.16,3.99,82,9821,156,3,0
2284,96.04,98.6,2.42,54,13363,218,4,0
21,87.8,94.05,6.6,71,1894,111,4,1
2302,71.05,99.37,4.41,80,13815,21,1,1
2024,85.37,99.8,1.67,50,5314,264,11,1
818,120.46,89.26,5.73,75,14591,15,4,0
159,91.2,85.62,5.07,87,9912,116,14,0
3098,73.56,101.36,4.96,84,7295,24,14,0
1193,81.34,91.73,7.33,76,5741,27,13,0
259,101.5,104.22,4.43,97,3228,119,0,0
338,77.82,85.79,2.62,95,5880,341,11,1
1106,87.74,93.86,6.85,62,3648,270,12,0
2429,78.86,106.73,4.48,95,13817,160,3,0
1464,65.41,98.9,1.86,76,7889,44,13,0
901,92.75,106.98,4.33,66,7920,137,2,0
1814,71.59,100.12,2.73,50,12848,193,6,1
168,67.5,89.01,3.24,53,1423,353,8,0
1975,90.93,90.13,5.34,54,13806,130,9,1
1291,102.53,90.45,3.33,65,10022,72,7,1
3178,89.97,104.93,6.11,71,4540,216,6,1
2109,60.54,95.31,3.5,54,13139,134,1,0
1632,77.24,85.1,1.86,85,13062,22,10,0
45,96.66,80.4,3.46,95,10505,289,13,0
2860,80.73,93.14,4.55,90,2937,355,1,0
1540,83.1,108.04,5.88,64,9540,240,7,1
1705,81.28,84.86,2.49,53,1465,211,3,0
1259,82.67,98.3,1.75,95,12267,343,13,1
1807,110.02,92.84,2.8,65,8914,181,13,1
2685,81.41,97.72,2.66,61,3891,188,11,1
2064,78.64,103.53,5.99,68,3911,87,11,0
657,92.16,98.58,4.38,92,7284,264,2,0
3046,100.3,93.71,1.28,69,5384,335,3,0
2271,72.28,90.43,7.29,91,12399,282,1,1
513,103.99,96.89,3.02,81,5128,360,0,0
2556,98.72,92.11,6.02,72,13949,100,0,0
1628,83.32,93.93,3.6,87,5668,82,11,0
2892,76.29,104.49,2.71,54,5901,98,11,0
2659,84.18,88.65,1.96,82,3342,201,6,0
2293,80.97,92.85,3.82,59,10125,315,11,1
2774,91.0,82.57,4.32,70,7266,254,4,1
1232,92.83,81.33,4.99,77,3281,275,9,0
3081,89.98,94.74,3.53,75,10063,311,4,0
1880,83.93,78.31,1.07,94,5422,12,6,0
1329,92.6,91.92,2.47,88,1966,273,1,0
2359,93.22,93.82,3.49,89,9120,109,12,0
2786,91.7,90.0,2.84,60,10568,100,2,0
749,76.5,80.62,4.16,73,3687,96,8,0
3144,110.62,100.17,3.69,91,5377,207,12,0
500,53.17,97.49,3.87,100,6243,86,13,0
305,80.21,86.39,3.65,60,9306,105,10,0
1196,90.75,81.13,4.62,72,2600,74,5,0
3113,92.77,91.01,3.29,87,6171,126,11,0
3160,91.88,87.22,5.18,92,10576,97,11,1
174,86.88,111.78,3.51,72,9574,139,14,0
978,78.5,85.66,2.61,85,1593,136,14,0
2968,75.66,91.84,4.05,65,12329,43,8,0
1829,84.37,98.17,1.22,69,4058,220,2,0
1508,96.31,90.48,4.58,97,11425,117,6,0
303,91.85,95.29,4.24,60,4129,204,9,1
1620,84.04,99.59,5.55,95,11398,20,1,0
1261,67.86,91.79,6.29,76,5222,176,1,0
2922,86.95,99.63,1.31,95,13585,88,13,0
378,96.35,97.25,2.77,81,14455,101,7,0
867,91.57,91.8,6.32,78,14433,288,8,1
1456,74.54,104.16,1.41,56,7892,97,0,0
1970,80.99,84.38,2.53,87,7519,256,5,0
1098,74.51,100.03,2.07,62,11216,312,6,1
477,92.07,94.41,5.61,100,6004,152,5,0
2991,104.65,101.13,3.65,86,9463,43,6,0
3128,80.93,91.14,4.62,77,10394,241,5,1
1654,84.43,102.86,7.26,66,3657,321,2,1
1356,99.07,87.49,4.37,98,7682,56,11,1
2154,111.41,92.17,4.77,92,9037,212,7,0
2618,72.4,79.69,5.04,59,10704,166,11,0
3142,78.24,105.03,3.65,59,11092,262,6,1
1217,73.43,90.91,1.35,100,13878,43,11,0
687,80.24,106.24,6.28,99,9469,219,12,0
2084,77.35,92.52,5.03,78,7533,91,0,0
103,62.1,97.57,4.7,64,11277,267,8,1
2319,99.13,94.85,3.77,77,8006,163,0,0
2901,71.51,92.2,5.33,61,14056,242,8,0
1077,68.61,109.53,5.35,92,13234,264,4,0
172,59.06,97.63,2.14,98,9246,107,9,0
495,66.16,91.21,1.57,84,13901,167,9,0
532,71.73,93.17,6.75,52,10596,38,13,0
933,72.19,103.34,4.45,73,14371,319,12,0
2554,93.7,98.97,4.57,86,3389,323,4,0
937,96.55,96.47,3.62,51,7383,352,6,1
1600,88.85,90.71,5.1,61,7128,97,9,1
1196,76.08,85.4,2.28,98,6911,122,2,0
2039,93.62,98.27,6.07,78,9823,22,3,0
73,69.2,103.75,3.46,66,13902,86,9,0
957,96.36,91.91,3.45,88,4366,174,11,1
2191,82.0,95.13,3.46,71,11819,277,12,0
680,107.14,88.92,1.93,55,13187,2,14,1
2776,118.79,87.99,2.68,95,7074,282,0,1
2162,63.94,103.92,5.28,74,11734,188,10,0
436,79.62,92.91,5.23,67,13686,350,14,1
2778,83.56,95.99,4.02,71,4259,27,3,0
2356,84.85,108.39,4.29,67,2281,13,7,0
225,72.42,98.71,5.22,75,3367,108,6,0
343,95.29,90.32,7.13,100,4038,110,8,0
1285,87.34,80.92,0.05,68,5089,250,7,0
2706,84.73,101.42,6.03,75,1673,36,6,1
2584,81.64,89.75,1.46,80,5020,244,12,0
599,99.33,109.29,2.76,98,10400,91,14,0
709,84.13,94.26,3.9,53,2081,328,3,1
956,75.07,95.27,1.79,99,8509,26,1,0
1312,94.32,68.54,0.49,74,10961,15,6,0
2757,79.75,88.51,3.27,70,14356,49,5,0
2913,69.47,96.19,2.1,66,2669,182,11,1
3115,75.17,107.85,6.01,94,7333,189,0,0
2884,106.83,91.23,5.39,54,3068,188,3,1
700,90.15,87.59,3.26,97,11380,284,13,0
1228,94.93,113.32,5.22,90,6288,40,5,0
367,79.83,94.95,3.76,77,6279,275,6,1
2024,93.34,89.42,4.97,72,7734,200,8,1
1763,102.16,100.22,3.16,71,9404,143,10,0
2636,92.16,101.75,4.83,83,3135,153,11,0
1582,92.92,95.47,4.05,92,12225,303,5,1
491,91.51,100.01,3.59,69,8583,345,14,1
1701,98.81,87.16,3.2,82,13044,243,4,0
1790,104.82,96.0,1.75,59,6267,173,3,1
2179,82.67,107.99,3.66,73,13120,5,3,0
1622,98.98,103.26,1.79,82,10639,324,11,0
557,66.11,93.59,-0.23,80,10007,60,7,0
3160,76.3,98.83,3.68,64,13466,30,6,1
1151,92.78,95.09,2.92,79,12383,77,5,0
14,76.06,101.99,5.54,94,1946,148,14,0
1989,89.55,87.65,4.52,92,5071,97,4,1
47,112.19,93.55,4.16,94,7544,200,9,0
295,94.29,80.57,2.25,93,2394,322,8,1
1476,88.15,98.26,3.28,58,11870,127,13,1
678,92.98,97.53,5.92,88,10283,143,11,0
1903,102.88,102.48,2.49,60,8388,92,2,1
1141,72.34,102.15,-0.21,54,8848,217,3,0
1560,83.82,89.47,3.59,62,3269,103,7,1
2896,88.99,104.6,3.54,76,14293,81,13,0
970,70.68,96.87,6.68,86,6311,233,6,1
177,81.03,105.49,3.9,76,11067,76,2,0
1292,91.8,86.31,3.68,69,10799,201,5,0
377,73.75,81.81,5.1,60,4731,98,2,0
3067,96.77,88.66,4.69,94,3822,127,12,0
2134,96.76,103.45,2.44,99,13298,109,14,0
235,97.61,115.91,6.29,81,7714,51,9,0
2837,96.16,87.06,4.77,68,2703,138,7,0
1054,89.65,96.34,6.84,76,12555,107,0,0
2013,120.68,77.87,1.92,78,11185,116,0,1
381,99.1,96.2,5.32,92,13918,286,6,1
3031,85.02,85.27,4.09,63,3569,330,0,0
238,67.81,97.25,1.56,79,10333,28,9,1
1421,104.53,92.74,4.78,66,10572,14,8,0
2733,91.72,76.77,5.66,84,8927,123,11,1
2979,77.57,105.16,4.19,61,14452,73,3,1
198,104.0,99.78,3.56,99,1101,243,13,0
2262,79.11,88.71,2.94,65,13880,362,11,0
1279,93.0,96.03,3.22,55,3611,85,9,0
767,73.0,98.77,2.79,80,9943,359,13,0
1770,85.43,87.76,5.51,54,12719,106,2,1
114,74.95,119.86,4.76,97,11269,100,11,1
2522,88.56,103.49,5.1,89,13142,290,6,0
2200,80.74,92.56,3.37,53,8156,118,0,1
1473,67.42,88.06,4.69,70,7439,327,6,0
33,81.32,94.11,5.87,75,10723,260,5,0
479,89.33,98.74,2.5,72,12719,129,0,0
1317,65.47,100.15,3.24,82,10373,94,3,0
2874,90.54,90.16,2.36,88,13100,270,4,0
1488,100.13,98.03,7.15,80,1044,91,0,1
2534,75.07,97.17,5.92,93,9526,87,11,0
1813,105.35,87.27,5.26,58,8753,288,14,0
1053,88.19,86.99,3.5,89,6614,62,7,1
1899,85.2,78.41,5.28,83,7467,207,12,0
2787,75.27,90.5,4.06,58,12268,158,3,0
3004,97.28,97.14,3.62,72,6423,161,11,1
253,85.21,103.58,5.97,64,14565,347,0,0
1742,96.76,95.38,3.82,60,12031,78,7,1
2621,56.14,100.58,5.39,81,6423,55,12,0
564,77.69,83.62,2.4,62,2358,316,10,1
30,90.49,100.62,6.64,87,2042,214,6,0
1123,80.02,96.84,5.32,80,8707,239,6,0
638,82.36,93.89,1.96,89,13406,353,6,1
833,80.21,90.33,3.27,67,1925,84,11,0
3048,77.79,84.86,4.29,76,8239,295,5,1
2581,90.7,90.66,3.69,90,2401,223,7,0
94,103.6,86.24,4.01,87,7623,27,13,0
1979,88.12,91.48,5.7,98,10409,61,8,0
1458,90.43,91.72,4.99,57,10593,256,11,1
1369,69.04,105.71,2.94,63,13150,163,1,0
1146,85.11,106.02,4.2,86,8233,349,1,1
300,84.16,103.53,5.65,85,1467,315,0,1
2271,100.31,108.51,3.32,70,8873,96,12,0
144,104.91,91.38,5.54,69,6424,283,9,1
874,93.3,94.17,4.22,94,13934,131,6,0
2146,71.83,90.05,4.84,55,9725,109,1,0
3073,94.14,114.92,3.62,84,3927,263,2,0
1528,86.58,93.02,4.83,65,9296,94,2,0
1179,85.62,109.52,4.61,79,9093,252,4,1
82,81.94,97.71,7.53,84,10387,318,10,0
481,71.35,103.48,3.78,53,8137,1,4,0
83,114.53,92.8,4.77,86,5824,55,6,1
147,82.97,97.36,5.47,87,13195,289,12,1
1418,80.0,94.8,5.86,82,2355,277,0,0
3059,86.66,98.71,1.69,65,1053,291,4,0
289,74.46,94.42,4.04,73,13954,231,0,0
828,74.68,102.53,3.08,76,6210,74,7,0
2391,84.91,100.36,1.79,73,1359,214,2,1
2715,101.38,99.17,1.29,64,9492,53,12,1
1520,61.74,105.1,4.82,98,2881,134,2,0
2969,89.99,106.51,4.02,97,12542,274,0,0
1903,83.34,98.49,4.36,68,4436,102,14,1
3150,77.82,96.76,4.99,79,5358,294,11,0
325,102.73,98.57,3.87,95,14894,75,7,0
1174,79.12,91.09,4.59,61,2415,343,9,0
983,64.55,100.33,3.38,74,13620,83,10,0
1284,63.68,94.77,0.6,97,3103,202,12,0
986,84.51,101.09,2.53,83,2662,160,3,1
3144,96.57,83.36,5.18,74,13462,11,1,1
1411,65.66,91.3,3.37,85,2732,359,12,0
2449,79.9,95.44,5.03,99,10125,216,13,0
366,91.33,88.53,4.2,80,14492,218,7,1
1431,75.9,101.06,3.13,59,1557,283,12,0
1077,85.04,87.41,5.5,96,8968,44,8,0
3164,88.73,98.09,3.53,98,6846,316,1,0
2157,99.23,92.06,3.17,65,12808,12,13,0
648,96.01,93.73,4.61,53,3971,251,14,1
942,90.59,102.16,6.97,96,7971,360,6,1
1756,80.56,73.9,2.46,53,3001,295,2,0
1170,53.05,94.45,4.07,85,9123,95,3,0
1802,87.76,89.62,5.66,81,9813,13,1,0
1092,83.27,90.16,2.35,89,4203,334,10,0
523,85.8,87.43,4.95,70,1076,49,14,0
274,95.76,90.99,4.99,62,7148,308,9,1
2674,84.65,90.81,3.75,92,1578,143,0,0
2400,96.86,90.01,5.57,74,11817,66,9,0
1173,87.43,101.03,3.43,70,13954,42,3,0
2460,91.24,88.78,3.71,52,9757,137,10,1
339,78.77,100.6,3.94,99,9268,268,4,0
1067,77.46,108.84,2.17,78,12428,123,9,0
1521,93.5,99.85,3.29,78,1192,266,2,0
3090,56.28,103.84,4.09,67,3658,177,13,0
241,78.44,91.14,3.78,66,2724,349,8,0
529,84.26,89.4,5.62,63,1270,247,2,1
629,75.42,98.68,2.33,64,3828,211,10,0
2748,88.32,83.51,4.72,60,9960,128,2,0
2719,90.83,88.29,3.59,51,2629,181,1,0
1694,86.61,88.16,3.57,88,10757,171,13,0
837,88.0,94.48,5.54,67,1098,279,6,0
1803,94.38,114.78,4.14,92,10580,207,4,0
2089,95.63,91.07,7.0,100,6763,153,2,1
1947,102.49,103.02,2.69,54,4268,5,0,1
793,86.27,99.54,2.44,63,11636,111,0,0
1904,70.95,95.81,1.81,76,11552,199,14,1
1745,85.22,90.3,4.18,71,5899,224,2,0
1132,56.73,99.81,3.23,82,12858,357,2,1
2286,79.39,93.34,4.62,97,3833,160,3,0
658,84.69,100.22,3.06,99,10541,227,13,0
77,91.71,91.46,5.84,95,6018,135,11,0
774,92.97,98.02,3.4,98,12971,133,6,0
1644,87.06,108.65,3.0,79,13150,222,4,0
1207,86.55,107.81,5.45,75,8756,310,6,0
2087,116.85,97.4,3.04,76,8816,157,14,1
1066,89.87,93.01,4.45,79,9064,257,10,0
1456,81.28,100.32,5.37,50,1604,88,12,0
2126,80.59,92.87,4.17,66,4225,307,11,0
2957,89.18,98.21,5.21,86,1626,133,5,0
1011,83.94,104.05,2.43,72,7986,255,3,0
2123,100.77,107.7,4.32,66,10413,237,1,0
2426,78.19,104.97,3.14,87,14855,78,8,0
2847,72.91,100.46,4.12,85,13485,297,3,1
2464,97.33,88.86,1.78,74,5294,162,11,0
1835,83.58,89.05,4.38,62,1679,145,11,0
2004,100.4,99.23,2.56,90,10941,256,0,0
873,99.83,94.43,5.55,83,10662,243,7,0
1309,68.23,73.71,3.94,65,3757,117,1,1
2140,91.61,86.91,5.65,98,7307,320,14,0
1658,99.07,90.75,2.88,60,9768,297,6,0
2648,88.09,98.46,3.99,81,13764,358,2,1
1602,86.67,89.83,5.22,66,10107,325,8,0
1643,86.15,87.56,3.34,84,4977,355,13,1
1780,87.01,104.67,4.2,52,3825,160,9,0
2815,96.59,96.76,5.79,64,8126,339,7,1
2903,93.66,98.53,4.78,83,13348,117,3,0
2224,89.13,87.64,4.86,53,3703,171,11,0
1200,85.74,96.59,3.59,60,11402,156,11,1
887,87.31,96.17,4.19,90,8360,178,9,0
2623,60.3,107.4,3.11,76,3222,337,14,0
1888,84.51,93.57,2.42,61,13778,165,9,1
119,62.63,98.41,4.89,80,13166,256,8,1
1089,67.6,99.07,3.27,52,13945,150,4,0
2613,91.58,107.2,3.31,59,1799,334,4,1
2975,103.43,82.42,3.66,100,3647,284,8,1
363,91.46,98.72,2.2,92,6317,272,1,0
1280,77.96,110.55,3.7,67,1360,86,10,0
2031,86.85,92.24,5.34,68,3283,90,5,0
932,86.27,87.11,2.12,90,3231,274,2,0
1526,99.47,93.97,3.16,93,2633,50,9,0
2099,86.37,98.67,3.46,82,5331,280,5,0
338,88.03,88.58,5.52,61,6867,277,5,1
2576,76.26,70.0,4.57,67,3491,274,11,0
1248,79.41,83.99,0.55,73,9412,220,4,0
943,75.72,89.95,3.54,55,13645,259,9,1
1334,96.2,93.14,5.56,91,6154,156,5,0
1423,97.13,91.8,3.58,56,7424,218,13,0
1148,97.04,86.06,5.11,89,3621,204,0,0
1933,109.41,96.26,5.55,71,5000,285,10,0
413,77.24,89.73,2.19,77,3604,258,5,0
44,83.23,94.79,6.68,50,9502,287,10,1
295,105.77,77.86,3.81,68,14620,356,10,1
2732,89.5,85.05,5.93,60,8999,146,14,0
1530,91.59,80.32,4.13,97,6090,230,6,0
287,84.28,80.85,2.67,83,12258,221,14,1
2142,91.2,79.25,3.41,95,2585,72,11,0
1670,61.89,107.29,6.9,83,9623,132,0,0
1925,88.12,95.28,4.78,82,12186,120,1,0
859,102.74,80.0,4.63,91,4294,301,7,0
184,82.17,97.34,5.51,57,5935,344,0,0
387,97.31,88.02,6.5,57,9045,2,4,0
938,77.98,94.7,5.0,81,1105,240,4,0
136,98.79,94.62,3.39,88,3700,256,5,0
125,98.6,105.48,3.28,74,2348,320,14,0
2734,82.37,88.94,4.2,56,12233,121,9,1
2962,58.49,92.79,3.97,95,1080,271,7,0
1033,81.03,97.17,1.94,82,13699,360,12,0
2273,89.34,85.3,7.6,52,3591,183,10,0
1865,77.13,95.85,4.92,58,5178,3,5,0
1009,92.93,101.33,4.48,53,1590,308,8,1
2927,86.6,82.11,4.82,95,2754,222,7,0
3169,96.22,89.79,4.46,67,14253,177,3,0
668,77.98,88.71,4.45,77,11830,219,0,1
2756,79.01,95.22,5.82,99,12468,73,4,0
2994,82.15,111.08,4.84,75,2953,319,4,0
2901,86.8,90.35,4.55,74,13612,236,8,0
1728,78.26,104.45,3.47,82,4588,269,0,1
2899,81.0,80.35,3.85,60,8263,294,4,0
719,67.11,94.52,6.48,54,9707,1,13,0
1343,82.77,90.71,4.51,54,7263,210,12,0
206,91.3,96.11,3.88,67,10612,47,10,0
2208,91.96,89.77,2.51,72,10880,96,4,0
2624,109.88,87.7,2.96,72,11606,197,0,0
984,105.33,96.03,1.14,60,12997,311,5,1
1816,78.03,70.06,5.17,63,4101,132,5,0
834,90.16,89.0,6.18,66,13512,38,11,0
1201,79.68,82.14,3.03,63,9884,292,5,0
961,110.83,93.87,5.08,86,11233,180,11,1
1817,76.51,94.81,4.85,58,7941,364,1,0
2485,84.76,99.72,5.04,90,12803,292,13,1
2570,78.96,112.58,1.48,56,9260,186,2,1
1433,90.27,101.29,4.6,79,2917,164,4,1
2622,67.25,84.2,2.34,92,13270,77,14,0
2547,82.4,93.3,2.95,80,1290,21,11,0
1528,87.37,96.17,2.24,95,1701,187,13,1
2032,83.07,106.26,4.46,70,13077,58,11,1
2555,73.03,89.57,4.34,74,10769,237,6,0
2578,75.54,90.96,3.21,91,11458,22,12,0
3119,67.61,89.5,2.35,74,1202,69,3,0
1944,77.01,103.01,3.99,63,3004,190,1,0
2400,95.61,100.84,4.99,58,10424,112,9,0
2337,75.23,92.6,5.66,71,8733,93,8,0
1704,85.94,103.43,2.11,79,10174,97,7,0
1103,86.72,101.23,3.19,78,4641,225,1,0
1285,91.18,98.78,2.53,69,2667,133,0,0
330,101.47,85.77,4.57,76,2574,78,12,0
237,79.26,97.8,3.34,54,8022,72,9,0
1375,72.08,87.26,2.22,82,2989,210,13,0
802,96.56,85.99,4.25,85,7071,134,14,0
530,83.18,89.02,2.99,84,13501,25,10,1
2510,94.9,92.53,4.57,52,5960,96,4,0
3094,84.65,103.79,4.49,58,8904,351,7,1
2078,86.29,92.52,2.39,93,12903,120,13,1
960,82.92,93.2,3.77,55,1630,346,0,1
2332,90.96,97.68,6.18,71,3867,4,2,0
229,72.25,97.38,4.03,82,5176,91,10,0
879,78.13,87.83,1.25,86,10037,116,12,1
941,95.8,104.16,5.15,74,7262,186,12,0
2883,91.8,85.76,3.83,88,9330,40,3,0
989,95.45,99.31,4.03,76,5865,134,2,0
2512,87.81,98.0,3.27,55,2800,120,6,0
1857,91.54,100.16,4.62,73,6379,173,7,0
1689,98.45,98.12,1.35,89,11041,210,12,0
2304,65.55,93.44,3.77,73,13034,301,2,0
410,89.12,89.01,3.25,65,4703,165,10,0
694,88.85,97.82,6.22,76,9467,174,1,0
952,94.7,100.99,6.84,77,10103,273,7,0
301,95.6,116.81,2.44,56,10330,240,5,0
985,77.13,85.05,3.62,51,4881,45,5,1
2995,79.57,94.38,4.86,89,8510,269,7,0
2906,88.45,108.21,8.33,77,10711,223,13,1
1002,72.11,78.06,5.95,66,8520,300,0,0
78,68.2,95.95,2.9,67,11343,41,3,0
906,99.92,85.82,3.94,92,11946,206,4,0
3138,104.91,98.52,2.63,83,8412,200,11,0
419,77.48,91.73,3.9,71,2130,150,7,0
1330,98.74,98.0,5.65,66,11595,66,12,0
409,79.63,76.21,3.11,84,7204,309,9,1
2700,90.92,87.12,6.33,63,3747,70,3,1
305,83.06,105.39,3.6,79,2489,27,11,0
2994,96.49,83.13,3.57,63,8852,323,7,1
231,83.45,88.44,7.18,80,9004,168,1,0
2166,87.08,100.97,4.54,91,1371,77,9,0
1085,84.1,92.91,4.02,58,4363,134,11,1
1334,79.06,90.2,2.55,75,3607,298,3,0
1324,77.72,110.4,2.98,80,13120,267,9,1
1403,88.01,94.06,5.57,67,10311,133,1,0
202,84.3,92.2,4.52,50,8163,133,3,0
842,71.61,84.39,2.73,90,9680,75,2,0
987,78.34,90.28,3.85,64,5078,161,14,1
427,83.05,92.02,2.83,97,8495,120,10,1
1298,84.83,96.08,1.97,63,8596,282,10,0
1842,96.88,88.99,6.91,82,7397,24,14,1
1823,82.94,91.55,4.29,100,5236,40,4,0
1138,103.81,84.37,4.98,60,4387,106,13,1
1516,58.24,95.03,5.01,65,6937,208,7,0
587,87.93,97.22,2.02,87,7301,298,12,1
2383,87.38,80.78,4.41,57,9435,199,0,0
2002,83.93,98.45,5.49,68,4516,37,3,0
2450,57.8,97.53,5.13,97,5877,213,0,0
1808,79.37,108.33,6.78,77,8780,332,9,0
2107,66.85,98.29,4.55,70,9401,15,1,0
1574,80.67,78.98,6.67,62,5267,186,0,0
3024,91.91,93.73,1.52,96,13764,125,4,1
558,88.36,89.88,1.47,63,14101,326,14,1
2820,83.96,91.64,2.3,57,12307,301,13,0
1091,99.01,109.89,7.36,70,6407,120,8,1
2775,79.94,97.73,5.27,99,7508,58,8,0
1940,99.21,84.01,7.54,85,8935,122,5,0
2666,90.54,100.05,2.94,76,2323,190,13,0
787,93.05,90.49,2.15,92,13605,213,5,0
55,82.93,96.44,2.74,81,13053,112,6,0
776,93.12,93.14,3.89,86,12340,30,5,0
2903,79.38,101.13,3.07,99,6924,249,13,0
2245,90.64,105.34,2.95,79,4214,75,3,0
1604,86.69,91.13,3.71,60,10628,347,7,1
1214,106.74,88.73,2.05,99,13080,346,8,1
387,74.57,101.58,4.14,51,1147,346,13,0
1517,93.27,84.25,1.95,63,2160,354,4,1
2217,88.39,90.44,6.74,87,7845,26,9,0
1300,105.17,94.01,4.34,100,10130,92,6,1
291,72.38,115.58,4.65,99,2948,167,14,0
2803,93.2,96.27,3.6,96,14940,37,5,0
1955,92.3,96.36,8.4,83,3473,106,7,1
270,67.34,83.33,5.21,85,14473,332,3,1
1436,89.49,89.81,3.76,59,7465,309,10,1
3164,74.1,97.1,3.26,77,4011,131,13,0
2814,81.58,105.53,2.08,77,11975,71,9,0
181,104.85,89.2,3.64,80,14921,10,11,1
3117,74.26,85.68,5.3,87,9419,47,9,0
169,79.07,95.35,3.66,50,8325,342,9,0
646,97.8,83.65,2.99,97,10099,201,3,0
2528,93.79,105.66,2.01,87,6230,66,13,0
249,88.12,108.18,6.26,93,4141,132,13,0
527,70.7,99.79,3.51,70,6157,48,13,0
1653,77.53,91.13,5.25,62,11510,275,2,0
3080,50.43,87.68,4.8,98,11451,208,14,0
3100,80.3,88.5,2.77,57,12860,45,6,1
2835,94.9,87.33,2.57,88,7462,278,6,1
2439,100.23,99.32,2.63,65,14505,22,10,1
3042,72.76,96.74,4.62,86,12756,165,12,0
2886,87.87,92.69,6.49,63,10963,145,9,1
2503,93.63,76.68,5.31,53,1210,52,2,0
1377,92.41,92.76,1.53,96,13437,85,5,0
1023,94.15,94.9,3.07,95,3217,205,12,0
1397,92.04,88.03,4.1,76,8941,308,3,0
355,75.67,91.59,4.87,54,7976,50,6,0
148,82.67,90.46,2.85,77,1114,138,1,1
528,56.46,102.31,4.3,96,3552,14,4,1
1447,94.59,95.53,2.1,81,4634,236,9,0
1272,75.3,91.71,2.78,52,7829,240,8,0
2006,81.16,97.8,7.48,67,3365,174,1,1
576,88.59,84.51,4.51,92,3641,23,2,0
2574,81.72,81.78,4.11,100,13431,128,7,0
2953,112.19,85.84,3.95,54,1329,358,5,1
284,76.84,79.22,4.87,86,4096,27,7,0
3012,70.53,95.85,4.57,76,5425,208,1,0
1186,89.76,98.06,3.84,66,7360,251,2,1
3033,90.45,110.09,2.68,93,9101,64,3,0
602,83.44,96.61,5.78,82,4469,259,3,0
1637,91.86,102.78,6.01,86,11027,154,10,0
1252,77.29,97.83,3.75,74,2806,236,6,0
2245,73.63,100.21,5.33,79,8439,188,1,0
1688,100.62,102.81,6.81,54,10366,230,9,1
1571,85.95,96.37,6.22,52,2087,198,13,0
230,70.87,80.71,5.09,86,5289,51,12,0
568,94.36,107.49,5.03,87,5618,100,10,0
726,93.91,100.96,5.06,77,13482,23,9,0
1223,101.47,104.19,3.03,66,3216,255,0,1
1927,87.12,92.96,4.53,67,10344,276,12,0
2537,71.64,102.81,2.39,73,12131,60,11,0
1767,87.38,98.75,4.46,55,6548,43,11,1
1203,87.73,78.81,3.74,88,8382,48,11,0
1836,77.81,94.72,3.72,63,12402,295,9,0
1189,71.86,94.78,4.14,72,9475,360,5,1
386,68.89,86.86,1.92,100,13803,185,7,0
1123,81.36,105.92,-1.17,66,3413,216,13,0
1738,86.7,82.56,2.96,64,11392,190,5,0
2326,83.1,100.76,2.5,65,4214,325,7,1
2180,97.09,95.0,4.9,58,14344,40,10,0
119,76.03,110.04,2.52,74,10812,325,4,0
1729,76.32,95.5,4.0,90,4869,310,10,0
673,72.36,98.48,2.16,67,13796,90,10,0
1585,77.53,99.47,4.23,72,14326,25,5,0
2235,84.79,92.39,7.26,54,1583,288,13,1
2252,67.13,93.12,3.28,57,3266,328,9,0
2119,80.76,86.86,2.94,62,11169,89,7,0
2029,82.13,91.98,4.74,80,6200,151,8,0
1111,65.31,106.41,6.07,52,6786,302,5,1
2174,94.77,99.38,3.4,100,11856,52,5,0
2131,92.11,102.4,2.51,70,14609,118,8,1
1011,77.36,83.6,3.22,62,11048,43,4,0
3148,103.94,96.55,2.82,100,9860,242,3,0
2439,63.09,89.71,6.59,60,12837,202,14,1
981,76.83,104.74,3.88,95,2534,269,1,1
1944,99.11,96.71,5.58,55,1873,359,0,0
1274,82.82,105.93,4.61,89,9350,74,11,0
1247,75.27,87.49,1.72,55,4902,360,8,1
591,114.02,97.39,3.73,81,9725,200,8,0
3068,85.32,90.84,3.52,76,3526,250,14,1
1919,86.31,100.19,3.87,57,7803,4,3,0
922,95.08,96.14,3.6,60,11169,217,11,0
2118,81.32,90.09,5.2,92,13613,200,11,0
2106,85.5,102.06,5.06,63,7180,215,12,0
2023,73.21,94.87,2.31,96,12830,346,10,1
721,81.17,108.59,4.32,60,13128,43,8,0
3079,70.69,105.71,4.83,92,3368,58,2,0
2680,79.91,86.85,2.43,90,10140,185,6,0
3105,75.26,94.13,3.25,80,11865,36,5,1
1941,93.44,96.41,3.79,64,2108,89,4,0
2822,79.24,107.11,3.85,71,11224,273,2,0
1688,85.05,80.95,4.35,50,13400,356,14,1
397,90.02,94.67,5.77,80,10290,219,13,0
19,70.17,100.75,4.98,63,8402,189,14,0
2650,110.24,86.79,5.94,96,12493,68,6,1
270,108.34,85.4,4.01,94,1096,230,10,0
2079,83.54,88.22,3.96,65,1378,263,13,0
321,87.6,93.72,5.95,88,14174,79,4,0
1183,84.63,96.05,4.03,80,6186,227,7,0
1823,101.69,99.96,0.5,88,14478,316,5,0
1774,70.46,92.19,5.92,60,2664,326,13,1
1322,80.47,101.22,5.72,89,11224,40,2,0
563,75.73,99.95,3.58,89,5530,44,14,1
2744,76.34,101.08,2.77,90,12988,52,9,0
1716,84.02,80.81,4.45,57,6616,318,11,1
814,96.53,78.36,5.65,68,10047,249,6,1
1594,59.32,101.11,3.38,74,14452,107,8,0
3124,100.93,106.84,3.49,86,12523,178,7,0
1847,67.55,89.71,3.5,51,3734,203,5,0
2982,89.84,99.37,2.15,98,4920,268,3,1
2052,81.12,92.92,5.38,56,9078,193,14,1
1484,86.89,85.41,2.7,53,4905,316,5,1
6,75.88,91.37,3.65,51,13694,42,0,1
2145,92.09,85.33,4.9,100,1444,9,11,0
481,94.01,85.61,3.41,90,2625,78,0,0
1966,84.92,101.23,2.89,85,6203,244,8,0
1712,88.06,84.96,6.14,82,7609,284,5,0
2251,97.25,91.2,4.13,58,5923,102,10,1
233,78.85,103.5,5.93,67,11366,42,8,0
408,95.11,94.91,5.13,84,4811,45,7,1
1815,85.26,88.32,4.38,85,11511,158,8,0
2927,74.68,103.55,4.66,53,4177,5,4,0
3000,90.94,102.55,5.18,64,5422,204,6,1
2584,93.07,93.9,4.67,93,14597,135,10,0
2734,87.9,102.23,4.03,60,2672,134,5,0
2320,70.8,93.38,3.81,84,12890,162,4,1
2675,85.37,87.44,3.05,96,12403,226,0,0
432,89.35,102.1,5.53,76,8352,5,3,0
36,80.87,92.56,3.26,82,6448,32,1,0
1711,83.69,101.64,2.75,72,8876,273,0,0
1787,98.97,89.02,4.81,54,3054,65,7,0
1152,98.59,95.44,3.74,77,8587,14,12,0
1179,92.22,102.38,2.35,82,5112,46,10,0
374,70.78,95.58,2.12,87,10788,278,12,1
2469,93.38,89.75,4.27,67,13738,346,1,0
725,87.27,99.45,2.28,68,14256,78,7,0
3087,86.56,89.64,5.06,68,12436,57,14,0
1733,82.06,97.03,6.86,78,3958,213,2,0
2953,97.28,92.0,5.48,69,4967,40,7,0
1917,105.68,92.05,3.12,59,3899,99,0,0
2221,97.08,96.78,3.58,61,9007,60,14,1
999,60.06,92.51,3.86,81,12846,305,5,1
1112,97.69,92.32,5.04,51,14493,102,2,0
1645,96.76,93.95,3.92,82,5554,266,4,0
2229,107.67,96.48,4.48,95,14638,11,10,1
19,79.81,112.6,1.62,77,4208,260,1,1
1981,53.96,87.95,4.09,93,1995,54,12,1
2196,90.37,109.72,4.42,63,13885,105,5,1
1554,72.66,91.73,4.73,89,13223,53,2,0
1943,87.76,103.27,4.29,72,9888,303,13,0
1612,116.61,88.25,2.71,61,13936,159,4,0
2802,95.03,100.04,4.1,77,12967,203,9,0
1040,62.78,91.05,3.39,98,4589,292,4,0
2843,83.49,83.68,3.19,80,14214,158,13,0
1590,76.6,99.48,-0.6,94,5072,346,3,0
766,80.07,91.53,1.17,71,5385,54,3,0
1052,89.88,96.34,5.83,82,9789,284,8,0
3038,88.32,81.21,3.21,63,8392,273,14,1
1325,80.22,101.13,2.0,77,10026,65,2,0
1666,90.47,89.72,4.16,54,12862,323,2,0
236,73.78,94.08,2.73,68,11972,86,6,0
1288,85.14,98.14,3.07,52,2999,161,4,0
1448,94.26,99.33,4.76,58,5218,141,6,1
1995,84.61,91.12,5.84,63,8103,88,9,1
2404,61.7,103.74,7.61,55,9170,38,13,0
2058,74.19,90.03,4.67,59,4681,330,13,1
2074,110.52,98.84,1.63,74,9991,240,5,0
306,77.75,90.47,4.53,69,3740,180,14,0
2061,75.78,89.72,2.02,89,7153,328,0,0
242,74.25,79.5,7.19,82,11982,132,8,0
141,91.69,93.24,3.92,76,13164,247,11,0
2648,100.63,111.72,4.89,69,13355,148,8,1
2464,85.1,109.45,2.8,98,7458,148,10,0
1102,82.52,97.14,4.81,80,3834,47,11,0
174,81.0,107.18,4.15,52,5935,201,4,0
2347,99.91,101.71,4.49,56,12082,128,7,0
2260,76.46,84.61,3.67,50,14432,17,4,1
788,90.44,93.51,4.46,76,3306,115,3,0
176,78.93,109.21,2.47,65,2526,326,12,1
3072,77.42,103.6,5.89,91,2913,86,0,0
1429,66.45,89.23,2.9,63,14888,273,4,0
1763,77.37,97.73,5.99,94,7080,166,6,0
28,105.03,90.3,4.94,89,6546,115,10,0
572,71.99,74.54,0.22,72,1899,86,6,0
2623,88.72,90.16,0.85,86,4403,160,1,0
554,96.13,96.39,2.8,94,13215,116,9,0
1074,89.16,104.39,3.74,99,13792,256,7,0
341,69.95,83.98,4.18,63,2664,86,4,1
2849,93.41,93.81,3.37,89,6139,188,0,0
684,88.79,98.0,1.12,64,3443,275,12,0
102,96.57,102.78,3.81,93,8441,234,13,0
1166,58.77,97.37,3.95,65,8876,92,10,0
2942,63.88,102.37,4.45,85,4149,241,8,0
2048,71.24,99.7,2.1,91,3616,326,12,1
595,88.69,102.52,5.41,59,3329,10,3,0
1202,77.6,83.59,4.73,59,6104,27,11,0
1026,88.97,94.71,4.28,66,13020,283,3,1
504,81.85,89.4,5.33,67,2125,49,7,1
1678,77.32,107.6,4.15,66,4233,25,9,0
1605,91.87,90.68,5.72,94,8243,195,13,1
2211,76.99,83.15,4.21,88,1077,275,6,1
299,81.46,86.23,3.06,93,7893,88,0,0
403,77.25,82.87,4.15,63,9088,211,1,1
1748,105.27,104.83,4.35,56,9167,80,6,0
1860,88.13,99.34,2.6,73,12604,342,9,1
1868,56.68,88.38,5.07,53,5516,357,13,1
1953,85.88,110.01,3.46,59,13620,110,7,0
469,94.92,91.93,4.04,75,1100,60,9,0
2340,60.09,99.1,4.0,83,12721,87,12,0
278,92.68,100.63,3.94,95,2293,226,9,0
2836,90.67,85.03,7.33,71,12061,264,2,1
3168,90.28,99.98,4.83,93,4399,270,3,0
2409,64.56,98.04,4.79,89,6829,284,8,0
495,93.0,92.82,2.14,92,13923,318,11,1
2712,95.24,85.26,4.76,53,12547,22,12,0
2459,92.04,93.05,4.83,60,9015,40,4,0
1155,62.42,93.22,6.58,97,4865,285,10,0
1181,82.29,95.05,4.83,77,3748,235,9,0
2001,104.42,99.68,2.81,75,7320,200,11,0
2563,93.8,107.43,5.09,99,8243,170,10,0
535,65.68,92.71,4.67,98,7772,46,14,0
1875,84.76,98.88,4.69,74,1744,170,3,0
1527,91.08,94.42,2.96,81,11671,148,2,0
161,88.8,100.22,2.05,56,7525,162,7,0
1596,73.91,98.63,3.68,76,12130,220,13,0
411,77.29,93.67,4.4,67,11622,284,2,0
3084,76.75,91.42,4.12,85,12170,241,6,0
2766,89.94,98.24,-0.85,89,14277,287,12,1
2782,90.99,119.23,2.64,74,4082,105,8,0
967,79.87,90.74,1.96,71,11124,229,3,0
985,82.7,104.27,4.6,71,5563,253,14,1
2922,87.14,108.43,3.04,78,3029,102,8,0
1784,84.26,101.92,4.88,52,9038,54,8,0
780,73.81,104.05,6.9,56,6056,311,11,0
2807,58.42,85.99,4.91,94,4094,38,6,0
232,81.19,80.55,4.11,67,12606,117,2,1
1305,99.48,95.93,3.84,65,6096,115,7,0
443,85.22,97.94,4.25,73,11015,310,4,0
2759,82.98,94.79,4.53,62,7128,66,10,0
1496,87.02,86.87,5.47,86,14686,119,7,0
1690,79.78,105.29,1.56,92,14159,322,6,1
2542,70.62,86.04,4.3,56,9384,57,11,0
2645,63.1,105.84,2.6,54,1538,103,10,0
392,94.79,90.66,6.54,75,7221,114,4,0
2960,71.22,92.94,4.11,96,1760,87,5,0
2852,67.93,101.75,2.18,57,4975,115,12,0
970,84.49,92.62,4.42,88,11755,149,12,0
296,76.94,94.57,4.66,99,10914,165,1,0
942,80.32,97.1,2.14,72,1659,154,13,0
2186,95.07,92.05,1.96,69,2234,193,14,1
3164,90.4,101.0,3.11,100,9954,102,7,0
1049,76.24,89.52,3.31,83,6888,95,1,0
2915,83.36,110.18,4.25,60,7051,245,9,0
3139,72.51,90.43,4.43,50,5927,270,3,0
645,87.09,98.02,1.8,68,3384,353,0,0
1919,69.11,92.13,4.76,69,6855,190,2,0
2817,110.74,85.61,5.37,80,3213,52,1,0
986,97.84,102.56,2.95,82,12557,85,9,0
337,108.52,112.41,3.85,89,11245,165,10,0
756,86.34,96.73,2.21,72,7212,43,5,0
884,94.37,92.18,5.26,73,2625,311,9,0
1592,86.32,90.25,3.53,80,5191,325,12,1
2758,75.95,95.91,2.52,57,1997,104,13,1
2507,88.62,75.67,5.05,98,8537,219,8,1
2010,76.76,87.12,5.34,54,14722,233,0,0
718,57.51,107.43,6.34,73,3904,359,13,0
2354,76.96,86.3,2.15,95,5456,187,7,0
1093,76.53,88.38,4.06,84,13376,85,5,0
2670,89.72,109.21,4.41,63,2799,62,0,0
1331,58.43,95.2,3.84,61,13639,261,7,1
1984,87.62,94.35,2.94,87,2715,346,10,1
2768,83.36,87.9,5.27,81,6809,91,4,0
2914,82.76,91.24,3.06,62,10927,69,14,0
2958,66.07,95.87,2.65,79,4673,193,12,0
2757,90.5,94.85,5.14,86,9174,201,12,0
1028,87.4,87.92,1.19,90,14383,99,12,0
2219,76.0,96.88,3.7,58,3165,103,13,1
2660,103.31,96.47,2.26,61,12560,44,12,0
816,69.22,105.26,2.83,86,3176,327,14,0
2153,83.95,87.63,4.67,96,14539,73,5,1
1038,74.78,95.56,2.29,89,11587,81,9,0
781,111.73,105.51,5.52,74,10293,242,3,0
1626,77.71,108.86,2.95,55,6344,159,2,0
2524,68.53,103.0,3.33,85,2680,69,14,0
1207,80.27,99.03,6.68,85,14825,139,5,1
472,83.58,86.77,3.2,52,13343,60,9,0
2197,102.78,89.57,3.55,58,6484,214,12,1
1257,78.48,96.52,5.61,66,4826,133,11,0
0,86.4,108.29,1.76,98,14077,187,6,0
2906,100.71,93.75,4.74,92,9631,153,9,0
604,82.19,89.72,5.44,55,2142,301,8,0
162,97.5,88.98,6.51,85,5010,32,8,0
1886,94.24,96.89,4.78,65,2754,215,3,0
2941,71.38,104.25,6.41,82,2733,34,14,1
2292,85.72,87.85,8.27,65,2951,183,8,1
1075,79.88,91.64,4.38,93,14554,214,4,0
76,85.53,84.47,6.77,76,11564,131,11,1
723,82.85,83.96,4.05,70,5703,210,13,0
592,79.99,87.42,4.24,91,9600,263,0,0
2679,86.13,96.58,4.74,94,7770,285,6,0
241,72.26,91.56,3.19,70,10877,53,6,0
1003,92.55,97.52,2.78,71,3861,363,9,0
1487,72.02,87.25,1.1,98,4993,75,3,0
777,73.39,103.5,3.19,87,8465,231,6,0
2836,75.69,93.02,0.92,82,6826,27,12,1
1852,87.4,105.14,4.46,99,12486,207,1,0
1663,100.57,86.59,2.43,61,13751,38,10,1
2639,102.9,96.16,2.55,56,2256,135,2,1
1936,95.74,83.24,4.12,70,5844,210,11,1
1535,86.36,78.9,2.64,84,7613,235,1,0
339,80.76,92.41,4.88,65,3585,115,13,0
1788,84.61,87.57,3.98,66,5723,1,4,0
211,99.82,90.74,4.37,80,3938,364,13,1
972,101.21,95.46,3.7,58,12092,61,0,0
1218,90.7,94.22,5.71,64,14049,343,8,1
1441,80.22,79.52,4.64,85,1401,236,13,1
934,79.67,80.69,7.58,58,5047,98,0,1
377,76.02,96.85,2.52,77,13627,299,7,1
2237,78.88,105.72,4.96,98,5040,350,3,0
1769,89.45,92.83,5.3,76,14772,320,1,1
2146,70.03,85.76,3.27,85,14464,238,3,0
227,94.49,94.54,1.6,58,1339,77,9,0
2861,100.06,94.36,5.67,86,1483,50,11,0
1614,79.71,94.24,5.15,74,9209,115,13,0
358,64.61,87.4,4.44,96,7927,79,12,0
1892,105.61,85.08,4.15,100,12906,206,0,0
592,81.11,81.72,4.29,82,9304,313,11,1
2784,101.47,96.49,2.77,88,9715,210,8,1
1378,74.95,95.84,4.69,51,8751,87,10,0
2328,102.89,89.43,2.86,92,1025,323,4,0
534,106.91,87.85,4.51,55,9013,58,1,1
2673,73.31,99.58,3.87,73,11289,172,1,0
1504,94.23,92.75,4.86,76,13966,147,11,0
2059,86.09,93.96,4.72,75,2113,313,11,0
1228,56.64,94.41,2.74,73,1366,279,14,1
627,65.57,114.63,5.2,61,8006,170,9,0
2182,81.03,75.22,2.79,66,13975,229,10,0
1800,65.93,87.23,1.89,50,14328,86,5,0
1197,80.59,105.01,4.31,60,4399,224,7,1
656,96.78,95.4,1.45,73,3594,257,7,0
2717,90.7,99.37,3.39,65,2591,257,6,0
2024,102.21,83.6,5.3,77,6213,47,9,1
497,104.99,104.25,7.09,82,11455,276,9,1
2478,77.65,99.2,4.24,68,13517,184,0,0
1711,82.5,92.56,4.15,87,12651,166,2,0
2736,96.48,93.38,4.97,82,12642,361,14,1
1337,70.83,97.0,-0.22,80,3603,184,13,0
2291,90.19,94.54,4.34,83,11829,63,12,1
360,80.57,89.6,3.74,92,4850,302,3,0
511,105.74,93.33,1.87,91,8909,287,4,1
2665,83.09,105.01,4.1,81,11123,158,2,0
1004,77.09,98.58,5.67,78,4763,28,6,0
501,98.22,105.49,4.34,55,4638,172,9,0
3049,91.26,92.55,4.92,76,2861,310,6,0
686,99.59,89.14,5.86,67,9534,336,12,0
962,62.47,97.37,1.65,63,10080,109,3,0
550,96.17,79.22,3.86,67,8952,289,5,1
2869,90.34,82.35,2.74,89,11719,210,3,1
2122,79.24,97.94,4.08,69,9696,329,5,1
1464,90.83,97.96,5.82,66,13782,323,13,1
2957,77.11,94.46,7.68,65,10787,154,2,0
1084,100.27,97.67,2.98,90,14168,324,6,1
424,106.16,90.28,4.36,89,11862,232,10,0
1799,71.16,94.56,7.77,84,7884,91,13,0
2845,88.15,92.47,7.65,69,7717,308,13,0
1055,81.29,89.53,3.46,50,3213,133,13,1
2811,88.84,85.51,4.64,58,4098,201,5,0
1667,81.41,101.76,1.98,83,13535,234,9,0
170,97.9,96.38,2.71,97,2349,336,10,0
666,84.13,94.85,5.11,65,9918,348,2,0
2378,75.22,99.35,0.24,85,14992,25,4,0
2559,98.64,99.5,4.14,56,12240,359,5,0
832,77.32,82.67,2.99,80,8288,318,7,0
1531,73.14,103.45,0.52,75,5455,314,8,0
520,58.92,89.83,3.89,68,7286,311,14,1
948,96.65,94.07,5.02,78,10168,54,12,0
1864,89.52,77.98,5.2,86,10664,222,5,1
1978,78.53,94.0,4.52,76,1342,47,7,0
805,74.58,109.3,3.66,59,11025,16,14,0
2817,87.56,92.49,6.99,68,11089,7,9,0
3020,110.26,98.59,4.49,61,5702,215,13,1
1466,86.55,101.83,4.3,67,4724,106,13,0
3132,83.92,110.73,5.38,100,10285,291,9,0
2965,78.49,89.66,1.08,55,5316,256,5,0
1491,100.07,93.05,6.82,68,14275,331,0,1
2213,92.65,94.85,3.81,98,9444,169,10,1
190,81.68,99.05,4.16,73,1423,9,14,0
349,101.68,88.1,2.88,68,14413,325,1,1
1107,87.91,89.25,2.75,96,7697,146,6,0
917,81.09,95.4,3.01,63,9000,208,9,0
1852,80.64,88.14,5.79,87,5153,295,3,0
2636,90.55,96.32,5.06,86,13175,257,6,0
1562,86.77,98.8,4.58,94,2152,285,12,0
425,87.94,104.79,1.35,61,13675,282,5,0
2620,82.98,96.13,7.52,84,3331,265,11,0
1755,88.69,100.98,5.83,70,9330,78,0,0
1034,78.51,97.73,0.12,64,11090,111,13,1
2659,75.61,85.33,4.83,69,4729,336,12,0
2737,82.6,96.98,3.19,83,10735,59,14,1
621,61.1,88.01,1.03,86,2974,113,9,0
1293,79.26,97.56,1.46,91,4204,31,10,0
2343,97.74,92.7,3.43,56,14757,7,12,0
1537,100.55,102.12,5.63,96,5603,272,0,0
1841,104.14,101.84,5.91,89,1589,176,3,1
2427,105.41,97.13,5.2,73,6303,351,0,1
2651,73.84,84.65,2.54,80,1848,160,9,0
583,100.0,76.89,4.91,58,4391,184,14,1
1764,69.38,90.94,4.48,72,14157,347,3,1
2024,85.61,110.51,5.08,97,12692,83,10,0
1859,95.71,89.6,2.18,97,11239,193,1,0
559,77.92,77.55,6.12,78,10393,265,13,0
2174,66.2,76.64,5.29,64,12092,267,2,1
847,81.16,97.93,4.43,57,8097,253,12,1
531,89.97,93.36,4.82,54,2575,288,7,1
42,87.19,97.47,3.58,72,14321,81,4,0
478,82.95,92.39,2.46,100,2978,34,10,0
1143,55.34,89.66,1.67,61,3028,3,2,0
1550,68.01,80.98,5.56,84,9602,92,2,0
2602,103.49,94.11,5.17,85,10989,229,5,0
166,74.6,91.35,4.37,54,5935,297,11,0
1941,87.99,82.62,7.42,61,14465,93,13,1
3135,55.15,89.63,4.61,69,7002,59,9,0
466,83.74,99.67,2.65,54,11352,153,2,1
2833,100.88,79.79,3.16,68,10090,4,9,1
99,73.12,97.94,3.57,57,3197,69,0,1
602,78.11,93.73,2.09,93,5478,161,11,1
769,73.76,93.85,5.64,54,14664,348,7,0
2780,105.35,96.47,2.76,71,4842,106,4,0
1515,81.36,87.21,5.62,50,8236,192,6,1
1366,105.14,86.85,6.0,81,12227,3,11,1
3062,86.8,96.78,5.26,54,6161,188,1,0
1560,88.57,99.15,1.33,75,7442,297,9,0
1093,101.16,95.57,4.8,65,7123,296,1,1
2353,79.55,98.26,4.25,63,3032,82,13,1
685,90.25,97.52,2.63,70,6070,304,6,0
3026,70.92,99.3,3.23,100,14215,269,5,0
160,79.86,87.52,5.39,78,11531,325,8,1
1098,74.78,82.85,4.86,85,8792,330,11,0
2929,84.24,101.94,6.06,94,4291,186,3,0
2511,101.42,93.14,3.99,50,7776,62,9,1
2837,94.16,90.15,3.52,52,9613,156,0,0
1722,74.79,93.72,4.74,97,10952,240,8,0
3175,88.39,98.34,4.21,82,8961,51,9,0
1128,96.9,89.75,5.18,88,1389,225,1,0
307,89.27,95.14,4.21,79,13867,134,11,0
474,90.35,102.28,4.13,98,1122,100,14,0
2643,68.5,93.01,2.16,84,8114,314,14,0
1115,88.93,94.34,2.9,74,12450,88,14,0
2497,78.31,101.49,1.19,59,2747,114,8,0
1184,91.16,88.76,4.77,93,10584,296,2,0
2143,94.71,103.07,4.71,76,14435,194,9,0
2789,97.69,95.02,4.01,60,6359,139,12,0
2359,73.43,99.58,0.87,68,13061,200,3,0
815,82.61,93.33,5.15,98,8105,40,10,0
2572,82.54,98.38,3.84,75,5646,153,3,0
1113,89.53,86.44,5.42,94,10289,241,0,0
2365,78.19,95.97,2.06,52,6585,208,1,0
621,89.29,112.09,2.77,52,10125,121,1,0
1661,82.55,84.25,3.01,98,9713,2,3,1
2072,76.6,96.24,3.54,66,6922,49,9,0
1580,91.78,88.74,5.54,100,4242,336,8,0
2719,111.35,96.44,6.45,100,13242,270,2,1
244,85.74,110.41,5.1,79,12783,294,6,0
155,96.87,89.56,3.32,65,13933,230,13,1
2181,74.16,94.88,4.72,65,7312,340,9,0
2218,83.07,91.16,3.97,81,2639,175,1,0
1627,78.06,93.29,8.26,86,3973,76,9,1
908,81.22,94.06,3.91,86,4320,219,12,0
393,103.43,105.29,4.3,75,8847,103,4,0
583,117.37,95.2,6.33,52,8125,206,13,1
329,75.86,98.46,2.72,76,10865,218,1,0
2115,101.47,102.83,3.15,61,2404,310,0,1
1954,99.63,94.24,2.27,71,9878,254,3,0
2955,103.5,97.64,0.56,55,4539,75,14,0
3,86.1,95.88,6.57,78,9871,105,5,1
1019,79.74,93.71,5.22,81,9554,242,14,0
3106,97.93,93.63,4.2,83,14072,156,13,1
1945,64.83,102.0,3.94,54,6127,164,12,0
1273,87.67,100.23,1.42,69,11064,364,1,0
2663,84.67,98.83,4.11,76,1500,5,6,0
2116,82.6,87.01,5.52,76,9405,191,3,0
2375,122.74,96.46,1.89,77,11304,194,3,0
1210,89.7,91.18,2.72,81,11850,276,13,1
2718,82.19,102.71,3.85,57,3198,271,0,1
1208,127.25,97.19,4.04,99,1664,308,9,1
2653,85.04,103.96,1.39,75,2335,211,2,0
1889,102.54,104.07,3.56,85,12241,35,0,0
2878,77.96,102.18,2.02,90,4918,57,9,0
166,64.62,88.09,4.48,61,6451,319,13,0
763,77.56,99.66,1.47,95,9155,31,9,0
2877,86.49,106.63,4.4,87,11900,156,8,0
1578,81.21,102.55,5.65,76,9080,155,9,0
1492,97.38,105.5,3.05,55,6217,186,13,1
1821,71.08,86.39,4.14,80,6235,224,2,0
2627,74.25,101.56,3.67,50,10090,21,5,1
3123,93.06,108.68,4.2,69,3988,270,4,1
1187,68.56,93.4,2.81,72,13149,211,9,0
128,86.74,81.96,3.93,55,1020,202,6,0
1213,83.91,82.79,4.36,94,9720,276,7,1
2674,75.32,87.29,6.43,74,10924,295,8,0
1887,86.39,95.47,3.02,82,10262,188,14,0
2601,75.19,103.4,5.19,96,5273,350,11,1
1937,85.68,93.29,3.04,95,9489,301,4,0
61,77.84,102.94,3.09,51,13249,81,7,0
1699,81.88,94.74,2.27,63,5830,246,11,0
1248,71.3,81.18,1.23,100,2005,99,11,0
844,59.87,89.55,4.14,84,13289,341,13,0
491,91.71,98.63,2.36,50,5719,352,2,1
147,89.0,88.94,6.24,55,6501,191,9,1
1071,96.11,78.3,6.62,60,14258,132,5,1
2127,109.08,105.97,4.93,63,2559,223,1,1
279,78.1,92.34,3.89,98,7183,14,6,0
1777,76.5,99.96,4.88,90,5116,283,6,0
373,95.3,89.46,4.09,65,4679,83,1,0
194,98.31,94.55,3.39,83,1269,214,3,0
2732,94.0,91.85,6.11,72,9622,187,4,1
74,84.52,84.29,4.05,73,10305,280,13,1
1779,88.38,99.07,3.56,63,8085,122,1,0
2068,103.5,90.75,4.06,60,8765,333,13,1
527,101.23,84.6,4.81,90,12026,69,5,1
1914,97.19,90.88,4.03,94,14949,234,6,0
884,92.59,94.48,3.06,82,13866,331,1,0
2723,94.61,91.54,2.59,52,6888,74,14,0
1762,93.44,93.15,5.77,68,5573,9,14,0
2882,89.29,86.69,5.81,89,5775,313,14,0
332,83.57,89.05,3.41,77,7927,203,7,0
1429,75.13,96.38,4.38,63,2226,303,11,0
2595,96.72,106.89,1.83,68,10062,150,5,0
704,102.21,90.7,2.77,86,14301,189,8,1
617,100.93,93.88,5.2,57,3867,154,10,1
768,73.21,81.44,2.66,56,6683,165,5,1
2746,97.88,88.22,4.52,57,5860,2,12,0
851,70.77,88.83,7.88,64,10090,362,11,1
1924,76.39,98.95,3.99,65,1982,27,0,0
2491,94.66,95.42,3.94,60,12553,260,14,1
2667,88.18,97.21,1.37,81,13857,296,4,0
1251,98.35,94.29,5.28,78,4051,278,8,0
1836,77.1,97.77,6.38,61,11047,195,6,0
1313,85.29,95.18,3.26,93,8976,23,0,0
2298,83.92,101.33,8.43,51,10080,159,3,1
585,72.32,109.6,4.9,90,9969,202,10,0
679,88.56,83.55,5.07,67,11335,215,6,1
2735,91.27,92.52,4.6,93,9427,30,14,0
18,106.96,93.4,5.94,89,5991,73,8,1
625,93.89,85.6,4.37,51,14723,16,4,0
2792,104.74,88.73,3.3,80,14040,322,5,1
109,71.38,88.25,3.47,72,1488,239,4,0
2579,76.05,99.48,3.5,70,3033,151,1,0
1764,85.73,96.77,2.43,74,5227,132,4,0
1158,118.71,99.76,2.62,68,2227,275,12,1
3136,93.11,100.59,1.86,97,10797,295,4,1
418,64.59,88.29,4.53,96,2481,143,2,0
2976,96.02,100.58,5.38,72,14857,249,13,0
1529,86.07,90.98,3.51,61,3008,21,10,0
6,67.64,93.69,6.68,86,12451,144,10,0
1218,80.42,101.37,3.22,80,5238,102,5,0
1306,88.86,92.51,4.85,62,1823,201,13,0
3027,48.03,90.58,5.53,94,6854,13,7,0
490,87.26,95.03,4.42,88,8622,31,2,0
584,82.07,82.58,2.03,51,2692,98,11,0
508,88.5,99.33,1.37,82,7137,133,2,0
102,92.32,88.03,3.79,70,14730,40,14,0
1176,104.88,87.41,2.87,90,11150,354,12,0
2928,83.37,92.93,5.36,76,3963,340,0,1
2273,87.54,104.72,3.56,70,7449,55,2,0
2361,66.81,86.35,7.55,96,1841,144,1,0
2555,82.82,74.84,8.0,59,9617,68,5,0
1481,84.91,103.97,3.39,98,2690,119,8,0
855,87.16,94.62,3.6,85,8541,78,5,0
1443,75.94,90.71,2.77,83,10741,222,14,0
1854,65.79,91.79,4.57,97,12708,260,12,1
2907,83.97,97.4,3.65,60,4077,6,2,0
1908,106.55,96.01,4.08,94,4202,44,13,0
2581,80.05,94.74,3.21,73,10242,349,10,0
2272,79.51,90.83,3.92,73,7031,158,3,0
1914,95.04,84.13,3.24,95,13484,106,9,1
946,74.32,88.33,2.04,56,6266,166,7,0
2425,83.19,97.12,4.62,90,7437,168,2,0
117,86.73,121.06,4.97,73,10974,346,6,0
2973,71.99,108.06,6.54,68,1552,240,1,0
670,77.19,105.93,4.37,56,10676,108,2,0
3043,84.21,105.27,2.88,65,10007,326,7,1
2288,80.28,90.37,4.02,64,10346,75,12,1
2363,108.12,91.41,5.13,79,9231,140,1,1
2594,80.8,99.26,5.3,51,5727,179,7,0
2620,104.99,94.33,3.0,91,3132,276,13,1
1637,73.23,85.51,3.21,88,4586,259,3,0
2940,79.28,87.4,4.59,52,3636,228,2,1
1759,86.4,81.49,0.57,92,10842,139,5,0
543,68.17,84.9,2.02,81,1989,228,6,0
2247,81.62,97.05,7.17,51,12494,164,3,0
2934,88.98,85.17,3.55,97,5085,316,7,1
843,70.2,94.37,2.03,57,3790,215,9,0
812,92.27,85.25,4.06,80,1234,52,10,0
991,85.38,101.21,2.36,51,13812,256,6,1
3017,106.38,93.36,8.03,90,14471,70,11,1
807,86.11,101.55,3.97,93,12374,266,12,0
2973,100.14,78.36,2.89,57,3702,362,13,1
579,92.19,98.13,5.05,53,7346,277,8,1
3086,71.56,96.17,3.79,84,9151,357,4,0
547,91.84,104.09,4.12,59,10041,314,3,0
3040,77.2,112.84,7.33,72,13065,156,5,0
1878,78.78,101.77,-0.08,79,2992,215,7,0
2215,84.24,96.53,5.0,67,10143,342,14,1
208,94.68,96.98,3.58,64,12101,235,8,0
1078,95.05,108.3,4.68,86,12077,175,13,0
3077,86.26,106.05,5.88,82,9912,56,12,0
316,81.68,90.19,3.37,64,2313,67,3,0
83,90.74,95.2,0.46,66,11112,180,0,1
2596,79.63,80.76,3.95,97,5018,47,6,0
2289,77.24,94.17,2.91,95,6384,59,10,0
57,95.87,74.03,6.9,64,5684,72,10,0
698,85.35,97.96,3.17,79,7353,18,6,0
1302,80.32,92.57,3.58,70,4715,276,14,0
2686,96.5,95.22,5.47,63,6787,309,5,1
2380,89.23,98.17,4.03,76,13309,144,0,0
433,85.38,104.76,3.64,65,14910,130,12,0
1070,80.42,85.72,3.26,74,8751,249,10,0
1255,103.55,90.24,3.42,94,3004,60,6,0
406,84.08,85.89,4.38,53,2385,235,0,0
1652,77.91,94.98,3.95,63,6783,354,6,1
2167,72.73,73.88,2.8,84,14849,128,1,0
1500,61.67,96.34,3.75,68,8777,213,8,0
1970,89.87,97.21,2.69,72,10674,333,8,1
310,85.85,102.21,3.31,86,7180,245,11,0
985,110.19,92.21,4.61,98,13226,353,4,0
693,113.22,89.53,5.36,89,8285,16,6,1
2152,86.03,102.37,5.41,76,6582,46,6,0
671,80.9,92.67,6.0,69,1686,342,0,1
353,88.97,89.71,3.82,72,3314,341,6,1
2176,108.75,94.2,4.34,75,8225,79,3,0
2481,75.75,106.45,4.22,90,8728,196,5,0
1994,97.52,99.23,6.97,55,9466,311,2,1
1289,98.75,86.99,2.99,99,8425,59,11,0
2321,85.67,90.32,4.72,82,3523,117,13,0
1945,92.54,99.87,6.36,74,1300,340,0,0
1125,84.02,110.78,3.77,69,7766,217,4,0
1454,87.28,96.88,6.1,77,9778,316,10,0
1573,75.5,94.42,4.73,73,7515,240,8,0
388,89.53,93.21,3.43,97,5474,122,3,0
216,100.7,103.18,4.44,53,8272,52,13,0
717,104.82,109.43,3.74,85,1186,227,10,0
353,79.33,65.66,4.61,58,8821,262,3,0
267,95.64,87.68,5.1,81,3437,203,8,0
1485,95.45,96.23,2.89,54,13292,140,4,0
1319,60.01,94.36,6.9,90,10781,35,7,0
581,82.78,91.7,3.25,93,6767,57,10,0
2245,86.9,88.53,4.35,55,12899,79,7,0
377,82.54,99.97,6.28,90,4456,202,1,0
1639,90.75,91.34,4.61,53,13296,330,5,1
2910,84.84,83.54,2.39,84,11748,271,2,1
2840,70.77,84.76,5.0,54,7777,119,3,0
2850,88.31,79.16,4.54,99,2330,23,1,1
993,81.61,94.85,0.45,75,4750,245,1,0
1926,89.72,91.37,4.68,72,9514,194,5,0
566,71.07,79.93,3.42,100,11791,237,10,0
194,62.53,100.51,6.6,64,12651,287,1,1
440,47.14,99.29,4.95,97,9239,166,9,0
2672,87.55,86.3,3.58,96,14980,337,14,1
61,92.85,84.48,3.41,99,14301,227,2,0
2509,67.65,99.27,1.3,54,12121,130,2,0
362,77.79,100.02,5.02,83,4324,179,1,0
2779,66.48,78.85,2.73,53,13862,284,0,1
992,84.43,95.98,0.95,56,10437,263,7,1
2990,100.28,98.42,3.11,62,9932,307,11,1
2711,76.51,90.57,3.91,96,6175,323,5,0
1160,105.47,111.0,2.89,68,5306,221,9,0
199,104.97,101.9,2.71,100,9626,340,6,1
369,91.08,102.0,3.69,85,7699,228,2,0
2871,90.64,102.87,5.17,86,3441,234,3,0
1972,90.44,98.26,4.42,82,11953,245,9,0
2646,90.35,108.92,5.15,58,1708,48,7,0
2600,94.25,101.47,4.39,91,8057,333,13,0
123,81.0,81.16,4.18,76,4959,65,10,0
2831,87.24,101.7,3.8,77,4760,217,9,0
2835,99.08,85.59,1.37,54,3953,299,5,0
2046,77.3,93.47,6.3,50,6932,210,2,1
1551,97.69,103.98,4.02,99,1352,315,3,0
2170,96.36,87.48,4.91,73,1628,222,7,0
1085,76.74,95.24,4.44,55,14752,337,6,0
2159,68.97,87.39,6.04,88,4258,51,8,0
1027,58.07,97.04,4.58,87,5055,124,1,0
1171,100.67,83.54,5.94,51,14668,215,13,1
130,97.37,78.58,7.53,55,7152,133,12,0
2412,109.33,104.59,4.6,95,8984,249,10,0
1910,83.32,92.08,4.49,74,1399,20,2,0
1321,76.67,91.65,2.86,68,1688,239,2,0
2614,94.39,104.56,4.34,81,13588,193,13,0
1169,100.42,94.43,4.7,62,6761,32,9,1
3178,79.46,105.59,2.11,77,7302,155,9,0
95,85.25,100.53,5.84,83,11662,252,10,0
3117,79.56,92.85,7.37,81,12018,299,10,1
972,89.49,96.9,5.42,100,8633,124,13,0
2082,75.69,87.32,1.99,95,6297,128,0,0
672,85.14,89.65,4.34,61,12921,99,9,0
1505,101.55,100.01,3.13,77,1705,41,12,0
1288,79.04,96.64,4.89,60,9005,122,7,1
3091,76.71,100.78,4.18,77,4075,290,12,0
2282,94.56,95.58,2.28,61,13824,234,2,1
2948,88.08,80.62,5.58,86,9724,119,10,0
2016,80.24,89.61,2.71,83,10764,59,8,1
826,89.29,81.15,4.54,66,7541,297,2,1
2551,82.51,91.96,5.15,83,5152,291,11,0
2888,78.79,90.85,1.26,86,13785,236,7,0
1065,87.05,96.81,1.47,90,10377,346,1,1
2696,106.48,100.84,3.32,58,10382,59,8,1
633,97.48,94.17,3.51,99,10619,234,14,0
1934,92.91,99.03,1.83,59,13550,364,2,1
2438,87.32,106.01,4.46,72,6345,351,13,0
1895,97.18,104.79,3.81,95,3539,200,14,0
1479,79.72,97.47,3.84,100,9916,338,13,0
2034,90.13,94.03,4.21,69,12045,251,6,0
609,92.27,111.51,3.92,61,9896,339,14,0
2529,87.67,101.87,2.97,92,8556,258,7,0
21,62.07,108.82,3.85,54,3076,190,6,0
2074,72.11,99.84,4.02,67,5750,295,7,1
1592,88.25,93.12,3.78,57,5679,217,1,0
1792,91.3,97.95,3.16,86,11369,259,11,1
2065,89.17,99.75,4.91,79,10823,160,9,1
1617,86.41,100.35,3.79,66,7263,258,5,0
544,89.8,94.31,3.55,66,4828,68,0,0
1498,82.23,92.1,5.1,80,11088,208,9,0
252,78.94,94.87,4.65,66,8404,69,10,0
385,78.03,99.79,4.24,83,7775,40,1,0
1030,97.46,92.76,2.72,100,9912,88,12,0
2549,74.93,87.03,5.97,77,10583,191,13,1
94,89.56,101.23,5.9,61,2722,128,5,0
830,92.41,111.25,3.7,73,5995,1,14,0
2390,99.24,104.36,6.18,65,6548,52,8,0
1297,86.15,105.83,2.37,92,7782,49,2,0
1552,73.24,88.46,4.51,77,8076,90,10,0
825,89.4,84.07,4.06,65,2830,148,12,1
680,85.66,83.92,6.29,99,9710,325,8,0
2009,102.53,105.17,2.67,78,10632,21,14,1
2222,79.66,84.77,4.04,85,7115,85,0,1
2199,91.95,101.24,3.37,67,14109,190,8,0
373,105.25,99.76,3.51,76,7078,326,13,1
2302,92.43,90.06,3.92,54,10457,201,2,0
2949,103.13,101.56,1.34,59,10812,315,2,1
3055,69.63,97.85,5.63,85,9271,243,10,0
1044,83.84,93.77,5.36,67,12244,331,9,0
230,77.03,92.79,3.9,100,5933,336,3,1
820,79.17,95.25,4.37,67,6753,88,13,0
1569,93.4,94.81,4.01,80,8735,146,13,0
2369,71.65,97.47,2.84,92,9928,58,7,0
2303,84.42,106.48,5.3,50,4201,87,2,0
145,86.67,86.2,6.02,71,13845,119,3,1
632,87.65,96.19,4.29,86,9396,76,6,0
2656,71.06,101.06,3.73,93,9382,302,10,0
684,82.11,87.25,5.2,68,12821,320,3,0
2904,67.27,90.45,6.36,80,12686,231,0,1
817,83.93,90.8,4.31,99,2507,143,1,0
2049,98.83,98.46,6.39,79,6547,19,13,0
2687,90.82,77.57,2.44,86,2914,76,8,0
661,81.17,99.47,4.3,54,8416,332,6,1
194,91.99,94.09,2.92,67,13466,353,8,0
68,97.67,96.26,4.53,98,10788,234,9,0
2722,75.16,90.87,2.21,73,3407,132,4,0
2574,94.79,89.27,3.88,89,14899,10,13,0
2748,82.2,83.01,5.25,84,2875,175,7,0
1328,77.05,96.42,1.86,65,12342,264,14,1
359,82.26,91.05,5.39,100,10143,319,8,1
1468,93.97,92.23,1.62,95,6534,21,11,0
3034,101.6,105.13,2.37,100,11738,330,6,0
2152,75.99,96.37,3.12,69,4767,104,5,0
1341,77.9,83.78,5.18,72,13778,340,5,0
1080,92.9,97.2,5.9,95,9309,25,13,0
2749,60.45,101.71,4.47,90,3946,45,11,0
1795,86.96,92.95,1.94,63,1361,315,1,0
877,77.75,92.78,2.8,56,14107,51,14,1
2694,93.06,88.73,6.87,92,12892,73,0,1
1869,89.34,102.6,4.11,61,8319,152,13,0
332,99.2,90.25,6.22,100,10822,156,0,0
2268,108.59,107.45,6.16,67,2083,361,14,1
2322,82.24,99.27,4.31,87,10518,292,13,0
171,91.24,95.6,8.27,61,3473,153,14,1
335,119.16,96.45,4.84,80,8293,53,12,0
2627,70.42,93.36,2.46,78,8452,307,1,0
576,117.13,90.23,5.51,93,9442,339,4,1
771,83.32,79.07,4.57,60,11066,364,9,1
2398,70.61,111.53,3.39,67,12227,107,4,1
1395,107.05,98.77,4.87,60,3986,84,6,1
1264,77.28,85.68,4.97,91,4712,127,0,0
1623,93.18,82.79,3.69,76,12778,8,11,0
2283,77.48,81.97,4.12,68,3235,109,6,0
1557,102.13,85.34,4.76,93,11009,2,10,0
1957,81.84,103.26,3.7,60,12949,278,12,0
3121,99.68,91.02,6.11,89,13555,71,4,0
260,78.57,95.32,1.78,99,12381,207,3,0
1012,84.94,98.91,3.7,63,3917,85,4,1
1245,86.79,85.31,2.37,65,11674,204,12,0
1524,82.06,89.27,2.53,81,6783,316,6,0
295,92.23,98.33,5.19,64,1792,209,0,0
917,78.41,86.59,5.75,97,12384,321,10,0
2126,96.3,100.03,3.99,86,5633,177,7,0
1062,78.83,98.51,3.22,52,13298,66,8,1
2530,91.63,104.47,3.09,95,14055,21,3,0
1244,68.7,100.23,4.78,60,13941,30,8,0
212,84.25,90.25,4.98,75,11315,251,12,0
1616,74.28,101.01,2.78,92,12216,12,12,1
111,75.06,92.05,1.89,50,14631,139,14,1
2003,107.11,93.03,4.65,68,7561,332,5,1
916,71.19,86.64,3.1,92,1338,264,2,0
43,103.9,78.18,2.23,99,9055,326,4,0
1545,94.22,89.88,2.17,60,4093,2,0,0
1951,64.51,88.2,4.24,71,5253,217,2,0
297,91.26,100.38,4.83,82,4488,101,10,0
2189,91.57,89.22,2.15,68,3671,359,13,0
1728,102.4,80.06,1.1,55,11688,42,12,1
1435,83.59,99.59,4.45,70,12596,261,4,0
1068,54.29,87.81,5.16,98,2373,346,6,0
1262,65.88,94.76,6.21,55,7365,235,5,1
2961,83.75,92.75,3.7,93,7828,92,1,0
286,91.04,99.41,5.28,53,13744,307,13,1
3024,89.37,95.29,3.78,77,11880,92,4,0
605,84.53,102.51,1.83,69,4714,206,4,0
1796,85.4,93.15,4.81,60,13458,50,14,1
171,93.31,88.53,4.26,62,7353,287,3,1
506,86.11,103.06,4.3,93,4927,347,6,1
549,76.23,93.16,2.97,73,6487,89,2,0
1464,87.79,76.77,3.58,81,2091,65,8,0
110,96.06,92.65,6.81,100,9769,242,10,0
2139,76.07,96.16,1.62,71,8436,1,4,0
2298,87.98,103.16,3.67,58,1446,285,1,1
838,93.63,103.7,3.79,63,11852,102,8,0
1211,75.74,99.32,2.82,89,6593,96,3,0
1253,66.0,109.76,4.88,77,7866,237,10,0
2858,101.66,84.65,2.31,52,11213,152,12,1
1856,89.92,103.97,1.35,68,1536,325,11,1
2480,78.86,103.74,2.77,95,8917,202,10,0
974,96.26,94.31,5.54,95,5618,334,12,1
2112,65.3,96.67,3.54,53,1007,230,2,0
2076,81.15,93.91,3.0,64,10380,38,1,0
1626,110.94,91.85,4.14,58,5513,156,5,1
1015,71.16,99.87,1.74,74,3395,307,1,1
1473,85.05,95.82,5.85,56,2620,353,14,1
117,71.21,79.08,4.09,59,11374,42,1,1
959,85.12,75.84,2.99,85,5106,27,4,0
79,80.43,86.97,5.19,87,2307,291,3,1
3097,78.48,104.01,4.04,83,12478,149,0,0
2162,83.88,107.69,1.84,79,8009,51,9,0
811,70.86,91.68,5.29,68,5084,141,10,0
875,70.51,96.58,3.51,74,3345,150,9,0
849,86.03,85.9,3.01,65,8832,158,11,0
2881,88.36,95.35,3.45,54,2769,339,3,0
2977,67.18,93.05,4.11,63,13558,206,4,1
669,83.39,94.94,4.16,97,5357,257,14,1
2142,81.97,91.65,1.98,89,4361,41,8,0
2850,93.18,107.1,4.2,51,12078,307,13,1
2550,105.94,99.87,4.39,76,14383,329,6,1
1918,66.55,103.44,5.79,79,4664,329,2,1
1081,84.24,105.18,3.79,96,8245,261,2,0
1029,93.61,109.83,3.06,78,2811,105,2,0
1175,73.17,91.25,4.76,61,7207,43,8,0
2716,71.88,97.02,2.0,55,1433,157,7,0
48,89.39,100.24,3.42,84,10932,101,8,0
431,67.9,86.89,6.01,73,7237,318,5,1
1193,104.79,89.33,3.61,68,14204,231,1,0
2675,100.8,97.87,3.76,62,2849,96,0,0
1907,72.64,102.27,3.3,74,12154,333,7,1
2965,97.88,118.04,3.18,53,8211,76,6,0
2129,105.22,80.73,3.87,85,7387,160,3,1
1581,96.61,97.99,1.71,76,8835,74,5,0
547,83.42,105.96,4.7,63,5986,172,10,0
2269,74.51,106.16,4.71,69,7192,280,10,0
2474,108.77,105.22,3.35,90,6104,351,4,1
2249,83.75,98.59,3.9,83,6299,71,1,0
420,80.4,103.69,5.35,54,10959,355,0,1
1641,63.6,95.91,1.59,76,12214,82,0,1
958,88.89,96.69,3.87,78,4967,68,12,1
1640,105.27,93.19,2.11,82,10583,218,14,1
1191,80.48,98.74,6.75,91,5038,193,3,0
1290,68.07,84.06,1.6,57,1026,131,6,0
2828,88.67,100.84,5.1,90,8583,8,1,0
1928,102.79,110.15,3.02,74,12113,340,8,1
3025,95.75,112.51,4.72,66,4257,85,4,0
1739,83.69,100.21,4.14,73,1816,275,14,0
1621,90.45,93.3,3.28,66,14112,81,2,0
517,67.48,77.37,3.73,95,12138,187,7,0
918,77.93,94.27,4.67,99,7351,109,1,1
2079,77.75,88.34,5.48,90,8944,98,6,0
1010,66.45,96.36,4.72,87,4220,360,12,0
2999,88.78,95.12,7.09,76,5899,234,10,0
2714,82.94,88.02,5.55,96,4475,267,3,0
125,84.46,79.88,1.96,51,13445,252,1,1
1663,65.76,108.35,2.32,69,11283,308,13,1
683,81.93,96.48,3.2,89,12823,306,8,0
1974,89.32,106.86,1.48,91,7924,207,1,0
648,93.5,88.34,4.56,71,7431,296,12,0
1548,82.33,87.87,3.58,61,4423,76,14,0
1894,84.87,99.94,7.3,84,12670,244,11,0
913,80.62,94.46,2.43,63,5297,182,6,1
1510,98.61,101.26,3.67,95,6408,177,12,0
3134,104.36,89.36,4.89,99,6244,321,14,1
3069,85.88,85.17,2.65,60,2292,268,14,1
228,87.52,93.38,0.58,67,10437,2,7,0
156,88.1,107.07,1.45,69,11340,71,3,0
689,76.3,90.78,4.26,58,2268,364,9,0
2587,106.87,104.23,1.04,74,11567,95,11,0
1078,85.78,80.01,3.32,92,11592,322,3,1
2983,96.85,105.81,1.83,63,12425,317,4,1
1561,82.98,92.08,4.96,58,14685,307,14,1
2864,65.95,103.37,6.07,57,11395,337,11,1
1094,93.46,98.3,2.28,68,10280,57,11,0
3061,104.76,97.87,2.74,78,9404,166,7,1
2552,104.66,101.3,3.17,70,1694,92,5,0
1224,94.27,87.47,4.21,85,8524,297,10,0
2348,70.92,101.88,4.85,65,8128,342,0,0
3105,75.93,95.74,2.64,84,8920,29,9,0
1730,83.01,95.17,4.23,53,9240,125,2,0
1442,99.5,88.24,1.53,71,6463,100,2,0
1555,98.44,94.53,3.91,55,9532,46,0,0
2413,102.15,95.92,3.13,89,6336,146,14,1
2866,101.99,96.87,3.59,57,4140,80,7,0
1967,103.23,84.85,0.64,99,7737,129,3,0
575,78.4,76.85,2.41,61,13100,355,2,1
1359,86.87,82.29,5.33,75,7859,109,5,0
1601,85.46,90.32,4.45,81,2365,293,14,1
631,98.5,88.93,6.8,59,14429,200,13,1
695,110.39,75.55,5.3,75,10483,7,13,1
2930,129.33,97.54,4.89,64,10730,292,11,1
157,68.87,89.56,5.22,77,9353,58,13,0
2562,83.43,97.46,3.0,73,7685,80,10,0
2548,98.93,110.74,2.21,63,4245,92,13,1
1264,78.2,96.98,5.12,80,8184,116,12,0
2118,83.96,91.41,4.04,66,6684,62,2,0
1090,95.74,95.35,2.51,69,11703,198,11,1
2690,94.84,92.81,2.95,69,4006,80,12,0
1605,85.72,96.93,4.57,62,4392,14,7,1
808,89.34,93.81,5.19,62,7058,63,7,0
314,96.51,88.26,6.07,99,11912,40,0,0
1914,87.27,105.14,6.72,82,3998,361,13,0
1848,82.31,84.55,2.51,52,13567,137,4,0
782,102.67,87.69,4.37,94,10000,211,11,0
935,93.18,108.49,2.32,79,7137,47,12,0
3022,97.41,97.42,3.94,93,9152,85,7,0
542,97.92,96.32,3.93,70,9783,105,11,0
1342,80.7,81.92,0.08,99,3175,29,13,0
886,79.95,95.19,2.53,83,1822,335,3,0
2852,89.87,99.26,6.02,75,13425,180,5,1
2416,81.97,92.27,2.1,52,3302,13,9,1
595,87.73,88.04,2.0,89,14805,350,0,0
2144,58.59,103.1,2.29,94,9804,219,13,1
329,90.51,98.99,4.06,63,13212,36,0,1
2438,97.44,93.22,6.84,94,1325,302,4,1
552,70.27,101.76,3.45,57,12319,284,3,0
1873,91.29,81.23,3.0,59,3808,206,7,1
149,76.71,85.93,5.09,78,13794,45,11,0
380,109.14,98.09,2.23,83,10065,84,6,1
2201,85.16,96.38,3.8,64,4329,288,12,0
962,96.89,99.81,3.23,56,8144,211,7,1
2364,92.28,94.64,5.42,59,6776,148,2,1
1,71.77,93.79,4.27,77,12072,11,9,0
480,75.12,88.17,4.94,91,2520,29,14,0
302,101.52,96.61,4.41,54,1286,99,10,0
1893,86.07,85.76,4.88,65,3768,113,8,1
1265,97.16,89.37,3.09,98,1070,169,13,0
2860,86.9,107.27,4.22,85,6408,45,8,0
2270,98.12,87.57,4.02,96,8999,364,1,1
1164,72.43,104.37,3.41,72,14460,338,14,1
876,85.2,93.98,6.18,98,1231,78,9,0
621,91.73,98.44,3.21,90,2529,311,11,0
337,93.09,97.7,3.59,86,13214,219,0,1
1052,79.65,105.04,4.15,93,9300,326,1,1
2900,77.58,107.66,6.8,56,8412,76,14,1
2755,61.62,104.28,2.12,83,3021,272,6,0
663,78.84,98.07,5.8,77,5525,310,12,0
454,83.61,98.59,7.0,76,9320,44,3,0
3104,76.74,87.93,3.07,62,1989,199,1,1
2718,99.96,95.91,4.42,85,13991,206,8,0
282,78.92,90.74,4.07,71,3691,320,5,0
2795,80.83,98.77,3.6,77,1698,14,9,0
665,83.28,99.45,4.17,89,7032,112,1,0
2635,96.98,85.4,2.26,60,14307,227,1,0
677,91.69,88.42,4.05,65,12119,103,13,0
2471,82.76,85.06,3.1,53,13640,61,7,0
2947,79.31,86.35,3.58,60,5342,120,1,0
1326,90.81,99.52,1.11,80,4586,164,5,0
1332,80.04,96.54,3.91,63,12623,122,4,0
126,70.83,83.8,5.09,58,7006,249,11,0
2254,75.35,93.95,4.78,53,4686,153,12,1
2017,67.71,100.94,2.86,72,7285,286,5,0
1417,99.22,101.5,2.11,64,12393,191,14,1
2182,83.85,101.01,2.05,52,10062,153,12,1
2924,81.97,96.42,5.12,85,5193,142,8,0
133,71.76,100.75,4.19,64,3599,193,4,0
1110,83.89,97.85,3.33,87,8993,75,0,0
1506,85.79,101.81,2.77,79,9980,29,7,0
2607,71.2,91.24,2.33,83,10879,135,7,0
1198,78.31,94.51,4.89,86,1456,131,12,0
1402,89.09,106.45,3.69,98,7727,265,10,1
3103,91.84,105.01,3.28,95,10716,95,5,0
2046,101.91,111.66,3.13,72,8414,303,8,0
2159,74.93,94.82,2.42,75,6194,244,0,0
813,95.26,85.74,2.31,97,8119,99,2,1
521,91.35,95.17,4.12,93,11104,273,0,0
1783,65.48,91.84,0.3,93,5819,233,8,0
1105,81.41,102.55,5.63,74,3480,124,4,0
2716,72.85,83.5,5.44,60,14676,86,3,1
998,104.17,94.83,5.51,95,12888,228,8,0
1251,59.87,79.52,5.99,86,3393,88,12,0
312,89.11,89.02,1.85,71,2856,166,10,0
1445,90.92,81.36,2.62,79,9726,106,9,1
2324,79.77,88.55,2.8,75,6212,122,12,0
739,95.12,89.84,2.24,77,4899,290,2,1
591,69.64,103.09,3.41,77,3117,284,1,0
575,92.82,113.54,3.78,72,11337,339,8,0
2583,80.41,101.54,2.84,52,8607,143,10,1
360,70.77,92.28,4.66,91,11694,248,5,0
662,85.87,69.08,3.73,66,13993,54,0,0
1239,83.0,93.46,3.22,69,13414,310,1,0
3144,86.31,104.05,3.32,87,8359,237,6,0
2441,101.17,108.82,5.18,85,2855,202,0,1
477,102.01,85.55,3.6,68,2525,185,12,0
2654,106.55,84.79,7.48,100,13721,183,1,0
1499,76.76,110.02,4.85,91,4550,220,14,0
2211,106.28,91.6,5.49,90,13330,286,8,1
2611,86.92,93.98,4.15,59,3235,236,3,0
2972,102.38,96.81,4.61,57,14404,288,11,1
1744,115.49,100.79,3.68,98,9959,103,12,0
1167,82.48,112.37,4.61,91,13897,9,14,0
311,78.15,105.76,5.5,55,5278,119,9,1
1150,66.02,80.93,3.4,87,14340,56,9,0
1765,80.55,83.51,3.71,90,14982,175,0,0
2680,97.38,90.76,3.17,61,14299,12,7,0
2344,90.89,94.69,6.02,86,8547,313,3,1
620,82.67,112.22,3.55,82,9193,23,7,0
2355,85.94,103.84,4.7,95,5467,22,11,1
2988,91.43,86.16,4.79,77,2886,193,11,0
2362,72.5,90.35,4.82,71,3404,80,5,0
1884,78.11,76.7,4.28,87,4080,241,1,0
1971,100.31,107.13,5.97,74,2222,20,1,0
1847,81.49,97.95,3.77,69,11779,326,5,0
3029,92.22,100.25,4.02,67,14575,317,4,0
2222,80.15,105.12,3.2,78,1144,328,10,0
1764,79.51,97.75,1.18,80,4038,22,13,1
11,78.0,86.75,2.65,81,6798,57,2,0
855,83.94,101.31,2.02,61,10620,141,5,0
2618,98.49,100.68,4.97,76,10524,74,8,0
2580,68.43,95.26,1.82,93,13309,6,12,1
1275,80.57,112.26,3.9,52,8096,241,0,0
1674,67.85,109.62,4.31,82,2965,197,13,0
1258,73.89,88.25,1.81,50,11805,315,9,0
2399,84.98,88.76,1.44,95,1228,131,10,0
83,77.54,84.41,3.64,65,3931,355,8,1
1124,73.75,92.49,3.53,61,7846,139,0,0
2644,67.53,94.12,3.83,74,12426,286,7,1
72,97.61,96.15,3.24,69,9777,220,6,0
1913,79.66,108.33,3.83,69,2477,244,8,0
44,99.38,90.95,4.8,81,9458,235,9,0
2835,89.15,93.32,1.39,54,14125,142,3,0
62,90.34,100.74,4.43,93,12086,73,8,0
1121,88.0,96.92,5.05,61,2268,307,3,0
3113,94.94,87.13,5.93,82,14708,351,9,1
2435,68.87,76.98,4.45,61,8894,282,14,1
68,98.5,90.77,3.62,58,4229,299,13,1
1737,91.49,70.68,4.6,57,4557,248,5,1
404,96.21,99.5,4.7,66,8988,319,12,0
354,106.45,89.5,3.33,86,14779,166,9,0
2870,89.52,89.59,4.43,91,13539,194,3,0
2568,96.99,80.97,1.63,95,8214,86,11,1
2590,71.41,81.36,5.4,89,5085,301,11,1
730,98.18,91.56,2.32,65,2068,169,11,0
2243,67.06,90.85,4.75,64,4509,320,14,1
2313,105.35,90.13,2.7,78,6017,248,10,0
284,92.35,94.63,0.81,59,3704,207,14,1
445,67.71,98.71,1.63,58,6706,50,6,1
2183,94.91,88.3,4.59,63,6894,296,2,1
860,85.76,102.18,6.08,87,12087,246,1,0
390,87.75,109.69,6.06,95,13937,14,12,1
567,66.75,89.43,4.73,85,3285,21,14,0
2157,85.9,94.53,4.43,75,10199,74,7,0
1771,69.14,94.39,2.45,90,14839,364,12,1
207,87.35,95.06,5.21,88,10400,55,10,1
1470,78.21,91.11,1.39,93,13191,72,13,0
1767,85.16,87.54,3.96,60,8419,146,0,0
85,72.35,109.54,3.45,66,4096,295,13,1
3075,87.05,97.52,6.27,68,11771,280,3,1
862,95.1,97.09,4.03,91,12960,331,0,0
2188,86.6,105.86,3.83,99,5578,346,1,0
1657,73.32,91.81,3.43,86,5277,342,5,1
315,88.67,98.11,4.31,55,11047,128,10,0
2971,85.1,100.49,6.15,53,4622,4,10,1
3018,81.55,102.96,3.88,52,6257,24,6,0
1979,65.4,91.04,2.72,70,9388,57,3,0
2069,78.86,96.85,3.99,90,8241,154,9,0
1789,86.85,110.18,5.26,64,3089,246,4,0
686,79.21,93.03,3.4,100,10929,14,6,0
650,85.4,96.21,3.73,50,12139,160,10,0
2850,83.02,101.07,2.66,78,5689,217,5,0
2421,119.0,89.01,4.19,87,8977,139,13,0
1493,73.81,91.71,5.85,61,3162,166,6,1
3127,74.37,108.3,6.69,51,3128,320,6,1
608,68.26,90.49,3.18,100,14662,49,7,0
1776,91.13,92.2,2.92,75,1805,160,8,0
470,102.02,94.06,5.4,69,13322,77,1,0
1051,76.61,91.98,3.86,61,1921,182,12,0
2702,85.29,92.53,1.88,51,4045,68,10,0
1579,91.84,100.0,2.71,81,8296,63,7,0
2276,80.69,93.45,4.63,77,5313,12,3,0
2427,95.64,89.15,7.04,99,4040,209,5,0
658,85.01,98.92,1.5,51,8023,78,5,0
2733,63.54,95.39,4.45,72,13834,73,9,0
1513,84.88,101.67,3.43,85,4130,232,3,0
84,83.16,93.15,3.28,65,4135,159,10,0
2829,104.37,103.98,4.66,50,13424,226,12,1
1856,87.44,90.52,5.34,68,12631,271,8,0
3082,95.59,78.51,2.23,97,13616,285,13,0
2904,94.62,87.79,5.17,89,12551,285,3,0
388,106.76,98.79,4.22,76,12949,136,12,1
1916,74.1,95.67,4.15,75,8729,7,9,0
736,79.39,84.16,2.72,57,4557,325,3,1
586,106.62,97.14,4.74,67,9567,187,13,0
2691,101.95,107.41,1.23,51,11825,267,6,1
1866,90.99,101.01,4.94,74,6041,256,8,0
1615,79.93,103.14,5.4,91,4497,246,7,0
3028,65.64,117.26,4.62,96,13205,62,1,1
1928,95.26,100.92,3.47,86,2147,2,5,0
654,90.78,106.44,2.03,57,7574,344,14,0
1131,86.38,92.52,4.28,70,4854,136,10,0
2481,77.09,93.32,2.01,69,1651,46,4,0
1880,77.56,89.37,6.81,76,3665,151,2,0
2639,92.88,96.51,2.33,61,6456,325,11,1
32,97.84,79.91,4.0,67,11689,281,1,1
2019,99.44,94.11,2.77,75,5848,51,6,0
1616,85.98,86.93,4.09,86,9142,175,8,0
234,75.66,90.58,4.64,68,11239,255,13,0
66,106.47,97.44,2.5,66,14922,169,4,0
966,65.93,74.95,4.12,94,12678,256,6,1
61,89.23,79.68,4.96,75,10581,323,6,1
242,73.33,85.13,0.68,55,14603,363,14,1
743,101.46,99.25,3.43,65,3249,161,0,0
831,89.03,103.39,1.14,100,1508,267,7,1
27,55.07,96.46,3.02,92,14108,314,1,0
2729,90.53,104.89,5.51,60,5057,14,4,0
169,79.38,91.83,6.12,87,1231,220,8,0
1327,84.26,81.05,5.49,84,3652,77,0,1
345,69.89,93.47,4.64,53,3948,284,4,1
2520,88.62,91.03,4.84,91,4510,146,5,0
2083,85.71,91.31,5.58,67,11149,60,8,0
1936,87.07,96.8,3.78,91,2026,119,6,0
320,89.15,90.2,3.28,66,5447,361,8,1
2985,75.45,88.91,3.62,54,12495,355,1,0
1204,85.81,98.23,3.29,71,12154,297,6,1
184,82.7,89.17,4.11,62,7734,68,2,1
843,91.23,97.24,3.52,96,5880,197,14,0
1765,78.28,93.44,2.78,72,8320,25,14,0
818,96.3,101.64,4.9,64,13211,206,8,0
1833,88.69,101.45,3.52,60,10689,161,8,0
3101,81.05,104.86,5.0,70,2222,362,9,0
1365,88.16,83.82,4.8,58,7976,230,12,1
1991,89.52,85.46,5.46,58,5703,28,11,0
1727,73.47,101.23,2.64,92,4127,69,12,0
1616,91.19,75.64,4.21,93,2773,316,2,0
145,85.14,98.56,5.45,82,14296,187,2,0
1714,62.66,92.38,5.33,50,11072,254,0,0
2615,86.48,78.59,3.17,70,9242,98,3,0
2095,80.86,84.34,2.79,67,1866,95,0,0
32,83.1,109.21,3.42,98,2757,310,10,0
75,77.08,104.54,3.01,86,4620,135,12,0
3089,75.52,91.52,2.15,92,1108,148,11,0
2765,90.11,94.94,5.56,81,11423,138,2,0
623,112.82,88.53,2.63,56,9750,164,3,0
1083,55.3,87.53,5.21,72,13968,80,0,0
291,69.55,99.36,4.08,92,13695,30,1,0
219,85.52,100.85,3.64,87,4060,16,4,0
1735,73.78,100.96,4.76,60,12975,282,2,1
545,72.96,96.95,3.02,86,4794,118,3,0
262,78.73,88.12,2.48,73,4632,58,5,0
1078,90.09,99.48,5.27,90,2296,78,5,0
3100,97.23,91.27,5.2,89,7893,2,0,0
2267,84.69,98.55,7.13,60,13745,211,5,0
2320,68.72,95.88,2.48,67,1043,45,4,0
2381,87.11,90.79,5.35,74,9685,198,8,0
600,93.05,99.98,3.78,55,14430,305,11,1
2462,87.63,84.11,3.97,79,5954,216,12,0
2434,61.65,90.15,3.3,50,14526,252,7,1
1937,64.76,92.05,2.72,58,3101,213,13,0
328,88.9,89.4,4.77,89,11414,279,3,0
1446,85.43,89.53,3.25,55,13227,180,7,1
49,63.7,96.7,2.62,50,3661,78,9,0
1908,86.77,101.83,3.51,70,6138,163,5,0
2692,88.83,89.43,4.32,68,9112,301,5,0
2722,60.88,101.01,2.36,51,12868,78,2,1
951,99.14,80.44,3.5,54,2172,216,9,0
2112,79.74,93.58,4.01,88,12186,221,7,0
3170,86.07,103.38,3.69,50,9497,177,2,0
2516,97.86,84.62,2.71,74,6314,72,9,0
2390,85.11,84.58,1.87,50,14721,97,4,1
387,75.51,97.53,2.7,54,2790,351,6,0
2655,88.18,97.3,4.66,97,7654,321,4,0
1652,84.89,90.93,3.25,86,1067,288,5,0
3092,76.06,96.08,5.53,79,10799,77,0,0
741,90.14,82.9,3.75,92,8744,126,8,0
477,93.08,94.7,5.41,84,2270,214,1,0
155,64.63,88.25,4.6,87,3653,73,3,0
1580,78.85,88.46,4.95,68,4381,108,8,0
2603,93.2,82.49,4.58,87,10069,131,14,1
2820,85.67,95.58,5.73,81,9535,303,11,1
2222,75.58,87.74,6.62,78,12345,331,11,0
2026,76.36,91.26,6.62,70,9481,343,4,0
2604,82.17,104.82,3.43,95,2466,284,8,0
1048,94.49,96.09,4.46,92,3635,66,9,0
2899,82.94,92.34,2.74,67,3272,47,1,0
2655,56.57,81.63,4.27,65,9122,317,10,1
1214,115.86,110.39,6.31,71,8459,279,14,1
2090,66.69,91.5,3.55,89,12294,259,6,0
2204,73.07,105.58,2.55,73,13937,63,3,0
330,93.73,73.94,4.87,63,14990,359,2,1
2364,98.6,104.17,5.1,80,3407,202,6,0
2944,72.75,100.73,3.75,99,9585,265,0,0
814,92.89,104.31,4.29,80,11025,282,3,0
1509,78.43,95.74,4.69,65,14721,18,7,0
262,82.72,89.23,4.67,70,9589,338,9,0
2163,75.73,101.54,2.78,56,2655,104,1,0
1426,82.6,86.35,2.6,60,3825,231,12,1
1337,70.53,95.72,3.28,96,10824,14,5,0
1303,83.51,93.03,2.97,79,2633,8,12,0
2060,82.76,101.5,3.45,90,4214,257,2,0
165,96.54,93.95,1.08,64,7181,273,7,1
2537,97.99,107.48,3.83,91,10749,64,8,1
821,84.13,90.38,3.21,96,12706,153,4,0
1880,85.02,103.68,4.0,98,14708,272,7,1
152,88.05,102.37,2.14,70,1031,217,1,0
2301,86.27,91.84,5.82,53,7623,276,9,0
1653,76.54,83.73,4.91,58,12914,66,4,1
1385,82.7,110.73,4.57,96,4488,288,13,1
1247,99.07,102.82,4.27,68,13334,2,6,0
3095,82.34,91.73,5.59,71,4981,111,1,0
3165,94.4,99.23,3.34,91,11005,220,4,0
2161,96.58,84.44,4.53,73,4211,322,7,0
1419,81.45,117.35,4.54,73,13342,176,13,0
2708,91.03,103.52,1.9,90,14222,161,7,0
1949,92.72,87.1,2.38,98,2833,269,1,0
2787,74.29,104.14,2.95,89,8345,222,6,0
471,99.82,107.46,3.81,83,2191,304,4,0
2527,60.32,106.52,1.48,98,14981,276,14,1
2077,98.06,108.13,1.64,76,10414,133,3,0
210,100.26,95.03,6.86,82,3157,176,4,0
777,71.43,90.54,4.89,63,3114,242,4,1
518,83.42,86.85,3.91,93,9806,112,0,0
583,89.46,106.55,2.45,66,3864,267,10,1
905,94.03,98.34,3.88,51,10332,222,9,0
66,83.05,91.1,5.46,80,11777,81,12,1
772,83.93,105.52,5.09,92,11221,12,13,1
1339,82.85,97.99,4.0,96,10707,333,0,1
1772,92.83,99.03,2.76,51,9396,46,9,0
636,89.02,92.64,4.5,67,3555,239,11,0
2291,85.24,105.03,2.94,72,7518,282,4,1
356,78.65,93.9,5.52,82,7245,155,7,0
1642,65.43,81.21,3.56,90,12581,130,3,0
774,82.48,95.7,0.14,87,3696,14,2,0
2400,75.42,86.56,4.78,76,4014,123,9,0
1558,97.44,106.66,2.01,71,14223,271,7,0
1478,78.91,109.08,4.91,56,12440,305,7,1
798,71.87,101.12,4.45,87,5795,83,6,0
1176,103.16,86.78,6.12,67,8766,108,14,1
997,96.22,91.13,4.37,83,4449,120,8,0
734,77.18,102.27,4.64,54,4149,30,9,0
1919,108.78,94.84,6.75,89,11829,204,4,0
1072,91.91,85.3,2.78,96,9181,318,14,0
1816,85.11,89.5,7.22,64,5044,142,9,0
2182,79.23,98.27,3.33,59,10695,145,0,1
2401,100.38,86.94,6.53,84,1130,329,0,0
887,78.85,101.17,4.49,83,5634,333,8,0
3171,78.8,92.9,4.05,54,2732,59,1,0
2222,98.46,95.67,6.02,55,9886,194,9,0
1700,70.7,92.67,2.54,90,5462,95,6,0
1697,85.35,91.89,3.63,79,4355,42,2,0
3020,89.05,106.47,2.69,55,4240,24,11,0
2504,75.46,106.43,2.61,63,10804,159,6,1
2707,82.55,101.78,6.59,70,1565,88,9,1
671,83.9,98.12,4.03,63,1384,148,4,0
2944,74.37,89.58,4.1,73,9021,50,3,0
439,98.46,92.67,1.84,100,10262,91,4,0
705,71.3,90.02,2.23,68,13607,290,3,0
209,72.79,85.79,5.31,59,9315,264,7,0
457,68.09,87.44,4.33,74,4201,98,11,0
3094,66.98,91.88,3.92,97,4777,124,13,0
55,89.59,93.53,2.87,89,3103,156,14,0
2248,83.45,88.5,5.88,94,6492,183,3,0
1586,87.98,88.56,5.72,74,10792,100,7,0
23,71.84,100.04,2.0,92,2435,31,10,0
1287,72.21,101.36,4.88,50,2067,53,9,0
1662,75.85,83.52,3.3,95,5378,124,2,0
483,75.69,93.04,5.33,59,10787,272,1,0
1855,104.84,109.71,4.1,75,4921,127,9,1
237,75.07,90.5,2.21,63,1300,168,10,0
1402,77.88,101.74,3.35,56,11225,115,14,0
3172,92.37,91.76,2.67,64,8740,39,7,1
1726,97.48,95.5,3.25,94,14066,13,6,0
1722,95.14,93.0,3.38,56,5078,313,12,1
2537,80.76,82.15,4.87,58,8116,227,10,0
2925,98.49,77.05,3.98,71,7414,302,9,0
1288,100.31,102.98,5.32,94,13846,128,1,1
1977,80.37,75.23,4.81,59,10697,217,12,1
3155,88.24,83.27,4.08,85,3044,28,10,0
1269,81.08,80.98,3.3,51,8253,72,7,1
3031,71.13,86.07,4.15,99,2234,349,8,0
1463,73.37,100.36,3.24,84,9648,75,10,0
3056,71.99,98.45,1.81,93,4686,327,12,0
494,73.63,95.71,5.17,95,7482,232,13,0
1142,100.73,90.14,3.26,76,12185,1,13,1
3032,69.99,95.77,4.91,59,4320,342,6,0
1159,79.25,91.41,3.43,62,10769,282,10,0
2171,69.77,97.42,4.07,63,3178,38,12,0
2963,71.5,96.82,2.97,91,2690,20,4,0
3149,69.08,85.85,2.08,83,11959,356,0,1
2323,89.88,106.62,2.79,94,7860,46,5,0
1502,83.31,107.71,4.72,86,9584,136,1,0
1461,100.42,95.33,2.87,73,1620,176,5,0
765,81.57,93.97,5.7,56,14779,301,12,1
703,73.26,97.23,3.13,76,13856,13,7,0
1719,71.95,97.09,5.19,95,1013,56,1,0
58,62.84,84.06,5.03,79,14329,160,1,1
2931,97.58,75.72,7.79,50,9127,250,11,1
469,95.3,90.54,6.44,82,5010,229,9,0
982,87.72,92.12,4.74,81,6277,352,8,0
240,74.4,103.65,4.43,94,11294,108,3,0
924,70.09,86.8,7.15,57,7094,89,5,1
1012,82.01,87.33,5.62,100,2018,148,12,0
2323,68.33,103.3,3.93,82,14705,14,3,0
9,98.59,81.32,3.13,62,3101,217,4,1
1493,78.78,91.62,5.78,58,11750,137,13,0
1240,71.41,105.31,2.31,64,5871,330,14,0
1226,91.87,92.1,3.31,62,8354,289,5,1
1582,80.4,81.85,3.85,74,7361,345,10,0
2908,104.31,79.17,3.48,88,13247,50,5,0
2750,92.38,106.27,3.91,59,1648,102,5,0
752,72.68,95.24,3.39,81,3350,322,10,0
1683,67.27,90.66,5.36,72,13337,208,4,0
7,93.65,98.54,5.96,69,7385,289,13,0
2541,58.05,104.64,4.4,84,14251,75,1,0
2424,89.97,94.25,5.79,53,13882,357,12,0
2325,84.35,98.74,2.38,81,11130,159,14,0
753,71.43,104.33,5.22,84,8276,287,2,0
372,89.08,84.52,4.14,80,2123,97,6,0
975,81.62,92.41,4.65,87,11145,89,13,0
1693,90.01,95.84,2.85,63,13512,317,0,1
2834,82.39,86.84,3.7,72,9219,29,10,0
1099,75.18,89.94,4.27,90,14842,279,3,1
530,78.62,98.63,2.29,79,14314,150,1,1
940,78.15,95.99,5.02,68,11493,228,14,1
1843,74.07,95.96,5.78,99,14289,255,8,0
2472,78.93,92.69,7.38,91,11956,35,4,0
1309,83.21,109.68,4.37,96,14222,154,3,0
839,80.21,100.6,5.05,70,6390,28,3,0
3019,91.22,94.49,5.5,56,2844,233,8,0
266,88.51,109.19,4.86,64,5306,182,10,0
1381,112.76,102.74,1.22,82,3102,226,1,0
1531,81.5,93.1,4.72,53,2533,102,12,1
1864,106.13,92.6,2.88,50,13915,340,12,0
1867,95.86,94.06,4.03,97,3285,357,10,1
2954,83.7,101.07,3.16,55,12046,327,3,1
2290,80.6,77.66,5.71,93,5132,229,2,0
1127,61.79,90.86,6.44,82,12814,65,0,0
1177,83.04,85.35,4.23,81,14317,51,1,0
3130,97.53,88.88,4.06,56,5225,163,0,0
894,95.71,91.21,4.3,65,8430,136,10,0
2004,82.06,87.92,3.32,88,7998,360,12,1
152,70.34,92.05,4.4,91,11437,103,3,0
1984,100.5,87.52,4.57,71,9769,44,7,0
92,83.33,88.06,2.66,94,9979,353,11,0
1439,70.38,82.49,5.49,66,4507,8,5,0
344,101.38,88.59,4.38,69,6262,180,10,0
2125,90.05,89.79,5.15,92,6145,253,3,0
1351,100.47,91.32,2.49,92,11037,188,4,0
3141,73.98,87.06,5.97,53,5377,216,1,0
916,96.32,108.18,6.09,50,1725,100,14,1
1162,86.92,99.19,5.05,59,2494,66,6,0
1519,75.88,95.06,4.74,60,6636,340,3,1
1029,92.3,95.28,3.16,58,6019,150,12,1
1376,78.79,97.5,2.26,66,9134,249,7,0
2782,98.72,103.36,5.2,74,7368,301,0,0
2200,97.0,105.11,3.38,52,6449,184,1,0
2502,85.93,108.46,5.55,88,11680,17,2,0
1372,97.91,97.33,4.55,83,6850,19,11,0
321,98.96,104.49,4.12,98,8967,249,12,0
2216,88.95,94.02,5.43,68,14840,216,11,0
2020,98.64,96.34,5.31,56,13891,248,1,0
2063,81.86,80.37,3.75,54,14575,270,13,1
1582,72.04,104.5,3.5,78,4998,194,1,0
1492,102.94,115.03,3.38,66,3575,38,2,0
4,92.05,122.84,4.07,65,8332,221,3,0
713,71.7,78.09,3.83,93,6394,302,9,1
2156,70.87,109.15,5.66,75,1444,247,1,0
2907,90.76,103.53,3.33,57,7817,11,11,0
2208,71.03,93.55,3.93,60,12873,256,2,0
2608,102.08,83.75,5.39,89,1949,8,7,1
2327,70.07,98.17,5.38,68,9550,333,7,0
2008,100.12,85.52,5.02,61,6632,72,1,0
2578,93.95,103.57,3.92,73,4920,159,11,0
154,97.96,89.76,4.46,99,5651,219,1,0
1098,72.12,85.58,5.66,70,9678,284,10,1
861,82.47,100.01,5.62,70,1234,317,1,0
2040,73.93,87.86,4.27,83,4385,257,0,0
1662,83.17,90.85,2.09,75,2098,213,8,0
2513,70.42,105.89,4.42,82,12826,287,6,1
1902,91.29,101.38,4.39,65,9581,201,1,0
428,80.65,99.51,1.99,83,7591,349,10,0
2173,100.92,98.96,4.28,93,9753,269,8,1
2981,94.18,101.28,5.22,73,12900,351,4,0
1718,82.59,85.98,0.74,65,10351,218,14,0
1752,75.0,113.76,3.95,50,10999,67,0,1
2655,68.41,92.06,4.56,79,2660,253,5,0
394,80.97,104.08,6.32,80,13649,296,1,1
154,97.49,84.82,2.0,58,2606,42,3,0
783,69.95,84.94,3.91,87,3203,75,8,1
148,87.0,97.79,1.41,61,2380,165,3,1
809,81.49,88.38,3.98,70,1102,344,5,1
2586,103.43,103.22,7.02,97,13583,307,5,1
393,88.88,103.1,3.84,57,14233,326,12,1
2865,78.57,97.29,3.56,77,11391,363,6,1
2566,80.52,89.34,5.64,56,4430,248,5,0
1860,79.69,93.65,1.47,54,14706,175,4,0
1206,70.84,81.94,1.82,84,12593,252,7,1
2919,81.46,101.55,3.01,88,3155,348,11,0
1240,68.6,94.38,5.95,70,13546,88,12,0
2368,92.13,91.43,5.49,67,13324,340,13,1
2813,87.96,86.29,4.82,69,1266,351,7,1
1295,72.11,109.1,3.12,77,11280,62,2,0
603,74.96,101.57,2.16,97,5497,142,2,0
2689,75.71,90.68,2.78,77,4007,307,5,0
2492,93.89,101.6,4.28,50,6721,73,7,1
1157,98.23,92.16,2.57,58,5748,197,10,1
2133,88.18,82.54,4.4,63,13818,208,2,0
2296,78.22,100.59,5.42,73,10889,316,7,0
3105,87.71,99.05,1.92,75,4742,321,3,0
2460,108.57,94.34,3.71,88,13531,312,11,1
1847,98.43,98.54,3.98,82,9809,74,10,0
2746,97.4,86.64,1.92,79,3208,173,7,0
865,82.19,91.65,2.47,86,11833,285,10,0
2190,74.32,94.33,1.93,80,9416,1,0,0
1039,90.54,97.34,3.31,53,10637,334,13,1
1915,62.39,110.99,5.61,78,13213,123,1,0
569,88.2,100.33,2.8,71,8659,195,8,0
796,103.22,97.03,3.24,55,14778,274,4,1
3041,82.75,89.21,1.31,88,6556,3,6,0
1626,83.81,92.95,1.84,65,10652,100,6,1
969,99.25,92.34,2.42,81,4418,81,11,0
2389,74.53,97.05,5.9,85,10284,312,11,1
2598,83.65,85.14,4.82,77,2890,99,5,0
2082,40.54,93.15,3.5,98,8462,206,7,0
3020,97.05,93.85,4.11,71,13721,67,11,0
3055,64.45,101.2,-0.71,65,9875,330,13,0
749,96.34,94.74,4.58,51,13029,61,8,0
2591,95.79,105.69,4.45,98,1198,258,0,0
2986,77.26,84.75,4.7,67,11905,283,12,0
1764,82.8,103.83,5.05,66,3787,67,12,0
2480,85.04,94.11,2.44,63,11419,128,2,0
2965,80.45,108.02,3.01,78,7966,226,9,0
1014,83.98,94.18,5.36,54,13653,209,5,1
1462,72.55,106.24,3.41,56,13166,208,0,0
426,92.29,91.49,2.39,62,2779,202,6,0
2557,80.93,101.49,2.44,83,2484,96,8,0
1389,74.5,107.98,4.06,85,5601,56,10,0
1243,73.89,93.78,5.46,67,5411,358,2,0
2394,78.43,105.77,4.82,66,5104,43,6,0
2776,67.01,102.09,3.34,57,10653,197,14,0
1177,72.76,114.25,4.65,56,6246,272,9,0
2492,85.08,97.79,4.08,84,13108,134,4,0
1368,73.64,101.97,4.93,89,7692,98,9,0
261,69.99,107.46,2.88,50,6907,18,14,1
603,93.55,102.6,5.71,52,14651,325,4,1
963,67.24,105.78,5.18,57,3275,47,7,0
158,103.18,104.18,5.11,69,14330,235,14,0
3110,83.13,95.06,8.21,74,1717,39,4,0
1031,73.48,97.32,6.19,54,12841,362,13,1
849,76.52,110.24,3.45,53,3945,41,12,0
13,96.86,101.46,5.3,97,12187,319,6,1
73,84.79,83.06,3.63,99,8127,224,7,0
163,66.77,85.4,2.19,51,12883,284,3,0
893,59.6,104.71,2.79,90,7362,13,9,0
2359,91.4,96.81,3.75,60,11756,169,11,0
1181,87.1,91.41,2.03,70,3350,341,3,0
1268,83.53,97.93,4.53,62,2248,180,9,1
53,87.87,99.63,1.51,97,2996,185,8,0
1858,98.18,98.48,4.13,69,10727,295,4,0
2257,99.22,94.73,3.69,61,11931,215,2,0
1209,92.67,84.95,2.7,67,7764,190,4,0
970,59.41,97.65,2.78,69,5863,177,1,0
2101,84.84,97.01,5.04,75,2315,130,7,0
69,69.88,79.59,3.21,76,5935,333,4,0
939,95.69,90.83,5.53,84,3749,149,2,0
2545,73.56,98.7,2.84,54,6106,100,11,1
2158,73.01,83.26,3.48,67,1255,98,14,1
883,95.88,83.88,3.07,93,7338,133,7,0
702,79.45,94.13,4.66,83,3872,76,8,0
152,72.41,99.55,2.69,99,8932,14,3,0
728,73.8,74.0,3.9,98,4741,18,2,0
1074,90.33,106.03,3.86,81,13565,77,6,0
2014,77.06,88.24,3.61,88,8439,23,10,0
82,90.13,101.79,0.3,94,5640,224,8,0
1486,82.27,103.64,4.64,56,9263,200,9,0
1108,75.25,95.02,3.83,60,5190,359,5,0
329,86.77,102.44,3.19,52,14846,332,5,0
3127,71.37,98.58,4.04,76,3073,324,9,1
599,89.43,98.21,4.42,86,7034,151,5,0
484,86.52,91.14,1.26,92,11836,7,9,0
539,77.77,91.24,2.24,94,11687,330,14,1
2085,77.09,83.37,5.25,61,2877,218,13,1
157,77.26,81.58,5.51,100,3487,250,3,0
1369,83.17,87.51,2.34,71,8582,111,3,0
1546,91.81,86.64,4.27,83,1409,97,8,0
2699,78.87,102.85,5.18,93,2651,175,12,0
1432,88.22,94.72,2.77,60,6467,272,12,0
2223,78.17,100.71,3.49,93,9402,305,5,0
2300,89.8,94.54,2.29,59,8554,62,11,0
3111,89.04,91.64,3.96,56,11311,285,7,1
2229,92.12,85.71,4.82,62,4978,135,14,0
163,74.55,90.92,8.35,56,5395,77,12,0
1625,79.75,94.13,1.65,57,1464,292,7,0
1379,91.02,90.94,4.39,95,6122,152,11,0
2898,80.57,87.44,2.58,71,1724,271,5,1
701,99.4,92.98,3.78,85,12013,12,13,0
1220,105.39,90.67,6.59,82,12405,223,4,1
857,87.44,93.37,1.34,84,7025,114,1,0
487,106.37,95.7,2.99,89,1346,66,10,0
298,93.7,89.34,4.35,60,5735,35,12,0
1804,82.0,104.17,5.17,95,1672,347,9,0
1734,87.13,77.68,3.52,78,10600,362,2,1
653,100.1,96.78,2.62,86,4098,101,5,0
2265,99.85,89.88,2.05,85,4372,248,9,0
2500,67.31,93.19,3.48,67,9572,207,0,0
2406,94.94,94.42,3.82,53,11929,233,2,1
1351,78.13,87.74,2.9,50,9011,159,13,0
2769,76.0,109.14,4.09,92,6696,356,1,0
1892,85.07,107.53,3.76,82,13869,102,9,0
515,80.9,99.03,4.78,85,7544,146,3,0
260,89.08,92.98,3.88,91,2816,64,14,1
533,103.5,93.14,4.66,66,13315,355,1,1
2382,67.29,99.76,5.4,84,7064,190,0,1
2641,75.84,86.93,3.1,98,4764,322,4,0
2319,92.49,94.05,4.94,78,10170,161,7,0
1116,92.06,94.02,5.68,52,11587,90,10,0
214,79.23,96.46,3.15,84,13575,254,14,0
3002,88.83,83.38,2.39,66,8882,200,10,0
589,92.54,88.09,0.9,88,1170,18,4,0
2374,96.29,88.56,2.52,58,11714,307,0,1
2338,71.39,102.13,0.95,50,9490,21,11,0
1390,67.27,99.33,2.39,61,10132,137,1,0
2952,94.1,104.68,5.88,56,12972,129,2,0
2854,69.11,84.54,6.53,63,7627,292,11,0
711,99.05,86.67,5.42,91,12595,33,4,0
1664,59.27,109.79,5.02,82,1192,223,0,0
1346,100.91,107.56,2.35,59,13745,252,3,1
2368,52.67,95.91,3.67,59,12627,148,6,1
2597,93.71,110.21,3.49,94,8728,298,11,1
2922,101.0,96.65,2.96,66,6381,149,4,0
771,76.27,109.0,6.21,58,11343,165,13,1
659,97.98,98.71,2.74,94,7445,19,0,0
1969,83.25,93.42,2.88,67,8349,103,3,0
127,102.84,95.93,3.03,82,10298,202,6,1
1415,97.02,89.62,2.67,61,5943,316,13,1
578,93.25,97.39,4.41,55,11103,176,1,1
37,82.6,96.13,2.86,60,4883,25,12,0
1958,92.26,97.23,2.21,79,1341,186,2,0
1587,79.82,94.82,3.32,51,7463,44,1,0
20,80.73,81.7,3.83,60,6941,264,13,0
1172,91.11,103.82,7.01,79,1390,114,2,0
613,77.17,105.34,3.42,80,10928,147,10,0
3106,89.3,99.07,2.83,55,5074,38,8,0
1095,88.87,101.79,-0.08,97,5531,151,14,0
2070,67.89,85.75,3.48,76,7340,333,9,0
2932,87.86,97.43,3.41,86,9751,169,12,0
3059,90.81,83.06,4.72,51,5305,155,1,0
2743,81.76,91.06,3.84,96,10628,241,4,0
2637,74.53,101.91,2.98,96,10680,247,9,0
1263,87.13,100.71,1.67,62,7549,299,9,1
330,89.95,97.99,5.24,71,7861,321,3,0
2527,82.35,93.86,4.81,93,9640,91,8,0
718,64.53,97.02,2.47,72,14110,264,13,0
732,77.13,98.15,3.92,72,4987,176,2,0
3158,106.89,100.26,3.71,62,6310,247,1,0
789,77.16,92.9,2.93,53,2167,183,11,1
1743,96.69,93.04,3.16,58,11550,126,6,1
2590,95.14,107.52,5.74,90,13832,36,0,1
905,94.58,92.37,3.44,58,2095,360,4,1
2574,97.74,97.38,3.52,67,12753,334,10,0
3117,104.35,107.37,2.67,57,12869,217,6,0
1270,81.83,120.44,4.58,71,5261,326,11,0
296,78.52,98.17,6.28,70,12830,13,5,0
3065,90.24,94.35,3.04,89,4557,168,14,0
2142,98.48,99.93,3.19,85,14971,229,5,1
661,102.32,110.08,6.1,89,5973,192,12,0
257,87.62,86.53,3.99,66,2565,149,8,0
2763,60.21,101.76,6.04,75,7992,296,11,1
2002,91.9,95.23,4.1,88,4831,320,11,1
2530,72.4,87.98,4.67,76,9832,183,2,0
5,87.78,83.26,3.68,55,4835,228,2,0
1169,77.37,89.83,4.63,77,7071,33,11,0
1736,61.94,93.59,3.53,87,4344,307,3,1
621,88.57,101.14,2.56,85,14575,213,12,0
2439,77.41,104.44,3.97,69,1548,356,7,0
1212,103.7,115.42,3.1,82,7106,118,9,0
1507,77.58,106.42,3.89,68,1563,295,11,0
1657,106.17,97.03,6.09,52,7996,243,4,1
1673,79.46,101.54,4.77,54,1215,53,4,0
1084,83.56,91.05,2.48,67,14226,155,11,0
1739,65.59,86.74,4.27,82,14618,76,1,0
964,80.93,100.42,4.49,94,3610,307,6,0
35,72.4,95.52,4.29,88,1374,36,2,0
2050,110.27,97.31,2.97,83,2768,227,13,1
1067,80.86,98.44,4.7,77,8309,344,11,0
1601,64.03,102.46,3.27,60,2855,113,3,0
2991,80.95,100.58,4.23,77,12676,306,14,0
1452,86.98,93.33,2.29,79,14428,159,6,0
70,80.47,83.94,5.34,85,1014,25,5,1
1778,83.84,105.56,2.99,65,2634,226,2,0
2633,91.31,89.75,0.54,73,9891,258,2,0
3085,101.74,92.14,3.42,100,10575,186,6,1
806,90.39,74.33,3.25,99,4333,341,14,1
2846,75.58,88.37,3.45,68,3177,212,6,0
2242,65.48,79.84,4.6,79,2480,303,9,0
2331,80.26,95.39,2.96,75,14713,82,0,0
600,105.05,92.72,0.4,63,6180,257,3,1
3137,84.81,91.91,5.48,90,3033,130,7,0
1665,68.61,104.35,3.49,74,4635,126,6,0
74,69.18,95.86,4.54,95,4879,211,14,0
2175,87.65,88.14,2.61,83,13268,34,14,1
1802,102.33,94.14,0.96,58,4950,338,6,1
3168,92.26,91.59,6.31,57,13784,268,0,1
2420,75.12,88.45,3.59,96,13871,228,4,1
2463,68.34,105.39,2.98,59,7519,303,2,0
1471,74.3,92.37,5.59,88,9561,47,6,0
2709,89.27,91.63,3.96,91,2204,76,14,0
2607,89.6,101.48,4.42,66,10180,229,9,0
1230,92.26,95.91,5.4,64,5857,105,9,0
341,73.41,87.28,1.97,76,11659,357,14,0
2867,77.67,84.31,1.5,58,9031,116,2,0
3064,71.35,79.64,6.95,67,14071,363,4,0
2454,88.56,96.09,4.54,67,2233,199,3,0
2710,76.04,86.09,2.55,81,3089,21,11,0
562,76.52,94.67,3.85,94,13339,267,0,0
1008,79.95,102.29,2.64,72,1369,181,7,0
2451,81.43,93.34,6.42,94,6974,271,14,1
910,70.51,94.09,5.06,65,3317,21,1,0
3170,85.53,87.67,3.94,55,6794,227,1,0
3085,76.37,97.13,3.41,62,10175,144,0,1
1801,89.98,96.37,3.33,66,2146,241,9,0
2578,93.0,86.51,3.97,95,14997,167,1,0
2781,80.36,108.21,5.38,64,2667,17,10,0
18,75.52,101.22,3.33,84,9410,364,13,0
3094,111.23,104.43,1.33,60,14898,336,4,1
1267,81.59,97.7,5.04,100,12196,138,6,0
1424,83.53,96.32,5.14,93,6803,47,0,1
1541,85.93,99.82,5.79,70,7591,65,8,0
1707,61.87,96.87,4.27,61,5378,48,2,0
3044,103.19,96.84,2.9,74,1017,282,2,0
1804,92.14,98.24,4.34,58,9693,18,6,0
698,76.84,92.94,6.23,70,11992,95,5,0
434,90.63,106.06,3.73,54,14976,138,8,1
71,58.84,94.86,4.14,78,14754,97,8,0
1401,87.41,95.15,5.17,83,10541,165,1,0
2879,79.97,92.26,3.46,96,3529,211,11,0
2926,71.78,103.73,5.29,58,14256,73,1,0
2640,80.96,90.96,3.14,78,6540,139,9,0
2299,79.66,95.82,4.69,80,10504,150,13,0
1965,92.52,98.35,3.29,89,9546,300,14,0
678,73.78,90.07,3.43,75,6292,263,9,0
3100,88.16,107.59,4.18,82,14754,322,13,0
677,79.69,99.89,4.02,98,11309,321,9,1
2496,90.13,93.39,0.9,59,10061,32,8,1
2952,78.71,92.83,1.49,92,4472,8,2,0
1771,69.6,99.72,4.4,91,3117,58,11,0
1634,53.55,111.23,3.68,100,6134,138,5,0
2715,83.06,85.02,2.02,82,1290,146,8,0
1876,100.87,108.71,5.59,55,4228,162,6,0
356,74.99,80.32,3.82,77,8922,216,6,0
111,86.65,94.25,7.79,94,11823,205,11,1
182,53.17,102.7,1.48,86,4019,79,10,0
659,102.6,116.96,6.16,74,8669,116,6,1
2967,95.75,93.14,5.88,77,12848,162,7,0
2022,94.65,92.68,2.4,67,9647,94,9,0
1001,115.87,97.05,5.26,66,3553,302,13,1
858,102.13,98.07,4.47,66,6572,166,10,0
81,79.27,93.33,5.43,75,12490,108,12,0
3011,107.18,91.61,5.86,52,14586,280,7,1
285,59.37,102.12,2.84,76,1548,51,0,0
832,104.39,110.53,1.11,50,12003,147,4,1
370,86.37,98.36,2.3,63,2339,257,10,1
1152,90.88,87.33,3.09,61,12711,89,8,0
594,85.55,83.1,4.81,73,9654,312,7,1
253,95.65,94.85,6.24,91,4285,34,10,0
57,94.86,101.82,6.41,58,3203,11,6,0
662,79.23,103.26,1.67,87,5474,11,9,0
3142,95.26,95.84,3.25,82,4891,261,9,0
2377,85.1,99.73,2.35,100,14886,282,4,0
449,81.79,106.54,3.59,73,14068,330,7,0
2917,72.24,88.65,1.0,71,6488,315,11,1
1743,82.07,83.82,2.03,68,13622,261,8,0
2431,84.76,85.4,4.08,51,9032,255,3,1
985,84.3,95.97,4.18,85,8825,205,1,0
1199,59.57,92.54,3.34,81,14854,221,13,1
2909,62.22,88.73,4.24,95,5547,318,5,1
2234,87.65,92.31,2.5,62,2390,225,8,0
2585,97.76,90.95,2.93,69,3875,68,3,0
1480,87.99,75.11,7.04,50,9514,108,14,0
755,98.39,102.89,1.45,58,2757,34,14,1
1468,97.45,89.56,3.09,94,2233,164,9,0
3101,115.64,86.04,4.88,84,4138,61,4,0
460,69.75,99.77,3.3,97,9855,49,2,0
1414,84.87,90.98,5.35,76,2022,49,0,0
1870,62.06,112.9,3.61,64,3566,190,4,0
1493,81.17,94.49,1.92,56,4073,161,1,0
784,73.04,97.39,2.39,74,3135,224,8,1
1839,87.1,84.83,3.2,63,9051,286,11,0
