date,station,train_id,hour,day_of_week,holiday,weather,special_event,passenger_count
139,8,328,21,1,0,0,0,571
169,6,501,20,3,0,4,1,1047
324,8,2279,9,4,0,0,0,661
40,5,444,0,0,0,1,0,313
331,0,2533,23,4,0,0,0,268
330,2,1791,21,3,0,0,0,646
38,0,1023,5,5,0,1,0,427
14,2,73,19,2,0,0,0,702
259,9,2496,0,2,0,0,0,265
66,0,40,5,5,0,0,0,301
233,7,388,3,4,0,4,0,202
279,8,2702,16,1,0,4,0,271
150,9,1447,15,5,0,4,0,580
205,0,1682,5,4,0,0,0,265
81,0,2473,2,6,0,0,0,471
342,5,2768,0,1,1,0,0,505
260,3,2435,12,3,1,1,0,614
268,2,1709,8,4,0,4,0,541
322,0,851,16,2,0,0,0,441
277,0,589,3,6,0,3,0,402
104,7,1276,14,1,0,4,0,391
294,2,1390,9,2,0,1,0,553
266,8,1111,11,2,0,0,0,351
285,2,2874,17,0,0,1,0,518
326,0,751,10,6,1,1,0,843
106,1,1262,12,3,1,4,0,624
248,2,2494,11,5,0,4,0,450
161,4,670,16,2,0,0,0,380
225,5,215,9,3,0,0,0,584
272,9,2989,19,1,0,4,0,497
174,5,2854,22,1,0,4,0,234
110,1,2178,19,0,0,1,0,554
72,7,2070,22,4,0,4,0,175
240,5,2666,14,4,0,1,0,367
24,4,900,15,5,0,0,0,368
56,7,2896,13,2,0,0,0,416
245,8,2162,21,2,0,0,0,637
94,0,1383,8,5,0,0,0,523
300,4,2727,18,1,0,1,1,997
68,0,1099,18,0,0,1,0,614
260,8,3117,8,3,0,2,0,570
199,1,516,1,5,0,0,0,549
40,9,196,16,0,1,1,0,681
343,0,2933,5,2,0,0,0,319
19,9,2428,17,0,0,0,0,493
203,9,1442,5,2,0,0,0,378
180,4,3025,20,0,0,0,0,644
191,4,1339,18,4,1,3,0,806
229,2,2493,9,0,1,4,0,752
86,6,291,21,4,0,1,0,705
171,8,2395,8,5,0,0,0,530
326,7,357,4,6,0,0,0,426
190,7,1068,21,3,0,0,0,518
28,7,354,6,2,1,1,0,553
90,9,3046,0,1,0,1,0,264
119,8,1150,13,2,0,0,1,655
262,3,566,13,5,0,1,0,465
291,7,490,23,6,0,1,1,770
122,2,2502,15,5,0,0,1,923
239,7,2450,2,3,1,0,0,687
267,1,1934,13,3,0,0,1,728
121,8,2055,15,4,0,4,0,253
54,0,900,17,0,0,4,0,548
59,4,2288,14,5,0,4,1,753
170,1,2097,0,4,0,1,0,238
131,7,975,12,0,0,0,0,342
21,9,1251,21,2,0,4,0,458
181,2,394,6,1,0,0,0,210
239,3,1360,12,3,0,0,1,940
156,2,124,16,4,0,4,0,327
63,6,3164,9,2,0,1,0,609
27,7,817,11,1,0,0,0,310
112,9,2831,15,2,1,4,0,629
23,1,229,8,4,0,0,0,521
321,0,687,3,1,0,1,0,389
29,2,1251,15,3,0,0,0,230
173,8,789,23,0,0,0,0,220
364,9,2685,10,2,0,0,0,609
211,5,1743,4,3,0,1,0,409
171,6,198,20,5,0,1,0,637
256,7,336,6,6,0,0,0,450
151,3,2124,8,6,0,0,0,624
327,0,896,19,0,0,0,0,680
42,7,760,7,2,0,4,0,440
184,1,1813,19,4,1,3,0,827
122,5,1065,15,5,1,4,0,569
135,3,599,7,4,0,3,0,416
96,4,2245,10,0,0,1,0,512
120,2,1219,3,3,0,1,0,301
71,8,1166,7,3,0,0,0,630
71,3,720,19,3,0,4,0,400
142,7,1916,14,4,0,0,0,429
35,8,1586,23,2,0,1,0,360
165,3,2234,17,6,0,0,0,742
81,0,37,1,6,0,0,0,309
292,5,864,6,0,0,0,0,312
335,2,1883,6,1,1,1,0,607
336,0,2030,11,2,0,0,0,332
134,7,334,5,3,0,0,0,319
134,2,950,13,3,0,3,0,343
124,1,626,1,0,0,0,0,271
159,1,926,3,0,0,1,0,298
97,9,565,17,1,1,1,0,937
64,7,2577,8,3,0,2,0,408
352,7,1374,5,4,1,3,0,456
83,7,955,22,1,0,1,0,411
56,0,2382,14,2,0,1,0,426
217,2,448,7,2,0,1,0,530
286,5,916,13,1,0,3,0,387
168,7,1510,19,2,0,2,0,561
349,5,1365,21,1,0,1,0,655
205,6,1845,5,4,0,0,0,393
174,7,2718,12,1,0,1,0,327
266,7,1890,1,2,0,4,1,727
215,0,2824,13,0,0,0,0,491
235,6,214,5,6,0,4,0,442
320,4,346,3,0,0,0,0,363
313,9,1924,1,0,0,0,0,266
158,6,2441,10,6,0,1,0,578
283,0,2618,4,5,0,2,0,321
120,0,3033,4,3,0,1,0,277
97,0,1402,21,1,0,3,0,559
167,6,214,4,1,0,0,0,298
169,7,2741,22,3,0,1,0,372
184,9,192,5,4,0,1,0,238
58,7,1277,0,4,0,0,0,284
274,0,3009,4,3,0,1,0,346
41,7,2662,15,1,0,0,0,342
306,1,133,17,0,0,3,0,539
294,1,2020,9,2,0,0,0,700
269,0,2259,17,5,0,0,0,711
330,9,3106,0,3,0,2,0,357
304,2,2292,5,5,0,0,0,450
273,4,435,20,2,0,1,0,585
288,9,2668,10,3,0,0,0,529
278,5,1510,12,0,0,0,0,366
144,2,2709,8,6,1,0,0,953
224,7,2475,14,2,0,1,0,421
61,8,1072,11,0,0,0,0,434
148,9,1355,10,3,0,1,0,506
291,4,332,9,6,0,0,0,702
155,3,329,20,3,0,1,0,708
359,7,2161,8,4,1,1,0,774
253,4,2310,12,3,0,0,1,812
166,6,1164,11,0,0,1,0,545
353,9,3049,12,5,0,1,0,618
330,9,251,1,3,0,4,0,213
42,4,557,3,2,1,0,0,709
362,2,1421,0,0,0,1,0,230
116,0,1935,18,6,0,0,0,666
82,8,2413,18,0,0,4,0,539
93,2,1564,11,4,0,0,0,533
264,2,746,14,0,0,1,0,453
362,8,1930,17,0,0,0,0,656
229,4,1118,16,0,0,0,0,418
294,9,1886,20,2,0,0,0,627
358,9,1834,7,3,0,1,0,579
335,9,1520,10,1,0,3,0,442
176,5,2712,23,3,0,2,0,318
166,4,427,11,0,0,0,0,393
295,8,1146,4,3,0,0,0,416
56,0,2291,13,2,1,4,0,696
314,1,3158,3,1,0,0,0,271
325,0,150,3,5,0,3,0,337
115,7,2105,2,5,0,0,0,505
42,2,1603,17,2,0,0,0,625
256,8,355,19,6,0,4,0,818
105,1,915,15,2,0,2,0,469
224,7,722,20,2,0,0,0,489
335,8,378,14,1,0,0,0,419
97,8,2602,16,1,0,1,0,344
267,6,3142,5,3,0,4,0,126
130,9,1384,0,6,0,0,0,430
27,2,1723,9,1,0,1,0,570
180,5,1964,4,0,0,0,0,315
183,6,322,7,3,0,0,1,961
299,2,682,6,0,0,4,0,300
249,4,1327,12,6,0,4,0,408
363,1,939,3,1,0,4,0,167
59,6,63,0,5,0,1,0,404
86,2,2585,23,4,0,0,0,326
296,8,1454,23,4,0,1,0,197
27,4,3167,1,1,0,0,0,407
347,5,1364,12,6,0,4,0,501
159,8,2622,17,0,0,1,0,663
256,4,816,11,6,0,1,0,434
215,7,2144,18,0,0,0,0,609
195,6,1748,3,1,0,0,0,279
243,0,2964,16,0,0,3,0,307
8,3,1913,17,3,0,0,0,611
115,5,2362,23,5,0,2,0,337
363,7,1063,0,1,0,4,0,236
81,4,440,22,6,0,3,0,330
16,4,1007,5,4,0,0,0,307
150,8,2194,13,5,0,0,0,529
216,0,2188,20,1,1,1,0,746
88,8,547,18,6,0,0,0,727
164,6,1905,0,5,0,1,0,410
133,0,1284,13,2,0,0,0,334
109,6,554,21,6,0,4,1,1037
154,5,930,14,2,0,0,0,394
221,3,2301,12,6,1,0,0,750
205,4,1324,0,4,0,3,0,216
69,6,2408,11,1,0,1,0,330
261,3,2940,19,4,0,4,0,524
3,7,1170,7,5,0,1,0,694
103,5,3052,12,0,0,1,0,451
277,2,3066,0,6,0,0,0,349
356,1,1566,1,1,0,0,0,351
136,7,362,14,5,0,0,0,449
113,4,735,21,3,0,0,0,590
8,5,1527,4,3,0,0,0,333
100,4,2120,19,4,0,0,0,552
332,0,3155,3,5,0,0,0,446
271,3,2752,20,0,0,1,0,610
103,6,675,14,0,0,1,0,408
174,1,2008,0,1,0,1,0,286
301,7,1542,15,2,0,0,0,357
330,6,1622,22,3,0,0,0,159
164,6,1434,15,5,0,0,0,338
50,2,2228,20,3,0,4,0,526
344,7,362,10,3,0,3,0,441
251,3,1961,21,1,0,2,0,514
161,8,3040,14,2,0,3,0,251
105,1,2802,17,2,0,0,0,694
182,2,2767,11,2,0,1,0,262
210,8,620,1,2,0,0,0,221
135,8,107,0,4,0,1,0,263
3,9,1047,9,5,0,0,0,740
221,3,2522,21,6,0,1,0,626
45,7,2537,16,5,0,0,0,596
124,9,835,20,0,0,0,1,949
338,2,331,15,4,0,4,0,318
143,8,2809,17,5,0,0,1,1103
244,8,2340,20,1,0,1,0,719
220,9,1900,7,5,0,3,0,580
32,4,347,22,6,0,2,1,774
331,8,89,6,4,0,3,0,181
204,8,3006,21,3,0,0,1,864
218,5,664,6,3,0,0,0,257
344,4,2512,1,3,0,0,0,416
33,7,946,17,0,0,4,0,460
310,2,2740,17,4,0,0,0,608
82,1,454,21,0,0,0,0,547
14,6,2399,15,2,0,0,0,450
171,3,2705,3,5,0,4,0,530
77,0,268,14,2,0,0,0,359
193,8,2661,10,6,0,4,0,703
227,8,1351,8,5,0,0,0,762
232,1,173,22,3,0,0,0,267
351,8,1261,8,3,0,4,0,534
147,7,2350,16,2,0,0,0,414
114,5,2962,17,4,0,4,1,948
222,4,1248,0,0,0,3,0,218
183,5,2482,12,3,0,4,0,285
284,2,674,13,6,0,1,0,583
281,1,1808,14,3,0,0,0,389
276,9,1852,22,5,0,1,0,478
164,9,3059,13,5,0,4,0,448
194,2,2648,7,0,0,3,0,563
250,8,2888,7,0,0,0,0,593
51,6,1317,5,4,1,4,0,467
171,2,236,4,5,0,0,0,450
120,8,2423,9,3,0,1,0,529
72,9,2513,0,4,0,4,0,160
1,5,129,17,3,0,0,0,444
355,5,1338,15,0,0,0,0,353
75,0,3120,22,0,0,0,0,159
267,1,1571,1,3,0,1,0,407
167,5,1235,11,1,0,0,0,372
329,6,608,18,2,0,0,0,581
197,4,1474,8,3,0,3,0,429
323,4,1796,18,3,0,0,0,538
322,2,2707,2,2,0,0,0,388
98,9,1249,16,2,0,1,0,332
155,2,3079,17,3,0,1,0,519
183,7,199,20,3,0,0,0,659
17,8,2685,15,5,0,0,0,485
290,2,2674,15,5,0,0,0,593
86,5,2099,17,4,0,0,0,662
236,5,686,17,0,0,2,0,515
48,2,3130,5,1,0,3,0,282
66,2,1345,9,5,0,0,0,731
293,5,1978,2,1,0,1,0,295
118,1,672,21,1,0,0,0,495
6,0,2391,17,1,0,0,0,730
47,2,2481,13,0,0,2,0,458
34,3,438,4,1,0,1,0,183
348,0,2833,17,0,0,0,0,560
35,0,260,22,2,0,0,0,294
54,3,3142,3,0,0,1,0,261
269,3,634,11,5,0,4,0,457
207,3,427,15,6,0,0,0,518
101,5,3080,2,5,0,1,0,484
298,2,2133,7,6,0,2,0,641
96,8,2820,11,0,0,4,1,654
198,8,2094,3,4,0,0,1,575
84,6,885,15,2,0,0,0,484
40,3,1626,4,0,0,0,0,196
304,4,142,22,5,0,0,0,321
185,8,3134,16,5,0,0,0,489
195,6,586,17,1,0,0,0,595
330,6,3092,14,3,0,1,0,377
200,2,2266,12,6,0,2,0,612
257,0,1126,18,0,0,0,0,624
139,1,222,21,1,0,1,1,884
356,0,2501,14,1,1,1,0,626
350,4,1119,16,2,0,0,0,426
305,0,95,20,6,0,3,0,797
183,9,2151,5,3,0,3,0,182
182,2,873,5,2,0,0,0,300
54,2,1670,18,0,0,0,0,589
152,9,147,5,0,0,0,0,162
294,9,1287,2,2,0,0,0,348
110,5,159,1,0,0,0,0,148
270,0,350,7,6,0,3,0,543
52,0,2390,18,5,0,0,0,698
221,0,2587,6,6,0,1,0,433
198,0,1234,0,4,0,4,0,151
262,4,1536,20,5,0,4,0,594
77,5,412,9,2,0,1,0,443
256,3,1738,4,6,0,3,0,266
48,6,1902,21,1,0,3,0,532
234,8,868,9,5,0,0,0,622
70,9,953,5,2,0,0,0,276
208,7,1965,7,0,0,0,0,384
142,6,1977,15,4,0,1,0,434
193,2,2776,9,6,0,1,0,763
312,2,1008,19,6,0,0,0,643
65,9,497,22,4,0,0,0,162
17,7,2981,2,5,0,1,0,390
336,0,702,5,2,0,0,0,299
211,1,1420,22,3,0,3,0,293
288,5,2968,1,3,0,4,1,670
239,2,2775,6,3,0,0,0,225
151,0,1376,9,6,0,4,0,662
65,2,238,3,4,1,0,0,466
288,5,1617,22,3,0,3,0,352
7,9,2792,20,2,0,3,0,566
80,1,2681,3,5,0,4,0,360
330,0,2576,8,3,0,0,0,534
289,9,1866,11,4,0,0,0,507
191,6,1682,6,4,0,0,0,169
2,8,1181,6,4,0,4,0,249
351,7,845,17,3,0,0,0,579
347,0,1069,20,6,0,1,0,803
45,7,430,19,5,0,0,0,740
119,9,1731,21,2,0,0,0,753
240,1,3041,3,4,0,4,0,306
348,6,2079,5,0,0,0,0,323
132,0,3129,0,1,0,0,0,274
147,5,2490,3,2,0,0,0,261
273,8,2500,9,2,0,0,0,576
16,3,694,6,4,0,0,0,320
335,4,1133,6,1,0,4,0,239
208,3,1551,12,0,0,2,0,354
29,9,240,7,3,0,4,0,529
75,4,2423,5,0,0,0,0,310
49,4,1286,0,2,0,4,0,152
232,5,2633,4,3,0,3,0,189
48,5,82,20,1,0,1,0,705
56,2,2649,5,2,0,1,0,274
207,7,112,12,6,0,4,0,524
93,7,2385,12,4,0,0,0,400
299,6,2178,20,0,1,0,0,736
300,3,2196,16,1,0,1,0,528
133,4,2784,17,2,0,1,0,504
266,5,2329,1,2,0,1,0,509
93,0,1225,17,4,0,1,0,559
177,7,1798,5,4,0,1,0,276
284,4,2069,3,6,0,0,0,461
149,2,495,21,4,0,0,0,593
237,6,1941,0,1,0,1,0,361
221,8,2302,5,6,0,1,0,488
119,6,2043,11,2,0,0,0,323
135,4,1048,2,4,0,1,0,348
272,4,230,0,1,0,1,0,264
169,0,2484,10,3,0,3,0,610
195,2,1722,23,1,0,0,0,213
293,4,2943,2,1,0,0,0,284
353,9,2388,12,5,1,0,0,738
144,9,2642,3,6,0,0,0,429
9,5,1276,13,4,0,1,0,445
263,1,1971,15,6,0,1,1,796
225,0,2672,22,3,0,0,0,262
5,8,143,10,0,0,3,0,434
182,7,182,5,2,0,0,0,185
23,7,165,21,4,0,3,0,576
36,8,803,17,3,0,1,0,676
319,6,2538,16,6,0,0,0,512
125,8,3085,10,1,1,3,0,700
70,9,1580,16,2,0,1,0,285
126,4,1497,13,2,0,1,0,411
120,4,2211,19,3,0,0,0,566
291,7,2226,18,6,0,1,0,829
244,2,1521,5,1,0,0,0,250
5,5,890,12,0,0,2,0,404
267,2,1236,10,3,0,0,0,535
170,9,1575,2,4,0,1,0,355
48,4,551,1,1,0,0,0,269
208,2,1205,4,0,1,1,0,597
101,6,1765,2,5,0,1,0,489
36,5,2092,11,3,0,0,0,467
357,0,1044,2,2,0,2,0,420
100,6,216,11,4,0,1,0,387
276,6,1251,12,5,0,1,0,425
137,1,1376,9,6,0,0,0,646
258,6,1760,4,1,1,1,0,708
114,0,967,13,4,0,1,0,389
5,4,2354,18,0,0,0,0,580
80,9,61,7,5,0,1,0,656
179,2,2581,16,6,0,1,0,394
303,6,3114,15,4,0,2,0,384
47,6,2680,6,0,0,0,0,239
170,8,1889,5,4,0,1,0,265
33,9,506,14,0,0,1,0,462
358,8,2670,1,3,0,0,0,275
165,2,1868,9,6,0,1,0,717
198,7,2101,9,4,0,1,0,484
331,3,994,21,4,0,0,0,639
89,8,2697,5,0,0,3,0,373
270,5,2645,17,6,0,1,0,737
266,7,3005,5,2,0,1,1,656
272,7,3016,9,1,0,1,0,457
359,6,2998,8,4,0,0,0,673
167,1,650,15,1,0,4,0,238
331,1,1174,17,4,0,0,0,541
200,9,2774,15,6,0,4,0,418
245,7,65,22,2,0,0,0,370
352,1,1347,3,4,0,0,0,305
173,8,565,13,0,0,1,0,350
357,4,92,11,2,0,2,0,289
103,6,2576,20,0,0,0,0,513
207,6,2348,2,6,0,3,0,472
128,2,2033,2,4,0,0,0,267
175,6,1114,23,2,0,4,0,287
230,6,2722,0,1,1,4,0,582
192,6,3145,21,5,0,1,0,555
0,7,421,17,2,0,1,0,613
90,6,3084,23,1,0,0,0,448
312,8,2914,10,6,0,4,0,739
315,7,3145,14,2,0,3,0,295
220,4,2146,10,5,1,0,0,892
342,1,54,6,1,0,1,0,268
97,8,2125,5,1,0,1,0,312
277,2,2890,7,6,0,4,0,672
55,3,1855,9,1,0,1,0,621
81,6,422,17,6,0,3,0,762
210,5,1382,13,2,0,3,0,392
338,6,3127,4,4,0,1,1,601
272,8,911,4,1,0,0,0,339
237,1,1514,4,1,0,0,0,287
0,0,2529,9,2,0,1,0,670
232,0,73,11,3,0,1,0,444
165,5,1609,17,6,1,0,1,1288
295,5,2436,2,3,0,4,0,248
134,3,187,19,3,0,3,0,521
161,6,2345,18,2,0,4,0,558
310,6,2929,23,4,0,0,0,154
2,6,504,22,4,0,1,0,315
106,4,676,3,3,0,1,0,300
283,5,2434,13,5,0,1,0,474
77,5,45,18,2,0,1,0,444
363,0,1822,15,1,0,0,0,362
69,5,1055,21,1,0,0,0,630
149,7,3001,16,4,0,1,0,293
7,2,1616,12,2,0,0,0,355
190,9,161,14,3,0,1,0,395
292,2,1117,18,0,0,0,0,534
141,0,1865,19,3,0,0,0,649
269,2,2870,9,5,0,1,0,571
64,6,739,4,3,0,1,0,298
89,6,1044,11,0,0,1,0,343
51,5,2060,21,4,0,0,0,680
345,3,1064,20,4,1,3,1,1153
199,6,631,12,5,0,0,0,702
137,3,455,10,6,0,1,0,875
215,6,561,0,0,0,4,0,227
43,5,604,0,3,0,1,0,191
286,6,1000,4,1,0,0,1,641
117,2,2685,13,0,0,2,0,346
40,4,2142,15,0,1,0,0,661
71,3,967,4,3,0,0,0,203
134,7,359,15,3,0,0,0,438
21,0,127,4,2,0,0,0,274
28,6,3161,12,2,0,0,0,376
53,5,914,2,6,0,0,0,464
349,7,1339,11,1,0,0,0,483
341,0,2597,6,0,0,0,0,203
75,1,2328,1,0,0,4,0,297
354,5,536,15,6,0,0,0,408
349,9,2627,2,1,0,1,0,405
117,2,1549,9,0,0,3,0,600
254,0,1357,13,4,0,1,0,216
174,3,3121,3,1,0,0,0,193
47,5,1821,20,0,0,0,0,630
26,9,1376,21,0,0,0,0,617
196,9,1824,6,2,0,0,0,289
102,1,3101,10,6,0,0,0,623
279,8,362,13,1,0,3,0,271
177,9,951,20,4,0,1,0,639
177,5,2881,17,4,0,0,0,493
154,7,1289,5,2,1,0,0,585
84,2,2560,0,2,0,0,0,274
78,7,2212,16,3,0,0,0,471
196,2,3119,20,2,0,3,0,617
297,1,1292,7,5,0,1,1,1015
34,4,1132,23,1,0,2,0,246
293,5,1634,16,1,0,1,0,421
291,1,184,22,6,0,0,0,431
314,0,190,19,1,0,0,0,550
287,0,2242,16,2,0,1,0,349
340,9,1448,10,6,0,1,0,670
39,4,491,18,6,0,0,0,798
6,6,467,0,1,0,0,0,279
221,6,987,22,6,0,1,0,442
77,4,2660,8,2,0,4,1,907
348,3,2839,16,0,1,1,0,654
363,8,1967,18,1,0,0,0,714
159,4,2477,8,0,0,0,0,557
122,8,2035,3,5,0,1,0,441
247,9,932,23,4,0,4,0,231
334,0,1479,23,0,0,2,0,412
105,7,2481,19,2,0,3,0,598
204,4,2349,21,3,0,0,0,584
183,2,3021,17,3,0,1,0,615
78,2,2233,22,3,0,1,0,312
40,7,949,16,0,0,1,0,357
84,9,2745,8,2,0,0,0,488
173,1,498,2,0,0,1,0,260
266,2,2932,22,2,0,4,0,172
67,5,565,17,6,0,0,0,741
329,6,1458,22,2,0,0,0,371
207,6,1511,23,6,1,0,0,660
348,0,859,10,0,0,4,0,639
205,8,208,21,4,0,0,0,557
83,1,2554,6,1,0,0,0,380
73,2,893,20,5,0,1,0,688
29,2,1804,9,3,0,3,1,841
354,8,1167,2,6,0,1,0,504
337,0,1132,3,3,0,0,0,371
275,5,1626,5,4,0,0,1,707
252,2,2906,16,2,0,1,0,387
103,7,965,5,0,0,0,0,293
216,5,431,22,1,1,0,0,582
172,7,1067,21,6,0,0,0,701
251,4,2084,10,1,1,1,0,869
150,1,2134,12,5,0,0,0,434
249,5,1148,12,6,0,1,0,555
331,5,1076,13,4,0,1,0,326
290,0,1019,7,5,0,1,0,808
125,1,3156,13,1,0,0,0,426
227,4,2806,8,5,0,0,0,672
7,9,3009,2,2,1,4,0,578
361,7,2895,19,6,0,1,0,760
304,0,1209,6,5,0,1,0,411
18,3,2028,9,6,0,4,0,630
5,3,1679,8,0,0,0,0,530
333,0,1809,18,6,0,0,0,694
70,3,574,21,2,0,3,0,439
63,0,2098,6,2,0,0,0,393
118,8,1938,19,1,0,4,0,558
349,5,1356,20,1,0,1,0,525
97,7,771,7,1,0,1,0,636
90,5,1323,1,1,0,0,1,569
322,0,1180,22,2,0,0,0,240
344,6,265,20,3,0,1,0,594
114,5,534,7,4,0,0,0,615
300,6,1914,15,1,0,0,0,518
360,5,359,7,5,0,1,1,1064
276,6,33,3,5,1,4,0,652
116,6,708,18,6,0,1,0,726
53,3,897,17,6,1,2,0,1047
358,5,1426,21,3,0,0,0,637
141,2,983,18,3,0,4,0,561
141,6,595,12,3,0,2,0,512
271,2,304,19,0,0,0,0,621
147,4,1343,23,2,0,4,0,252
20,1,1880,11,1,0,0,0,353
283,0,1966,3,5,0,1,0,446
343,6,867,12,2,0,0,0,494
275,4,1472,3,4,0,0,0,307
238,5,1779,9,2,0,3,0,430
353,9,91,18,5,0,1,0,688
55,0,571,5,1,0,1,0,314
123,7,395,6,6,0,1,0,463
361,1,1175,14,6,0,0,0,565
4,5,2823,18,6,0,4,0,588
163,1,2002,19,4,0,0,0,572
323,2,544,7,3,0,0,0,574
85,1,1063,9,3,1,4,0,851
361,1,204,20,6,0,0,0,802
80,5,2912,0,5,0,0,0,468
225,5,914,15,3,0,1,0,367
358,6,1897,16,3,1,4,0,713
38,2,2995,23,5,0,2,0,374
349,7,2403,23,1,0,0,1,730
260,5,906,15,3,0,1,0,397
16,1,1181,7,4,0,0,0,495
288,8,2128,23,3,0,0,0,362
305,0,2331,5,6,0,2,0,313
171,5,2312,14,5,1,3,0,676
359,1,2189,14,4,0,0,0,461
88,4,2934,19,6,0,0,0,785
358,9,1627,4,3,1,3,0,417
146,7,2169,3,1,0,3,0,112
328,3,466,18,1,0,4,0,612
315,1,1698,20,2,0,0,0,604
280,5,532,23,2,0,1,0,322
316,1,3160,6,3,0,1,0,432
20,7,15,1,1,0,0,0,231
81,0,2861,2,6,0,0,1,723
338,8,979,2,4,0,0,0,308
100,6,1043,18,4,0,0,0,570
56,9,2950,18,2,0,0,0,613
296,1,1316,14,4,0,0,1,799
20,0,1785,14,1,0,3,0,395
139,4,2393,17,1,0,1,0,514
126,4,1659,5,2,0,1,0,64
34,0,1462,11,1,0,0,0,562
109,6,1532,4,6,0,3,0,308
98,9,1123,20,2,0,0,0,639
356,1,2239,10,1,0,0,0,482
140,4,2081,9,2,0,4,0,511
248,8,2230,15,5,1,0,0,712
249,7,1525,19,6,0,0,0,661
162,5,2019,10,3,0,0,0,595
120,7,828,14,3,0,0,0,364
154,7,934,13,2,0,1,0,341
323,8,2928,0,3,0,0,0,321
333,2,706,1,6,0,1,0,452
290,7,2792,9,5,0,1,1,877
187,4,1834,2,0,0,0,0,341
117,0,1515,6,0,0,2,0,291
201,7,2442,14,0,0,3,0,328
289,7,2813,13,4,0,0,0,538
170,4,2996,16,4,0,0,0,375
129,0,698,5,5,1,3,0,556
181,4,1041,13,1,0,0,0,456
245,4,2257,9,2,0,0,0,572
104,4,2570,20,1,0,4,0,459
12,8,2960,3,0,0,0,0,395
222,9,3129,10,0,1,0,1,1175
180,9,245,18,0,0,2,0,634
175,0,402,1,2,0,1,0,331
153,7,2124,21,1,0,0,0,593
359,1,2961,11,4,0,0,1,834
198,0,721,6,4,0,0,0,346
296,9,1756,5,4,0,1,0,436
63,1,717,8,2,0,0,0,469
340,5,891,9,6,0,4,0,592
43,5,1669,3,3,0,0,0,180
118,1,2306,4,1,0,0,0,431
286,6,2203,19,1,0,1,0,570
11,2,252,16,6,0,1,1,879
192,3,1003,7,5,0,4,0,685
191,7,356,16,4,0,1,0,303
176,8,2017,6,3,0,3,0,237
265,2,786,0,1,0,3,0,227
59,6,2266,16,5,0,3,0,459
159,3,2750,4,0,0,1,0,306
90,1,2047,21,1,0,4,1,888
174,8,3140,17,1,0,0,0,664
248,4,1095,16,5,0,3,0,493
354,0,1066,22,6,0,3,0,357
281,7,2686,16,3,0,0,0,494
11,2,1554,11,6,1,0,0,855
356,6,1107,23,1,0,1,0,382
206,5,1222,19,5,0,1,0,751
88,5,1983,3,6,0,0,0,473
151,6,1601,15,6,0,1,0,493
343,7,3060,16,2,0,4,1,735
293,4,1480,19,1,0,3,0,572
360,7,2808,21,5,0,2,0,823
220,8,561,20,5,1,0,0,993
164,6,874,20,5,0,0,1,1072
183,4,783,11,3,0,0,0,533
235,0,2551,14,6,0,4,0,566
213,0,1029,0,5,0,3,0,371
352,9,584,21,4,0,4,0,622
204,5,2800,22,3,0,0,0,374
302,7,1070,9,3,0,4,0,565
126,0,2756,20,2,1,1,0,841
56,1,99,17,2,1,0,0,820
262,7,1467,14,5,0,0,0,548
356,8,3088,6,1,0,1,0,378
212,6,1547,14,4,0,1,0,474
154,2,1292,14,2,0,0,0,391
34,8,1812,19,1,0,2,0,538
132,0,113,8,1,0,0,0,556
240,5,2714,4,4,0,3,1,468
72,7,2085,3,4,0,0,0,379
205,4,1455,3,4,0,3,1,660
152,6,1525,8,0,0,0,0,501
179,4,468,11,6,0,1,1,883
67,0,69,3,6,1,4,0,585
352,9,2320,8,4,0,1,0,580
274,8,1974,4,3,0,1,0,283
65,2,2160,6,4,0,1,0,288
97,4,2533,20,1,0,0,1,1043
32,1,1846,11,6,0,3,0,427
303,9,831,2,4,0,1,0,320
141,6,1105,12,3,0,1,0,413
73,0,1277,21,5,0,0,0,771
150,7,1526,14,5,0,3,0,475
160,6,1711,15,1,0,0,0,478
213,9,2879,1,5,0,0,0,487
284,8,396,4,6,0,0,0,380
281,1,2784,22,3,0,0,0,341
124,2,524,10,0,0,0,0,551
113,5,671,3,3,0,0,0,294
274,0,1290,4,3,0,4,0,286
148,1,2088,12,3,1,1,0,683
320,8,1172,15,0,0,0,0,489
9,7,825,4,4,0,1,1,688
263,9,1415,23,6,0,0,0,364
264,8,2063,6,0,0,2,0,293
350,3,1260,20,2,0,0,0,581
60,1,2106,12,6,0,4,1,757
109,7,2538,17,6,0,1,0,706
159,7,539,18,0,0,0,0,585
270,7,447,5,6,1,2,0,609
52,5,384,11,5,0,2,0,558
134,9,919,12,3,1,1,0,714
174,4,238,16,1,0,3,0,293
202,9,2315,18,1,0,1,0,525
70,4,2230,19,2,0,0,0,570
88,5,2725,12,6,0,0,0,490
156,1,2935,11,4,0,0,0,322
309,5,909,16,3,0,4,0,289
179,1,2659,4,6,0,0,0,427
10,8,1134,2,5,0,1,1,823
39,8,703,0,6,1,0,0,588
245,2,359,3,2,0,1,0,269
347,1,2789,6,6,0,0,0,580
342,9,2148,6,1,0,0,0,240
1,1,67,2,3,0,4,0,291
355,5,1678,3,0,0,2,0,456
251,9,1985,11,1,0,3,0,467
193,4,753,7,6,0,3,0,641
273,0,1653,15,2,0,4,1,719
279,1,16,0,1,0,0,0,274
145,1,659,1,0,0,0,0,287
10,4,1713,19,5,0,3,0,636
242,9,1960,5,6,0,0,0,351
298,4,2618,9,6,0,0,0,604
106,2,468,8,3,1,0,0,775
349,5,3064,7,1,0,1,0,639
290,0,2643,19,5,0,0,0,596
209,4,361,6,1,0,0,1,771
51,9,1937,9,4,0,2,0,554
158,1,766,21,6,0,0,0,762
304,3,1474,10,5,0,0,0,614
142,5,2807,20,4,0,2,0,511
250,7,450,16,0,1,4,0,643
53,2,156,1,6,0,0,0,363
211,8,191,8,3,0,0,0,590
66,9,2402,18,5,1,1,0,1069
101,9,392,17,5,0,1,0,745
74,1,1694,8,6,1,4,0,766
144,7,673,17,6,0,0,0,676
198,1,2849,1,4,0,4,0,326
315,1,2114,15,2,0,3,0,238
346,3,2309,8,5,0,0,0,607
232,2,3048,17,3,0,2,0,619
302,3,977,1,3,0,0,1,720
56,0,297,3,2,0,0,0,246
97,0,710,15,1,1,4,0,584
182,7,961,17,2,0,0,0,542
301,8,3070,10,2,0,0,0,620
81,4,1333,1,6,0,0,0,256
96,8,2941,21,0,0,0,0,622
208,2,865,7,0,0,0,0,480
254,4,1072,14,4,0,4,0,344
77,8,2529,13,2,0,0,0,445
47,1,1686,19,0,1,1,1,1159
148,4,1861,17,3,0,0,0,527
234,1,799,6,5,0,4,0,292
355,1,758,8,0,0,1,0,480
214,4,3165,4,6,0,0,0,540
12,5,2238,21,0,0,3,0,571
21,9,1911,12,2,0,1,0,414
264,8,2226,20,0,1,4,0,860
288,0,643,0,3,1,4,0,567
299,2,1623,15,0,0,0,0,344
249,0,671,19,6,0,2,1,1136
41,8,756,19,1,0,4,0,610
237,4,1758,17,1,1,4,0,637
161,2,24,22,2,0,1,0,353
215,2,1714,16,0,0,0,0,333
190,6,2878,16,3,1,0,0,643
122,7,605,15,5,0,0,0,462
110,6,1434,19,0,0,0,0,613
31,0,1405,22,5,0,0,0,393
171,8,793,9,5,0,3,0,642
175,5,1670,1,2,0,0,0,285
53,7,1338,7,6,0,4,1,912
151,6,590,2,6,0,0,0,455
233,2,1749,9,4,0,2,0,514
323,5,2463,7,3,0,1,0,547
231,3,247,13,2,0,1,0,315
48,0,1248,8,1,1,0,0,787
233,0,2061,7,4,1,1,0,912
275,7,1480,14,4,0,0,0,341
242,7,748,17,6,0,1,0,739
329,5,241,3,2,1,0,0,562
14,6,245,5,2,0,2,0,405
122,0,654,5,5,0,4,0,386
202,7,1785,11,1,0,0,0,355
62,9,1676,14,1,0,0,0,316
31,9,1929,12,5,0,1,0,464
350,2,1915,7,2,0,1,0,544
125,4,2183,9,1,0,1,0,546
208,6,135,7,0,0,1,0,570
333,8,2431,8,6,0,1,0,684
1,0,2202,11,3,0,4,0,277
164,9,903,2,5,0,0,0,410
243,5,1953,14,0,0,4,0,321
296,0,938,10,4,0,1,0,467
32,1,2610,12,6,0,0,0,547
116,3,2832,18,6,1,0,0,962
142,4,2745,1,4,0,0,0,287
308,4,236,9,2,0,0,0,504
354,0,1441,13,6,0,4,0,523
259,2,528,23,2,0,2,0,321
208,5,1956,22,0,0,2,0,345
160,7,1915,19,1,0,0,0,662
200,7,2619,0,6,0,0,0,440
173,9,555,7,0,0,0,0,542
3,4,2630,0,5,0,2,0,399
64,3,523,0,3,0,1,0,227
198,0,2218,6,4,0,2,0,237
106,6,1221,14,3,0,3,0,310
165,0,938,9,6,0,4,0,628
18,9,1120,20,6,0,0,0,622
224,5,1013,19,2,0,0,0,608
156,7,661,13,4,0,4,0,372
33,5,3131,20,0,0,4,0,624
108,6,263,8,5,0,1,0,782
110,4,661,19,0,0,4,0,535
299,3,947,4,0,0,0,0,301
321,8,1522,11,1,0,0,0,458
62,2,1535,1,1,0,2,0,158
329,6,3128,18,2,0,0,0,553
328,9,3,14,1,0,3,0,244
19,4,1851,15,0,0,1,0,433
242,2,139,18,6,0,3,0,640
324,2,2332,1,4,0,0,0,288
189,5,2174,8,2,0,0,0,587
170,8,92,8,4,0,0,0,550
324,2,1173,22,4,0,0,0,303
256,8,627,5,6,0,3,0,395
136,1,2313,5,5,0,0,0,337
66,0,209,5,5,0,1,0,405
84,7,2468,0,2,0,0,0,295
303,5,2754,20,4,0,1,0,648
347,9,3055,8,6,0,4,0,658
226,0,3074,4,4,0,4,1,569
14,5,1240,17,2,1,0,0,787
96,0,1359,16,0,0,1,0,516
74,5,1180,6,6,0,2,0,444
123,3,777,20,6,0,0,1,1021
157,3,1343,2,5,0,1,0,348
121,7,2031,9,4,0,0,0,495
112,8,2862,19,2,0,3,0,403
169,9,440,14,3,0,3,0,336
45,9,3039,2,5,0,2,0,483
203,2,1230,5,2,1,1,0,565
354,7,734,20,6,0,4,0,818
171,5,2615,14,5,0,1,0,522
309,3,2930,21,3,0,1,0,667
35,4,845,21,2,0,0,0,613
61,8,162,2,0,0,0,0,155
193,8,681,12,6,0,1,0,632
8,4,2227,12,3,0,1,0,339
275,5,1858,18,4,0,0,0,541
176,4,1909,15,3,0,1,0,445
23,1,2364,0,4,0,0,0,333
30,8,2653,2,4,0,0,0,418
99,4,1787,8,3,0,1,0,549
279,7,146,22,1,0,1,0,344
24,8,934,11,5,0,3,0,446
65,8,1250,12,4,0,0,0,383
347,2,622,5,6,1,1,0,719
20,1,2759,8,1,0,0,0,570
130,9,1353,22,6,0,1,0,278
75,9,171,16,0,0,3,0,364
108,6,1810,15,5,0,0,0,491
88,4,3089,8,6,0,1,0,854
14,9,191,23,2,0,0,0,314
185,2,570,12,5,0,4,0,425
230,0,2299,1,1,1,0,0,732
222,0,2963,21,0,0,0,0,600
219,5,1371,9,4,1,0,0,760
101,4,3043,6,5,0,0,0,347
283,5,1775,1,5,0,0,0,322
88,4,2532,18,6,1,3,0,941
58,0,1486,1,4,0,2,0,295
257,6,2303,3,0,0,1,0,350
20,5,2702,9,1,0,0,0,554
79,3,1739,4,4,0,0,0,392
285,0,655,19,0,0,1,0,651
214,9,2724,9,6,0,0,1,1050
11,5,1849,3,6,0,1,0,512
318,0,2366,2,5,0,0,0,400
10,5,1402,15,5,0,0,0,544
337,3,137,2,3,0,4,0,275
128,1,689,10,4,0,3,0,480
245,1,3142,7,2,0,0,0,648
106,8,1826,7,3,0,0,0,515
143,1,538,14,5,0,3,0,492
216,3,1936,0,1,0,1,0,184
158,6,1184,16,6,0,3,0,522
206,4,64,20,5,0,1,0,720
309,1,2827,11,3,0,0,0,368
252,0,688,15,2,1,1,0,568
140,3,1653,15,2,1,0,0,500
213,5,1964,6,5,1,0,0,583
268,6,955,6,4,0,0,0,387
199,1,2148,12,5,0,1,0,454
143,5,2215,0,5,0,4,0,316
175,4,3008,5,2,0,4,0,143
33,8,1629,13,0,0,0,0,447
114,8,1650,13,4,0,0,0,409
356,1,2810,1,1,0,1,0,272
98,0,971,11,2,0,1,0,349
348,6,816,11,0,0,0,0,341
89,3,1778,19,0,0,1,0,552
47,3,1747,14,0,0,0,0,354
76,6,546,4,1,0,0,0,289
72,8,1668,18,4,0,0,0,597
363,5,168,19,1,0,0,0,701
286,2,936,16,1,1,0,0,591
41,7,944,15,1,1,2,0,738
178,2,1131,7,5,0,1,0,611
110,9,713,19,0,0,3,0,648
133,3,2514,20,2,0,0,0,628
57,6,2720,7,3,0,1,0,670
230,3,1708,20,1,0,2,0,627
141,6,487,7,3,0,4,0,442
11,3,1541,2,6,0,3,0,457
138,1,103,16,0,0,0,0,541
174,5,81,19,1,0,1,0,602
195,2,2782,7,1,0,0,0,574
130,7,2646,2,6,1,1,0,548
25,3,1536,10,6,0,1,0,592
105,3,3013,7,2,0,0,0,629
75,6,2045,19,0,0,0,0,609
273,4,2746,1,2,0,3,0,309
328,6,392,21,1,1,3,1,1150
260,0,3042,5,3,0,0,0,422
73,3,2378,23,5,0,1,0,388
28,6,1610,4,2,0,0,0,224
312,3,2670,13,6,0,1,0,566
12,8,929,3,0,0,0,0,382
83,4,2919,7,1,0,0,1,902
278,5,104,11,0,0,4,0,375
119,9,908,19,2,0,1,0,596
122,2,1554,0,5,0,4,0,317
106,4,462,0,3,0,3,0,137
104,1,1969,13,1,0,0,0,378
82,3,305,12,0,0,4,0,335
343,3,2499,13,2,0,3,0,368
69,3,1215,12,1,0,0,0,567
258,7,1336,22,1,1,1,0,515
315,4,106,5,2,0,1,0,391
253,4,1157,7,3,0,0,0,668
332,7,2478,16,5,0,0,0,499
126,2,1487,10,2,0,4,0,417
112,5,558,23,2,0,1,0,218
304,7,3064,4,5,0,0,0,422
335,2,3041,0,1,0,0,0,281
357,9,151,6,2,0,0,0,242
35,0,1983,16,2,0,1,0,403
180,0,341,23,0,0,0,0,282
324,9,3004,20,4,0,0,0,520
345,7,729,18,4,0,1,0,562
283,2,1979,19,5,0,0,0,673
266,6,2,15,2,0,4,0,444
324,2,1178,19,4,0,0,0,767
122,0,349,9,5,0,4,1,1028
211,7,786,10,3,1,0,0,809
73,5,1265,4,5,0,0,0,348
297,4,330,10,5,0,1,1,954
172,5,2994,4,6,0,4,0,352
24,5,984,19,5,0,1,0,821
255,1,2487,13,5,0,1,1,872
314,7,745,18,1,0,1,0,648
130,4,2751,8,6,0,0,0,553
2,8,688,16,4,0,1,0,486
267,8,1376,0,3,0,1,0,422
88,5,1012,0,6,0,1,0,413
86,5,391,11,4,0,1,0,391
288,3,2457,4,3,0,1,0,199
106,0,2336,2,3,0,0,0,242
67,9,2699,19,6,0,0,0,669
127,3,2405,13,3,0,1,0,399
211,9,843,17,3,0,1,0,652
314,2,696,17,1,0,0,0,605
214,0,1253,17,6,0,1,0,774
104,0,860,15,1,0,0,0,482
171,2,1763,16,5,0,0,0,502
238,2,1002,11,2,0,1,0,363
313,9,1851,7,0,0,0,0,546
147,0,2251,6,2,0,1,0,244
115,3,2959,11,5,0,0,0,577
285,9,166,7,0,0,0,0,679
106,5,2519,19,3,0,0,0,747
257,5,549,21,0,0,0,0,623
60,5,1210,6,6,0,1,0,408
0,8,50,15,2,0,0,0,349
351,2,710,21,3,0,0,1,1054
89,0,2055,11,0,0,1,0,330
217,0,291,22,2,0,0,0,318
136,3,1225,14,5,0,2,0,523
237,9,2571,1,1,0,0,0,248
244,9,2625,14,1,0,0,0,343
260,0,986,9,3,0,4,0,525
176,9,3013,10,3,1,0,0,796
186,5,485,20,6,0,0,1,1081
300,6,2445,9,1,0,4,0,460
95,8,2307,5,6,0,2,0,365
274,1,2671,14,3,0,1,0,427
29,6,787,12,3,0,4,0,342
36,4,879,23,3,0,1,0,258
5,7,248,10,0,0,0,0,530
15,0,943,11,3,0,1,0,435
85,2,2794,14,3,1,1,0,642
18,7,1293,9,6,0,1,0,781
346,5,2390,21,5,0,4,0,700
256,7,1255,8,6,0,0,1,1012
151,5,1301,19,6,0,1,0,599
66,9,1485,14,5,1,0,0,831
81,5,1642,6,6,0,4,0,337
53,7,2549,19,6,0,2,0,748
14,4,2617,15,2,0,0,0,473
77,5,429,14,2,0,4,0,328
200,6,72,17,6,0,1,0,731
118,5,696,5,1,0,0,0,287
127,4,1381,18,3,0,1,0,660
299,0,365,1,0,0,0,0,248
218,1,2991,10,3,0,1,0,507
207,5,1090,19,6,0,0,0,677
196,7,743,15,2,1,0,0,588
21,2,2206,0,2,0,1,0,320
187,5,2667,9,0,0,3,0,541
268,1,436,10,4,0,0,0,641
292,8,870,12,0,1,1,0,724
243,6,1588,23,0,0,0,0,353
363,2,856,10,1,1,4,0,737
112,5,2712,5,2,0,0,0,254
222,0,2940,18,0,1,4,0,905
141,4,1519,19,3,1,0,0,914
115,5,1023,18,5,0,4,0,658
151,8,2731,23,6,0,4,0,340
0,4,655,5,2,0,1,0,260
347,8,1837,17,6,0,0,0,716
172,4,1975,8,6,0,0,0,684
94,2,349,21,5,0,0,0,755
277,3,83,23,6,0,0,0,465
218,5,1501,22,3,0,0,0,338
22,9,7,9,3,0,0,0,612
197,8,2115,0,3,0,4,0,292
8,6,2889,5,3,0,0,0,298
59,5,1786,0,5,0,4,0,453
133,1,1675,6,2,0,4,0,257
184,8,2662,16,4,0,0,0,431
23,4,1957,2,4,0,1,0,290
278,2,1898,16,0,0,0,0,441
120,9,1001,13,3,0,1,0,425
82,6,3020,14,0,0,1,0,290
339,4,1996,6,5,1,1,0,770
1,2,1575,10,3,0,0,0,598
244,3,1258,3,1,0,0,1,637
141,1,1060,7,3,0,4,0,380
133,8,2754,15,2,0,1,1,787
84,0,316,22,2,0,4,1,629
291,6,530,6,6,0,0,0,359
131,4,1699,11,0,1,2,0,658
296,1,1310,20,4,0,0,0,595
316,7,1263,21,3,1,3,0,901
202,2,1842,2,1,0,4,0,274
127,6,2783,19,3,0,4,0,664
243,5,700,10,0,0,0,0,640
262,4,2065,3,5,0,4,0,410
301,8,1621,22,2,0,1,0,210
223,6,647,1,1,1,0,0,370
296,8,1242,21,4,0,0,0,639
294,0,1869,19,2,1,1,0,884
315,0,2634,0,2,0,0,0,267
272,4,2729,19,1,1,0,0,922
158,3,1323,15,6,0,0,0,563
113,1,1397,8,3,0,0,0,467
199,4,1612,2,5,0,0,0,438
267,1,1457,9,3,0,0,0,391
20,4,790,1,1,0,0,0,299
3,6,1178,13,5,1,1,0,820
180,6,1039,8,0,1,1,0,871
355,2,1555,8,0,0,2,0,488
36,3,2158,15,3,0,0,0,444
184,6,1394,7,4,0,0,0,554
128,7,1043,18,4,0,1,0,441
256,2,3159,23,6,1,0,0,658
123,8,2915,16,6,0,0,0,517
237,2,699,20,1,0,4,0,407
236,9,2372,8,0,1,0,0,727
48,5,2318,8,1,0,1,0,542
162,8,2752,7,3,0,0,0,517
316,7,2798,3,3,0,2,0,320
165,1,2453,19,6,0,0,1,1079
172,4,1170,3,6,0,0,0,464
360,6,108,10,5,0,0,0,627
66,3,522,21,5,0,4,0,729
213,7,1558,16,5,0,1,0,480
56,1,2880,15,2,0,4,0,264
152,8,938,3,0,0,0,0,313
302,1,1310,15,3,0,1,0,367
335,3,1300,17,1,0,0,0,556
148,9,80,19,3,0,0,0,632
34,7,3028,12,1,1,1,1,1090
214,7,542,11,6,0,1,0,659
336,2,3080,13,2,0,0,0,398
24,6,1547,5,5,0,1,0,386
133,3,1952,13,2,0,0,0,425
334,6,1500,11,0,0,0,0,415
279,0,2235,7,1,0,0,0,607
125,0,2985,12,1,0,0,0,322
361,6,1389,19,6,1,1,0,944
53,0,1221,16,6,0,1,0,527
1,1,1180,18,3,0,0,0,588
333,4,2007,17,6,0,0,0,724
117,0,2486,1,0,0,0,0,221
288,9,415,2,3,0,4,0,236
93,0,82,19,4,0,2,0,584
363,7,2939,21,1,0,1,1,891
193,7,1747,5,6,0,0,0,479
145,8,2980,5,0,0,0,0,345
264,2,808,8,0,0,4,0,504
66,0,1827,13,5,0,4,0,530
152,0,3093,4,0,0,1,0,448
311,3,452,13,5,0,0,0,503
270,3,526,0,6,1,0,1,1102
72,7,2536,15,4,0,0,0,376
62,2,2674,20,1,0,0,0,624
187,4,120,19,0,0,0,0,626
281,4,1761,23,3,0,1,0,351
292,0,28,22,0,0,0,0,361
204,8,3091,14,3,0,1,0,444
277,9,2617,22,6,0,3,0,429
132,2,646,23,1,1,1,0,455
54,5,2862,10,0,0,0,0,514
28,1,2358,12,2,1,1,1,969
154,0,936,15,2,0,0,0,287
7,3,651,19,2,0,0,0,626
183,2,1128,9,3,0,0,0,461
122,5,1299,17,5,0,1,0,716
340,8,29,22,6,0,0,0,438
22,0,843,20,3,1,4,0,860
164,6,2846,6,5,0,3,0,266
310,2,1453,16,4,0,4,0,380
216,4,1781,16,1,0,1,0,375
216,5,1185,7,1,0,0,0,583
124,9,48,11,0,0,0,0,392
194,1,1046,2,0,0,0,0,132
26,0,639,2,0,0,0,0,339
201,7,503,10,0,0,0,1,835
268,4,1997,11,4,0,0,0,401
248,7,3123,20,5,0,4,0,657
150,6,2274,21,5,0,2,0,731
163,2,1803,6,4,0,4,0,304
78,4,2804,14,3,0,1,0,431
138,0,1518,16,0,0,0,0,317
34,3,1978,4,1,0,0,0,263
326,7,2633,21,6,0,0,1,1038
64,0,745,15,3,0,3,0,257
62,5,784,0,1,0,0,0,263
15,9,286,6,3,0,1,1,579
162,8,642,9,3,0,0,0,552
167,1,2063,3,1,1,0,0,536
263,7,2639,18,6,0,0,0,650
161,6,2210,0,2,0,0,0,384
105,0,1518,2,2,1,1,0,547
329,5,3147,14,2,0,0,0,347
31,7,2217,7,5,0,0,0,667
288,2,2346,18,3,0,0,0,555
202,3,2406,14,1,1,1,0,740
52,8,1775,17,5,0,0,0,847
25,0,1429,19,6,1,1,0,1004
235,8,1535,18,6,1,1,0,865
2,3,2545,10,4,0,1,0,516
263,4,155,4,6,0,1,0,446
65,1,1009,11,4,0,1,0,496
168,5,340,11,2,0,0,0,465
236,1,2000,19,0,0,4,0,502
248,0,3002,0,5,0,4,0,425
71,8,2860,5,3,0,1,0,250
55,4,2589,13,1,0,1,0,396
202,7,2873,1,1,1,0,0,553
350,9,1790,18,2,0,1,0,528
75,1,96,11,0,0,0,0,383
338,3,1721,2,4,1,1,0,548
169,5,32,2,3,0,0,0,406
133,9,2271,12,2,0,1,0,397
329,2,2927,14,2,0,3,0,356
210,0,2535,4,2,0,2,0,212
72,1,1147,13,4,0,1,0,520
168,2,520,7,2,0,0,0,616
223,7,1707,23,1,0,1,0,182
90,1,1647,13,1,0,4,0,393
288,4,1102,19,3,1,0,0,826
241,8,554,2,5,0,1,0,376
289,7,495,4,4,0,3,0,189
158,8,1165,20,6,0,0,0,656
338,8,379,21,4,0,0,0,657
144,6,353,12,6,0,0,0,483
57,8,3009,11,3,0,1,0,498
47,4,1008,23,0,0,3,0,273
225,7,1568,16,3,0,0,0,330
81,3,1363,21,6,0,0,0,796
100,3,899,11,4,0,0,0,366
222,5,1025,11,0,0,0,0,433
210,5,2148,5,2,1,0,0,478
28,8,2396,3,2,0,0,0,183
22,8,1847,20,3,0,0,0,698
48,2,693,10,1,0,0,1,911
302,6,1687,22,3,0,0,0,197
297,9,652,20,5,0,0,0,810
330,3,184,12,3,0,4,0,260
364,0,1689,22,2,0,1,0,295
268,4,1128,11,4,0,0,0,425
126,9,2363,8,2,0,0,0,634
332,8,2576,22,5,0,1,0,349
37,0,339,7,4,0,0,0,557
331,9,2962,16,4,1,3,0,714
61,8,475,19,0,0,1,0,600
121,3,434,9,4,0,3,0,565
25,9,1835,11,6,0,0,0,574
163,7,1537,5,4,0,1,0,259
264,5,1077,19,0,0,0,0,623
304,3,2490,7,5,0,1,0,682
185,2,2544,6,5,0,0,0,487
169,5,2518,14,3,0,2,0,511
50,0,1344,21,3,0,4,0,463
230,3,1587,15,1,0,0,0,472
345,6,2516,16,4,0,0,0,478
306,4,2126,15,0,0,4,0,387
163,0,662,11,4,0,0,0,245
227,9,211,3,5,0,0,0,403
204,2,2022,13,3,0,1,0,446
170,4,3144,13,4,0,2,0,446
2,0,1802,12,4,0,4,0,409
242,8,2962,16,6,0,0,0,493
354,2,2542,11,6,0,0,0,527
203,9,1423,2,2,1,1,1,806
248,1,2010,3,5,0,0,0,262
317,4,3125,16,4,0,1,0,270
185,8,1814,13,5,0,0,0,440
335,1,1309,22,1,0,0,0,259
318,7,603,6,5,0,1,0,323
209,9,3150,0,1,0,0,0,141
101,1,2562,11,5,0,0,0,477
153,3,2013,12,1,0,4,0,413
12,2,2761,8,0,0,3,0,556
320,1,2691,3,0,1,0,0,506
82,0,146,17,0,0,1,0,700
202,3,58,15,1,0,1,0,292
161,2,1767,12,2,0,0,0,362
336,4,2593,6,2,0,0,0,328
177,7,139,8,4,0,4,0,350
176,3,2657,1,3,0,4,0,304
362,3,2108,7,0,0,4,0,523
312,3,196,21,6,0,0,0,836
319,2,211,20,6,0,0,1,1110
4,6,2127,7,6,0,0,0,612
225,5,418,23,3,0,2,0,224
122,2,52,6,5,0,0,1,735
72,0,2352,18,4,0,0,0,519
99,0,852,8,3,0,1,1,951
27,9,3122,22,1,0,2,0,307
315,3,607,6,2,0,1,0,318
63,3,1243,19,2,0,3,0,467
361,3,599,13,6,1,0,0,819
307,2,2249,11,1,0,2,0,369
61,7,1374,13,0,0,0,0,457
286,4,772,10,1,0,1,0,567
329,1,770,17,2,0,2,1,866
269,3,313,3,5,0,1,0,384
12,8,1110,10,0,0,0,0,556
54,6,3044,15,0,1,3,0,600
82,6,225,20,0,0,0,0,590
213,2,1754,7,5,0,0,1,1008
75,5,1828,3,0,0,4,0,314
358,8,539,0,3,0,1,0,231
352,0,291,1,4,0,0,0,304
235,5,115,9,6,0,0,0,731
119,3,1968,15,2,0,1,0,352
183,3,32,9,3,0,0,0,644
242,5,2305,10,6,0,0,0,596
173,7,2858,5,0,0,2,0,212
359,9,66,2,4,0,0,0,371
110,3,1728,4,0,0,4,0,235
122,0,632,16,5,0,4,0,370
230,2,1830,0,1,0,0,0,256
102,5,2686,21,6,0,1,0,811
3,2,1387,16,5,0,1,0,574
237,6,684,21,1,0,1,0,528
191,2,505,0,4,1,0,0,560
76,8,1158,15,1,0,0,0,380
128,5,3025,5,4,1,0,0,470
285,1,1393,11,0,0,2,0,315
50,7,2747,12,3,0,4,0,478
109,4,3129,16,6,0,1,0,683
329,5,522,8,2,0,0,0,638
55,9,17,12,1,0,1,0,482
227,4,450,1,5,0,4,0,355
208,5,3119,6,0,0,0,0,367
22,8,482,5,3,0,0,0,246
208,2,1298,12,0,0,1,0,293
340,1,2639,6,6,0,2,0,519
8,8,2454,3,3,0,4,0,304
170,8,1246,13,4,0,0,0,413
24,8,1134,4,5,0,3,0,358
283,3,2242,0,5,0,0,0,507
18,3,1593,15,6,0,0,0,557
203,6,1128,13,2,0,0,0,356
225,2,1502,12,3,0,1,0,393
330,6,834,22,3,1,4,0,521
147,8,3102,18,2,0,0,0,635
213,1,136,4,5,0,1,0,376
317,4,594,20,4,0,0,0,585
24,2,2113,11,5,0,4,0,544
164,4,2146,9,5,0,1,0,548
260,8,3075,20,3,0,0,0,595
299,2,1910,14,0,0,0,1,726
278,2,900,8,0,0,1,0,617
183,9,1872,23,3,1,4,0,541
117,8,1027,20,0,0,0,0,553
78,2,2743,17,3,0,4,0,542
58,6,1055,20,4,0,0,0,469
304,1,453,5,5,0,0,0,400
65,7,2095,23,4,0,1,0,252
295,8,975,1,3,1,4,0,465
308,3,373,3,2,0,0,1,812
326,6,228,6,6,1,0,0,596
285,4,2876,23,0,0,4,0,323
287,2,978,4,2,1,1,0,590
272,9,1656,8,1,0,0,0,477
111,9,2894,2,1,0,0,0,139
91,4,428,6,2,1,0,0,443
86,0,120,1,4,1,0,0,669
81,7,3146,3,6,0,0,0,365
329,9,2447,8,2,0,1,0,591
288,2,110,4,3,0,4,0,270
62,4,1326,22,1,0,4,0,258
98,7,3046,14,2,0,0,0,458
162,1,2840,3,3,1,0,0,596
252,9,1401,17,2,0,0,0,576
333,7,2660,8,6,0,0,0,670
105,1,1020,7,2,0,4,0,575
287,7,1079,0,2,0,0,0,428
263,4,587,6,6,0,0,0,187
357,4,2227,18,2,0,3,0,570
171,4,28,10,5,0,1,0,778
161,7,1771,7,2,0,1,0,674
219,2,1793,9,4,0,3,0,519
124,8,2168,16,0,0,4,0,273
82,5,1970,20,0,0,1,0,837
339,4,1001,14,5,0,0,1,903
10,2,1439,3,5,1,1,0,794
314,7,2198,3,1,0,0,0,267
25,1,508,18,6,0,0,0,746
229,0,878,21,0,0,0,0,706
134,1,1449,13,3,0,4,0,313
92,3,1712,16,3,0,1,0,391
176,5,1183,15,3,1,0,0,697
89,8,2262,18,0,0,4,0,561
12,8,2557,2,0,0,0,0,232
313,7,463,20,0,0,4,0,463
337,6,476,7,3,0,1,0,613
113,9,1456,16,3,0,1,0,308
106,3,1212,20,3,0,0,0,622
118,5,603,11,1,0,0,0,306
223,6,709,12,1,0,0,0,315
119,6,2918,17,2,0,0,0,721
330,1,2079,12,3,0,3,0,428
56,2,218,15,2,0,4,0,235
206,4,1657,13,5,0,4,0,399
291,0,1948,16,6,0,0,0,500
18,0,1291,2,6,0,0,1,718
44,2,2851,4,4,0,2,0,431
18,7,985,11,6,0,0,0,571
236,8,863,14,0,0,0,0,413
171,0,2796,14,5,0,0,0,516
142,4,1178,7,4,0,1,0,515
250,2,2095,10,0,0,1,0,643
27,0,1632,22,1,0,0,0,326
205,0,1783,8,4,0,1,0,537
62,6,990,13,1,1,2,0,660
229,1,425,11,0,0,0,0,404
295,7,1483,0,3,0,4,0,281
38,5,1051,12,5,1,4,0,788
91,5,394,3,2,0,1,0,387
219,4,3072,6,4,0,1,0,361
133,8,2561,3,2,0,2,0,137
271,3,2886,23,0,0,1,0,402
57,7,16,21,3,0,0,0,703
271,9,592,16,0,0,0,0,419
167,6,3025,11,1,0,0,0,494
329,1,8,23,2,0,0,0,235
294,4,2471,8,2,0,0,0,534
234,1,2852,14,5,1,3,0,772
320,9,3146,3,0,1,1,0,629
161,9,2027,18,2,0,1,0,617
310,7,1032,15,4,0,1,0,394
156,0,2942,19,4,0,4,0,693
299,0,84,1,0,0,4,0,359
240,0,1020,3,4,1,0,0,643
257,1,2119,11,0,0,0,0,416
326,8,292,14,6,0,0,0,566
130,2,1723,20,6,0,4,0,645
10,8,2869,12,5,0,4,0,423
124,5,1896,15,0,0,1,0,315
56,2,1436,13,2,1,0,0,602
121,9,2851,11,4,0,1,0,421
117,1,1264,18,0,0,1,0,646
75,2,3063,22,0,0,0,0,188
54,3,2156,23,0,0,4,0,417
193,9,1332,1,6,0,0,0,484
199,2,2152,3,5,1,0,0,659
181,1,2902,13,1,0,0,0,309
1,3,134,23,3,0,0,0,345
101,1,1144,4,5,0,3,0,459
59,6,2031,15,5,0,4,0,535
196,1,90,17,2,0,3,0,736
78,4,660,19,3,0,1,0,589
31,6,1011,8,5,0,0,0,676
333,1,2834,1,6,0,0,0,466
186,9,2440,16,6,0,4,0,552
91,0,1534,21,2,0,0,0,657
15,9,1386,16,3,0,4,0,340
80,2,671,19,5,0,4,0,577
85,1,2474,15,3,0,3,0,403
298,7,1569,18,6,0,0,0,704
291,3,105,15,6,0,0,0,554
111,1,231,1,1,0,0,0,417
47,3,2493,8,0,0,0,0,537
23,5,2491,5,4,0,0,0,256
172,8,372,10,6,0,1,0,677
184,1,559,3,4,0,0,0,295
300,0,461,23,1,0,2,0,360
282,9,1020,11,4,0,0,0,447
358,3,246,12,3,0,0,0,383
327,8,2021,6,0,0,0,0,310
36,8,775,5,3,0,4,0,255
34,5,2612,15,1,0,0,0,323
303,2,1304,18,4,0,1,0,634
143,7,820,13,5,1,0,0,758
11,1,2722,0,6,0,0,0,377
322,0,1861,17,2,0,0,0,594
50,0,211,14,3,0,1,0,255
120,4,3115,20,3,0,0,0,567
314,4,2963,19,1,0,4,0,552
257,7,1372,22,0,0,0,0,177
61,6,624,10,0,0,0,1,950
42,6,2317,7,2,0,0,0,649
47,7,2461,5,0,0,3,0,166
162,3,2959,2,3,0,0,1,602
345,8,444,7,4,0,1,0,597
255,4,3048,7,5,0,4,0,494
332,3,344,14,5,0,0,0,602
227,5,1556,23,5,0,0,0,388
279,6,253,5,1,1,0,0,587
230,0,2244,6,1,0,1,0,283
269,7,2501,12,5,0,0,0,515
156,8,1884,0,4,0,0,0,344
311,0,1475,15,5,0,1,0,581
133,1,328,23,2,0,4,0,261
124,7,2737,21,0,0,2,0,664
265,4,2392,14,1,0,0,0,364
142,3,2304,2,4,0,0,0,328
320,4,213,1,0,0,0,0,233
154,1,2679,12,2,0,4,0,445
17,5,94,9,5,0,4,0,751
232,4,257,10,3,0,0,0,551
349,2,1589,15,1,0,0,0,384
191,8,270,9,4,0,1,0,495
43,1,169,2,3,0,3,0,207
15,6,2595,5,3,0,0,0,268
335,9,98,1,1,0,4,0,216
24,2,1180,14,5,0,2,0,595
22,4,2080,22,3,0,0,0,385
276,8,2290,6,5,0,3,1,760
341,9,197,14,0,1,1,0,711
234,6,2404,11,5,0,0,1,863
312,1,794,23,6,0,0,0,327
27,8,1844,22,1,0,4,1,712
153,4,115,10,1,0,0,0,577
310,8,2962,11,4,0,0,0,330
205,0,1618,7,4,0,0,0,495
16,0,271,4,4,1,0,0,640
266,6,1143,5,2,0,4,0,260
258,3,912,11,1,0,1,0,454
52,6,989,18,5,0,0,0,754
205,5,1797,3,4,1,0,0,604
257,6,2723,20,0,0,0,0,758
323,6,733,1,3,0,1,0,310
319,0,2608,17,6,0,0,0,744
157,5,413,10,5,0,4,0,671
152,6,1696,9,0,0,0,1,675
326,4,2276,21,6,0,0,0,650
333,7,911,0,6,0,0,0,410
109,3,2719,16,6,0,0,0,528
292,2,2128,21,0,0,0,0,601
320,0,671,12,0,0,0,0,354
200,7,1438,5,6,1,0,0,443
328,9,910,6,1,0,4,0,256
260,6,280,1,3,0,4,1,602
329,1,2114,23,2,0,0,0,274
195,2,1816,23,1,0,0,1,572
75,1,1327,10,0,0,0,0,551
304,7,2657,4,5,0,4,0,308
69,9,141,23,1,0,2,0,290
337,1,2604,6,3,0,4,0,108
245,1,1189,0,2,0,4,0,278
45,8,2192,6,5,0,1,0,434
145,4,2907,21,0,0,1,0,623
62,5,2568,22,1,0,0,0,209
327,5,2223,23,0,0,1,0,281
101,2,2216,20,5,0,0,0,732
270,8,1463,4,6,0,4,0,422
159,1,2034,16,0,0,0,0,391
135,3,1217,3,4,0,0,1,640
9,3,2009,19,4,0,1,0,688
349,2,1651,15,1,0,1,0,372
56,6,2718,19,2,0,0,1,926
146,1,2297,22,1,0,1,0,346
182,2,2938,11,2,0,4,0,370
158,4,3136,7,6,0,3,0,634
171,1,2738,5,5,0,4,0,333
87,3,310,14,5,0,1,0,541
362,6,1823,21,0,0,0,0,397
124,7,2984,2,0,0,1,0,266
323,2,432,0,3,1,0,0,611
103,5,1103,17,0,1,0,0,723
362,7,477,19,0,0,4,0,518
329,5,598,3,2,0,0,0,350
111,8,1299,14,1,1,0,0,704
122,2,358,2,5,0,1,0,477
141,1,2016,9,3,0,4,0,416
42,2,3115,18,2,0,1,0,575
196,5,1328,23,2,0,0,0,307
238,9,2546,5,2,0,0,1,652
165,3,1590,22,6,0,0,0,451
187,4,2676,8,0,0,1,0,698
84,4,2319,5,2,1,1,1,1040
78,1,822,21,3,0,0,0,443
177,3,1024,10,4,0,0,0,462
88,6,2871,8,6,0,4,1,977
295,9,1698,22,3,0,0,0,314
235,9,2924,8,6,1,0,0,744
364,3,333,17,2,0,0,0,569
120,5,1577,18,3,0,0,0,569
230,0,1767,1,1,0,3,0,194
115,9,2859,22,5,0,3,1,772
194,9,2079,9,0,0,1,0,466
212,7,2829,17,4,1,0,0,875
295,3,1266,11,3,0,4,0,304
203,5,648,13,2,0,1,1,741
188,9,2672,1,1,0,0,0,364
308,7,2485,9,2,0,0,0,550
173,2,1391,4,0,0,0,0,331
23,4,1395,23,4,0,0,0,287
57,7,1080,11,3,0,0,0,473
280,1,2222,20,2,0,0,0,481
46,8,1215,6,6,0,0,0,415
194,0,1323,5,0,0,1,0,363
303,2,23,19,4,0,1,0,640
159,0,2624,19,0,0,1,0,669
88,3,583,14,6,0,0,0,467
87,2,752,4,5,0,0,0,352
110,1,1738,9,0,0,2,0,661
57,8,2116,1,3,0,4,0,200
66,5,97,12,5,0,0,0,497
123,6,1114,9,6,0,0,0,686
59,6,294,1,5,0,0,0,447
296,5,808,14,4,0,0,0,462
138,6,1397,21,0,0,1,0,615
27,2,2410,14,1,0,1,0,380
184,3,2855,17,4,0,3,0,646
109,3,288,16,6,0,0,0,531
229,0,419,10,0,0,1,0,525
71,1,700,1,3,0,1,0,301
289,7,1550,2,4,0,0,1,579
246,0,81,6,3,0,0,0,284
217,7,185,3,2,0,0,0,326
117,8,2932,4,0,0,1,0,304
141,2,1638,12,3,0,3,0,336
327,9,3012,21,0,0,2,0,551
134,4,1116,22,3,0,3,0,291
22,3,1974,22,3,0,0,1,777
0,7,149,16,2,0,0,0,261
216,2,1842,1,1,0,4,1,596
359,8,1947,12,4,0,0,0,465
284,4,198,5,6,0,0,0,241
347,9,449,6,6,0,4,0,477
299,3,2638,22,0,0,0,0,308
245,5,465,11,2,0,3,0,368
150,6,2421,16,5,0,0,0,571
166,4,3170,17,0,1,2,0,897
133,5,2782,8,2,0,0,0,740
351,5,1901,8,3,0,0,0,525
11,2,152,17,6,0,0,0,777
180,4,803,12,0,0,0,0,408
292,1,1219,14,0,0,0,1,725
62,4,2626,13,1,0,1,0,463
249,6,1231,16,6,0,0,0,521
141,9,126,18,3,0,0,0,575
60,3,1651,0,6,0,4,0,354
149,1,1649,0,4,0,1,0,326
339,3,2062,18,5,0,0,0,808
28,2,1010,4,2,0,0,0,261
52,4,2541,8,5,0,0,0,617
129,5,157,7,5,0,1,0,803
59,6,582,22,5,0,0,0,319
193,5,673,19,6,0,0,0,663
7,6,1234,21,2,0,0,0,663
340,4,414,7,6,0,0,0,612
32,8,950,18,6,0,0,0,804
82,3,1941,19,0,0,0,0,549
25,0,567,3,6,0,0,0,515
116,9,1305,19,6,0,0,0,716
25,3,2090,23,6,0,1,0,342
361,7,114,6,6,0,0,0,484
235,2,2289,16,6,0,0,0,509
216,7,1073,7,1,0,0,0,399
199,6,249,6,5,0,1,1,903
79,2,2417,15,4,0,0,0,517
178,1,3063,1,5,0,1,0,393
351,5,2418,20,3,1,1,0,850
231,8,1259,7,2,0,0,0,520
153,3,3022,3,1,0,4,0,152
217,7,2446,10,2,0,0,0,425
176,6,2849,0,3,0,4,0,236
161,0,2837,13,2,0,0,0,362
223,3,2336,0,1,0,0,0,312
132,9,1664,17,1,0,0,0,655
254,5,1171,7,4,0,0,0,600
238,6,2251,2,2,1,0,0,568
189,8,740,23,2,1,1,0,519
97,7,2916,18,1,1,0,0,828
125,2,2398,7,1,0,0,0,492
342,6,1899,13,1,0,0,0,407
269,0,21,9,5,0,0,0,840
53,3,2110,23,6,0,4,0,366
59,1,1498,11,5,0,0,0,546
329,7,1111,10,2,0,3,0,475
226,5,1567,23,4,1,0,0,552
138,0,2872,12,0,0,1,0,403
306,6,937,17,0,0,0,0,462
223,0,3165,1,1,0,0,0,315
23,4,2956,7,4,0,1,0,513
39,4,2479,22,6,0,0,0,310
103,7,511,12,0,0,2,0,307
223,9,2199,15,1,0,0,0,350
180,6,442,4,0,0,0,0,303
146,4,1031,2,1,0,1,0,276
300,1,1264,6,1,0,4,0,267
48,4,2936,8,1,1,0,0,709
342,5,206,2,1,0,3,0,349
279,8,1927,0,1,0,0,0,240
157,7,855,22,5,0,4,0,250
324,4,2646,5,4,1,4,0,579
179,3,11,18,6,0,4,0,749
51,1,529,20,4,0,0,0,566
62,7,1314,22,1,0,1,1,663
62,7,827,6,1,0,0,0,262
192,2,737,17,5,0,0,0,772
364,0,375,19,2,0,0,0,668
29,6,618,17,3,0,1,0,602
154,8,1267,0,2,0,1,1,557
12,0,2245,9,0,0,1,0,667
243,8,2401,21,0,1,0,1,1137
230,6,688,14,1,0,1,1,738
128,5,133,13,4,1,1,0,629
324,5,1059,7,4,0,1,0,414
288,9,576,14,3,0,0,0,304
337,8,2978,22,3,0,3,0,256
244,6,2575,22,1,0,0,0,271
206,2,1480,8,5,0,3,0,645
267,4,2187,11,3,0,0,0,454
136,2,133,19,5,0,1,0,777
167,8,974,2,1,0,1,0,240
228,8,2578,1,6,0,1,0,470
331,1,716,9,4,0,2,0,522
153,8,785,23,1,0,3,0,246
196,7,1988,10,2,0,0,0,527
359,9,2315,9,4,0,3,0,580
180,3,478,9,0,1,0,0,708
351,2,400,4,3,0,0,0,434
136,1,2437,2,5,1,0,0,679
317,9,385,8,4,0,1,0,504
129,9,2293,17,5,0,0,0,656
3,6,361,6,5,0,4,0,354
338,2,2958,9,4,0,3,0,520
72,0,290,5,4,0,1,0,389
30,2,1085,11,4,0,0,0,354
119,1,1256,15,2,0,4,0,385
73,1,648,1,5,0,0,0,416
353,9,506,7,5,0,1,0,673
135,6,205,16,4,0,1,0,394
103,9,2889,11,0,0,0,0,325
67,2,2772,19,6,0,1,0,631
2,6,91,0,4,0,0,1,736
206,2,768,23,5,0,1,1,680
101,8,2777,22,5,0,2,1,637
216,6,2025,23,1,0,1,0,375
114,6,760,10,4,0,0,0,554
110,0,2160,18,0,0,1,0,552
16,1,2103,6,4,0,3,0,286
215,6,1417,10,0,0,0,0,429
207,1,1566,18,6,0,1,0,747
189,0,2750,11,2,0,1,0,482
144,4,1602,10,6,1,2,1,1250
37,9,1876,0,4,0,1,0,286
197,5,668,19,3,1,0,0,711
33,5,3067,3,0,0,0,0,285
229,6,59,13,0,0,1,0,553
25,7,653,10,6,0,1,0,627
109,9,2700,16,6,0,0,0,418
144,9,1475,9,6,0,0,0,791
35,9,2205,23,2,0,3,0,135
42,3,1212,19,2,1,0,0,914
290,1,56,21,5,0,0,1,1071
118,8,1780,19,1,0,1,0,627
187,6,272,8,0,0,0,0,573
108,1,1945,19,5,0,1,0,836
19,3,1396,4,0,0,0,0,375
360,6,708,21,5,0,2,0,624
80,8,2541,7,5,0,0,0,589
222,7,666,6,0,0,0,0,182
232,6,1968,11,3,0,0,0,340
125,2,2544,20,1,0,1,0,601
64,1,2507,4,3,0,0,0,255
123,2,1778,7,6,0,4,0,668
242,6,652,0,6,0,0,1,737
150,3,1169,23,5,0,0,0,435
117,0,418,20,0,1,1,0,807
42,8,1190,20,2,0,0,0,516
210,9,629,11,2,0,0,0,362
73,6,35,18,5,0,1,0,761
79,0,2773,12,4,0,0,0,503
17,4,3142,16,5,0,0,0,532
109,8,460,16,6,0,0,0,512
223,7,1648,4,1,0,0,0,109
227,3,2136,5,5,0,4,0,295
9,8,1464,8,4,0,0,0,620
236,3,587,12,0,0,3,0,447
71,2,2755,16,3,0,1,0,365
126,4,1668,3,2,0,0,0,184
170,4,2769,1,4,1,0,0,523
204,5,2451,12,3,0,1,0,429
361,8,2258,21,6,0,1,1,952
4,2,2254,9,6,0,1,0,738
248,3,2242,14,5,0,0,0,562
254,6,1311,0,4,0,0,0,282
147,6,1597,12,2,0,1,0,476
264,3,2353,23,0,1,3,0,523
183,3,1807,8,3,0,0,0,366
110,8,2804,0,0,0,0,0,180
326,2,3109,3,6,0,0,0,412
232,8,344,5,3,0,4,0,210
8,3,128,6,3,0,4,0,257
51,9,1049,19,4,0,0,0,625
39,0,2393,13,6,0,0,0,576
77,6,1404,8,2,0,0,0,626
101,2,3,2,5,0,1,0,474
117,3,1057,20,0,0,0,0,585
133,6,1469,7,2,0,0,0,609
85,2,2649,1,3,0,0,0,289
197,4,486,12,3,0,0,0,369
350,0,2078,13,2,0,4,0,342
104,5,2118,12,1,0,0,0,338
363,7,1475,12,1,0,4,0,218
257,5,2799,19,0,1,1,0,852
50,3,1716,22,3,0,1,0,278
257,1,925,4,0,0,1,0,380
316,9,2771,5,3,0,4,0,272
155,7,2498,7,3,0,0,0,636
221,2,1022,7,6,0,0,0,709
299,1,1428,4,0,0,4,0,306
264,0,2253,14,0,1,1,0,649
34,0,3132,3,1,0,0,0,235
85,3,2895,13,3,0,1,0,428
161,0,2816,17,2,0,0,0,585
150,7,995,8,5,1,1,1,1313
232,6,2958,3,3,0,0,0,359
162,6,2746,6,3,0,0,0,246
244,5,1858,14,1,0,1,0,478
165,3,2412,1,6,0,4,0,508
76,3,2654,17,1,0,0,0,594
226,0,2025,6,4,0,0,0,352
339,1,1523,14,5,0,0,0,544
57,4,2356,8,3,1,3,0,624
335,3,2376,5,1,0,4,0,217
216,2,991,1,1,0,1,0,199
288,7,2242,1,3,0,0,0,309
67,5,2327,18,6,0,0,0,847
31,6,2516,21,5,0,0,0,607
165,9,1375,1,6,0,4,0,376
73,7,563,5,5,1,1,0,619
180,3,2298,16,0,0,0,0,445
84,4,1895,14,2,0,1,1,843
309,0,972,14,3,0,0,0,396
14,8,2439,22,2,0,4,0,174
274,8,1700,14,3,0,0,0,467
141,4,1334,16,3,0,0,0,344
241,3,2724,16,5,0,1,0,663
324,6,2637,21,4,0,2,0,657
119,2,403,17,2,0,0,0,602
100,8,470,5,4,1,0,0,544
324,7,1476,15,4,1,0,0,787
160,9,1530,1,1,0,3,0,346
188,7,3134,1,1,0,0,0,258
66,2,2738,14,5,0,1,0,576
172,1,1968,1,6,0,1,0,427
8,9,807,2,3,1,4,0,528
180,1,2308,17,0,0,2,0,600
147,8,3076,17,2,0,0,0,554
107,5,1931,12,4,0,0,0,359
349,4,1461,3,1,0,4,0,266
192,6,89,5,5,0,0,0,454
84,5,2706,9,2,0,0,0,534
201,3,3097,7,0,0,3,0,519
348,5,783,2,0,0,4,0,193
315,8,1748,17,2,1,1,0,878
40,6,1047,16,0,0,0,0,372
112,4,257,22,2,0,0,0,406
327,8,616,23,0,0,1,0,381
362,5,1978,14,0,0,0,0,450
356,0,1932,21,1,0,1,0,558
124,0,1129,2,0,0,4,0,220
34,2,443,14,1,0,0,0,335
284,2,1267,16,6,0,0,0,449
102,5,1839,18,6,0,0,0,584
5,0,3141,9,0,0,2,0,402
88,2,1163,15,6,0,2,0,490
132,3,1922,18,1,0,1,0,623
212,8,2955,5,4,0,0,0,323
126,7,1574,3,2,0,0,0,269
4,6,284,21,6,0,0,0,701
172,0,2080,17,6,0,0,0,745
327,0,2953,18,0,0,0,1,870
223,7,1136,20,1,0,0,0,640
166,7,2468,18,0,0,1,0,675
293,4,1744,17,1,0,0,0,593
117,9,2802,23,0,1,0,0,498
155,6,543,7,3,0,4,0,366
303,5,2334,5,4,0,0,0,228
53,7,505,9,6,0,0,0,572
38,8,1093,15,5,0,1,0,629
280,0,2149,18,2,0,0,0,678
113,3,2137,19,3,0,0,1,954
225,0,20,5,3,0,0,0,280
192,0,589,2,5,0,0,0,488
61,1,2924,14,0,0,0,0,369
79,0,497,7,4,1,0,0,844
236,1,2047,8,0,0,3,0,429
140,3,1041,11,2,1,1,0,636
360,8,2005,11,5,0,0,0,460
326,8,2787,23,6,0,1,0,359
147,7,440,6,2,0,1,0,341
233,2,2693,23,4,0,1,0,351
281,0,1370,2,3,0,4,0,146
31,3,3107,11,5,0,4,0,461
11,9,2383,11,6,0,0,0,574
243,4,1506,21,0,1,0,0,823
173,2,2497,17,0,0,3,0,605
31,3,2167,11,5,0,0,0,459
325,7,2819,4,5,0,0,0,488
159,6,2092,5,0,0,4,0,331
336,4,1501,1,2,0,0,0,177
295,7,233,16,3,0,3,0,409
316,0,669,13,3,0,1,0,305
65,8,572,10,4,0,0,0,574
283,5,1096,19,5,0,0,0,715
84,7,2551,16,2,0,0,0,477
176,0,3105,3,3,0,2,0,251
223,6,2086,17,1,0,4,0,486
290,2,2293,9,5,0,0,0,580
299,6,1932,9,0,0,3,0,495
130,6,9,2,6,0,0,0,496
213,8,959,7,5,0,1,0,741
68,2,1870,12,0,1,1,0,605
322,7,2673,14,2,0,2,0,420
34,5,2940,15,1,0,0,0,394
285,5,2853,0,0,0,0,0,366
132,7,349,16,1,0,0,1,698
151,3,1244,0,6,0,0,0,438
230,4,1465,20,1,0,0,0,662
166,9,2117,21,0,0,0,0,700
248,4,1444,19,5,0,0,0,751
165,3,1077,0,6,0,0,0,344
81,0,987,19,6,0,0,0,804
328,6,1482,12,1,0,0,0,471
36,4,159,15,3,0,4,0,362
348,4,2467,21,0,0,1,0,562
351,6,2708,2,3,0,0,0,407
243,2,42,16,0,0,1,0,422
352,1,1232,12,4,0,1,0,441
250,6,2343,9,0,0,2,0,485
285,5,1773,2,0,1,4,0,483
242,6,1634,14,6,0,0,0,447
71,2,1849,17,3,0,2,0,578
304,8,1311,6,5,1,0,0,680
148,0,1307,9,3,0,0,0,502
118,5,2791,4,1,0,0,0,302
17,6,692,12,5,0,4,0,591
272,9,1302,19,1,0,0,0,545
67,2,1585,2,6,0,0,0,361
348,0,292,19,0,0,1,0,677
335,0,593,4,1,0,0,0,381
39,4,3019,10,6,0,3,0,582
185,6,10,15,5,0,0,0,531
258,4,1218,13,1,0,0,0,464
261,2,457,23,4,0,1,0,387
143,9,1736,4,5,1,0,0,586
360,8,2803,3,5,0,0,0,461
272,3,2974,21,1,0,0,0,623
72,1,1608,21,4,0,2,0,642
306,8,590,12,0,0,0,0,383
268,8,1156,3,4,0,0,0,273
121,3,2537,12,4,0,4,0,199
359,5,577,15,4,0,1,0,427
253,0,2645,12,3,0,1,0,448
290,2,847,7,5,0,1,0,593
212,8,2235,21,4,0,4,0,658
313,1,2884,5,0,0,1,0,328
343,5,277,22,2,0,1,0,416
247,6,28,19,4,0,1,0,657
274,5,2457,14,3,0,4,0,313
303,2,292,12,4,0,0,0,512
214,4,628,15,6,0,1,0,647
315,9,602,23,2,0,1,0,228
230,6,1056,0,1,0,0,0,285
303,1,193,23,4,0,0,0,332
275,0,2710,22,4,0,0,0,390
106,3,1039,6,3,1,4,0,554
67,2,1514,17,6,0,0,0,715
167,0,1821,5,1,0,1,0,201
162,4,1874,20,3,0,1,0,550
30,3,2035,5,4,0,0,0,353
123,1,1209,22,6,0,0,0,443
360,5,1499,23,5,0,1,0,469
279,2,2606,21,1,0,1,0,585
93,9,1004,13,4,0,2,1,716
201,5,2230,9,0,0,1,1,895
350,5,321,20,2,0,4,0,650
332,0,180,13,5,0,3,0,524
176,1,2187,10,3,0,0,0,515
176,4,1617,23,3,0,0,0,398
55,0,2283,11,1,0,3,0,313
169,8,545,19,3,0,0,0,450
126,9,1801,15,2,0,2,0,469
362,6,2027,0,0,0,0,0,247
151,8,56,18,6,1,0,0,912
285,8,2696,16,0,0,1,0,373
187,0,923,9,0,0,1,0,551
253,5,556,13,3,0,1,0,467
162,8,837,11,3,0,0,1,737
208,6,640,11,0,0,0,1,725
126,9,1340,23,2,0,1,0,343
245,7,2572,18,2,0,1,0,493
288,8,176,4,3,1,0,0,513
289,7,1297,13,4,0,0,0,547
296,9,1333,6,4,0,0,0,169
191,0,888,20,4,0,3,0,530
55,1,2937,9,1,1,0,0,709
147,4,1604,1,2,0,1,1,672
24,2,518,20,5,0,0,0,731
90,0,3116,0,1,1,1,0,577
14,8,1461,2,2,0,0,0,354
137,3,2548,9,6,0,0,0,680
312,3,2494,4,6,1,1,0,677
292,5,2571,10,0,0,4,0,566
355,7,575,19,0,0,4,0,536
22,6,1886,11,3,0,0,0,348
252,0,1450,9,2,1,0,0,778
34,7,724,3,1,0,1,0,233
41,7,2175,12,1,1,0,0,715
262,8,2195,2,5,0,0,0,431
229,8,2528,1,0,0,2,0,313
168,3,737,3,2,0,0,0,360
349,4,1636,13,1,0,0,0,466
259,2,1366,11,2,0,1,0,404
182,5,2472,22,2,0,0,1,669
140,3,2943,6,2,1,0,0,562
31,2,761,17,5,0,0,0,754
310,3,1258,10,4,0,1,0,434
95,9,233,5,6,0,4,1,852
189,4,270,8,2,0,0,0,554
303,4,1570,18,4,0,0,0,573
234,4,1662,23,5,0,4,0,429
136,0,1494,20,5,0,1,0,839
183,0,2604,13,3,0,0,0,407
193,5,302,13,6,1,0,0,701
227,5,1882,13,5,1,4,0,715
276,9,1788,8,5,0,0,0,681
100,3,2046,13,4,0,0,0,317
259,7,2522,9,2,0,0,0,496
45,6,3126,22,5,0,1,0,412
158,0,2742,6,6,0,0,0,377
317,3,2999,14,4,0,1,1,759
205,0,1468,10,4,0,4,0,571
246,6,629,21,3,0,3,0,600
122,9,1136,10,5,0,3,1,984
328,1,1871,2,1,0,0,1,585
361,9,2974,21,6,0,0,0,743
94,1,2166,22,5,0,0,1,721
53,0,1715,16,6,1,4,0,896
337,2,2208,13,3,0,1,0,484
227,3,1622,1,5,0,0,0,318
22,7,1724,22,3,0,1,1,593
31,1,2559,8,5,0,0,0,669
145,7,419,8,0,0,0,0,523
245,2,1038,10,2,0,0,0,486
131,8,2988,22,0,1,0,0,585
326,0,3080,10,6,0,0,0,676
304,9,2247,0,5,0,0,0,407
114,2,197,5,4,1,0,0,586
211,7,1081,12,3,0,0,0,364
137,8,411,19,6,0,0,0,822
144,6,1252,17,6,0,4,0,626
51,1,947,2,4,0,1,0,290
144,6,726,7,6,0,0,0,660
40,7,3174,10,0,0,0,0,567
117,3,2926,5,0,1,0,0,526
194,5,2705,23,0,0,0,0,249
363,4,1207,1,1,0,2,0,331
277,9,1335,11,6,0,0,0,551
253,6,1164,22,3,0,4,0,184
227,2,1313,4,5,0,0,0,323
341,7,648,14,0,0,3,0,272
160,3,2905,7,1,0,0,0,430
214,1,1299,0,6,0,1,0,474
271,1,1820,6,0,0,0,0,229
321,4,1766,15,1,0,1,0,431
156,4,2197,10,4,0,3,0,499
149,0,1735,6,4,0,1,0,300
133,4,3033,2,2,0,0,0,291
182,6,2231,4,2,0,4,0,257
305,2,722,4,6,0,1,0,349
324,4,2590,18,4,0,0,0,520
249,5,1180,3,6,0,0,0,367
243,7,2994,1,0,0,1,0,357
331,9,1159,12,4,0,1,0,367
255,5,337,16,5,0,2,0,458
194,0,2103,20,0,0,0,0,761
142,6,965,22,4,0,2,0,230
265,7,893,4,1,0,4,1,725
22,9,2379,7,3,0,0,0,467
2,9,971,5,4,0,2,0,294
321,0,1801,11,1,0,0,0,283
258,2,323,0,1,0,0,0,348
287,8,433,2,2,1,0,0,502
20,2,562,20,1,0,4,0,492
239,2,1254,15,3,1,0,0,588
161,4,1706,14,2,0,1,0,389
232,7,3037,18,3,0,0,0,635
259,8,913,13,2,0,2,0,359
44,4,2879,3,4,0,3,0,358
136,4,614,21,5,0,0,0,798
85,5,2753,4,3,1,1,0,580
186,0,1460,6,6,0,0,0,313
42,3,64,13,2,1,1,0,636
135,3,1576,6,4,0,1,0,469
158,0,588,3,6,0,3,1,740
95,1,1204,19,6,1,0,0,886
245,5,683,11,2,0,0,0,356
139,2,2909,7,1,0,0,0,599
50,6,2566,19,3,0,0,0,637
332,2,1882,7,5,0,0,0,643
45,2,1652,7,5,0,0,0,712
296,5,1312,1,4,0,1,0,324
3,2,3040,1,5,0,3,1,809
348,4,1422,7,0,0,4,0,553
31,8,804,9,5,0,0,1,1017
197,3,735,19,3,0,3,0,607
352,1,2121,5,4,0,0,0,260
254,7,1586,1,4,0,1,0,450
347,3,2777,16,6,0,0,0,481
347,8,858,8,6,0,1,0,718
221,1,642,10,6,0,1,0,762
214,7,407,21,6,0,0,0,738
349,2,1725,22,1,0,0,0,321
51,5,674,15,4,0,0,0,353
350,7,591,2,2,0,0,0,223
175,4,811,10,2,1,2,0,753
283,6,701,11,5,0,3,0,524
144,1,874,21,6,0,3,0,633
28,7,840,1,2,0,1,0,298
204,5,1781,5,3,0,0,0,228
19,9,1520,17,0,0,0,0,662
358,1,75,8,3,0,3,0,381
256,9,1081,6,6,0,1,0,435
258,6,2326,16,1,0,1,0,412
142,6,2600,1,4,0,1,0,400
323,8,2128,9,3,0,0,0,500
296,6,379,22,4,0,0,0,349
58,1,1806,22,4,1,1,0,677
99,3,2668,21,3,0,0,0,590
219,5,1322,1,4,0,0,0,211
329,9,2760,10,2,0,0,0,581
314,0,820,17,1,1,0,0,759
0,9,846,17,2,0,1,0,526
293,4,1734,8,1,1,4,0,794
326,5,2616,9,6,0,3,0,526
23,2,1596,8,4,0,0,1,958
50,3,174,8,3,1,0,0,686
83,2,1918,0,1,0,0,0,218
101,9,2756,0,5,1,3,0,701
258,9,2255,10,1,1,1,0,793
261,5,11,22,4,0,0,1,703
197,4,3090,8,3,0,1,0,534
276,3,2580,14,5,0,1,0,553
114,0,1214,3,4,0,1,0,328
147,0,1154,13,2,0,0,0,398
111,6,678,9,1,0,0,0,628
149,2,301,19,4,1,0,0,828
115,5,212,2,5,0,0,0,514
76,1,1915,15,1,0,1,0,343
7,8,2191,5,2,0,1,0,387
232,9,1321,19,3,0,0,0,607
121,5,3055,15,4,0,3,0,340
212,8,3156,6,4,0,0,0,247
305,3,841,9,6,0,0,0,760
258,5,977,21,1,0,0,0,669
272,0,611,7,1,0,1,0,577
132,3,1746,17,1,0,3,0,430
358,3,1213,12,3,1,1,0,591
264,1,1850,6,0,0,4,0,153
290,1,3151,19,5,0,0,0,745
135,2,579,10,4,0,0,0,480
111,0,2847,18,1,0,0,0,481
280,9,1380,19,2,0,0,1,991
363,7,1052,4,1,0,3,0,343
206,5,102,22,5,1,0,0,742
261,4,550,11,4,0,0,0,444
86,7,472,5,4,0,4,0,275
352,6,1949,18,4,0,0,1,988
95,8,2260,10,6,0,0,0,709
126,8,515,2,2,0,1,0,270
243,8,1241,3,0,0,0,0,214
221,7,1625,13,6,0,1,0,514
346,8,34,0,5,0,2,0,388
178,8,1075,9,5,0,4,0,760
44,2,2903,5,4,0,0,0,222
89,8,2992,11,0,0,1,0,347
44,2,2192,5,4,1,0,0,629
155,9,1360,16,3,0,1,0,286
192,7,470,3,5,0,1,0,308
174,3,1014,7,1,0,4,0,446
320,2,982,17,0,0,4,0,568
334,5,1991,22,0,0,3,1,707
64,0,787,5,3,0,0,0,289
288,7,72,13,3,0,0,0,473
359,6,1050,20,4,0,0,0,623
349,0,2806,21,1,0,3,0,564
121,1,2750,9,4,1,3,0,703
239,9,1286,1,3,0,4,0,337
91,9,2599,14,2,0,1,1,913
286,3,2854,2,1,0,0,0,343
144,3,2414,18,6,0,0,0,720
235,1,2362,7,6,0,2,0,739
68,8,958,23,0,0,0,0,267
221,0,2922,1,6,0,0,0,550
83,9,3118,0,1,0,0,0,269
11,1,117,11,6,0,4,1,800
126,8,2414,21,2,0,0,0,657
76,7,2357,15,1,0,4,0,366
2,3,889,4,4,1,1,0,560
132,9,1615,6,1,0,4,0,349
154,2,1453,21,2,0,0,0,608
301,1,19,9,2,0,2,0,568
261,4,175,8,4,0,0,1,891
213,6,2358,16,5,0,1,0,458
80,9,30,14,5,1,0,0,968
253,7,1063,2,3,0,0,0,388
231,4,2993,8,2,0,4,0,454
35,4,2096,20,2,0,0,0,654
67,1,2730,18,6,0,1,0,674
3,0,1879,2,5,0,3,0,368
281,2,2297,6,3,0,1,0,424
346,8,2525,0,5,0,0,0,332
140,6,1229,15,2,0,0,0,362
91,8,2979,21,2,1,2,0,758
224,1,2026,14,2,0,0,0,325
350,4,2508,1,2,0,0,0,322
16,8,2076,7,4,0,0,0,522
8,0,2688,1,3,0,0,0,260
31,2,1824,0,5,0,0,0,485
158,4,49,1,6,0,0,1,882
159,5,474,9,0,0,4,0,441
188,6,1138,2,1,0,0,0,308
237,6,201,23,1,0,4,0,303
163,3,1546,0,4,0,0,0,325
108,8,1274,11,5,0,1,0,568
114,7,1812,13,4,0,1,0,466
157,1,2233,3,5,1,0,0,739
54,4,778,5,0,0,1,0,269
343,6,741,9,2,0,0,0,469
264,4,1860,1,0,0,4,0,213
298,2,1288,7,6,0,4,0,578
79,9,842,15,4,0,0,0,391
191,5,920,7,4,0,0,0,566
188,7,1315,4,1,0,3,0,82
362,3,903,23,0,0,1,0,277
113,2,1311,21,3,0,4,0,575
328,8,2405,12,1,0,0,0,395
216,1,1271,17,1,0,1,0,619
268,6,1052,23,4,0,0,0,273
190,3,1972,3,3,0,4,0,257
71,3,2967,4,3,0,2,0,282
186,7,1373,8,6,0,0,0,639
251,8,2179,1,1,0,1,0,422
234,5,2203,4,5,0,0,0,405
108,2,744,11,5,0,0,0,578
266,4,285,9,2,0,0,0,508
111,2,2177,12,1,0,0,0,355
201,7,3078,13,0,0,0,1,679
331,3,2465,1,4,1,0,0,536
214,7,858,20,6,0,1,0,630
110,0,783,19,0,0,0,0,566
137,3,1408,17,6,0,0,0,664
20,0,2115,22,1,0,0,0,312
314,4,413,4,1,0,0,0,285
83,5,138,5,1,0,4,0,257
122,6,2231,23,5,0,0,0,363
286,8,1159,4,1,0,0,1,654
331,2,2591,11,4,0,0,0,350
28,9,589,14,2,0,0,0,290
163,2,1484,19,4,0,1,0,616
335,4,2873,3,1,0,0,0,229
158,9,3047,18,6,0,1,0,749
142,0,102,1,4,0,4,0,168
100,5,1727,18,4,0,1,0,591
272,5,240,8,1,0,0,0,561
136,0,832,7,5,0,1,0,714
23,9,1582,1,4,0,0,0,312
313,6,358,19,0,1,3,0,808
231,4,3017,12,2,0,0,0,351
251,1,346,14,1,0,1,0,396
186,1,1356,15,6,0,0,0,497
187,4,968,1,0,0,1,0,288
189,2,2371,7,2,0,0,0,622
96,2,1186,17,0,0,1,0,699
237,6,217,5,1,0,0,0,181
158,0,215,6,6,0,0,0,330
244,9,2679,16,1,0,1,0,371
176,2,1393,16,3,0,4,0,366
133,9,1516,22,2,0,1,0,323
255,5,2971,6,5,0,4,0,200
41,4,2848,3,1,0,0,0,337
242,4,71,22,6,0,0,0,325
359,4,1086,1,4,0,1,0,280
214,7,2680,14,6,0,0,0,522
64,4,1054,21,3,0,1,0,654
203,6,2366,11,2,0,1,0,358
209,9,716,17,1,0,0,0,657
285,4,1981,2,0,0,0,0,374
297,8,1819,17,5,0,1,0,669
86,0,134,12,4,0,1,0,247
267,2,275,1,3,1,1,0,634
233,8,1331,6,4,0,1,0,419
210,6,1491,20,2,0,2,0,464
7,7,2152,23,2,0,0,0,319
126,9,3069,10,2,0,0,1,975
147,2,2430,22,2,0,0,0,328
322,7,3096,0,2,0,1,0,309
223,4,1137,22,1,0,0,0,328
259,0,2089,2,2,0,1,0,184
287,4,296,2,2,0,0,0,269
257,4,260,20,0,1,0,0,851
91,5,2602,2,2,0,0,1,630
188,8,1583,11,1,0,3,1,818
182,7,2665,12,2,0,1,0,408
208,3,26,23,0,0,0,0,351
28,6,619,23,2,0,0,0,291
28,4,2686,14,2,0,1,0,303
174,9,1542,1,1,0,0,0,301
124,6,1965,0,0,0,1,0,316
109,8,177,1,6,0,0,0,292
256,6,1619,23,6,0,1,0,469
68,9,1655,16,0,0,0,0,319
348,4,160,6,0,1,0,0,551
275,4,153,8,4,0,0,0,507
302,7,845,18,3,0,0,0,581
229,0,1832,14,0,0,4,0,392
329,4,917,4,2,0,3,0,277
310,2,1824,8,4,0,0,0,541
330,9,2287,10,3,0,3,0,486
192,7,2409,11,5,0,0,0,521
284,4,1689,6,6,0,1,0,408
73,2,553,15,5,0,2,0,619
162,4,1489,5,3,1,1,0,627
49,2,2592,8,2,0,0,0,477
248,2,2368,10,5,1,4,0,923
10,6,3156,4,5,0,1,0,540
353,0,990,19,5,0,0,0,758
178,2,1567,22,5,0,4,0,461
156,2,714,5,4,0,0,0,213
224,6,1717,9,2,0,0,0,587
343,4,2164,18,2,0,0,0,630
246,1,1598,21,3,0,0,0,737
257,6,2678,11,0,0,0,0,337
208,4,41,22,0,0,0,0,274
49,1,932,0,2,0,0,0,248
168,6,2085,10,2,0,1,0,606
6,2,137,4,1,0,4,0,226
14,8,2662,3,2,0,0,0,360
123,9,2322,3,6,0,0,0,509
100,8,3081,12,4,0,0,0,347
237,9,2631,7,1,0,0,0,673
103,4,25,20,0,0,2,1,978
274,3,1702,18,3,0,2,0,625
209,1,1671,15,1,0,3,0,190
255,8,881,13,5,0,0,1,874
169,3,687,7,3,0,2,0,618
134,8,111,17,3,1,1,0,742
19,7,1652,15,0,0,0,0,427
310,2,1718,23,4,1,0,0,544
299,5,2413,13,0,0,0,0,410
49,0,177,10,2,0,0,0,561
322,0,121,0,2,0,3,0,265
122,3,2885,9,5,0,0,0,828
363,4,2505,20,1,1,1,0,906
273,1,2793,7,2,0,3,0,508
356,3,2244,9,1,0,1,0,593
22,6,3109,6,3,0,0,0,357
192,8,2381,11,5,0,0,0,519
83,7,1113,20,1,0,0,0,699
111,4,992,21,1,0,3,0,630
231,9,499,19,2,0,0,0,563
126,4,483,10,2,0,2,0,625
220,7,768,3,5,0,0,0,370
348,5,305,8,0,0,0,0,537
160,9,3143,17,1,0,0,0,706
186,3,2817,20,6,0,3,1,1082
0,8,1643,4,2,0,0,0,312
21,6,1685,9,2,0,1,0,599
257,4,1504,2,0,0,0,0,228
52,6,2711,5,5,0,4,0,315
189,4,2048,9,2,0,0,0,530
91,7,1125,23,2,0,3,0,210
266,1,1416,17,2,0,1,0,576
268,1,2430,17,4,0,0,0,602
324,8,367,15,4,0,0,0,445
167,3,76,8,1,0,0,0,428
140,5,3169,2,2,0,0,0,383
315,2,1275,14,2,0,2,0,368
39,7,1006,8,6,0,0,0,630
174,1,844,17,1,0,1,0,690
94,1,2687,1,5,0,1,0,372
44,3,1189,3,4,0,1,1,589
20,9,798,0,1,0,0,0,325
54,5,1619,19,0,1,0,0,879
125,1,146,4,1,0,0,0,342
56,3,2237,17,2,0,0,0,591
35,1,2032,13,2,0,0,1,857
303,8,1579,12,4,0,1,0,385
206,7,541,4,5,0,0,0,568
58,6,2933,11,4,0,0,0,216
212,7,2112,17,4,0,0,0,645
5,7,1652,18,0,0,1,0,610
328,3,174,8,1,0,3,0,510
70,9,2246,4,2,0,3,0,235
337,4,3135,11,3,0,0,0,306
211,0,1990,13,3,0,1,0,431
314,3,1857,17,1,0,0,0,567
299,3,1854,4,0,0,0,0,276
302,8,1124,9,3,0,0,0,565
124,4,2738,22,0,0,1,0,298
208,9,649,0,0,0,1,0,341
296,1,595,12,4,0,0,0,348
259,4,2777,14,2,0,0,0,424
256,4,1203,22,6,0,0,0,388
43,7,1772,14,3,1,0,1,1150
56,4,3103,17,2,0,0,0,563
158,4,1947,15,6,1,0,0,903
274,6,2289,10,3,1,1,0,621
313,5,2888,14,0,0,2,0,294
78,5,2280,18,3,0,0,0,589
196,7,617,5,2,1,2,1,811
166,3,1033,20,0,0,4,1,915
292,5,68,10,0,0,0,0,655
240,2,1473,4,4,0,0,0,224
51,4,935,21,4,0,0,0,538
60,4,2160,3,6,0,0,0,385
91,3,1744,21,2,0,0,0,559
169,9,2360,7,3,0,0,0,636
74,2,241,20,6,0,0,0,653
9,5,1663,5,4,1,0,0,662
119,1,1449,12,2,0,0,1,693
317,0,2694,6,4,0,0,0,241
344,0,665,16,3,0,0,0,321
324,4,2361,11,4,0,1,0,361
161,5,416,10,2,0,0,0,565
256,4,2307,5,6,0,2,0,412
131,2,1050,7,0,0,1,0,564
320,7,2789,15,0,0,0,0,443
60,5,1328,8,6,0,0,0,676
192,1,2097,6,5,0,0,1,798
230,4,2375,1,1,0,4,0,241
190,9,874,19,3,0,1,0,621
217,4,179,1,2,0,0,0,238
122,8,1144,22,5,0,3,0,370
364,3,93,2,2,1,0,1,917
204,7,144,2,3,0,1,0,218
26,6,1548,9,0,1,1,0,743
78,6,31,9,3,0,1,0,602
284,3,2713,15,6,0,0,0,624
236,8,1374,11,0,0,4,0,383
236,4,824,1,0,0,0,0,209
256,6,759,19,6,0,0,0,706
199,7,2846,14,5,0,1,0,456
142,4,2587,6,4,0,0,0,370
215,0,2133,5,0,0,0,0,367
55,7,1848,3,1,0,0,0,245
259,7,1626,16,2,0,1,0,352
111,1,932,15,1,0,1,0,263
93,2,2280,23,4,0,0,0,363
165,9,886,1,6,0,4,0,358
341,0,2037,3,0,0,0,0,326
96,5,2716,0,0,0,1,0,338
104,5,183,20,1,0,3,1,814
173,1,2779,7,0,0,1,0,472
106,5,2518,2,3,0,4,0,291
146,5,672,18,1,0,0,0,555
345,9,1008,20,4,1,0,1,1039
234,4,243,7,5,0,0,0,727
155,4,330,4,3,0,4,0,261
172,1,898,14,6,0,0,0,519
295,0,2131,21,3,0,0,0,682
91,0,2364,2,2,0,0,0,357
281,8,1631,11,3,0,0,0,521
1,0,266,22,3,0,1,0,222
261,0,2493,9,4,1,1,0,809
11,6,2719,14,6,0,3,0,465
214,7,1335,22,6,0,0,0,326
62,0,2383,15,1,0,0,0,341
355,6,1435,18,0,0,4,0,559
300,8,1673,15,1,0,4,0,430
231,6,3170,16,2,0,0,0,180
210,3,1753,13,2,0,0,0,425
181,5,2734,9,1,0,0,0,492
352,0,2029,17,4,0,0,0,560
226,6,479,14,4,1,4,0,465
288,9,573,13,3,0,0,0,457
31,9,326,14,5,0,1,0,486
221,3,869,18,6,0,1,0,764
213,5,1130,1,5,0,0,0,331
10,8,2052,21,5,0,1,0,817
60,6,895,20,6,0,4,0,732
302,4,900,1,3,0,0,0,433
236,5,3099,13,0,0,0,0,373
47,3,1407,22,0,1,1,0,470
176,7,2973,4,3,0,2,0,275
291,3,1887,22,6,0,0,0,391
127,7,2212,23,3,0,0,0,306
55,3,1843,21,1,1,0,0,807
314,8,2910,5,1,0,0,0,237
11,1,2261,16,6,0,1,0,676
319,5,1700,18,6,0,0,0,681
186,4,795,15,6,0,1,0,506
89,6,2969,15,0,0,4,0,398
315,8,3116,6,2,0,0,0,175
344,4,509,9,3,0,3,0,470
253,1,2232,19,3,1,0,0,872
36,7,1606,17,3,0,0,0,541
141,3,2003,8,3,0,0,0,620
344,4,1140,10,3,0,1,0,549
66,9,1277,11,5,0,4,0,519
120,8,1792,8,3,0,0,0,495
227,6,595,18,5,0,2,0,735
44,8,2614,21,4,0,1,0,729
80,4,1561,4,5,0,1,0,327
149,4,45,7,4,0,0,0,682
282,6,2926,10,4,0,1,0,569
178,9,2452,13,5,0,0,1,884
283,8,2594,6,5,0,1,0,425
30,2,644,9,4,0,0,1,798
1,1,1045,17,3,1,3,1,1136
124,1,2913,4,0,0,4,0,121
22,0,728,10,3,0,0,0,493
18,9,3052,4,6,0,1,0,474
5,5,2023,18,0,0,1,0,703
254,8,2141,13,4,0,1,0,555
60,4,2446,23,6,0,1,0,530
24,3,2919,21,5,0,0,0,831
363,9,186,17,1,0,0,0,550
248,7,1127,3,5,0,0,0,487
60,6,178,0,6,0,0,1,729
141,1,1864,10,3,1,3,0,731
109,5,2096,20,6,0,0,0,789
279,1,489,17,1,0,3,0,609
184,4,1566,20,4,0,2,0,698
168,5,386,11,2,0,1,0,444
89,1,2407,23,0,0,0,0,175
47,3,1900,2,0,0,4,0,191
24,4,922,12,5,0,4,0,510
150,1,2598,17,5,0,3,0,693
9,8,927,5,4,1,0,0,391
6,7,3019,10,1,0,0,0,522
162,0,2583,1,3,0,4,0,265
301,1,682,5,2,0,4,0,314
313,5,1742,15,0,0,3,0,381
54,1,1148,19,0,0,0,0,501
293,9,2742,4,1,0,1,0,253
271,8,298,9,0,0,4,0,394
23,6,2749,7,4,0,0,1,881
34,7,1810,4,1,0,0,0,256
353,2,1377,16,5,0,0,0,497
136,7,12,12,5,0,0,0,453
19,8,1969,15,0,0,0,0,428
253,7,645,18,3,0,1,0,598
281,0,3157,23,3,0,1,0,253
82,4,1193,5,0,1,1,0,584
73,8,1489,17,5,1,0,0,1049
11,7,1671,18,6,0,0,0,695
277,1,1036,11,6,1,0,0,724
350,9,1365,6,2,0,1,0,276
163,9,2485,10,4,0,4,0,454
92,6,2017,13,3,0,0,0,485
158,4,2547,14,6,0,0,0,545
230,1,593,2,1,0,4,0,148
332,7,1152,10,5,0,0,1,1061
208,8,1476,6,0,0,0,0,267
317,0,517,8,4,0,0,0,581
209,3,3104,11,1,0,0,0,376
176,7,1367,18,3,0,1,0,612
67,0,1673,17,6,0,3,0,687
95,1,2286,19,6,0,0,0,718
268,6,2790,16,4,0,2,0,351
33,3,1305,11,0,0,0,0,281
136,6,2214,10,5,0,3,0,550
314,7,2413,1,1,0,0,0,433
100,3,1200,8,4,0,3,0,559
202,0,1120,11,1,0,2,0,388
251,9,244,20,1,0,0,0,527
209,4,462,13,1,0,3,0,347
309,0,2207,18,3,0,4,0,590
267,7,2964,16,3,0,3,0,417
150,6,2539,12,5,0,1,0,403
43,1,705,7,3,0,4,0,461
58,1,990,18,4,0,1,0,619
235,8,2854,19,6,0,0,0,673
17,4,1946,15,5,0,0,0,529
38,6,1155,10,5,1,0,0,798
248,3,1899,22,5,0,1,0,384
22,9,366,9,3,0,0,0,639
246,8,765,23,3,0,0,0,150
69,5,1184,19,1,0,0,0,557
101,3,2920,10,5,1,0,0,857
171,1,2370,10,5,0,1,0,737
183,9,1055,12,3,1,4,0,548
281,4,17,16,3,1,0,0,579
357,8,826,22,2,0,0,0,250
256,1,1021,17,6,0,0,1,1165
270,3,1227,20,6,0,2,0,708
347,4,2342,3,6,0,0,0,511
121,1,3130,17,4,0,4,0,457
85,7,720,19,3,0,0,0,560
51,2,1979,23,4,0,1,0,241
278,2,1400,16,0,0,1,0,328
123,0,404,16,6,0,1,0,548
144,3,440,1,6,0,0,0,367
311,7,98,4,5,0,0,0,475
26,2,1089,2,0,0,0,0,271
108,3,2762,4,5,0,1,0,382
125,3,1376,10,1,0,1,0,452
143,5,2484,9,5,0,1,1,992
300,1,2951,6,1,0,0,1,723
357,8,473,4,2,0,0,0,269
306,6,1292,14,0,0,1,1,759
28,1,1277,13,2,1,1,0,667
176,2,1641,5,3,0,0,0,289
152,4,1690,9,0,0,0,0,548
52,5,2605,16,5,1,3,0,826
13,9,884,10,1,0,1,0,564
127,7,766,5,3,0,0,0,181
188,6,808,0,1,0,1,0,251
346,7,2925,6,5,0,0,0,556
342,5,2491,12,1,0,1,0,504
253,2,633,20,3,0,0,0,490
193,2,2168,15,6,1,0,0,787
83,4,2110,18,1,0,4,0,598
96,9,1911,10,0,0,2,0,484
324,4,1968,10,4,0,1,0,522
323,2,2057,17,3,0,0,0,598
217,2,2780,14,2,0,0,0,333
332,7,1344,14,5,0,0,0,664
128,8,1246,4,4,0,0,0,354
361,7,1559,0,6,0,0,0,499
23,3,1986,22,4,0,0,0,435
298,7,1115,8,6,0,3,1,1029
26,4,2704,2,0,0,0,0,159
185,4,596,18,5,0,0,0,660
188,9,485,1,1,0,1,0,266
124,9,514,12,0,1,4,0,651
346,4,2038,7,5,0,0,0,518
32,3,1233,4,6,0,0,0,438
13,3,95,10,1,0,0,0,523
154,1,2051,14,2,0,2,0,373
294,9,387,22,2,0,3,0,217
195,6,3119,10,1,0,4,0,369
25,2,2012,9,6,0,0,0,547
0,5,3155,23,2,0,0,0,280
3,9,3136,5,5,0,3,0,334
232,5,60,2,3,0,4,0,371
249,0,932,18,6,0,1,0,722
143,7,1609,16,5,1,1,0,636
57,6,937,5,3,0,4,0,229
106,3,1955,2,3,0,0,0,271
205,9,417,7,4,0,4,1,798
341,0,1488,4,0,0,0,0,210
78,8,2225,8,3,0,2,1,880
106,4,2549,7,3,0,1,0,499
187,7,3098,14,0,0,0,0,539
220,1,381,5,5,0,4,1,674
22,5,118,3,3,0,0,0,396
44,4,1513,14,4,1,2,0,690
55,2,1015,15,1,0,0,0,415
68,3,1973,10,0,0,0,0,594
166,2,671,20,0,0,0,0,623
61,4,1204,15,0,0,1,0,377
246,3,1350,6,3,0,1,0,199
36,3,1042,3,3,0,4,0,423
85,6,1769,0,3,0,3,0,158
270,2,2453,10,6,0,0,0,709
245,0,2769,19,2,0,0,0,607
98,4,1734,15,2,0,0,0,482
2,4,315,16,4,0,4,0,465
340,1,376,1,6,0,0,0,431
253,1,2885,14,3,0,2,0,331
84,3,1997,19,2,0,2,0,633
16,9,718,9,4,0,0,0,513
296,9,2495,17,4,0,1,0,691
169,8,274,12,3,1,0,0,605
337,6,2436,18,3,0,0,0,643
136,9,1237,10,5,0,3,0,594
242,6,1958,18,6,0,3,0,638
238,6,1395,15,2,0,3,0,302
89,0,380,17,0,0,1,0,624
181,5,2426,3,1,0,0,0,250
248,8,2953,17,5,0,0,0,825
318,6,348,6,5,0,0,0,419
362,3,462,5,0,0,4,0,308
238,4,610,12,2,0,3,0,383
325,8,2958,20,5,0,0,0,712
57,4,2085,17,3,0,4,1,857
57,4,1586,9,3,0,3,0,525
192,1,2972,10,5,0,2,0,737
284,5,1234,11,6,1,0,0,714
226,0,1257,15,4,0,1,0,393
150,9,1509,6,5,0,0,0,348
291,1,3158,3,6,0,0,0,462
51,8,462,21,4,0,1,0,458
286,7,1646,22,1,0,0,0,274
269,7,2278,22,5,0,1,1,703
91,0,1885,23,2,0,4,0,325
116,4,1570,19,6,0,4,0,698
309,3,792,13,3,0,0,0,456
128,8,1545,10,4,0,0,0,559
328,0,2683,21,1,0,0,0,513
335,0,1061,8,1,0,0,0,535
354,8,1333,12,6,0,4,0,515
91,6,2291,10,2,1,2,0,653
189,3,229,6,2,0,0,0,179
213,8,2841,5,5,0,0,0,426
35,5,3023,19,2,0,1,0,543
95,1,1028,5,6,1,0,0,636
82,9,1700,6,0,0,0,0,378
357,9,757,8,2,0,1,0,538
96,4,2514,14,0,0,0,0,415
20,9,366,15,1,0,0,0,417
23,3,1148,4,4,0,3,0,287
101,4,2658,8,5,0,0,0,703
298,7,3037,14,6,0,1,0,433
51,5,963,16,4,0,0,0,479
297,7,101,9,5,0,0,0,705
195,2,1171,1,1,0,4,0,139
122,7,944,4,5,0,2,0,517
229,8,819,18,0,0,4,0,500
247,8,2636,9,4,0,0,0,426
188,6,195,7,1,0,0,0,495
299,9,2026,6,0,1,0,0,612
225,3,3151,6,3,0,3,0,144
352,3,341,3,4,0,0,0,398
54,3,408,23,0,0,2,0,254
163,5,2460,8,4,0,0,0,624
308,7,194,4,2,0,3,0,353
91,2,1665,4,2,0,1,0,313
161,2,1553,12,2,1,3,0,596
166,9,435,20,0,1,0,0,736
123,2,2946,20,6,0,3,0,761
285,8,3093,9,0,0,1,0,653
27,7,840,3,1,0,1,0,301
244,5,1552,18,1,0,4,0,629
246,1,2050,18,3,0,0,0,657
346,8,1693,8,5,0,0,0,606
237,4,2838,4,1,0,3,0,194
59,2,2004,0,5,0,0,0,529
277,4,1537,14,6,0,3,0,331
344,1,336,6,3,0,3,1,537
276,1,964,14,5,0,0,0,528
180,5,233,18,0,0,3,0,607
203,2,986,0,2,0,0,0,228
9,9,2573,20,4,1,0,0,836
88,6,3148,9,6,0,1,0,660
280,7,254,1,2,0,0,0,434
272,7,3122,5,1,0,4,0,285
235,9,2174,14,6,0,1,0,510
298,7,2890,0,6,0,1,0,326
50,0,2563,12,3,0,1,0,453
218,5,930,5,3,0,2,1,625
128,8,1334,16,4,0,4,0,328
53,2,1634,19,6,0,0,0,767
73,8,1845,7,5,0,3,0,640
20,2,305,6,1,0,0,0,320
106,9,2243,0,3,1,1,0,692
157,5,1533,4,5,1,1,0,729
308,3,81,23,2,0,0,0,278
0,2,2325,23,2,0,0,0,279
5,0,1976,7,0,0,0,0,639
308,0,2100,5,2,0,0,0,228
116,9,120,2,6,1,1,0,706
15,3,1097,8,3,1,0,0,881
4,7,2651,15,6,0,4,0,568
107,2,1991,10,4,0,4,0,429
165,0,1815,16,6,0,0,0,483
104,1,697,14,1,0,1,0,374
228,0,1081,15,6,0,0,1,929
257,8,2818,19,0,0,0,0,571
276,8,1908,0,5,0,3,0,451
13,6,2359,9,1,0,0,0,682
155,9,1161,2,3,0,0,0,297
212,2,1911,21,4,0,4,0,615
208,6,1816,1,0,0,1,0,240
181,4,1451,2,1,0,1,0,336
252,4,663,5,2,1,3,0,459
15,2,2441,4,3,0,4,0,267
170,8,1817,23,4,0,1,1,738
10,7,2529,0,5,0,1,0,318
361,3,197,7,6,0,4,0,741
345,6,776,22,4,0,0,0,468
341,8,3104,15,0,0,4,0,360
207,4,374,13,6,1,0,0,832
155,6,1799,22,3,0,0,0,211
362,2,1836,5,0,0,1,0,147
332,9,1121,20,5,0,3,0,686
54,4,2170,4,0,0,1,0,236
38,6,2869,21,5,0,0,0,788
51,9,1905,5,4,0,0,0,251
164,9,2385,22,5,0,0,1,703
201,1,1906,12,0,0,3,0,293
276,1,242,19,5,1,0,0,908
257,7,220,1,0,0,0,0,270
296,3,402,1,4,0,0,0,228
159,7,1537,20,0,0,0,0,592
281,3,1932,9,3,0,0,0,676
126,5,167,16,2,0,0,1,658
208,6,2952,18,0,0,0,0,750
271,8,2200,3,0,0,0,0,266
84,4,327,0,2,0,0,0,235
152,7,3127,6,0,0,1,0,217
203,3,1765,3,2,1,4,0,485
203,6,826,7,2,0,1,0,601
45,0,2843,19,5,0,2,0,785
264,2,1897,23,0,0,4,1,398
362,9,693,1,0,1,1,0,588
319,0,1243,18,6,0,0,1,1222
96,0,1169,13,0,0,4,0,354
93,5,2626,17,4,1,4,0,781
163,4,2109,4,4,0,1,0,372
196,2,57,13,2,0,1,0,299
197,4,2263,14,3,0,0,0,486
74,5,1935,11,6,1,1,0,727
330,1,2776,23,3,0,0,0,308
199,1,998,12,5,0,1,0,585
81,9,614,6,6,0,0,0,426
333,3,1947,6,6,0,0,0,361
234,1,727,20,5,0,0,0,617
196,9,2481,22,2,0,3,0,218
315,9,1092,17,2,0,1,0,623
89,2,3060,17,0,0,1,0,528
213,5,750,22,5,0,1,0,416
128,4,2193,16,4,0,1,1,841
147,0,2413,21,2,0,0,0,745
265,3,1553,6,1,1,1,0,546
49,8,2417,5,2,0,0,0,358
85,8,1191,5,3,0,0,0,393
80,7,2155,11,5,0,4,0,456
254,0,630,13,4,1,0,0,648
149,1,170,0,4,0,0,0,359
50,6,3132,2,3,0,1,0,235
104,6,1259,19,1,0,0,0,563
258,8,2769,13,1,1,1,0,538
59,7,281,23,5,0,0,0,347
322,0,2082,14,2,0,4,0,353
9,1,1633,9,4,0,1,0,575
202,5,388,0,1,0,0,0,203
100,8,2281,18,4,0,0,0,677
219,9,2510,21,4,0,4,0,511
223,8,87,10,1,0,4,0,448
253,6,595,9,3,0,0,0,522
82,5,2214,15,0,0,0,0,286
286,9,3053,21,1,0,0,0,434
184,2,3045,17,4,0,1,0,587
359,0,527,16,4,0,1,0,430
249,1,647,20,6,0,4,0,726
220,7,2987,22,5,0,1,0,566
14,9,2242,19,2,0,0,0,685
232,3,2248,4,3,0,1,0,399
321,3,1526,5,1,0,0,0,375
360,8,1609,19,5,0,0,0,588
30,7,1100,23,4,0,0,0,292
330,5,1051,23,3,0,4,1,612
121,6,815,10,4,0,1,0,724
174,5,1629,2,1,0,1,0,251
358,5,262,13,3,0,1,1,653
300,0,1771,19,1,0,4,0,434
127,5,1141,17,3,0,1,0,507
153,1,1625,21,1,0,0,0,627
100,9,1446,20,4,0,1,0,549
57,8,3077,15,3,0,1,1,658
266,9,207,8,2,0,0,0,681
127,9,988,22,3,0,1,0,348
45,7,3073,2,5,0,0,0,395
316,1,1475,22,3,1,4,0,517
171,4,317,15,5,0,0,0,544
332,4,1308,12,5,0,0,0,465
143,5,1672,13,5,0,0,0,594
158,6,266,16,6,0,0,0,488
277,9,1281,8,6,0,0,0,745
78,6,3082,2,3,0,0,0,338
196,1,2996,17,2,0,3,0,671
91,2,2957,0,2,0,0,0,256
194,7,2954,22,0,1,0,0,530
292,7,1198,12,0,0,0,0,394
189,5,353,21,2,1,3,0,740
15,8,1114,3,3,0,0,0,324
112,8,2415,21,2,0,4,0,404
101,8,1935,1,5,0,4,0,436
311,8,677,2,5,0,1,0,436
216,4,2031,3,1,0,4,0,247
101,6,2492,16,5,0,0,0,579
88,1,2718,6,6,1,1,0,777
221,4,140,1,6,0,3,0,224
47,6,1362,7,0,0,0,0,552
235,1,1085,2,6,0,0,1,832
316,4,1843,19,3,0,4,0,484
134,5,2333,2,3,0,0,0,282
272,7,314,8,1,0,3,1,792
186,9,751,8,6,0,1,0,792
318,8,473,16,5,0,3,0,244
300,9,2646,2,1,0,1,0,366
11,6,3068,12,6,0,4,0,542
55,2,428,23,1,0,0,0,313
126,6,2510,0,2,0,2,0,264
326,8,1616,6,6,0,1,0,392
134,8,1608,12,3,0,0,0,539
314,2,2318,0,1,0,4,0,228
283,7,2295,18,5,0,0,0,647
177,2,2013,23,4,0,1,0,422
190,4,1831,5,3,0,0,0,399
261,7,120,12,4,0,0,0,425
348,4,2240,14,0,0,0,0,307
141,3,1512,3,3,0,0,0,210
261,5,3079,18,4,0,2,0,504
311,0,3130,20,5,0,1,0,602
127,5,1898,14,3,1,0,0,628
170,9,1283,1,4,0,3,0,245
164,4,273,15,5,0,0,0,548
237,2,623,2,1,1,0,0,526
104,9,1993,16,1,0,0,0,410
117,6,3025,20,0,0,0,0,702
347,9,724,17,6,0,0,0,801
207,9,1007,13,6,0,1,0,500
129,4,1715,6,5,0,1,0,446
140,7,720,17,2,0,1,0,594
81,3,3091,1,6,0,1,0,470
226,0,1607,23,4,0,4,0,280
180,8,1904,19,0,0,0,1,1082
17,2,702,9,5,0,4,0,691
320,7,985,21,0,0,0,0,561
346,7,2163,6,5,0,1,0,277
124,0,578,20,0,0,1,0,623
269,8,2449,6,5,0,0,0,467
84,4,2430,9,2,0,1,0,510
46,6,2103,20,6,0,4,0,773
356,0,788,15,1,0,0,0,497
308,4,1974,8,2,0,0,0,563
36,2,107,11,3,0,1,0,300
292,8,2550,0,0,0,3,0,233
351,5,1959,9,3,0,1,0,470
66,0,1543,6,5,0,0,0,458
160,8,1645,5,1,0,2,0,366
214,5,709,19,6,0,0,0,644
150,4,390,5,5,0,1,0,246
125,5,248,8,1,0,1,0,601
285,4,1510,5,0,1,0,0,405
166,1,2703,7,0,0,0,0,593
121,6,10,15,4,0,0,0,421
40,2,3086,15,0,1,1,0,673
284,1,2811,15,6,1,0,0,739
231,6,2983,13,2,0,1,0,421
284,7,426,3,6,0,0,0,514
334,8,1231,12,0,0,0,0,413
115,2,1040,12,5,0,1,0,608
234,3,1581,6,5,0,0,0,475
55,0,2150,2,1,0,0,0,203
199,7,2265,5,5,0,0,0,483
234,4,3092,14,5,0,3,0,403
140,8,1876,11,2,0,1,0,432
32,0,2819,8,6,0,1,0,462
235,2,2640,9,6,0,0,0,638
8,9,2936,14,3,0,1,0,303
341,5,1245,22,0,0,0,0,247
185,5,2079,13,5,0,0,0,357
317,9,468,14,4,0,1,1,666
194,8,646,9,0,0,0,0,644
189,1,450,17,2,0,4,0,513
162,1,2825,5,3,0,0,0,377
69,9,1170,10,1,0,4,1,896
95,7,74,8,6,0,0,1,1013
192,3,2339,19,5,1,2,0,905
242,4,623,8,6,0,0,0,629
133,5,2546,19,2,0,0,0,746
203,1,2452,6,2,0,1,0,341
356,1,2530,0,1,0,0,0,419
228,8,2546,12,6,0,3,0,310
219,4,3035,5,4,0,4,0,329
146,1,469,12,1,0,1,0,417
301,5,2453,3,2,0,0,0,319
305,1,143,1,6,0,1,0,323
4,2,2746,19,6,0,0,0,618
102,1,2863,22,6,0,0,0,456
203,7,1857,23,2,0,1,0,251
111,0,962,22,1,0,4,0,159
262,6,2423,21,5,0,1,0,543
348,8,1414,4,0,0,0,0,377
61,0,2664,0,0,0,0,0,287
70,1,46,23,2,0,1,0,310
322,4,358,2,2,0,0,0,153
293,1,2881,0,1,0,0,0,460
298,2,2944,9,6,0,0,0,753
231,1,27,13,2,0,0,1,717
337,1,2678,0,3,0,0,0,303
137,4,1031,4,6,0,4,0,402
21,7,1216,19,2,0,0,0,780
17,1,512,20,5,0,3,0,659
180,7,254,8,0,0,0,0,622
199,7,932,13,5,0,1,0,553
182,4,2235,9,2,0,0,0,561
1,5,2374,7,3,0,2,0,584
165,1,1507,21,6,0,4,1,1057
83,7,559,14,1,0,1,0,312
333,6,1891,2,6,0,1,1,662
127,2,1386,4,3,0,4,0,309
352,5,2042,0,4,0,1,0,258
169,5,3087,18,3,0,1,0,549
199,6,2817,2,5,0,0,0,426
208,0,1114,17,0,0,2,0,472
222,9,44,15,0,0,0,0,371
273,4,693,7,2,0,1,0,717
111,1,1667,3,1,0,1,0,199
237,6,1805,18,1,0,3,0,544
112,7,2385,0,2,0,1,0,293
324,8,417,14,4,0,4,0,342
46,8,21,6,6,0,0,0,572
236,6,1034,14,0,0,3,0,372
236,7,1920,5,0,0,2,0,242
113,6,1084,12,3,0,4,0,391
10,8,1733,6,5,0,0,0,492
185,8,2066,2,5,0,1,0,439
253,1,497,19,3,0,0,0,707
340,0,1309,17,6,0,0,0,735
65,5,1446,11,4,0,0,0,279
163,3,2003,7,4,0,0,0,605
170,4,769,8,4,0,0,0,589
262,9,660,5,5,0,0,0,473
267,3,2002,21,3,0,2,0,606
252,5,1369,23,2,0,3,0,221
129,7,2311,10,5,0,0,0,631
305,3,1644,20,6,0,3,0,839
283,5,1357,12,5,0,0,0,546
308,3,625,8,2,0,1,0,478
283,6,1260,1,5,0,0,0,301
94,7,2224,23,5,0,0,0,490
360,9,2631,12,5,0,1,0,353
0,6,1026,16,2,0,0,0,453
245,9,3154,23,2,0,0,0,307
198,8,805,15,4,0,0,0,345
72,9,422,14,4,0,1,0,316
59,6,2438,6,5,0,1,1,891
249,6,383,12,6,0,4,0,500
263,8,420,7,6,0,0,0,706
179,2,2908,23,6,0,1,0,488
347,2,1041,20,6,0,0,0,667
64,5,2949,6,3,0,1,0,314
24,1,82,8,5,1,0,1,1170
44,4,1348,14,4,0,0,0,442
153,9,39,21,1,0,0,0,669
324,0,2066,4,4,0,4,0,184
45,5,3003,13,5,0,0,0,586
26,7,2719,11,0,0,3,0,266
37,1,980,21,4,0,1,1,1014
286,7,532,0,1,0,1,0,218
141,1,1716,7,3,1,0,0,809
124,0,2400,8,0,1,0,0,775
253,3,788,19,3,1,4,0,663
55,0,129,1,1,0,4,0,217
63,0,206,11,2,0,4,0,325
0,0,1430,12,2,0,1,0,579
22,3,2072,11,3,0,0,0,320
97,0,2388,9,1,0,0,0,479
263,2,3101,22,6,0,4,1,645
237,6,1664,13,1,0,1,1,705
193,6,1,20,6,1,0,0,1027
71,8,797,7,3,1,0,0,867
312,1,705,14,6,0,1,0,424
98,3,2708,7,2,0,0,1,823
87,5,1330,23,5,0,4,0,282
69,9,1675,2,1,0,0,1,714
302,6,2217,13,3,0,0,0,424
267,5,1943,15,3,1,3,0,759
177,0,2536,7,4,0,1,0,538
309,8,2524,21,3,0,3,0,592
74,3,2613,22,6,1,0,0,828
102,0,2890,0,6,0,0,0,384
15,9,3102,0,3,0,0,0,426
281,1,533,13,3,0,0,1,797
230,8,865,20,1,0,0,0,479
4,3,122,3,6,0,4,0,437
269,6,1881,16,5,0,1,0,541
154,5,2119,2,2,0,0,0,280
136,4,866,1,5,0,4,0,262
162,2,2560,10,3,0,0,1,825
304,8,2768,13,5,0,0,0,542
215,9,585,7,0,0,0,0,602
286,8,1524,9,1,0,0,0,670
355,6,131,8,0,0,0,0,576
145,9,1658,20,0,0,0,0,680
207,8,2017,1,6,0,0,0,401
108,1,387,1,5,0,0,0,218
9,0,2603,22,4,0,0,0,133
78,6,1652,19,3,0,0,0,460
109,8,805,0,6,0,0,0,395
134,8,185,18,3,1,4,0,764
178,6,3139,13,5,0,4,0,435
244,3,54,5,1,0,0,0,218
189,5,3074,4,2,0,1,0,279
235,2,1098,16,6,0,3,0,438
28,0,2122,11,2,0,0,1,777
231,6,2743,1,2,0,2,0,199
38,6,801,22,5,0,1,0,469
163,6,1784,23,4,0,0,0,419
40,5,2847,9,0,0,3,0,505
170,9,2323,8,4,0,0,0,726
154,1,3083,5,2,0,0,0,278
3,7,2966,15,5,0,0,0,538
360,5,3163,22,5,0,0,0,510
324,4,2923,5,4,0,4,0,280
45,8,2329,16,5,0,1,0,498
99,9,1077,4,3,0,1,0,388
310,6,2344,16,4,1,1,1,874
109,2,3014,10,6,0,0,0,703
203,8,2990,9,2,0,0,1,895
68,0,679,14,0,0,0,0,331
141,2,51,8,3,0,0,0,557
185,7,3153,14,5,0,0,0,537
230,6,2642,3,1,0,4,0,287
354,7,2072,12,6,0,0,0,623
231,2,3062,12,2,0,1,0,338
277,2,1361,0,6,0,0,0,438
99,7,2588,13,3,0,0,0,386
153,6,2367,4,1,0,1,0,219
171,0,3081,23,5,0,4,0,476
323,8,2110,2,3,0,2,0,260
22,6,2552,4,3,0,0,0,274
317,6,2531,7,4,0,0,0,503
294,9,264,7,2,0,4,0,498
244,0,2887,5,1,0,0,0,250
201,0,937,4,0,0,4,0,121
250,1,2143,6,0,0,1,0,281
103,5,1729,1,0,0,2,0,461
122,0,1535,0,5,0,1,1,744
63,5,778,2,2,1,0,0,518
79,3,2964,13,4,0,2,0,339
62,7,1649,20,1,0,0,0,525
244,3,1310,17,1,0,0,0,667
63,6,325,9,2,0,1,0,484
193,5,2921,9,6,0,4,0,373
201,7,163,3,0,0,0,0,416
69,7,1811,17,1,0,0,0,565
262,2,200,6,5,0,1,0,367
356,1,62,11,1,0,1,0,323
151,6,1238,6,6,0,0,0,411
357,3,2853,18,2,0,1,0,657
357,9,3054,20,2,0,1,0,571
109,8,2192,17,6,1,3,0,926
0,7,1321,19,2,0,0,0,566
39,4,44,7,6,0,0,0,679
243,5,402,5,0,0,0,0,371
95,1,3013,2,6,0,4,0,379
26,9,76,7,0,0,3,0,502
181,7,2657,20,1,0,1,0,505
271,7,275,0,0,0,0,0,295
292,4,839,13,0,0,0,0,393
25,6,2719,14,6,0,3,1,705
252,7,1485,11,2,0,4,0,274
130,7,411,6,6,0,0,0,414
183,1,1688,19,3,0,1,0,610
239,2,1385,14,3,1,3,0,611
26,8,1332,19,0,0,1,0,731
316,5,1066,12,3,0,0,0,516
150,1,2934,19,5,0,1,0,710
184,0,1795,7,4,0,1,0,534
355,1,1564,0,0,0,4,1,615
88,6,2925,4,6,0,0,0,331
262,5,1568,5,5,0,1,0,538
147,5,2475,13,2,0,4,0,383
117,5,2616,15,0,0,2,0,449
224,2,264,4,2,1,0,0,466
84,1,3166,11,2,0,4,0,345
129,8,898,21,5,0,0,0,700
160,1,1651,10,1,0,1,0,567
294,0,3103,20,2,0,4,0,641
189,3,754,13,2,0,3,0,420
203,3,32,6,2,0,0,0,380
281,1,1398,2,3,0,0,0,256
205,1,2145,10,4,0,0,0,489
255,6,877,6,5,0,4,0,399
85,8,2098,17,3,0,0,1,878
233,3,35,11,4,1,3,0,577
173,3,2533,10,0,0,2,0,677
130,4,758,7,6,0,0,0,538
278,3,1933,21,0,0,1,0,676
176,5,132,22,3,0,0,0,304
45,6,595,13,5,0,0,0,546
274,4,1896,22,3,0,4,1,561
217,3,186,5,2,0,0,0,391
154,2,1363,13,2,0,0,0,486
228,5,2470,20,6,1,3,0,963
119,1,1177,9,2,0,1,0,494
5,7,3061,2,0,0,0,0,376
166,1,1833,2,0,0,0,0,216
303,5,249,15,4,0,0,1,657
210,9,2900,3,2,0,0,0,267
319,9,2201,19,6,0,0,0,778
220,9,1378,6,5,0,0,0,361
177,5,976,8,4,0,4,0,563
289,7,1987,17,4,0,0,0,616
352,2,3005,1,4,0,0,0,385
103,5,103,14,0,0,0,0,393
145,1,1573,11,0,0,3,0,361
352,4,2071,10,4,1,0,0,771
360,3,552,1,5,0,0,0,342
128,5,2287,9,4,0,3,0,594
350,4,2721,7,2,0,2,0,581
220,1,85,13,5,0,0,0,540
361,7,844,11,6,0,0,0,484
24,0,2651,17,5,0,0,0,839
177,7,2250,22,4,0,1,0,237
352,3,2194,10,4,0,0,0,680
36,3,477,11,3,0,0,1,683
184,3,1798,9,4,1,3,0,887
96,2,763,12,0,1,2,0,715
56,6,771,1,2,0,0,0,295
143,6,1812,8,5,0,1,0,779
346,1,2740,22,5,0,0,0,360
139,9,1530,12,1,0,1,0,401
179,2,1907,6,6,0,3,0,400
333,7,2136,15,6,1,0,0,676
189,7,644,4,2,0,3,0,277
290,9,797,17,5,0,2,0,749
171,6,2758,12,5,0,4,0,493
44,5,1623,6,4,0,1,0,326
49,4,1082,0,2,0,0,0,395
36,1,2979,17,3,0,1,0,566
66,3,47,8,5,1,0,0,967
92,9,1285,18,3,0,0,0,613
54,2,1934,15,0,0,1,1,715
333,0,2801,9,6,0,4,0,575
288,0,1101,19,3,0,4,0,582
314,4,2749,8,1,0,1,0,550
360,5,3026,9,5,0,1,0,627
230,2,1892,4,1,1,0,0,703
210,5,3024,21,2,0,1,0,632
57,6,587,18,3,0,0,0,690
290,0,1999,22,5,0,0,0,450
45,0,1002,5,5,0,0,0,314
237,1,2260,12,1,0,0,0,311
357,7,883,18,2,0,1,0,627
267,7,858,0,3,0,0,0,323
331,8,821,2,4,0,0,0,308
40,8,1268,23,0,0,3,0,278
286,2,2410,20,1,0,0,0,602
268,1,2559,5,4,0,1,0,295
163,7,225,15,4,0,0,1,689
94,5,1342,5,5,0,0,0,435
129,4,2277,1,5,0,1,0,340
230,5,2993,15,1,0,0,0,392
162,4,2085,21,3,0,1,0,644
19,0,1750,13,0,0,0,0,451
198,2,1661,14,4,0,4,0,282
307,5,818,3,1,0,4,0,196
204,7,1863,9,3,0,0,1,956
68,1,3145,10,0,0,0,0,514
221,0,68,16,6,0,1,0,513
334,8,970,7,0,1,0,0,821
138,7,192,11,0,0,0,0,420
310,2,2171,9,4,0,2,0,583
153,2,717,13,1,0,0,0,435
243,4,3121,0,0,1,0,0,565
332,8,1341,11,5,0,0,0,575
150,5,143,6,5,0,0,0,340
305,9,374,20,6,0,0,0,685
208,5,1586,13,0,1,4,0,527
266,7,2970,3,2,0,1,0,362
49,0,2239,23,2,0,0,0,433
11,3,2621,4,6,0,1,0,340
215,2,942,17,0,0,4,0,540
21,6,141,0,2,0,4,0,227
73,2,789,9,5,1,4,0,856
106,5,2995,22,3,0,0,0,340
330,3,1251,7,3,0,1,1,852
251,9,1491,21,1,0,1,0,550
118,8,649,9,1,0,1,0,597
282,9,1703,12,4,0,0,0,457
16,4,2939,10,4,0,0,0,653
257,6,1859,5,0,0,0,0,290
199,6,1768,14,5,0,2,0,590
124,0,641,5,0,0,0,0,271
261,7,2077,8,4,0,0,0,431
242,1,451,13,6,0,3,0,465
160,6,2153,20,1,0,1,0,644
141,6,1826,11,3,0,1,0,371
344,0,1478,0,3,0,0,0,334
336,3,1923,19,2,0,0,0,625
264,6,1987,14,0,0,3,0,284
36,5,1398,4,3,0,1,0,376
109,6,1506,5,6,0,0,0,495
337,3,2675,2,3,0,0,0,295
318,5,2176,12,5,0,4,0,458
289,5,101,3,4,0,2,0,304
111,6,2597,18,1,0,0,0,576
265,7,1825,6,1,0,2,0,257
220,7,1153,17,5,0,1,0,599
292,7,169,3,0,0,0,0,345
357,3,1368,8,2,1,4,0,796
295,6,14,12,3,0,0,0,354
176,1,704,23,3,0,0,0,305
99,5,441,9,3,0,1,0,562
346,4,2046,16,5,0,1,0,417
81,3,3028,1,6,0,4,0,372
136,0,2496,6,5,0,0,0,466
177,6,2555,0,4,0,1,0,260
115,3,1049,23,5,0,1,0,444
168,3,1903,16,2,0,0,0,370
45,0,2856,13,5,1,1,1,1076
158,3,1973,23,6,0,2,0,471
225,2,677,17,3,0,1,0,579
235,1,635,15,6,0,4,0,468
290,4,1544,11,5,1,2,0,812
203,7,307,10,2,0,4,0,352
262,8,1923,11,5,0,0,0,456
85,7,969,9,3,0,0,0,545
355,0,1511,12,0,0,3,0,302
195,6,1915,21,1,1,0,0,828
312,8,2110,0,6,0,2,0,431
352,3,1682,13,4,0,1,0,514
58,7,1975,13,4,0,0,0,433
186,9,2875,18,6,0,0,0,699
254,6,2828,6,4,0,4,0,184
199,1,2180,14,5,0,0,0,547
27,8,1379,16,1,0,0,0,398
37,5,961,2,4,0,0,0,281
264,7,109,2,0,0,1,0,250
258,8,1818,3,1,0,0,0,414
12,7,2384,21,0,0,0,0,614
306,8,1718,17,0,0,0,0,596
101,4,1654,22,5,0,0,0,385
359,9,854,6,4,0,1,0,240
237,9,616,16,1,0,0,0,425
234,6,1351,7,5,0,0,0,659
330,8,2311,7,3,0,4,1,867
329,2,712,12,2,0,4,0,408
27,1,423,9,1,0,4,0,495
213,2,749,1,5,0,1,0,455
339,9,1471,9,5,0,2,0,746
331,1,1505,17,4,1,4,0,758
82,9,308,14,0,0,1,0,293
285,6,1427,17,0,0,0,0,571
142,6,2805,12,4,0,0,0,433
297,6,342,2,5,0,0,1,729
263,3,3021,7,6,0,4,0,779
221,6,2996,18,6,0,0,0,723
140,0,719,16,2,0,0,0,401
340,1,568,23,6,0,0,1,882
141,8,2416,21,3,0,0,0,597
349,8,2944,20,1,0,0,0,623
281,9,295,3,3,0,3,0,318
161,8,1781,17,2,1,0,0,731
24,7,887,21,5,1,0,0,864
65,0,189,17,4,0,0,0,532
120,9,2776,22,3,0,0,0,367
207,1,1277,8,6,0,4,0,581
350,7,1493,14,2,0,4,0,250
139,1,1732,0,1,0,1,0,296
306,6,1418,18,0,0,0,0,561
117,5,2403,13,0,0,2,0,312
84,9,1972,2,2,0,0,0,269
342,1,990,11,1,0,0,0,260
94,1,2201,16,5,0,1,0,591
132,3,2295,21,1,0,0,0,472
171,4,785,19,5,0,0,0,714
172,1,1168,14,6,0,1,0,561
106,3,1433,5,3,0,4,0,230
363,5,343,2,1,0,0,1,710
51,8,1201,13,4,0,0,0,476
80,0,2059,8,5,0,0,0,591
274,1,1202,1,3,1,1,0,544
233,1,736,20,4,0,0,0,649
15,3,1963,20,3,0,1,0,604
244,9,2650,20,1,0,1,0,631
27,6,2899,18,1,0,0,0,563
285,3,2340,20,0,0,0,0,545
328,5,955,3,1,0,0,1,588
49,2,1592,4,2,0,0,0,187
258,0,3000,10,1,0,1,0,544
323,0,1983,11,3,0,0,0,525
269,1,222,13,5,0,0,0,384
118,2,1839,15,1,0,0,0,443
23,4,866,7,4,0,0,0,673
51,6,324,20,4,0,4,0,561
273,9,2167,13,2,0,0,0,437
261,4,2737,19,4,0,0,0,661
309,5,993,4,3,0,1,1,550
150,4,596,15,5,0,1,0,689
331,2,2369,3,4,0,4,0,224
107,2,83,12,4,0,1,0,446
139,1,1912,11,1,1,0,0,808
34,1,2610,0,1,0,0,0,408
45,5,1478,15,5,0,4,0,317
334,0,953,14,0,0,1,0,357
207,4,1226,3,6,0,0,0,392
46,1,2208,22,6,0,0,0,415
283,4,1714,15,5,0,0,0,513
306,9,1551,22,0,0,4,0,317
54,1,1756,16,0,1,1,0,517
65,3,2432,20,4,0,0,1,1004
68,7,813,11,0,0,3,0,322
227,5,2346,23,5,0,0,0,339
96,8,723,1,0,0,0,0,335
120,2,251,9,3,0,0,0,582
114,2,2139,16,4,0,4,0,280
333,0,2678,18,6,0,3,0,771
167,9,1555,14,1,0,4,0,359
336,6,898,11,2,0,3,0,436
153,5,2509,14,1,0,0,0,503
155,7,755,22,3,0,1,1,568
138,3,2867,0,0,1,0,0,581
301,4,2068,9,2,0,2,1,1005
359,0,1083,7,4,0,4,0,494
206,3,2236,10,5,0,0,0,665
23,8,2978,11,4,0,0,0,347
268,9,840,21,4,0,0,0,654
19,6,952,14,0,0,0,0,382
109,2,1369,13,6,1,4,1,1142
92,8,2821,1,3,0,4,0,233
331,0,1700,0,4,0,0,0,287
261,9,1843,10,4,0,0,0,615
45,0,2597,19,5,0,0,0,656
312,5,279,3,6,0,0,0,490
19,4,2701,0,0,0,0,0,225
206,3,1840,14,5,0,1,0,507
286,6,1160,10,1,0,0,0,591
0,9,2822,7,2,0,4,0,344
3,7,1998,17,5,0,0,0,718
18,7,2675,4,6,0,1,1,781
320,3,2730,2,0,0,0,0,284
317,2,1239,0,4,0,1,0,186
357,1,2583,3,2,0,0,0,277
120,1,3059,6,3,0,4,0,382
216,3,2698,22,1,0,1,0,385
275,8,1278,15,4,0,0,0,416
134,4,2108,1,3,0,1,1,733
67,1,2893,5,6,0,0,0,324
88,8,1905,23,6,0,0,1,782
286,0,960,21,1,0,0,0,564
282,9,2128,2,4,0,1,0,255
221,2,2543,16,6,0,0,0,483
158,8,2682,6,6,0,1,0,392
149,4,2488,17,4,0,0,0,574
101,7,34,2,5,0,0,0,296
18,8,2663,15,6,0,0,0,477
71,0,2272,17,3,0,0,0,582
236,4,1236,10,0,0,4,0,554
286,8,2521,5,1,0,4,1,660
139,5,38,11,1,0,1,0,504
6,2,1005,15,1,0,0,0,458
204,9,2636,10,3,0,4,0,567
260,4,536,5,3,0,0,0,259
72,7,1425,20,4,0,0,0,671
341,2,2596,8,0,1,0,0,692
301,6,2162,6,2,0,1,0,237
298,2,2625,4,6,0,3,0,439
334,7,791,20,0,0,0,0,594
124,1,5,8,0,0,0,0,679
234,0,948,11,5,0,4,0,396
278,7,338,3,0,0,4,0,298
171,2,2074,0,5,0,0,0,418
86,4,1395,9,4,0,0,0,556
289,8,518,18,4,0,0,0,595
5,1,1413,18,0,0,1,0,636
331,5,1600,8,4,0,0,0,579
294,7,1123,11,2,0,1,0,483
158,9,1714,3,6,0,0,0,386
330,2,267,19,3,0,3,0,528
93,4,18,12,4,0,2,0,654
51,6,687,0,4,0,1,0,395
159,8,2826,19,0,0,3,0,458
93,7,2240,21,4,0,1,0,617
279,9,89,20,1,0,0,0,725
127,6,1940,7,3,1,0,0,874
344,3,2632,5,3,0,0,0,314
46,2,2428,3,6,0,3,0,320
62,5,1343,3,1,0,0,0,281
101,1,68,1,5,0,0,0,406
183,6,64,23,3,0,0,0,245
164,9,1000,20,5,0,0,0,684
312,7,173,23,6,0,0,0,423
306,6,2836,4,0,0,1,0,332
173,3,479,23,0,0,1,0,312
303,6,1385,11,4,1,4,1,810
91,0,1989,2,2,1,4,0,551
131,6,220,20,0,1,0,1,1241
338,5,2643,11,4,0,0,0,465
49,5,3088,16,2,0,3,0,417
36,1,1886,23,3,1,0,1,957
213,6,2165,19,5,0,3,0,640
84,4,2102,12,2,0,4,0,450
56,7,556,7,2,0,4,0,510
0,0,512,12,2,0,0,0,430
80,2,2911,22,5,0,4,0,359
246,6,1348,10,3,0,0,0,686
190,6,2744,15,3,1,1,0,644
147,9,401,3,2,0,0,0,300
71,2,54,12,3,0,0,1,755
260,0,818,2,3,0,4,0,237
241,2,862,1,5,0,0,0,338
17,6,2511,2,5,0,0,0,460
151,8,2442,14,6,0,1,0,469
108,6,1748,4,5,1,1,0,747
249,9,1862,12,6,1,0,1,1200
42,1,112,6,2,0,0,0,309
122,8,2564,21,5,0,0,0,718
124,2,2326,13,0,0,4,0,238
82,4,1709,4,0,0,0,0,263
154,0,1337,4,2,1,4,0,500
249,6,337,13,6,1,1,0,756
227,9,2879,17,5,1,0,0,1110
362,3,1349,7,0,0,0,0,539
301,6,216,15,2,0,1,0,288
260,1,255,17,3,0,0,0,684
18,3,1805,17,6,0,0,0,759
176,7,1389,17,3,0,0,0,487
157,9,1674,12,5,0,3,0,531
110,8,2756,6,0,0,0,0,404
64,4,949,1,3,0,0,0,294
165,0,2450,0,6,0,4,0,247
323,8,1018,19,3,0,0,0,393
82,4,2684,9,0,0,0,0,710
130,1,1078,16,6,0,0,0,405
95,0,494,16,6,0,1,0,504
116,1,2088,12,6,0,0,0,674
69,5,399,19,1,0,0,0,584
282,0,1172,14,4,1,0,0,693
312,8,1123,19,6,0,0,0,672
90,9,2154,7,1,0,0,1,965
330,0,2280,6,3,0,4,0,201
268,9,606,3,4,0,0,0,268
67,4,2326,21,6,0,1,0,640
51,9,2647,7,4,0,0,0,520
85,3,2186,3,3,0,0,0,199
234,1,2444,16,5,0,1,1,850
12,7,2584,3,0,0,0,0,266
172,8,1006,10,6,0,4,0,497
82,7,2651,4,0,1,0,0,488
359,1,500,2,4,0,3,0,193
315,8,805,4,2,0,3,0,382
119,4,2469,12,2,0,0,0,406
107,0,499,14,4,1,0,0,565
187,6,2781,0,0,0,0,0,311
95,1,2136,7,6,0,0,0,672
188,7,2895,9,1,0,0,0,673
292,1,2278,9,0,0,0,0,616
248,4,591,23,5,0,0,0,305
58,2,3073,18,4,0,0,0,511
321,8,3029,22,1,0,0,0,232
360,2,3009,13,5,0,0,0,528
240,4,841,4,4,0,0,0,434
83,5,1624,10,1,0,3,1,937
268,0,368,23,4,0,1,0,342
164,1,3133,3,5,0,0,0,503
282,7,695,15,4,0,0,0,455
222,7,874,23,0,0,3,0,89
138,7,1244,0,0,0,0,0,375
44,9,1287,8,4,1,1,0,775
219,3,2286,4,4,0,0,0,146
79,3,2335,11,4,0,0,0,396
298,8,3050,21,6,0,1,0,667
162,2,1591,22,3,0,1,0,307
133,2,2471,5,2,0,0,0,278
191,6,1687,23,4,0,0,0,210
204,8,1305,0,3,0,0,0,368
145,9,1884,1,0,0,4,0,316
45,2,1431,9,5,0,3,0,664
292,4,762,4,0,0,1,0,234
255,9,997,12,5,0,0,0,419
126,0,2388,6,2,0,0,0,402
136,5,2523,19,5,0,2,0,735
279,8,601,20,1,1,0,0,878
347,8,2904,13,6,0,0,0,501
98,3,650,9,2,0,0,0,572
13,5,101,3,1,0,0,0,277
342,4,2138,20,1,0,0,0,548
317,1,581,15,4,0,0,0,357
310,6,872,8,4,0,1,0,616
166,6,3107,17,0,0,0,0,611
189,0,439,8,2,1,1,1,1324
313,7,372,4,0,0,0,0,293
143,6,2770,3,5,0,4,0,316
176,9,692,3,3,0,0,0,276
293,4,2797,20,1,0,0,0,566
334,5,804,13,0,0,0,0,514
255,9,1477,8,5,1,3,0,711
56,0,725,7,2,0,0,0,517
161,8,1184,2,2,0,1,1,708
100,3,1938,11,4,0,4,0,345
347,9,1873,9,6,0,4,1,1036
17,4,2931,16,5,0,3,0,550
337,5,1570,5,3,0,4,0,468
337,6,973,4,3,0,0,1,622
5,6,231,22,0,0,0,0,261
177,5,2098,5,4,0,1,0,368
243,2,1751,5,0,0,0,1,628
315,9,2359,11,2,0,1,0,437
302,2,3168,22,3,0,0,0,263
317,6,592,15,4,0,4,0,508
76,9,1639,9,1,0,0,0,559
287,2,1480,23,2,0,1,0,492
134,5,75,14,3,0,0,0,425
13,6,2745,21,1,0,4,0,476
137,2,2893,7,6,0,0,0,666
96,9,1220,7,0,0,2,0,405
80,4,1303,17,5,0,0,0,709
317,0,370,3,4,0,1,0,367
318,1,2042,5,5,0,0,0,366
107,3,2890,17,4,0,0,0,618
72,1,2285,5,4,0,3,0,229
255,2,2785,11,5,0,0,0,497
230,0,2135,15,1,0,0,0,519
237,9,397,15,1,0,3,0,323
280,4,1273,1,2,0,3,0,347
13,4,2616,18,1,0,2,0,644
5,7,2784,5,0,0,0,0,346
270,6,1195,16,6,0,0,0,558
30,7,2041,5,4,0,1,0,301
108,9,382,3,5,0,0,0,541
357,9,918,15,2,0,0,0,320
243,6,2560,13,0,0,0,0,428
163,2,1452,4,4,0,0,0,207
281,2,287,5,3,0,0,0,411
11,1,1890,17,6,0,0,0,658
352,3,1853,15,4,0,1,0,464
340,6,1562,9,6,0,1,0,692
105,4,1867,11,2,0,0,0,424
282,2,1363,9,4,0,0,0,605
236,4,3151,0,0,0,3,0,319
317,4,1526,2,4,0,1,0,358
245,9,1063,8,2,0,0,0,578
359,3,1029,5,4,0,0,0,313
250,1,643,10,0,0,0,0,502
286,3,2284,2,1,0,4,0,378
242,5,2781,16,6,0,1,0,570
143,9,306,8,5,0,0,0,735
87,8,531,17,5,0,0,0,733
70,4,599,1,2,0,2,0,204
228,8,1135,19,6,1,1,1,1298
202,2,2646,0,1,1,0,0,536
243,2,1211,3,0,0,0,0,207
164,4,2449,15,5,0,0,0,520
194,4,249,4,0,0,0,0,306
361,3,880,12,6,1,1,0,757
255,5,1323,10,5,0,0,0,763
240,3,345,22,4,0,0,0,388
73,1,1322,13,5,0,0,1,816
298,4,1336,18,6,0,3,0,691
28,5,1712,17,2,1,0,1,1123
299,5,2866,1,0,0,4,0,317
212,5,2641,12,4,0,0,0,251
266,4,1698,13,2,0,0,0,425
288,7,279,5,3,0,3,0,273
204,8,2814,10,3,0,1,0,502
256,7,2398,1,6,0,1,0,548
236,5,188,18,0,0,0,1,883
353,5,2689,10,5,0,0,0,684
234,9,1167,22,5,0,0,0,574
311,4,1463,10,5,1,3,0,932
340,3,2237,19,6,0,0,0,705
236,0,1850,11,0,0,4,0,393
80,7,3080,0,5,0,1,0,439
338,1,1677,0,4,0,4,0,288
172,6,344,3,6,0,4,0,382
146,1,1592,15,1,0,0,0,405
206,2,2301,4,5,0,0,0,346
265,8,1273,12,1,0,1,0,453
185,5,823,20,5,0,0,0,658
302,8,861,2,3,0,1,0,227
88,5,1188,2,6,0,0,0,369
13,5,1127,9,1,1,0,0,857
226,4,3143,4,4,0,0,0,372
261,8,1103,2,4,0,1,0,317
67,7,1270,22,6,0,0,0,420
223,7,2832,11,1,0,3,0,456
35,2,3015,23,2,0,2,0,253
107,7,1683,0,4,0,4,1,622
353,0,926,18,5,0,1,0,761
159,6,2927,4,0,0,0,0,207
305,1,1860,21,6,0,0,0,737
163,8,471,9,4,0,1,0,526
199,2,1208,19,5,0,0,0,742
171,1,1138,9,5,0,1,1,1054
184,1,1324,2,4,0,0,0,291
183,7,960,11,3,0,0,1,776
178,3,2515,18,5,0,1,0,712
0,2,499,19,2,0,4,0,575
48,1,2095,16,1,0,4,0,354
289,8,1825,3,4,0,0,1,647
98,4,516,17,2,0,0,0,662
244,5,3004,2,1,1,0,0,668
270,0,2014,22,6,0,1,0,367
327,3,537,4,0,0,0,0,286
280,0,2301,7,2,0,4,1,949
171,1,679,14,5,0,1,0,484
345,6,2993,19,4,0,0,0,770
17,6,2947,6,5,0,1,0,491
219,8,2569,23,4,0,2,0,434
81,3,3142,21,6,0,1,0,702
23,4,272,15,4,0,4,0,337
193,9,75,12,6,0,0,0,438
311,4,1947,4,5,0,0,1,827
281,1,2692,8,3,1,2,0,835
261,2,2005,1,4,0,0,0,303
362,5,2219,20,0,0,1,0,524
351,8,839,12,3,0,4,0,360
97,5,2476,2,1,0,1,0,316
31,3,1529,22,5,0,2,0,375
160,4,1757,9,1,0,3,0,628
15,1,1229,4,3,0,4,0,263
10,6,2294,22,5,0,0,0,575
204,0,840,2,3,0,1,0,310
288,4,2053,10,3,0,0,0,564
313,8,1742,14,0,0,1,0,374
207,5,49,6,6,0,0,1,797
349,3,2918,7,1,0,0,0,537
68,8,2386,21,0,1,1,0,809
228,9,2156,22,6,0,1,0,542
96,9,2129,22,0,0,0,1,709
299,0,3107,19,0,0,3,0,576
274,3,320,6,3,0,0,0,259
177,5,219,16,4,0,1,0,428
335,4,2024,11,1,0,0,0,463
74,0,2055,19,6,0,0,0,666
11,7,658,22,6,0,1,0,570
337,3,2586,11,3,0,0,0,398
320,9,1030,9,0,0,0,0,548
182,7,2594,21,2,0,0,1,892
325,0,2264,20,5,0,1,0,682
257,9,1475,4,0,0,0,0,246
315,2,300,2,2,0,4,0,137
198,2,2181,20,4,0,0,0,571
154,1,902,7,2,1,0,0,808
308,7,1378,21,2,1,2,0,803
226,1,259,1,4,0,0,0,298
99,1,2387,3,3,0,2,0,372
52,2,1063,8,5,0,3,0,653
31,8,1595,9,5,0,0,1,995
61,8,3111,1,0,0,4,0,168
317,8,1094,5,4,0,1,0,324
0,7,2270,21,2,0,0,0,578
341,1,605,4,0,0,1,0,404
310,8,402,16,4,0,2,0,354
167,7,1466,9,1,0,3,0,522
72,0,7,18,4,1,0,0,754
312,5,3051,19,6,0,0,0,664
288,2,398,6,3,0,0,0,295
152,4,1106,1,0,0,3,1,558
356,7,814,11,1,0,0,0,365
155,5,180,18,3,0,1,0,554
190,7,480,22,3,0,1,0,355
361,0,237,18,6,0,1,0,641
339,2,1130,15,5,0,4,0,506
121,4,484,8,4,0,0,0,413
29,8,2717,18,3,1,4,0,677
78,9,1773,5,3,0,0,0,373
187,0,2527,19,0,1,4,0,805
83,4,1080,18,1,0,1,0,595
64,4,2549,23,3,1,0,0,460
150,9,1804,3,5,0,0,0,425
172,7,303,23,6,0,4,1,678
241,6,667,21,5,0,3,0,768
178,2,2901,20,5,0,0,0,796
199,1,2864,5,5,0,0,0,377
252,1,1759,3,2,0,4,0,168
80,7,60,12,5,0,0,0,540
51,4,2908,21,4,0,0,0,579
256,4,1408,21,6,0,1,0,606
119,3,2978,18,2,0,0,0,526
112,4,2427,16,2,0,3,0,280
8,4,506,5,3,0,0,0,261
149,1,3018,16,4,0,4,0,401
331,7,1556,6,4,0,0,0,383
146,8,1671,9,1,0,0,0,401
270,1,2846,14,6,0,1,0,540
145,6,2089,17,0,1,4,0,842
286,7,258,0,1,0,0,0,317
260,2,1982,9,3,0,0,0,619
166,1,2882,14,0,0,1,0,452
294,9,2377,23,2,0,0,0,182
57,4,341,3,3,0,0,0,351
129,2,1319,12,5,0,2,0,556
21,7,2632,3,2,0,0,1,615
336,1,2073,10,2,0,4,1,868
278,5,2150,4,0,0,4,0,278
17,0,2997,21,5,0,0,0,777
78,2,2901,23,3,1,0,1,1016
277,7,2539,18,6,0,0,0,646
95,7,2021,9,6,0,4,1,926
217,8,2702,15,2,0,4,0,399
46,2,2669,14,6,0,3,0,507
28,2,2182,21,2,0,0,1,943
2,8,1828,10,4,0,0,0,635
264,4,2083,13,0,0,0,0,474
123,1,2137,15,6,0,0,1,895
46,2,1550,2,6,0,0,0,493
319,4,1692,19,6,0,0,0,788
312,5,1776,17,6,0,4,1,1082
38,8,1427,23,5,0,2,0,388
194,9,1084,2,0,0,0,0,467
166,2,202,1,0,0,4,0,280
330,3,511,0,3,0,1,0,285
189,5,522,8,2,0,4,0,561
119,8,2108,9,2,0,0,1,856
360,5,59,23,5,1,0,0,656
302,8,2609,1,3,1,0,0,566
239,4,2265,17,3,1,0,0,811
184,1,2370,7,4,0,2,0,463
93,2,2873,17,4,0,0,0,680
32,1,2817,2,6,0,2,0,400
140,6,1613,20,2,0,0,0,671
165,7,626,17,6,0,1,0,836
65,9,1955,18,4,0,1,0,667
175,4,2695,20,2,0,0,1,934
195,0,464,13,1,1,1,0,668
178,7,237,12,5,0,4,0,500
34,9,558,18,1,0,1,0,584
263,0,1452,23,6,0,0,0,368
136,1,1057,14,5,0,0,0,511
182,6,1247,11,2,0,0,0,421
282,0,1758,1,4,0,0,0,345
72,9,2459,11,4,0,1,0,597
106,6,3080,8,3,0,3,0,641
180,6,248,13,0,0,4,0,364
112,3,2004,2,2,0,0,0,301
185,2,2874,19,5,0,3,0,675
124,8,907,17,0,1,3,0,776
100,2,2903,2,4,0,1,0,207
200,5,1928,3,6,0,0,0,409
362,5,1810,8,0,0,0,0,462
357,7,2091,17,2,1,1,0,736
215,6,868,19,0,1,4,0,859
42,1,1022,21,2,0,4,0,530
1,7,1075,21,3,0,4,1,928
140,2,638,23,2,0,1,0,259
261,1,2273,13,4,0,0,0,423
112,4,3148,1,2,0,1,0,346
128,4,2844,8,4,0,0,0,571
66,7,2836,21,5,0,1,0,776
284,2,1680,20,6,0,0,0,808
278,6,282,21,0,1,1,0,967
244,0,1568,23,1,0,0,0,417
301,4,2815,22,2,0,0,0,210
195,4,1826,1,1,0,0,1,608
53,8,1173,7,6,0,2,0,771
200,9,406,0,6,1,2,0,692
338,7,1315,14,4,0,0,0,281
163,1,1937,11,4,0,4,0,267
315,2,806,19,2,0,0,0,689
317,8,360,8,4,0,4,0,552
143,2,3,3,5,0,0,1,726
162,9,67,18,3,1,1,0,910
279,9,3065,14,1,0,0,0,392
170,9,1122,15,4,0,1,0,361
357,2,724,14,2,1,4,0,608
95,8,1694,23,6,0,4,0,123
39,7,55,0,6,0,1,0,366
353,2,2376,20,5,0,0,0,718
250,8,1877,20,0,1,2,0,927
300,2,1781,3,1,0,0,0,309
35,8,305,20,2,0,0,0,570
126,2,1755,7,2,1,0,0,830
157,8,1075,13,5,1,1,0,770
336,2,1144,5,2,1,1,0,564
289,6,173,1,4,0,0,0,279
315,7,1338,23,2,0,0,0,323
270,3,1028,0,6,0,3,0,353
109,2,1950,3,6,0,0,0,446
212,3,1196,15,4,0,1,0,433
101,4,833,1,5,0,4,0,401
176,5,2184,12,3,0,0,0,408
168,1,223,2,2,0,1,0,375
50,3,2462,8,3,0,1,0,580
229,4,2355,7,0,0,2,0,666
142,0,1766,8,4,0,2,0,572
144,5,2600,12,6,0,0,0,607
198,1,782,10,4,0,1,0,526
339,9,2419,17,5,0,2,0,713
89,0,2045,19,0,0,4,0,540
310,0,306,7,4,0,0,0,594
73,5,2892,12,5,0,0,0,433
81,4,543,18,6,0,2,0,663
261,5,2535,6,4,0,0,0,246
193,1,17,6,6,0,0,0,408
228,3,1108,19,6,0,2,0,747
59,3,519,1,5,0,1,1,811
245,9,1808,9,2,0,0,0,523
102,8,819,18,6,0,3,0,637
345,8,2300,1,4,0,2,0,343
117,5,3007,10,0,0,0,0,605
227,0,1813,19,5,0,0,0,722
104,4,1495,7,1,0,0,0,700
135,4,1703,22,4,0,4,0,145
143,4,1432,8,5,0,0,0,669
5,1,1999,10,0,0,0,0,666
223,7,2227,11,1,0,1,0,380
171,3,2920,2,5,0,0,0,498
317,1,926,21,4,0,0,0,582
55,5,393,2,1,0,0,0,354
258,7,856,6,1,0,4,0,265
280,1,1649,20,2,0,3,0,474
172,1,400,15,6,0,3,0,484
293,0,1169,1,1,0,4,0,216
265,6,1684,1,1,0,1,0,381
221,7,413,0,6,1,0,0,599
267,9,253,19,3,0,4,0,575
200,9,369,8,6,0,2,0,600
301,3,1949,13,2,0,1,0,397
360,2,2734,14,5,0,3,0,494
9,8,2506,7,4,1,0,0,732
239,9,3038,21,3,0,3,0,546
108,2,2945,0,5,0,0,0,554
347,4,13,18,6,0,0,0,693
176,5,2795,22,3,0,0,1,558
26,6,251,11,0,0,1,0,352
86,7,1294,19,4,1,0,0,870
167,3,1758,11,1,0,0,0,373
108,5,2590,5,5,0,1,0,399
63,0,892,6,2,0,0,1,626
27,1,2085,1,1,0,4,0,284
21,2,2344,19,2,0,3,0,491
104,8,2347,5,1,0,0,1,574
117,8,261,18,0,0,0,0,591
363,5,507,7,1,0,4,0,535
9,5,1591,14,4,1,0,0,511
86,6,2726,4,4,0,0,0,364
39,9,2316,4,6,0,3,1,684
173,2,759,16,0,0,2,0,368
209,3,909,8,1,0,1,0,397
144,2,2690,10,6,1,0,0,945
294,4,2018,1,2,0,0,0,336
223,3,446,20,1,0,1,0,663
328,0,2238,21,1,0,0,0,743
212,7,2314,21,4,0,2,0,484
292,4,497,3,0,0,1,0,300
205,9,2340,18,4,0,0,0,389
142,9,164,10,4,0,3,0,553
46,5,2955,1,6,1,4,0,588
132,8,1081,23,1,0,1,0,395
291,3,2252,22,6,1,0,0,682
305,3,1878,2,6,0,1,0,470
142,6,941,14,4,0,4,0,309
130,5,2054,0,6,0,4,0,332
153,6,289,16,1,0,3,0,298
230,8,247,17,1,0,0,0,590
151,3,0,1,6,0,0,0,556
275,0,996,16,4,1,1,0,775
363,2,985,6,1,0,3,0,240
22,6,2169,6,3,0,0,0,358
111,4,738,12,1,0,0,0,398
250,8,738,4,0,0,0,1,613
3,8,830,17,5,0,2,0,665
122,3,167,14,5,1,0,0,866
333,0,187,13,6,0,1,0,440
165,8,1622,23,6,0,3,1,716
39,3,1075,17,6,1,0,0,982
59,2,374,21,5,0,0,0,623
177,7,1145,7,4,0,0,0,572
201,7,2883,22,0,0,1,0,245
60,7,907,9,6,0,4,0,686
278,1,158,8,0,1,4,0,750
209,6,2006,11,1,0,0,0,374
273,3,2058,2,2,0,3,0,204
160,9,1777,12,1,0,4,1,741
137,8,1995,1,6,0,0,0,339
229,1,366,15,0,0,1,0,408
297,5,1206,7,5,0,1,0,653
21,9,563,2,2,0,1,1,759
228,9,2229,15,6,1,2,0,817
10,0,1911,7,5,1,1,0,1036
45,8,796,12,5,0,4,0,508
337,4,2278,20,3,0,0,0,560
305,8,492,10,6,0,0,0,651
341,3,2496,10,0,0,0,0,556
170,8,2480,21,4,0,1,0,630
301,4,2190,20,2,1,0,0,813
94,6,447,22,5,0,1,0,393
206,9,1730,12,5,0,0,0,426
216,0,1066,22,1,1,0,0,512
273,6,2517,7,2,0,0,0,661
173,0,1953,16,0,0,1,0,299
208,3,335,16,0,0,0,0,567
50,8,779,10,3,0,3,0,515
107,6,2757,14,4,0,1,0,408
363,0,430,4,1,1,2,0,558
135,1,125,15,4,0,0,0,364
238,2,3124,15,2,0,0,0,335
122,7,2047,11,5,0,0,0,542
76,3,773,7,1,1,1,0,753
250,5,648,17,0,0,0,0,599
86,6,580,7,4,0,1,0,571
192,2,2130,7,5,1,1,0,914
93,4,1531,18,4,0,0,0,576
327,7,2914,6,0,0,0,1,701
116,3,2858,15,6,0,0,0,430
91,8,2358,22,2,0,2,0,274
145,6,1962,23,0,0,1,0,178
98,3,424,23,2,0,0,0,281
11,3,569,23,6,0,1,0,344
219,1,1800,19,4,0,1,0,573
235,1,3058,17,6,0,1,0,674
84,2,3137,10,2,0,1,0,581
70,1,232,5,2,0,0,0,278
6,0,636,12,1,0,1,0,324
71,0,349,17,3,0,0,0,562
257,2,2271,9,0,0,0,0,558
22,6,3108,14,3,0,0,0,477
198,0,1703,5,4,0,0,1,598
193,8,1016,19,6,0,0,0,712
224,9,2778,22,2,0,0,0,271
305,7,535,2,6,0,0,0,439
273,4,1789,19,2,0,0,0,559
257,9,437,21,0,0,0,0,581
119,1,2110,2,2,0,1,0,326
67,4,1151,21,6,0,0,0,698
276,1,1109,23,5,0,1,0,424
126,0,3014,12,2,1,0,0,656
11,2,1749,3,6,0,0,0,329
239,4,797,18,3,0,0,1,786
115,2,774,8,5,0,4,0,526
1,1,2193,11,3,0,4,0,246
51,1,2136,3,4,0,0,1,595
140,5,3018,11,2,0,0,0,344
23,9,3008,0,4,0,3,0,223
19,3,2821,21,0,0,1,0,712
80,3,1594,15,5,0,2,0,485
76,7,603,15,1,0,0,0,424
207,9,79,1,6,0,0,0,320
277,7,1002,6,6,0,0,0,265
166,7,2620,4,0,0,0,1,624
30,0,2482,4,4,0,0,1,646
166,6,1318,17,0,0,2,0,637
71,5,1194,0,3,0,0,1,638
335,3,1781,23,1,0,0,0,349
210,6,1815,1,2,0,0,0,325
218,5,407,10,3,0,1,0,535
358,9,1440,9,3,0,2,0,637
109,7,533,13,6,0,0,0,551
75,1,1307,0,0,1,0,0,609
219,4,1297,19,4,0,1,0,602
68,5,1477,6,0,0,0,0,418
272,2,3138,15,1,0,0,0,456
201,3,119,22,0,0,0,0,283
176,4,3082,8,3,0,0,0,677
261,1,690,7,4,0,1,0,595
83,4,1742,1,1,0,2,0,318
304,7,472,11,5,0,0,0,433
173,2,1758,22,0,0,0,0,369
78,4,375,12,3,0,4,0,345
207,6,2799,15,6,0,4,0,494
146,6,2185,9,1,0,1,0,374
297,5,1354,15,5,0,0,0,463
67,2,2669,21,6,0,1,0,518
306,0,384,15,0,0,0,1,833
62,6,473,9,1,0,0,0,583
109,5,2549,16,6,0,0,0,493
166,1,874,0,0,1,0,0,578
18,1,715,8,6,0,0,0,538
188,4,957,0,1,0,0,0,243
361,2,1318,4,6,0,0,0,390
335,3,1175,23,1,0,0,0,346
61,6,2676,9,0,0,1,0,606
29,4,3038,16,3,0,0,0,435
351,3,1182,0,3,0,0,0,302
94,9,2397,21,5,0,0,0,690
37,0,1890,16,4,0,0,0,392
99,6,190,14,3,0,1,0,382
321,0,175,5,1,0,0,0,282
145,7,1214,21,0,0,0,1,939
196,5,2584,6,2,0,0,0,266
108,7,1868,23,5,0,0,0,343
324,3,1829,11,4,1,0,0,493
294,0,780,9,2,0,4,0,578
190,5,1701,16,3,0,0,0,407
238,9,1905,16,2,0,0,1,637
238,9,3110,3,2,0,0,0,389
217,3,326,1,2,0,1,0,236
337,1,1388,18,3,0,4,0,637
271,8,1539,10,0,0,3,0,495
22,2,648,3,3,0,4,0,338
211,8,2655,12,3,0,1,0,364
64,6,2000,23,3,0,1,0,257
262,3,1269,2,5,1,0,0,684
260,5,2904,22,3,0,1,0,370
201,0,680,10,0,0,1,0,523
249,3,154,22,6,0,0,0,525
149,5,2959,5,4,0,1,0,308
45,9,2847,6,5,0,3,0,385
52,9,2977,8,5,0,4,0,600
210,3,118,21,2,0,0,0,569
295,4,1873,2,3,0,0,0,292
150,3,2110,15,5,0,0,0,539
348,8,1203,6,0,0,0,0,327
324,7,2159,1,4,0,0,0,236
157,0,2145,13,5,0,2,0,555
310,4,36,4,4,0,0,0,263
279,6,1877,19,1,0,4,0,530
184,1,2754,11,4,0,0,0,329
307,7,2122,16,1,0,0,0,321
79,1,579,1,4,0,1,0,293
173,4,1292,18,0,0,0,0,586
111,1,1637,6,1,0,2,0,349
108,9,2022,8,5,0,0,0,624
335,0,1697,10,1,1,1,0,851
63,9,2277,22,2,0,1,0,310
268,7,386,15,4,0,4,0,307
334,1,1129,2,0,1,3,0,670
329,2,1780,2,2,0,1,0,352
1,6,560,0,3,0,0,0,329
352,0,1277,23,4,0,0,0,206
109,4,1329,0,6,0,1,0,411
111,2,1073,16,1,0,3,0,360
338,8,1162,7,4,0,0,0,590
27,8,2056,20,1,0,2,0,644
350,1,2540,16,2,0,1,0,415
191,9,2865,4,4,0,1,0,350
348,7,2337,17,0,0,3,0,652
7,3,133,20,2,0,0,0,572
118,1,498,3,1,0,1,0,338
177,3,2489,18,4,0,2,0,503
172,9,1054,21,6,0,0,0,636
233,7,1887,13,4,0,1,0,372
204,9,1436,16,3,0,0,0,457
183,7,2443,5,3,0,0,0,242
150,9,1213,2,5,0,1,0,385
141,4,1386,6,3,0,0,0,358
348,8,1187,10,0,0,3,0,529
313,9,2411,18,0,0,0,0,596
26,1,954,13,0,0,2,0,488
39,8,1013,21,6,0,0,0,656
210,7,2107,2,2,0,3,0,241
68,4,6,3,0,0,1,0,354
4,6,2054,23,6,0,2,0,338
140,0,711,2,2,0,0,0,345
4,2,1112,16,6,0,4,0,411
155,9,1192,19,3,0,1,0,501
53,9,2464,6,6,0,1,0,411
347,2,838,3,6,0,4,0,319
327,6,1149,8,0,0,4,0,564
317,1,2039,21,4,0,0,0,680
270,3,1082,5,6,0,0,0,484
298,2,2394,8,6,0,0,0,816
125,4,940,16,1,0,0,0,456
218,9,138,18,3,0,0,0,621
281,7,314,21,3,0,1,0,609
58,0,1681,17,4,0,0,0,621
119,5,2379,9,2,0,0,0,459
104,9,2994,8,1,0,0,0,539
236,3,2184,14,0,0,1,0,512
310,5,2965,18,4,0,0,0,608
146,3,3064,20,1,0,4,0,457
233,4,747,9,4,0,0,0,574
150,1,1668,3,5,0,0,0,361
356,9,1862,0,1,0,0,0,427
83,2,1490,5,1,0,0,0,357
284,1,1557,11,6,0,4,0,438
264,2,538,4,0,0,0,0,362
39,8,692,5,6,0,0,0,470
60,8,3172,17,6,0,0,0,769
272,4,3009,20,1,0,3,0,621
164,2,551,2,5,0,0,0,563
93,2,2405,12,4,0,0,0,407
330,2,2123,22,3,0,0,0,159
119,9,708,15,2,0,0,0,311
307,0,1037,21,1,0,0,0,712
131,4,2331,9,0,0,1,0,549
34,0,165,19,1,0,1,0,598
58,9,283,0,4,0,0,0,320
174,1,738,6,1,1,0,0,492
262,7,2739,23,5,0,1,0,438
108,2,480,22,5,0,4,0,362
299,9,1772,23,0,0,0,0,401
116,7,2316,20,6,0,4,0,753
149,0,361,6,4,0,1,0,361
90,7,492,15,1,0,1,0,302
247,2,3085,21,4,0,1,0,662
6,8,2786,11,1,0,0,0,376
243,1,456,20,0,0,1,0,568
307,2,1933,3,1,0,0,0,190
195,3,1723,17,1,0,0,0,599
267,8,2893,13,3,0,0,0,313
275,3,944,17,4,0,4,0,566
187,1,529,10,0,0,0,0,513
196,5,2811,6,2,0,1,1,630
138,0,2075,22,0,0,0,1,677
17,7,745,2,5,0,4,0,421
264,8,901,23,0,0,0,0,309
224,8,1849,4,2,0,1,0,337
86,8,1088,21,4,0,1,0,472
43,7,296,15,3,0,0,0,583
362,8,1666,16,0,0,0,0,341
311,9,1750,22,5,0,1,0,313
97,6,865,15,1,0,1,0,436
162,8,2036,1,3,0,0,0,310
116,2,2194,7,6,0,3,0,664
186,8,2408,22,6,0,0,0,378
362,8,1350,13,0,0,1,0,368
19,6,1196,9,0,0,1,0,594
164,5,2104,17,5,0,0,0,754
77,1,2975,23,2,0,3,0,369
138,5,845,9,0,0,1,0,559
77,1,742,19,2,0,1,0,612
51,9,3157,9,4,0,0,0,458
242,9,2341,9,6,0,0,0,569
346,6,1145,1,5,0,1,0,405
339,3,1589,7,5,0,0,0,670
33,3,2257,23,0,0,4,0,280
195,0,1770,16,1,1,1,0,675
209,4,829,17,1,0,0,0,626
44,7,1565,13,4,0,0,0,382
289,2,1403,4,4,0,3,0,237
14,0,2110,17,2,0,0,0,620
185,1,1180,20,5,0,0,0,575
76,9,1000,16,1,0,3,0,444
69,5,2837,22,1,0,1,0,97
239,9,1986,2,3,0,0,0,289
266,5,981,2,2,0,3,0,298
355,8,2344,17,0,1,0,0,939
136,7,2705,4,5,0,0,0,307
244,4,235,22,1,0,0,0,250
66,0,1667,3,5,0,0,1,746
334,9,364,17,0,0,1,0,584
172,4,921,14,6,0,0,0,467
58,7,203,15,4,0,0,0,497
236,3,119,17,0,0,0,0,640
244,6,548,10,1,0,1,0,636
331,8,1740,13,4,0,0,0,402
152,0,1695,17,0,0,0,0,626
155,3,1913,20,3,0,0,0,570
162,4,2093,20,3,0,0,0,689
62,6,2791,8,1,1,4,0,840
271,9,2582,3,0,0,0,0,253
151,8,2618,12,6,0,0,0,540
195,9,612,8,1,0,0,0,465
172,9,2466,20,6,0,4,0,696
60,4,2589,14,6,0,0,0,436
25,5,2153,14,6,0,3,0,431
45,2,2456,16,5,0,1,0,498
59,8,2986,16,5,1,2,1,1132
221,0,234,1,6,0,1,0,326
145,6,203,1,0,0,4,0,186
193,0,2976,8,6,1,2,0,999
336,3,2919,15,2,0,1,0,430
239,5,876,16,3,0,0,0,196
249,5,3112,2,6,0,0,0,490
15,0,1408,23,3,0,0,1,689
283,9,3065,14,5,0,4,0,359
86,9,480,11,4,0,1,0,431
125,1,802,12,1,0,0,0,469
116,7,1244,4,6,0,1,0,428
74,6,1049,20,6,0,0,0,655
301,9,1238,16,2,0,0,0,510
191,4,1528,5,4,0,0,0,286
151,7,2736,17,6,0,1,1,1132
58,2,2060,17,4,0,0,0,628
204,3,836,13,3,0,1,0,391
273,2,3149,12,2,0,0,0,514
212,7,1620,6,4,0,0,0,329
9,1,2241,21,4,0,2,0,647
253,4,2129,9,3,0,0,1,843
88,0,1538,23,6,0,1,0,523
291,0,1617,17,6,0,1,0,784
345,1,1630,22,4,0,1,0,344
296,8,857,3,4,0,0,0,290
168,5,1919,2,2,0,0,1,608
165,9,1921,18,6,0,4,0,630
201,8,1419,1,0,0,0,0,345
277,5,2037,15,6,0,4,0,551
240,9,1266,16,4,0,4,0,342
224,1,2853,22,2,0,1,0,268
227,3,152,15,5,0,2,0,476
107,8,1110,13,4,0,1,0,459
200,5,1352,12,6,0,4,1,781
22,0,1578,5,3,0,0,0,311
171,1,1142,16,5,0,1,0,531
351,3,731,0,3,1,2,0,606
115,3,1363,7,5,1,1,0,998
139,8,1074,7,1,0,0,0,617
342,6,956,11,1,0,1,0,511
129,9,3139,5,5,0,1,0,312
241,9,2187,1,5,0,3,0,431
196,2,3026,3,2,1,0,0,556
214,1,3039,4,6,0,4,0,483
180,2,377,5,0,0,0,0,270
21,7,379,3,2,1,0,1,819
76,4,800,10,1,0,1,1,827
75,8,2530,20,0,0,0,0,455
310,9,1944,7,4,1,0,0,805
120,7,1491,9,3,0,4,0,535
57,0,1477,6,3,0,0,0,253
276,5,3114,14,5,0,4,0,441
312,3,3167,17,6,0,0,0,754
164,3,352,10,5,0,4,0,641
223,5,3100,10,1,0,1,0,411
344,9,2700,10,3,0,1,0,554
238,7,2317,2,2,0,2,0,271
3,6,2840,14,5,0,0,0,557
130,6,336,6,6,0,1,0,406
61,7,1296,16,0,1,1,0,780
359,7,1146,5,4,0,2,0,271
113,5,812,18,3,1,4,0,734
332,8,1320,10,5,0,0,0,620
93,4,2344,15,4,0,0,0,201
85,7,15,1,3,0,0,0,231
185,8,2015,22,5,0,0,0,349
199,3,1524,23,5,0,0,0,380
218,7,86,4,3,0,0,1,658
135,4,2048,19,4,0,0,0,516
223,8,1017,6,1,0,0,0,319
256,8,2503,15,6,0,1,0,531
98,3,110,23,2,0,3,1,589
115,6,547,3,5,0,0,0,506
11,8,1988,14,6,1,4,0,869
287,0,2193,10,2,0,2,0,506
189,6,2214,19,2,0,0,0,656
343,2,593,8,2,0,0,0,631
186,9,2172,11,6,0,0,0,550
196,2,1797,11,2,1,0,0,651
46,2,3030,0,6,0,1,0,396
231,8,2448,10,2,0,4,0,431
231,4,1719,7,2,1,0,1,1156
251,0,2601,15,1,0,0,0,353
77,1,60,18,2,0,0,0,556
176,8,1687,20,3,0,0,0,585
19,7,735,18,0,0,0,0,547
299,8,1235,17,0,0,0,0,686
30,7,1985,17,4,0,0,0,660
342,4,2733,18,1,1,0,0,921
184,3,267,9,4,0,1,0,598
151,6,1984,23,6,0,0,0,449
312,6,311,13,6,0,0,0,457
304,3,3143,1,5,1,0,0,823
60,6,972,3,6,0,1,0,461
200,6,2623,2,6,1,1,0,634
78,3,1091,7,3,0,1,0,503
97,5,1498,23,1,0,0,0,141
36,1,363,10,3,0,1,0,508
258,4,2094,6,1,0,0,0,353
330,5,597,13,3,0,0,0,395
28,5,905,3,2,0,4,0,170
139,0,2256,23,1,0,1,1,619
214,6,1882,17,6,1,4,0,882
116,6,2482,3,6,0,1,0,403
287,9,1306,8,2,0,0,0,480
199,6,1085,23,5,0,1,0,509
309,7,1267,15,3,0,0,0,432
246,3,2111,10,3,0,3,0,589
85,9,1970,21,3,0,0,0,701
130,6,350,2,6,0,3,0,412
35,9,319,8,2,0,0,0,539
109,3,1141,5,6,0,0,0,304
33,3,2471,1,0,0,0,0,358
233,5,1843,18,4,0,0,1,993
168,5,3173,11,2,0,0,0,454
172,5,3161,1,6,0,1,1,749
264,0,3034,20,0,0,1,0,613
3,3,326,2,5,0,0,0,350
174,3,3104,21,1,0,1,0,580
37,8,1025,2,4,0,0,0,366
173,1,225,22,0,0,0,0,291
235,5,1484,14,6,0,0,0,566
333,8,1595,12,6,0,0,0,550
212,2,1492,14,4,0,0,0,364
205,2,510,18,4,0,4,0,469
108,4,2898,22,5,0,3,0,340
185,3,1773,18,5,0,1,0,792
269,3,1610,20,5,0,0,0,608
170,7,299,23,4,0,0,0,317
212,1,764,16,4,0,1,0,299
69,5,2789,2,1,0,4,0,256
157,8,1764,14,5,0,0,0,539
254,0,2643,10,4,0,1,0,586
290,3,2389,14,5,0,0,0,549
282,1,2868,17,4,0,0,0,612
58,7,507,3,4,0,0,0,304
100,7,1994,6,4,0,0,0,246
33,7,850,13,0,0,0,0,367
199,2,1337,14,5,0,0,0,542
22,8,1560,10,3,0,1,0,489
179,9,275,9,6,0,1,0,733
154,4,1104,19,2,0,4,0,531
2,6,1719,5,4,0,1,0,205
142,8,1710,11,4,0,0,0,458
96,1,1653,8,0,0,1,0,470
66,2,2574,10,5,0,0,0,707
7,8,2624,23,2,0,4,0,322
29,6,828,1,3,0,2,0,356
189,1,2558,20,2,0,1,0,633
134,3,2375,6,3,0,0,0,365
233,0,1393,3,4,0,0,0,349
166,7,2433,17,0,0,0,0,606
146,3,2677,17,1,0,4,0,462
86,8,3017,14,4,0,0,0,439
106,4,2845,7,3,0,0,0,399
22,2,1942,19,3,0,0,0,584
28,2,1745,11,2,0,0,0,446
299,9,2883,17,0,0,1,0,561
19,6,1856,2,0,0,2,0,390
91,0,2436,10,2,0,4,0,406
282,1,2378,17,4,0,4,1,930
77,9,261,12,2,0,2,0,483
323,5,3084,11,3,0,0,0,307
130,2,931,14,6,0,0,0,557
90,8,1777,6,1,0,0,0,366
178,9,488,14,5,0,2,0,437
228,4,452,13,6,0,1,0,553
173,4,435,8,0,0,4,0,472
85,5,381,19,3,0,1,0,480
360,3,351,22,5,0,0,0,418
116,1,1469,22,6,0,0,0,411
285,9,3046,20,0,1,0,0,873
201,6,1930,16,0,0,0,0,346
109,6,1186,10,6,0,0,0,711
128,4,3166,10,4,0,1,0,475
222,5,609,4,0,0,0,0,347
109,3,1182,3,6,0,0,0,416
132,8,49,13,1,0,1,0,443
12,5,2391,0,0,0,1,0,286
117,9,2634,20,0,0,0,0,565
198,4,2067,19,4,0,4,0,573
78,2,2017,11,3,0,0,0,465
54,9,2553,21,0,0,0,0,617
296,4,496,2,4,1,0,0,633
113,8,2380,10,3,0,1,0,618
103,4,1031,5,0,0,0,0,320
282,0,2562,12,4,0,3,0,439
301,0,2950,21,2,0,0,0,695
259,5,2725,6,2,1,1,0,542
296,1,445,2,4,0,4,0,294
51,9,1954,10,4,0,4,0,541
69,6,1922,1,1,0,0,1,605
146,7,2022,15,1,0,3,0,331
186,7,256,13,6,0,0,0,478
11,4,1785,18,6,0,2,0,585
156,5,1740,6,4,0,1,0,245
12,9,757,7,0,0,0,0,508
332,8,657,16,5,0,0,0,667
118,0,1532,7,1,0,1,0,559
17,9,1139,22,5,0,2,0,433
320,4,1859,4,0,0,0,0,259
221,6,2340,9,6,1,1,0,918
155,6,1614,8,3,0,2,0,453
277,8,1666,11,6,0,1,0,527
308,0,371,4,2,0,1,0,353
136,6,1410,0,5,0,3,0,308
221,7,1439,18,6,0,1,0,672
230,0,51,3,1,0,4,0,184
87,0,36,14,5,0,0,0,596
198,1,987,3,4,0,1,0,185
360,4,2221,13,5,0,0,0,588
122,8,808,18,5,0,1,0,726
313,1,936,7,0,0,0,0,628
123,1,1179,12,6,0,4,0,534
336,6,2011,20,2,1,1,0,815
196,0,1261,19,2,0,1,0,599
248,1,2941,11,5,0,0,0,458
203,3,1352,17,2,0,3,0,642
161,8,966,0,2,0,1,0,352
135,2,621,5,4,0,4,0,235
210,1,2422,22,2,0,2,0,389
236,2,239,12,0,0,0,0,331
273,2,1892,8,2,0,0,0,574
166,0,1269,21,0,0,4,0,561
177,6,2248,11,4,0,0,0,525
116,7,2525,3,6,0,0,0,313
80,7,1424,5,5,0,1,0,369
186,7,1280,1,6,0,0,0,472
320,8,2877,23,0,1,0,0,644
247,9,2665,15,4,1,0,0,658
76,9,741,0,1,0,1,0,302
77,2,494,4,2,0,0,0,222
357,9,2346,22,2,0,4,0,301
158,9,2270,10,6,0,0,0,719
22,0,167,16,3,0,1,0,440
84,3,1278,1,2,0,0,0,229
13,5,2049,3,1,0,2,0,330
156,2,1470,3,4,0,0,0,379
61,8,227,4,0,0,0,0,296
294,5,1801,22,2,0,0,0,231
94,7,3036,13,5,0,0,0,565
6,4,1295,8,1,1,0,0,837
266,1,1195,6,2,0,0,0,198
2,5,1223,21,4,0,0,0,559
121,3,1035,9,4,0,3,0,446
6,7,3088,7,1,0,0,0,626
237,8,933,11,1,0,0,0,486
136,6,1611,7,5,1,0,0,870
351,1,1609,0,3,0,0,0,420
87,2,22,6,5,0,1,0,337
20,6,615,9,1,0,0,0,483
294,3,210,12,2,0,1,0,543
78,3,2424,14,3,0,1,0,319
93,7,293,4,4,0,0,0,392
141,2,240,19,3,0,0,0,694
191,9,1691,4,4,0,0,1,636
17,1,2766,10,5,0,0,0,738
300,1,1635,17,1,0,1,0,719
1,3,1683,17,3,0,2,0,600
85,7,2526,13,3,0,0,0,477
116,5,1658,14,6,0,4,0,429
103,3,2068,18,0,0,2,1,1034
190,0,3027,8,3,0,1,0,574
92,9,352,13,3,0,4,0,452
326,8,2620,13,6,0,1,0,551
311,2,2742,3,5,0,3,0,475
225,3,1044,23,3,0,1,0,137
119,6,248,22,2,0,1,0,218
183,1,2759,16,3,0,0,0,331
83,9,2534,12,1,0,1,1,811
141,1,276,20,3,0,2,0,609
317,5,2263,10,4,0,3,0,487
309,6,303,11,3,0,4,0,418
142,2,1291,19,4,1,1,0,810
33,0,1500,13,0,0,0,0,436
129,7,2904,1,5,0,3,0,308
95,0,1471,14,6,1,4,0,872
281,2,1609,22,3,0,3,0,230
37,3,786,18,4,0,4,0,587
65,0,1599,21,4,0,0,0,591
336,5,2376,15,2,0,1,0,438
63,2,835,10,2,0,1,0,609
268,0,744,22,4,0,0,0,307
169,9,2552,7,3,0,0,0,568
25,5,2391,7,6,0,0,0,591
94,9,1754,23,5,0,0,0,477
263,2,2479,23,6,0,0,0,327
46,8,3153,13,6,0,3,0,349
249,9,2607,19,6,0,2,0,832
176,5,2691,13,3,0,0,0,432
86,4,3080,15,4,0,4,0,296
140,9,221,5,2,0,0,0,252
215,5,1752,16,0,0,0,1,725
249,7,2064,1,6,0,1,0,567
209,6,1899,15,1,0,1,0,446
164,6,853,8,5,0,4,0,549
16,3,3081,10,4,0,0,0,513
325,4,77,0,5,0,0,0,502
107,0,781,20,4,0,0,0,572
102,1,848,22,6,0,0,0,401
251,5,2850,2,1,0,0,0,304
275,3,1501,6,4,0,2,0,417
145,1,2726,18,0,0,1,0,563
219,6,1720,16,4,1,0,0,720
117,3,2812,14,0,0,0,0,317
94,0,2700,22,5,0,0,0,403
82,9,1665,3,0,0,1,0,350
202,6,123,22,1,0,0,0,291
31,0,1863,5,5,0,0,0,409
354,3,2085,4,6,0,0,0,404
88,1,2483,23,6,0,4,0,364
96,9,2447,21,0,0,0,1,960
87,3,2899,15,5,0,1,0,569
87,8,2711,14,5,0,1,0,640
232,4,591,6,3,0,0,0,328
300,4,1443,14,1,1,1,0,535
358,9,2268,1,3,0,0,0,217
338,9,2948,4,4,1,1,0,544
272,0,2710,17,1,0,0,1,892
39,9,3028,12,6,0,0,0,505
289,7,3152,15,4,0,0,0,335
188,5,1825,11,1,0,0,1,753
91,4,1296,9,2,0,0,0,523
62,5,1933,22,1,0,1,0,339
344,6,1492,10,3,0,0,0,621
162,6,3131,8,3,0,4,0,587
317,3,685,0,4,0,0,0,290
339,3,1609,0,5,0,4,0,394
232,0,1951,5,3,1,4,0,435
172,3,2448,0,6,1,0,0,723
48,5,2548,22,1,0,1,0,276
299,4,1875,5,0,0,1,0,367
167,3,597,18,1,0,0,0,618
298,6,941,18,6,0,0,0,720
248,0,145,1,5,0,0,0,364
213,3,8,6,5,0,1,0,481
27,9,3153,12,1,0,4,0,394
303,0,2429,17,4,0,1,0,551
21,8,1508,5,2,0,1,0,329
92,5,2891,20,3,0,1,0,517
304,8,999,0,5,0,0,0,400
344,0,1322,15,3,1,2,0,769
73,6,1081,10,5,0,0,0,634
149,2,2287,22,4,0,0,0,186
284,2,809,22,6,0,0,1,747
130,1,2728,9,6,0,0,0,769
233,0,924,23,4,0,0,0,414
47,8,2677,5,0,0,4,0,231
33,6,1744,0,0,0,3,0,252
263,0,1243,22,6,0,1,0,603
18,0,1138,18,6,0,1,0,681
303,2,761,9,4,0,0,0,529
239,8,2626,22,3,0,0,0,307
361,5,2296,19,6,0,0,0,725
295,2,318,8,3,0,0,0,545
65,1,1373,5,4,0,0,0,243
199,0,1934,4,5,0,0,0,423
217,3,2927,21,2,0,1,0,573
323,5,139,8,3,0,1,0,587
307,9,130,3,1,0,0,0,156
259,3,1068,1,2,0,0,0,294
64,5,2275,14,3,0,1,0,401
19,7,3094,21,0,0,3,0,661
172,8,2890,6,6,0,0,0,414
313,1,303,11,0,0,0,0,550
188,5,2600,12,1,0,0,0,513
265,0,3092,4,1,0,4,0,267
107,0,1482,20,4,1,1,0,883
323,3,117,13,3,0,0,0,391
154,8,2694,15,2,0,0,0,323
269,1,2616,2,5,0,0,0,418
328,9,663,11,1,1,0,0,746
175,8,277,18,2,1,0,0,802
38,9,2699,9,5,0,4,1,894
105,0,916,1,2,0,0,0,415
264,0,1062,17,0,0,4,0,626
118,7,459,11,1,0,0,0,451
83,4,2644,5,1,0,0,1,697
307,6,2808,0,1,0,0,0,277
353,8,537,22,5,0,1,1,713
173,5,1687,5,0,0,1,1,715
230,9,2037,20,1,0,1,0,465
251,1,3005,22,1,0,0,0,187
86,8,1384,19,4,0,3,0,607
56,4,1619,23,2,0,4,0,293
151,9,600,1,6,0,0,0,334
29,0,410,7,3,0,0,0,552
292,0,2656,19,0,0,4,0,596
67,6,2226,4,6,0,0,0,554
14,3,3151,20,2,0,0,1,900
278,6,1091,12,0,0,4,0,314
132,0,3133,12,1,0,4,0,341
302,6,43,13,3,0,1,1,640
234,0,2104,1,5,0,4,0,351
160,4,2269,9,1,0,4,0,547
129,9,2324,9,5,0,1,0,803
277,2,1988,3,6,0,1,0,388
266,2,1410,23,2,0,0,0,201
43,6,181,12,3,0,0,1,853
21,6,2321,14,2,0,1,0,483
293,7,2455,0,1,0,0,0,406
273,7,462,17,2,0,2,0,488
274,8,2693,15,3,0,3,1,633
124,2,171,3,0,0,0,0,255
132,8,2748,22,1,0,0,0,439
329,9,3094,10,2,0,1,0,514
220,5,1121,6,5,0,4,0,308
313,1,2127,0,0,0,0,0,294
136,2,2320,4,5,0,1,0,384
8,4,1888,12,3,0,1,0,347
60,7,2842,22,6,0,0,1,772
100,0,1782,11,4,0,0,0,344
236,9,1774,19,0,0,0,0,617
253,2,250,1,3,0,0,0,213
258,0,2713,5,1,0,2,0,306
114,3,2220,13,4,0,2,0,425
354,1,3171,11,6,0,1,0,521
1,5,2039,10,3,0,4,0,543
97,9,2180,10,1,0,2,0,463
202,7,1411,22,1,0,0,0,258
153,9,515,3,1,0,0,0,380
64,5,377,6,3,0,1,0,214
79,3,2961,7,4,0,0,1,975
95,2,2496,20,6,0,0,0,766
313,7,2140,14,0,0,0,0,435
304,0,723,12,5,1,0,0,761
28,8,1421,14,2,0,4,0,318
255,3,2354,16,5,0,4,0,574
155,3,2040,11,3,0,0,0,363
165,3,1187,20,6,0,3,0,575
237,4,1831,5,1,0,0,0,357
235,7,730,5,6,0,1,0,374
340,9,882,10,6,1,4,0,887
67,7,2050,19,6,0,1,0,652
232,9,1925,8,3,0,4,0,335
256,1,1053,16,6,0,2,1,852
12,5,1564,10,0,0,3,0,505
155,0,464,3,3,0,0,0,277
136,4,489,11,5,0,0,0,383
6,9,148,17,1,0,0,0,636
118,0,172,23,1,1,0,0,631
211,2,2365,20,3,0,0,1,968
156,7,368,19,4,0,4,0,560
172,1,2462,7,6,0,2,0,673
80,2,2982,7,5,0,0,0,680
54,3,1164,7,0,0,4,0,431
252,7,1086,14,2,1,0,0,514
128,6,1426,3,4,0,0,0,349
265,8,785,0,1,0,0,1,707
188,4,1103,20,1,0,0,0,707
219,0,2080,19,4,0,3,0,624
17,9,2652,15,5,0,1,0,437
98,0,58,19,2,0,3,0,540
330,9,2061,23,3,0,1,0,345
223,9,1456,23,1,0,0,0,329
213,1,405,22,5,0,1,0,468
43,5,1717,23,3,0,3,1,504
76,3,579,6,1,0,3,0,209
205,4,2635,3,4,0,1,0,218
229,1,1611,19,0,0,0,0,489
192,4,537,9,5,0,3,0,602
37,9,1445,15,4,0,3,0,432
32,8,2114,3,6,0,1,0,497
229,9,2732,11,0,0,1,0,426
57,2,201,18,3,0,4,0,377
82,1,525,0,0,0,0,0,260
299,3,1628,13,0,0,0,0,372
258,2,807,8,1,0,0,0,507
340,4,2846,7,6,0,0,0,681
350,9,2857,20,2,0,0,0,559
131,9,2248,15,0,0,0,0,316
293,9,2674,14,1,0,1,0,411
26,9,540,8,0,0,0,0,531
188,7,613,11,1,0,1,0,430
290,5,78,5,5,0,1,0,620
151,1,2384,22,6,0,0,0,410
8,0,1943,3,3,0,0,0,202
55,2,88,3,1,0,0,0,344
288,5,2499,1,3,0,0,0,239
208,6,2529,12,0,0,0,0,484
164,9,1295,19,5,0,0,0,698
284,6,1623,16,6,0,1,0,452
88,7,2629,17,6,0,4,0,683
211,5,1886,19,3,0,0,0,611
123,9,863,22,6,0,1,0,574
19,8,1503,22,0,0,0,0,451
103,8,1624,8,0,1,0,0,800
208,1,2179,2,0,0,0,0,257
67,3,1409,19,6,0,0,0,668
177,0,1459,12,4,0,0,0,203
132,9,1197,8,1,0,3,0,375
209,0,2715,2,1,0,0,0,244
335,8,772,7,1,0,3,0,467
282,2,1345,6,4,0,0,0,244
163,4,77,11,4,0,4,0,250
350,7,1310,7,2,0,0,0,616
331,1,236,11,4,0,0,0,395
243,4,1399,10,0,0,4,0,564
106,6,542,3,3,0,0,0,199
234,6,1651,17,5,0,4,1,1070
149,4,1506,22,4,0,1,0,235
209,3,466,13,1,0,2,0,466
302,7,2811,7,3,0,4,0,467
50,3,2456,21,3,0,3,1,890
267,7,2520,9,3,0,4,0,359
362,3,2271,1,0,0,1,0,242
126,7,1838,3,2,0,0,0,418
149,6,513,15,4,0,0,0,460
217,6,1543,17,2,0,2,0,664
90,7,2765,4,1,1,1,0,560
300,6,2212,7,1,0,0,0,517
189,0,1842,22,2,0,4,1,658
123,6,468,3,6,0,0,1,836
22,5,2456,5,3,0,3,0,299
192,7,610,3,5,0,3,0,303
252,4,1358,11,2,0,0,0,377
76,7,1109,10,1,0,3,0,636
218,3,1325,3,3,0,1,0,303
220,1,849,19,5,0,0,0,770
214,0,2132,15,6,0,2,0,401
103,4,2373,19,0,0,0,0,568
0,0,1302,17,2,1,4,0,829
325,9,2088,3,5,1,1,0,619
78,1,2735,17,3,0,0,0,604
25,8,1593,15,6,0,3,0,434
44,1,269,7,4,0,0,0,639
119,9,1296,10,2,0,4,0,564
226,2,619,10,4,0,0,0,502
94,6,1599,23,5,0,1,0,630
104,3,2623,16,1,0,0,0,418
305,6,1850,8,6,0,4,1,867
253,3,732,23,3,0,4,0,259
117,6,245,23,0,0,3,0,324
25,7,1437,7,6,0,0,0,727
98,1,1567,18,2,1,3,0,921
294,2,2001,0,2,0,0,0,313
104,4,1917,9,1,0,2,0,483
186,4,1992,0,6,0,0,0,394
218,8,175,9,3,0,1,0,515
219,7,2500,9,4,0,0,0,560
308,0,1741,18,2,0,0,0,624
312,7,582,10,6,0,4,0,669
175,0,408,5,2,0,4,0,252
8,6,1517,11,3,0,4,0,218
57,5,2875,17,3,1,0,0,863
56,4,1087,20,2,1,0,0,812
330,2,930,15,3,0,0,0,434
0,5,1446,1,2,0,0,0,278
74,6,1101,5,6,1,0,0,619
194,0,170,16,0,0,0,1,708
5,0,691,6,0,0,3,0,285
76,6,4,5,1,0,0,0,363
297,4,2780,17,5,0,0,0,728
297,4,2765,18,5,0,4,0,672
199,2,654,4,5,0,0,0,494
35,1,908,4,2,0,3,0,253
184,9,3057,22,4,1,0,0,616
324,7,1175,14,4,0,0,1,687
156,7,2010,6,4,0,1,0,246
70,6,1328,8,2,0,1,0,479
167,3,2007,16,1,1,0,0,505
139,9,1344,16,1,0,0,0,393
261,8,1199,8,4,0,1,0,623
130,7,840,13,6,1,2,0,911
219,0,2079,9,4,0,3,0,640
0,7,2338,21,2,0,0,0,542
0,8,641,1,2,0,0,0,284
58,6,844,12,4,0,1,0,427
33,2,1058,16,0,0,1,0,318
353,8,2425,3,5,0,1,0,315
330,4,83,6,3,0,3,0,242
290,9,600,19,5,0,4,1,1031
303,0,1737,23,4,0,0,0,319
264,7,2204,16,0,0,1,0,396
97,3,2808,21,1,0,0,0,711
174,0,2024,21,1,0,1,0,546
243,7,92,9,0,0,0,0,667
348,1,1893,9,0,0,0,0,504
41,9,188,13,1,0,0,0,393
343,6,2157,6,2,0,4,0,306
355,1,2883,1,0,0,0,0,137
144,7,2008,2,6,0,0,0,442
268,3,1794,14,4,0,4,0,288
353,3,493,5,5,0,1,0,422
237,7,3162,7,1,0,4,0,607
122,0,323,0,5,0,4,0,373
72,2,2567,13,4,0,0,0,248
65,5,226,13,4,0,0,0,308
166,3,2077,9,0,1,1,0,838
19,1,2897,10,0,0,0,0,461
211,1,1771,1,3,0,0,0,312
55,6,1704,20,1,0,1,0,516
334,1,312,0,0,0,0,1,601
145,3,928,6,0,0,0,0,367
149,6,389,3,4,0,0,0,282
243,9,2213,10,0,0,0,0,533
54,2,1688,9,0,0,0,0,473
258,0,2764,8,1,0,4,0,559
295,8,2411,15,3,0,0,0,372
69,2,1605,21,1,0,0,0,536
217,9,309,22,2,1,4,0,500
153,5,871,23,1,0,4,0,250
135,5,1621,6,4,0,0,0,181
258,6,335,0,1,0,0,0,364
188,4,875,20,1,0,1,0,535
148,6,3057,2,3,0,0,0,259
250,9,2044,15,0,0,1,0,213
253,9,564,11,3,0,2,0,463
309,0,2465,3,3,0,0,0,348
93,0,2941,8,4,0,0,0,533
240,2,634,8,4,0,0,0,613
89,1,224,18,0,0,1,0,610
186,8,1815,22,6,0,2,1,794
185,0,2579,22,5,0,1,0,420
177,1,637,23,4,0,4,0,298
310,0,978,21,4,0,3,0,618
351,6,2987,1,3,0,0,0,333
296,1,2268,9,4,0,1,0,577
316,6,1346,3,3,0,0,0,314
218,3,2897,18,3,0,1,0,599
79,5,2788,23,4,0,4,0,205
330,8,2227,8,3,0,1,0,618
290,6,2989,9,5,0,4,1,957
177,0,1926,7,4,0,0,1,803
148,9,1019,7,3,0,4,0,521
312,3,904,15,6,0,0,0,411
227,6,1942,0,5,0,4,0,265
80,5,2504,4,5,0,1,0,551
351,2,2949,14,3,0,1,0,452
362,5,100,13,0,0,3,0,375
328,9,3152,0,1,0,1,1,643
153,3,1740,19,1,1,2,0,924
173,4,1881,12,0,0,0,1,789
333,0,2565,10,6,0,3,0,581
47,6,1224,5,0,0,1,1,651
21,3,123,3,2,0,0,0,405
251,8,502,17,1,0,0,0,712
220,1,1552,6,5,0,0,0,486
281,8,1282,9,3,0,1,0,613
158,1,1640,12,6,0,3,0,524
234,9,1071,15,5,0,0,0,576
342,1,1082,13,1,0,0,1,838
45,6,2763,21,5,0,0,0,727
345,5,2121,6,4,0,0,0,304
358,7,1481,8,3,0,0,0,575
158,3,2830,17,6,0,3,1,1061
113,0,463,21,3,0,1,0,517
30,5,2718,23,4,0,2,0,288
220,2,1584,6,5,0,0,0,407
343,8,3025,17,2,0,0,0,505
66,3,2590,23,5,1,4,0,595
198,7,2988,14,4,0,1,0,363
129,2,528,19,5,1,0,0,1028
332,7,2700,4,5,1,4,1,1028
49,1,416,10,2,0,1,0,536
40,1,3113,12,0,1,0,0,683
323,8,767,15,3,1,1,0,703
89,5,602,4,0,0,3,0,164
281,0,1209,23,3,0,1,0,351
251,5,656,11,1,0,1,0,337
3,0,1850,4,5,0,0,0,400
78,0,2157,13,3,0,4,0,407
213,5,2828,13,5,0,0,0,417
105,9,2693,0,2,0,0,0,353
127,3,3011,0,3,0,4,0,276
265,5,2820,15,1,0,1,0,423
251,5,2458,12,1,0,0,0,324
257,8,2389,17,0,0,4,0,520
80,1,3095,0,5,0,0,0,484
148,6,1831,0,3,0,1,0,327
219,6,443,9,4,0,0,0,606
252,5,1963,6,2,0,0,0,156
264,7,1262,1,0,0,0,0,326
308,5,1939,20,2,0,0,0,612
297,6,880,3,5,0,4,1,654
157,3,481,8,5,1,1,0,736
172,2,2181,2,6,1,0,1,956
318,3,2688,21,5,0,1,1,1130
344,7,3010,5,3,0,3,0,189
1,5,831,15,3,0,0,0,364
133,3,507,22,2,0,0,0,327
262,9,1049,7,5,0,1,1,976
107,9,409,8,4,0,0,0,554
197,4,2051,7,3,1,0,0,876
191,9,1274,11,4,0,1,0,444
303,5,2764,10,4,0,0,0,562
39,1,447,7,6,0,3,0,578
78,3,2087,18,3,0,1,0,593
114,7,1599,7,4,0,1,0,570
175,8,589,22,2,0,0,1,705
176,3,1683,19,3,0,0,0,542
38,3,3031,10,5,0,4,0,621
334,1,102,10,0,0,1,1,868
208,1,707,7,0,0,0,0,638
345,6,1496,16,4,0,1,0,450
359,6,2835,11,4,0,4,0,235
79,1,1451,6,4,0,0,1,711
90,8,1279,7,1,0,2,0,510
268,0,1705,5,4,0,1,0,348
89,4,2330,9,0,0,0,0,599
109,8,1907,23,6,0,1,0,381
326,4,2339,20,6,0,0,1,948
233,6,2147,8,4,1,0,1,1112
253,4,441,21,3,0,4,0,666
171,4,278,23,5,0,2,0,430
163,9,1841,13,4,0,0,0,395
261,2,524,22,4,0,1,0,337
228,2,340,11,6,1,1,0,689
177,4,70,10,4,0,0,0,518
110,8,608,15,0,0,0,0,446
256,3,1618,18,6,0,4,0,618
200,0,2628,13,6,0,4,0,431
77,3,1817,1,2,0,4,0,189
125,9,1563,7,1,0,0,0,581
253,1,755,5,3,1,0,0,589
294,2,1692,16,2,0,3,0,259
115,0,536,4,5,0,0,0,406
96,3,675,8,0,0,0,0,553
289,3,2173,21,4,1,1,0,901
47,1,3032,17,0,0,0,0,611
254,2,1392,7,4,0,0,0,549
35,2,2378,14,2,0,0,0,438
0,2,1272,23,2,0,0,0,312
302,0,2009,17,3,0,0,0,457
61,9,82,16,0,0,0,0,390
145,5,2231,21,0,0,0,0,699
72,9,1830,0,4,0,0,0,387
345,4,894,8,4,0,0,0,580
52,6,810,4,5,0,0,0,320
282,5,1333,10,4,0,0,0,685
264,3,949,13,0,0,3,1,713
37,4,1726,20,4,0,4,1,933
278,1,2449,4,0,0,1,0,321
40,7,214,11,0,1,0,0,672
288,9,1006,15,3,0,3,0,195
74,6,521,6,6,0,0,0,460
15,0,3115,3,3,0,1,0,262
330,6,2481,0,3,1,0,0,609
265,7,1837,20,1,0,2,0,664
116,8,1708,20,6,0,0,0,842
351,5,1822,22,3,0,0,0,259
215,1,945,6,0,0,3,0,396
337,3,3071,12,3,0,0,1,763
207,4,2837,10,6,0,1,0,778
242,5,1735,15,6,0,1,0,606
91,3,1208,5,2,0,0,0,408
347,8,3056,18,6,0,0,0,783
35,0,2917,6,2,0,0,0,305
1,4,2325,22,3,1,4,0,505
331,7,2351,17,4,0,0,0,637
141,7,1412,0,3,0,1,0,215
232,3,2556,1,3,1,3,0,470
166,3,1743,19,0,0,1,0,618
42,0,928,13,2,0,2,0,441
299,7,1980,10,0,0,0,0,541
27,8,2209,12,1,0,0,0,371
214,4,1071,14,6,0,4,0,437
218,6,1574,22,3,0,0,0,371
266,6,2267,7,2,0,0,0,473
76,7,1810,18,1,0,1,1,903
157,2,1406,12,5,0,0,0,529
244,0,102,18,1,0,1,0,737
132,1,1762,17,1,0,0,0,553
318,5,1572,11,5,0,0,0,486
59,9,1629,7,5,1,0,0,924
123,1,1176,6,6,1,4,0,581
327,8,2011,22,0,0,0,1,766
220,1,2420,23,5,0,0,0,520
149,1,1333,11,4,0,3,0,215
129,7,1089,23,5,0,0,0,421
4,3,2721,6,6,0,1,1,754
171,8,1246,13,5,0,1,0,514
291,0,1228,12,6,0,0,0,524
221,3,1540,11,6,0,2,0,409
301,7,1953,20,2,0,0,0,622
15,2,574,3,3,0,0,0,380
40,9,2604,12,0,1,1,0,677
145,8,2912,6,0,0,0,0,165
227,7,80,2,5,1,1,0,670
344,6,2343,9,3,0,1,0,502
190,6,2751,1,3,0,1,0,235
340,7,458,16,6,0,0,0,478
59,8,12,9,5,0,0,0,660
206,7,1289,23,5,0,1,0,335
316,1,53,11,3,1,1,0,713
95,4,1969,9,6,0,0,0,634
338,8,2669,3,4,0,4,1,546
273,8,2668,21,2,0,0,0,646
200,7,1894,18,6,0,1,0,762
144,7,116,13,6,0,2,0,437
356,1,2611,8,1,0,4,0,483
254,0,2455,12,4,0,4,0,405
197,6,993,2,3,0,4,0,258
69,7,531,13,1,0,4,0,446
17,5,983,2,5,0,4,0,380
232,9,1660,5,3,0,4,0,255
315,6,1619,16,2,0,0,0,313
9,4,2282,16,4,0,0,0,361
291,9,1270,1,6,0,0,0,351
114,5,1273,6,4,0,0,0,253
