date,station,train_id,hour,day_of_week,holiday,weather,special_event,passenger_count
2025-05-20,Visakhapatnam,TRN1500,21,1,0,Clear,0,571
2025-06-19,Tirupati,TRN1758,20,3,0,Rain,1,1047
2025-11-21,Visakhapatnam,TRN4588,9,4,0,Clear,0,661
2025-02-10,Secunderabad,TRN1684,0,0,0,Cloudy,0,313
2025-11-28,Guntur,TRN4985,23,4,0,Clear,0,268
2025-11-27,Kurnool,TRN3831,21,3,0,Clear,0,646
2025-02-08,Guntur,TRN2566,5,5,0,Cloudy,0,427
2025-01-15,Kurnool,TRN1124,19,2,0,Clear,0,702
2025-09-17,Warangal,TRN4931,0,2,0,Clear,0,265
2025-03-08,Guntur,TRN1069,5,5,0,Clear,0,301
2025-08-22,Vijayawada,TRN1591,3,4,0,Rain,0,202
2025-10-07,Visakhapatnam,TRN5245,16,1,0,Rain,0,271
2025-05-31,Warangal,TRN3252,15,5,0,Rain,0,580
2025-07-25,Guntur,TRN3651,5,4,0,Clear,0,265
2025-03-23,Guntur,TRN4892,2,6,0,Clear,0,471
2025-12-09,Secunderabad,TRN5342,0,1,1,Clear,0,505
2025-09-18,Nellore,TRN4832,12,3,1,Cloudy,0,614
2025-09-26,Kurnool,TRN3699,8,4,0,Rain,0,541
2025-11-19,Guntur,TRN2304,16,2,0,Clear,0,441
2025-10-05,Guntur,TRN1896,3,6,0,Heavy Rain,0,402
2025-04-15,Vijayawada,TRN2975,14,1,0,Rain,0,391
2025-10-22,Kurnool,TRN3153,9,2,0,Cloudy,0,553
2025-09-24,Visakhapatnam,TRN2717,11,2,0,Clear,0,351
2025-10-13,Kurnool,TRN5518,17,0,0,Cloudy,0,518
2025-11-23,Guntur,TRN2146,10,6,1,Cloudy,0,843
2025-04-17,Hyderabad,TRN2954,12,3,1,Rain,0,624
2025-09-06,Kurnool,TRN4929,11,5,0,Rain,0,450
2025-06-11,Nizamabad,TRN2021,16,2,0,Clear,0,380
2025-08-14,Secunderabad,TRN1333,9,3,0,Clear,0,584
2025-09-30,Warangal,TRN5697,19,1,0,Rain,0,497
2025-06-24,Secunderabad,TRN5487,22,1,0,Rain,0,234
2025-04-21,Hyderabad,TRN4439,19,0,0,Cloudy,0,554
2025-03-14,Vijayawada,TRN4283,22,4,0,Rain,0,175
2025-08-29,Secunderabad,TRN5190,14,4,0,Cloudy,0,367
2025-01-25,Nizamabad,TRN2380,15,5,0,Clear,0,368
2025-02-26,Vijayawada,TRN5546,13,2,0,Clear,0,416
2025-09-03,Visakhapatnam,TRN4412,21,2,0,Clear,0,637
2025-04-05,Guntur,TRN3145,8,5,0,Clear,0,523
2025-10-28,Nizamabad,TRN5278,18,1,0,Cloudy,1,997
2025-03-10,Guntur,TRN2700,18,0,0,Cloudy,0,614
2025-09-18,Visakhapatnam,TRN5896,8,3,0,Fog,0,570
2025-07-19,Hyderabad,TRN1776,1,5,0,Clear,0,549
2025-02-10,Warangal,TRN1299,16,0,1,Cloudy,0,681
2025-12-10,Guntur,TRN5603,5,2,0,Clear,0,319
2025-01-20,Warangal,TRN4822,17,0,0,Clear,0,493
2025-07-23,Warangal,TRN3243,5,2,0,Clear,0,378
2025-06-30,Nizamabad,TRN5749,20,0,0,Clear,0,644
2025-07-11,Nizamabad,TRN3067,18,4,1,Heavy Rain,0,806
2025-08-18,Kurnool,TRN4928,9,0,1,Rain,0,752
2025-03-28,Tirupati,TRN1449,21,4,0,Cloudy,0,705
2025-06-21,Visakhapatnam,TRN4770,8,5,0,Clear,0,530
2025-11-23,Vijayawada,TRN1549,4,6,0,Clear,0,426
2025-07-10,Vijayawada,TRN2648,21,3,0,Clear,0,518
2025-01-29,Vijayawada,TRN1543,6,2,1,Cloudy,0,553
2025-04-01,Warangal,TRN5779,0,1,0,Cloudy,0,264
2025-04-30,Visakhapatnam,TRN2776,13,2,0,Clear,1,655
2025-09-20,Nellore,TRN1858,13,5,0,Cloudy,0,465
2025-10-19,Vijayawada,TRN1747,23,6,0,Cloudy,1,770
2025-05-03,Kurnool,TRN4940,15,5,0,Clear,1,923
2025-08-28,Vijayawada,TRN4854,2,3,1,Clear,0,687
2025-09-25,Hyderabad,TRN4068,13,3,0,Clear,1,728
2025-05-02,Visakhapatnam,TRN4257,15,4,0,Rain,0,253
2025-02-24,Guntur,TRN2380,17,0,0,Rain,0,548
2025-03-01,Nizamabad,TRN4603,14,5,0,Rain,1,753
2025-06-20,Hyderabad,TRN4317,0,4,0,Cloudy,0,238
2025-05-12,Vijayawada,TRN2497,12,0,0,Clear,0,342
2025-01-22,Warangal,TRN2941,21,2,0,Rain,0,458
2025-07-01,Kurnool,TRN1602,6,1,0,Clear,0,210
2025-08-28,Nellore,TRN3109,12,3,0,Clear,1,940
2025-06-06,Kurnool,TRN1196,16,4,0,Rain,0,327
2025-03-05,Tirupati,TRN5986,9,2,0,Cloudy,0,609
2025-01-28,Vijayawada,TRN2258,11,1,0,Clear,0,310
2025-04-23,Warangal,TRN5454,15,2,1,Rain,0,629
2025-01-24,Hyderabad,TRN1353,8,4,0,Clear,0,521
2025-11-18,Guntur,TRN2051,3,1,0,Cloudy,0,389
2025-01-30,Kurnool,TRN2941,15,3,0,Clear,0,230
2025-06-23,Visakhapatnam,TRN2212,23,0,0,Clear,0,220
2025-12-31,Warangal,TRN5215,10,2,0,Clear,0,609
2025-07-31,Secunderabad,TRN3752,4,3,0,Cloudy,0,409
2025-06-21,Tirupati,TRN1301,20,5,0,Cloudy,0,637
2025-09-14,Vijayawada,TRN1515,6,6,0,Clear,0,450
2025-06-01,Nellore,TRN4361,8,6,0,Clear,0,624
2025-11-24,Guntur,TRN2374,19,0,0,Clear,0,680
2025-02-12,Vijayawada,TRN2163,7,2,0,Rain,0,440
2025-07-04,Hyderabad,TRN3864,19,4,1,Heavy Rain,0,827
2025-05-03,Secunderabad,TRN2644,15,5,1,Rain,0,569
2025-05-16,Nellore,TRN1909,7,4,0,Heavy Rain,0,416
2025-04-07,Nizamabad,TRN4539,10,0,0,Cloudy,0,512
2025-05-01,Kurnool,TRN2885,3,3,0,Cloudy,0,301
2025-03-13,Visakhapatnam,TRN2800,7,3,0,Clear,0,630
2025-03-13,Nellore,TRN2096,19,3,0,Rain,0,400
2025-05-23,Vijayawada,TRN4039,14,4,0,Clear,0,429
2025-02-05,Visakhapatnam,TRN3479,23,2,0,Cloudy,0,360
2025-06-15,Nellore,TRN4527,17,6,0,Clear,0,742
2025-03-23,Guntur,TRN1063,1,6,0,Clear,0,309
2025-10-20,Secunderabad,TRN2326,6,0,0,Clear,0,312
2025-12-02,Kurnool,TRN3982,6,1,1,Cloudy,0,607
2025-12-03,Guntur,TRN4221,11,2,0,Clear,0,332
2025-05-15,Vijayawada,TRN1513,5,3,0,Clear,0,319
2025-05-15,Kurnool,TRN2458,13,3,0,Heavy Rain,0,343
2025-05-05,Hyderabad,TRN1951,1,0,0,Clear,0,271
2025-06-09,Hyderabad,TRN2419,3,0,0,Cloudy,0,298
2025-04-08,Warangal,TRN1857,17,1,1,Cloudy,0,937
2025-03-06,Vijayawada,TRN5051,8,3,0,Fog,0,408
2025-12-19,Vijayawada,TRN3129,5,4,1,Heavy Rain,0,456
2025-03-25,Vijayawada,TRN2463,22,1,0,Cloudy,0,411
2025-02-26,Guntur,TRN4753,14,2,0,Cloudy,0,426
2025-08-06,Kurnool,TRN1690,7,2,0,Cloudy,0,530
2025-10-14,Secunderabad,TRN2403,13,1,0,Heavy Rain,0,387
2025-06-18,Vijayawada,TRN3350,19,2,0,Fog,0,561
2025-12-16,Secunderabad,TRN3116,21,1,0,Cloudy,0,655
2025-07-25,Tirupati,TRN3911,5,4,0,Clear,0,393
2025-06-24,Vijayawada,TRN5267,12,1,0,Cloudy,0,327
2025-09-24,Vijayawada,TRN3993,1,2,0,Rain,1,727
2025-08-04,Guntur,TRN5435,13,0,0,Clear,0,491
2025-08-24,Tirupati,TRN1332,5,6,0,Rain,0,442
2025-11-17,Nizamabad,TRN1529,3,0,0,Clear,0,363
2025-11-10,Warangal,TRN4050,1,0,0,Clear,0,266
2025-06-08,Tirupati,TRN4843,10,6,0,Cloudy,0,578
2025-10-11,Guntur,TRN5117,4,5,0,Fog,0,321
2025-05-01,Guntur,TRN5761,4,3,0,Cloudy,0,277
2025-04-08,Guntur,TRN3171,21,1,0,Heavy Rain,0,559
2025-06-17,Tirupati,TRN1332,4,1,0,Clear,0,298
2025-06-19,Vijayawada,TRN5296,22,3,0,Cloudy,0,372
2025-07-04,Warangal,TRN1293,5,4,0,Cloudy,0,238
2025-02-28,Vijayawada,TRN2977,0,4,0,Clear,0,284
2025-10-02,Guntur,TRN5720,4,3,0,Cloudy,0,346
2025-02-11,Vijayawada,TRN5184,15,1,0,Clear,0,342
2025-11-03,Hyderabad,TRN1209,17,0,0,Heavy Rain,0,539
2025-10-22,Hyderabad,TRN4203,9,2,0,Clear,0,700
2025-09-27,Guntur,TRN4559,17,5,0,Clear,0,711
2025-11-27,Warangal,TRN5880,0,3,0,Fog,0,357
2025-11-01,Kurnool,TRN4610,5,5,0,Clear,0,450
2025-10-01,Nizamabad,TRN1668,20,2,0,Cloudy,0,585
2025-10-16,Warangal,TRN5192,10,3,0,Clear,0,529
2025-10-06,Secunderabad,TRN3350,12,0,0,Clear,0,366
2025-05-25,Kurnool,TRN5254,8,6,1,Clear,0,953
2025-08-13,Vijayawada,TRN4894,14,2,0,Cloudy,0,421
2025-03-03,Visakhapatnam,TRN2655,11,0,0,Clear,0,434
2025-05-29,Warangal,TRN3102,10,3,0,Cloudy,0,506
2025-10-19,Nizamabad,TRN1511,9,6,0,Clear,0,702
2025-06-05,Nellore,TRN1503,20,3,0,Cloudy,0,708
2025-12-26,Vijayawada,TRN4409,8,4,1,Cloudy,0,774
2025-09-11,Nizamabad,TRN4636,12,3,0,Clear,1,812
2025-06-16,Tirupati,TRN2798,11,0,0,Cloudy,0,545
2025-12-20,Warangal,TRN5785,12,5,0,Cloudy,0,618
2025-11-27,Warangal,TRN1385,1,3,0,Rain,0,213
2025-02-12,Nizamabad,TRN1847,3,2,1,Clear,0,709
2025-12-29,Kurnool,TRN3206,0,0,0,Cloudy,0,230
2025-04-27,Guntur,TRN4069,18,6,0,Clear,0,666
2025-03-24,Visakhapatnam,TRN4797,18,0,0,Rain,0,539
2025-04-04,Kurnool,TRN3436,11,4,0,Clear,0,533
2025-09-22,Kurnool,TRN2136,14,0,0,Cloudy,0,453
2025-12-29,Visakhapatnam,TRN4059,17,0,0,Clear,0,656
2025-08-18,Nizamabad,TRN2726,16,0,0,Clear,0,418
2025-10-22,Warangal,TRN3985,20,2,0,Clear,0,627
2025-12-25,Warangal,TRN3895,7,3,0,Cloudy,0,579
2025-12-02,Warangal,TRN3362,10,1,0,Heavy Rain,0,442
2025-06-26,Secunderabad,TRN5257,23,3,0,Fog,0,318
2025-06-16,Nizamabad,TRN1654,11,0,0,Clear,0,393
2025-10-23,Visakhapatnam,TRN2768,4,3,0,Clear,0,416
2025-02-26,Guntur,TRN4609,13,2,1,Rain,0,696
2025-11-11,Hyderabad,TRN5972,3,1,0,Clear,0,271
2025-11-22,Guntur,TRN1230,3,5,0,Heavy Rain,0,337
2025-04-26,Vijayawada,TRN4333,2,5,0,Clear,0,505
2025-02-12,Kurnool,TRN3516,17,2,0,Clear,0,625
2025-09-14,Visakhapatnam,TRN1546,19,6,0,Rain,0,818
2025-04-16,Hyderabad,TRN2402,15,2,0,Fog,0,469
2025-08-13,Vijayawada,TRN2099,20,2,0,Clear,0,489
2025-12-02,Visakhapatnam,TRN1580,14,1,0,Clear,0,419
2025-04-08,Visakhapatnam,TRN5095,16,1,0,Cloudy,0,344
2025-09-25,Tirupati,TRN5938,5,3,0,Rain,0,126
2025-05-11,Warangal,TRN3146,0,6,0,Clear,0,430
2025-01-28,Kurnool,TRN3717,9,1,0,Cloudy,0,570
2025-06-30,Secunderabad,TRN4121,4,0,0,Clear,0,315
2025-07-03,Tirupati,TRN1489,7,3,0,Clear,1,961
2025-10-27,Kurnool,TRN2041,6,0,0,Rain,0,300
2025-09-07,Nizamabad,TRN3050,12,6,0,Rain,0,408
2025-12-30,Hyderabad,TRN2446,3,1,0,Rain,0,167
2025-03-01,Tirupati,TRN1109,0,5,0,Cloudy,0,404
2025-03-28,Kurnool,TRN5063,23,4,0,Clear,0,326
2025-10-24,Visakhapatnam,TRN3263,23,4,0,Cloudy,0,197
2025-01-28,Nizamabad,TRN5992,1,1,0,Clear,0,407
2025-12-14,Secunderabad,TRN3115,12,6,0,Rain,0,501
2025-06-09,Visakhapatnam,TRN5124,17,0,0,Cloudy,0,663
2025-09-14,Nizamabad,TRN2257,11,6,0,Cloudy,0,434
2025-08-04,Vijayawada,TRN4384,18,0,0,Clear,0,609
2025-07-15,Tirupati,TRN3763,3,1,0,Clear,0,279
2025-09-01,Guntur,TRN5653,16,0,0,Heavy Rain,0,307
2025-01-09,Nellore,TRN4035,17,3,0,Clear,0,611
2025-04-26,Secunderabad,TRN4717,23,5,0,Fog,0,337
2025-12-30,Vijayawada,TRN2639,0,1,0,Rain,0,236
2025-03-23,Nizamabad,TRN1677,22,6,0,Heavy Rain,0,330
2025-01-17,Nizamabad,TRN2546,5,4,0,Clear,0,307
2025-05-31,Visakhapatnam,TRN4464,13,5,0,Clear,0,529
2025-08-05,Guntur,TRN4450,20,1,1,Cloudy,0,746
2025-03-30,Visakhapatnam,TRN1830,18,6,0,Clear,0,727
2025-06-14,Tirupati,TRN4021,0,5,0,Cloudy,0,410
2025-05-14,Guntur,TRN2992,13,2,0,Clear,0,334
2025-04-20,Tirupati,TRN1843,21,6,0,Rain,1,1037
2025-06-04,Secunderabad,TRN2428,14,2,0,Clear,0,394
2025-08-10,Nellore,TRN4621,12,6,1,Clear,0,750
2025-07-25,Nizamabad,TRN3044,0,4,0,Heavy Rain,0,216
2025-03-11,Tirupati,TRN4789,11,1,0,Cloudy,0,330
2025-09-19,Nellore,TRN5616,19,4,0,Rain,0,524
2025-01-04,Vijayawada,TRN2807,7,5,0,Cloudy,0,694
2025-04-14,Secunderabad,TRN5791,12,0,0,Cloudy,0,451
2025-10-05,Kurnool,TRN5815,0,6,0,Clear,0,349
2025-12-23,Hyderabad,TRN3439,1,1,0,Clear,0,351
2025-05-17,Vijayawada,TRN1556,14,5,0,Clear,0,449
2025-04-24,Nizamabad,TRN2114,21,3,0,Clear,0,590
2025-01-09,Secunderabad,TRN3371,4,3,0,Clear,0,333
2025-04-11,Nizamabad,TRN4352,19,4,0,Clear,0,552
2025-11-29,Guntur,TRN5966,3,5,0,Clear,0,446
2025-09-29,Nellore,TRN5317,20,0,0,Cloudy,0,610
2025-04-14,Tirupati,TRN2029,14,0,0,Cloudy,0,408
2025-06-24,Hyderabad,TRN4187,0,1,0,Cloudy,0,286
2025-10-29,Vijayawada,TRN3397,15,2,0,Clear,0,357
2025-11-27,Tirupati,TRN3549,22,3,0,Clear,0,159
2025-06-14,Tirupati,TRN3225,15,5,0,Clear,0,338
2025-02-20,Kurnool,TRN4519,20,3,0,Rain,0,526
2025-12-11,Vijayawada,TRN1556,10,3,0,Heavy Rain,0,441
2025-09-09,Nellore,TRN4116,21,1,0,Fog,0,514
2025-06-11,Visakhapatnam,TRN5772,14,2,0,Heavy Rain,0,251
2025-04-16,Hyderabad,TRN5399,17,2,0,Clear,0,694
2025-07-02,Kurnool,TRN5341,11,2,0,Cloudy,0,262
2025-07-30,Visakhapatnam,TRN1941,1,2,0,Clear,0,221
2025-05-16,Visakhapatnam,TRN1173,0,4,0,Cloudy,0,263
2025-01-04,Warangal,TRN2611,9,5,0,Clear,0,740
2025-08-10,Nellore,TRN4970,21,6,0,Cloudy,0,626
2025-02-15,Vijayawada,TRN4991,16,5,0,Clear,0,596
2025-05-05,Warangal,TRN2282,20,0,0,Clear,1,949
2025-12-05,Kurnool,TRN1506,15,4,0,Rain,0,318
2025-05-24,Visakhapatnam,TRN5410,17,5,0,Clear,1,1103
2025-09-02,Visakhapatnam,TRN4681,20,1,0,Cloudy,0,719
2025-08-09,Warangal,TRN4009,7,5,0,Heavy Rain,0,580
2025-02-02,Nizamabad,TRN1530,22,6,0,Fog,1,774
2025-11-28,Visakhapatnam,TRN1151,6,4,0,Heavy Rain,0,181
2025-07-24,Visakhapatnam,TRN5717,21,3,0,Clear,1,864
2025-08-07,Secunderabad,TRN2012,6,3,0,Clear,0,257
2025-12-11,Nizamabad,TRN4954,1,3,0,Clear,0,416
2025-02-03,Vijayawada,TRN2454,17,0,0,Rain,0,460
2025-11-07,Kurnool,TRN5295,17,4,0,Clear,0,608
2025-03-24,Hyderabad,TRN1698,21,0,0,Clear,0,547
2025-01-15,Tirupati,TRN4777,15,2,0,Clear,0,450
2025-06-21,Nellore,TRN5249,3,5,0,Rain,0,530
2025-03-19,Guntur,TRN1409,14,2,0,Clear,0,359
2025-07-13,Visakhapatnam,TRN5183,10,6,0,Rain,0,703
2025-08-16,Visakhapatnam,TRN3092,8,5,0,Clear,0,762
2025-08-21,Hyderabad,TRN1266,22,3,0,Clear,0,267
2025-12-18,Visakhapatnam,TRN2953,8,3,0,Rain,0,534
2025-05-28,Vijayawada,TRN4694,16,2,0,Clear,0,414
2025-04-25,Secunderabad,TRN5650,17,4,0,Rain,1,948
2025-08-11,Nizamabad,TRN2931,0,0,0,Heavy Rain,0,218
2025-07-03,Secunderabad,TRN4907,12,3,0,Rain,0,285
2025-10-12,Kurnool,TRN2028,13,6,0,Cloudy,0,583
2025-10-09,Hyderabad,TRN3857,14,3,0,Clear,0,389
2025-10-04,Warangal,TRN3923,22,5,0,Cloudy,0,478
2025-06-14,Warangal,TRN5805,13,5,0,Rain,0,448
2025-07-14,Kurnool,TRN5164,7,0,0,Heavy Rain,0,563
2025-09-08,Visakhapatnam,TRN5535,7,0,0,Clear,0,593
2025-02-21,Tirupati,TRN3036,5,4,1,Rain,0,467
2025-06-21,Kurnool,TRN1362,4,5,0,Clear,0,450
2025-05-01,Visakhapatnam,TRN4814,9,3,0,Cloudy,0,529
2025-03-14,Warangal,TRN4955,0,4,0,Rain,0,160
2025-01-02,Secunderabad,TRN1204,17,3,0,Clear,0,444
2025-12-22,Secunderabad,TRN3065,15,0,0,Clear,0,353
2025-03-17,Guntur,TRN5900,22,0,0,Clear,0,159
2025-09-25,Hyderabad,TRN3453,1,3,0,Cloudy,0,407
2025-06-17,Secunderabad,TRN2912,11,1,0,Clear,0,372
2025-11-26,Tirupati,TRN1924,18,2,0,Clear,0,581
2025-07-17,Nizamabad,TRN3295,8,3,0,Heavy Rain,0,429
2025-11-20,Nizamabad,TRN3840,18,3,0,Clear,0,538
2025-11-19,Kurnool,TRN5251,2,2,0,Clear,0,388
2025-04-09,Warangal,TRN2932,16,2,0,Cloudy,0,332
2025-06-05,Kurnool,TRN5839,17,3,0,Cloudy,0,519
2025-07-03,Vijayawada,TRN1302,20,3,0,Clear,0,659
2025-01-18,Visakhapatnam,TRN5215,15,5,0,Clear,0,485
2025-10-18,Kurnool,TRN5199,15,5,0,Clear,0,593
2025-03-28,Secunderabad,TRN4320,17,4,0,Clear,0,662
2025-08-25,Secunderabad,TRN2050,17,0,0,Fog,0,515
2025-02-18,Kurnool,TRN5920,5,1,0,Heavy Rain,0,282
2025-03-08,Kurnool,TRN3080,9,5,0,Clear,0,731
2025-10-21,Secunderabad,TRN4143,2,1,0,Cloudy,0,295
2025-04-29,Hyderabad,TRN2025,21,1,0,Clear,0,495
2025-01-07,Guntur,TRN4766,17,1,0,Clear,0,730
2025-02-17,Kurnool,TRN4906,13,0,0,Fog,0,458
2025-02-04,Nellore,TRN1675,4,1,0,Cloudy,0,183
2025-12-15,Guntur,TRN5457,17,0,0,Clear,0,560
2025-02-05,Guntur,TRN1395,22,2,0,Clear,0,294
2025-02-24,Nellore,TRN5938,3,0,0,Cloudy,0,261
2025-09-27,Nellore,TRN1966,11,5,0,Rain,0,457
2025-07-27,Nellore,TRN1654,15,6,0,Clear,0,518
2025-04-12,Secunderabad,TRN5840,2,5,0,Cloudy,0,484
2025-10-26,Kurnool,TRN4371,7,6,0,Fog,0,641
2025-04-07,Visakhapatnam,TRN5429,11,0,0,Rain,1,654
2025-07-18,Visakhapatnam,TRN4314,3,4,0,Clear,1,575
2025-03-26,Tirupati,TRN2357,15,2,0,Clear,0,484
2025-02-10,Nellore,TRN3553,4,0,0,Clear,0,196
2025-11-01,Nizamabad,TRN1220,22,5,0,Clear,0,321
2025-07-05,Visakhapatnam,TRN5924,16,5,0,Clear,0,489
2025-07-15,Tirupati,TRN1891,17,1,0,Clear,0,595
2025-11-27,Tirupati,TRN5859,14,3,0,Cloudy,0,377
2025-07-20,Kurnool,TRN4568,12,6,0,Fog,0,612
2025-09-15,Guntur,TRN2735,18,0,0,Clear,0,624
2025-05-20,Hyderabad,TRN1340,21,1,0,Cloudy,1,884
2025-12-23,Guntur,TRN4939,14,1,1,Cloudy,0,626
2025-12-17,Nizamabad,TRN2727,16,2,0,Clear,0,426
2025-11-02,Guntur,TRN1160,20,6,0,Heavy Rain,0,797
2025-07-03,Warangal,TRN4394,5,3,0,Heavy Rain,0,182
2025-07-02,Kurnool,TRN2338,5,2,0,Clear,0,300
2025-02-24,Kurnool,TRN3632,18,0,0,Clear,0,589
2025-06-02,Warangal,TRN1226,5,0,0,Clear,0,162
2025-10-22,Warangal,TRN2995,2,2,0,Clear,0,348
2025-04-21,Secunderabad,TRN1247,1,0,0,Clear,0,148
2025-09-28,Guntur,TRN1535,7,6,0,Heavy Rain,0,543
2025-02-22,Guntur,TRN4764,18,5,0,Clear,0,698
2025-08-10,Guntur,TRN5068,6,6,0,Cloudy,0,433
2025-07-18,Guntur,TRN2909,0,4,0,Rain,0,151
2025-09-20,Nizamabad,TRN3385,20,5,0,Rain,0,594
2025-03-19,Secunderabad,TRN1638,9,2,0,Cloudy,0,443
2025-09-14,Nellore,TRN3744,4,6,0,Heavy Rain,0,266
2025-02-18,Tirupati,TRN4012,21,1,0,Heavy Rain,0,532
2025-08-23,Visakhapatnam,TRN2333,9,5,0,Clear,0,622
2025-03-12,Warangal,TRN2461,5,2,0,Clear,0,276
2025-07-28,Vijayawada,TRN4123,7,0,0,Clear,0,384
2025-05-23,Tirupati,TRN4142,15,4,0,Cloudy,0,434
2025-07-13,Kurnool,TRN5353,9,6,0,Cloudy,0,763
2025-11-09,Kurnool,TRN2547,19,6,0,Clear,0,643
2025-03-07,Warangal,TRN1754,22,4,0,Clear,0,162
2025-01-18,Vijayawada,TRN5686,2,5,0,Cloudy,0,390
2025-12-03,Guntur,TRN2074,5,2,0,Clear,0,299
2025-07-31,Hyderabad,TRN3203,22,3,0,Heavy Rain,0,293
2025-10-16,Secunderabad,TRN5662,1,3,0,Rain,1,670
2025-08-28,Kurnool,TRN5352,6,3,0,Clear,0,225
2025-06-01,Guntur,TRN3131,9,6,0,Rain,0,662
2025-03-07,Kurnool,TRN1365,3,4,1,Clear,0,466
2025-10-16,Secunderabad,TRN3542,22,3,0,Heavy Rain,0,352
2025-01-08,Warangal,TRN5380,20,2,0,Heavy Rain,0,566
2025-03-22,Hyderabad,TRN5211,3,5,0,Rain,0,360
2025-11-27,Guntur,TRN5050,8,3,0,Clear,0,534
2025-10-17,Warangal,TRN3952,11,4,0,Clear,0,507
2025-07-11,Tirupati,TRN3651,6,4,0,Clear,0,169
2025-01-03,Visakhapatnam,TRN2828,6,4,0,Rain,0,249
2025-12-18,Vijayawada,TRN2297,17,3,0,Clear,0,579
2025-12-14,Guntur,TRN2652,20,6,0,Cloudy,0,803
2025-02-15,Vijayawada,TRN1660,19,5,0,Clear,0,740
2025-04-30,Warangal,TRN3732,21,2,0,Clear,0,753
2025-08-29,Hyderabad,TRN5773,3,4,0,Rain,0,306
2025-12-15,Tirupati,TRN4294,5,0,0,Clear,0,323
2025-05-13,Guntur,TRN5919,0,1,0,Clear,0,274
2025-05-28,Secunderabad,TRN4925,3,2,0,Clear,0,261
2025-10-01,Visakhapatnam,TRN4937,9,2,0,Clear,0,576
2025-01-17,Nellore,TRN2064,6,4,0,Clear,0,320
2025-12-02,Nizamabad,TRN2750,6,1,0,Rain,0,239
2025-07-28,Nellore,TRN3410,12,0,0,Fog,0,354
2025-01-30,Warangal,TRN1369,7,3,0,Rain,0,529
2025-03-17,Nizamabad,TRN4814,5,0,0,Clear,0,310
2025-02-19,Nizamabad,TRN2994,0,2,0,Rain,0,152
2025-08-21,Secunderabad,TRN5139,4,3,0,Heavy Rain,0,189
2025-02-18,Secunderabad,TRN1138,20,1,0,Cloudy,0,705
2025-02-26,Kurnool,TRN5165,5,2,0,Cloudy,0,274
2025-07-27,Vijayawada,TRN1180,12,6,0,Rain,0,524
2025-04-04,Vijayawada,TRN4756,12,4,0,Clear,0,400
2025-10-27,Tirupati,TRN4439,20,0,1,Clear,0,736
2025-10-28,Nellore,TRN4466,16,1,0,Cloudy,0,528
2025-05-14,Nizamabad,TRN5363,17,2,0,Cloudy,0,504
2025-09-24,Secunderabad,TRN4665,1,2,0,Cloudy,0,509
2025-04-04,Guntur,TRN2895,17,4,0,Cloudy,0,559
2025-06-27,Vijayawada,TRN3843,5,4,0,Cloudy,0,276
2025-10-12,Nizamabad,TRN4282,3,6,0,Clear,0,461
2025-05-30,Kurnool,TRN1752,21,4,0,Clear,0,593
2025-08-26,Tirupati,TRN4080,0,1,0,Cloudy,0,361
2025-08-10,Visakhapatnam,TRN4623,5,6,0,Cloudy,0,488
2025-04-30,Tirupati,TRN4241,11,2,0,Clear,0,323
2025-05-16,Nizamabad,TRN2612,2,4,0,Cloudy,0,348
2025-09-30,Nizamabad,TRN1354,0,1,0,Cloudy,0,264
2025-06-19,Guntur,TRN4910,10,3,0,Heavy Rain,0,610
2025-07-15,Kurnool,TRN3716,23,1,0,Clear,0,213
2025-10-21,Nizamabad,TRN5620,2,1,0,Clear,0,284
2025-12-20,Warangal,TRN4759,12,5,1,Clear,0,738
2025-05-25,Warangal,TRN5153,3,6,0,Clear,0,429
2025-01-10,Secunderabad,TRN2975,13,4,0,Cloudy,0,445
2025-09-21,Hyderabad,TRN4132,15,6,0,Cloudy,1,796
2025-08-14,Guntur,TRN5197,22,3,0,Clear,0,262
2025-01-06,Visakhapatnam,TRN1221,10,0,0,Heavy Rain,0,434
2025-07-02,Vijayawada,TRN1280,5,2,0,Clear,0,185
2025-01-24,Vijayawada,TRN1256,21,4,0,Heavy Rain,0,576
2025-02-06,Visakhapatnam,TRN2235,17,3,0,Cloudy,0,676
2025-11-16,Tirupati,TRN4993,16,6,0,Clear,0,512
2025-05-06,Visakhapatnam,TRN5846,10,1,1,Heavy Rain,0,700
2025-03-12,Warangal,TRN3471,16,2,0,Cloudy,0,285
2025-05-07,Nizamabad,TRN3326,13,2,0,Cloudy,0,411
2025-05-01,Nizamabad,TRN4491,19,3,0,Clear,0,566
2025-10-19,Vijayawada,TRN4517,18,6,0,Cloudy,0,829
2025-09-02,Kurnool,TRN3363,5,1,0,Clear,0,250
2025-01-06,Secunderabad,TRN2363,12,0,0,Fog,0,404
2025-09-25,Kurnool,TRN2913,10,3,0,Clear,0,535
2025-06-20,Warangal,TRN3462,2,4,0,Cloudy,0,355
2025-02-18,Nizamabad,TRN1839,1,1,0,Clear,0,269
2025-07-28,Kurnool,TRN2862,4,0,1,Cloudy,0,597
2025-04-12,Tirupati,TRN3787,2,5,0,Cloudy,0,489
2025-02-06,Secunderabad,TRN4312,11,3,0,Clear,0,467
2025-12-24,Guntur,TRN2601,2,2,0,Fog,0,420
2025-04-11,Tirupati,TRN1334,11,4,0,Cloudy,0,387
2025-10-04,Tirupati,TRN2941,12,5,0,Cloudy,0,425
2025-05-18,Hyderabad,TRN3131,9,6,0,Clear,0,646
2025-09-16,Tirupati,TRN3779,4,1,1,Cloudy,0,708
2025-04-25,Guntur,TRN2479,13,4,0,Cloudy,0,389
2025-01-06,Nizamabad,TRN4702,18,0,0,Clear,0,580
2025-03-22,Warangal,TRN1107,7,5,0,Cloudy,0,656
2025-06-29,Kurnool,TRN5057,16,6,0,Cloudy,0,394
2025-10-31,Tirupati,TRN5891,15,4,0,Fog,0,384
2025-02-17,Tirupati,TRN5210,6,0,0,Clear,0,239
2025-06-20,Visakhapatnam,TRN3988,5,4,0,Cloudy,0,265
2025-02-03,Warangal,TRN1764,14,0,0,Cloudy,0,462
2025-12-25,Visakhapatnam,TRN5194,1,3,0,Clear,0,275
2025-06-15,Kurnool,TRN3954,9,6,0,Cloudy,0,717
2025-07-18,Vijayawada,TRN4325,9,4,0,Cloudy,0,484
2025-11-28,Nellore,TRN2528,21,4,0,Clear,0,639
2025-03-31,Visakhapatnam,TRN5237,5,0,0,Heavy Rain,0,373
2025-09-28,Secunderabad,TRN5159,17,6,0,Cloudy,0,737
2025-09-24,Vijayawada,TRN5716,5,2,0,Cloudy,1,656
2025-09-30,Vijayawada,TRN5733,9,1,0,Cloudy,0,457
2025-12-26,Tirupati,TRN5708,8,4,0,Clear,0,673
2025-06-17,Hyderabad,TRN1988,15,1,0,Rain,0,238
2025-11-28,Hyderabad,TRN2819,17,4,0,Clear,0,541
2025-07-20,Warangal,TRN5351,15,6,0,Rain,0,418
2025-09-03,Vijayawada,TRN1114,22,2,0,Clear,0,370
2025-12-19,Hyderabad,TRN3083,3,4,0,Clear,0,305
2025-06-23,Visakhapatnam,TRN1857,13,0,0,Cloudy,0,350
2025-12-24,Nizamabad,TRN1156,11,2,0,Fog,0,289
2025-04-14,Tirupati,TRN5050,20,0,0,Clear,0,513
2025-07-27,Tirupati,TRN4691,2,6,0,Heavy Rain,0,472
2025-05-09,Kurnool,TRN4228,2,4,0,Clear,0,267
2025-06-25,Tirupati,TRN2721,23,2,0,Rain,0,287
2025-08-19,Tirupati,TRN5271,0,1,1,Rain,0,582
2025-07-12,Tirupati,TRN5944,21,5,0,Cloudy,0,555
2025-01-01,Vijayawada,TRN1647,17,2,0,Cloudy,0,613
2025-04-01,Tirupati,TRN5845,23,1,0,Clear,0,448
2025-11-09,Visakhapatnam,TRN5571,10,6,0,Rain,0,739
2025-11-12,Vijayawada,TRN5944,14,2,0,Heavy Rain,0,295
2025-08-09,Nizamabad,TRN4387,10,5,1,Clear,0,892
2025-12-09,Hyderabad,TRN1094,6,1,0,Cloudy,0,268
2025-04-08,Visakhapatnam,TRN4362,5,1,0,Cloudy,0,312
2025-10-05,Kurnool,TRN5537,7,6,0,Rain,0,672
2025-02-25,Nellore,TRN3930,9,1,0,Cloudy,0,621
2025-03-23,Tirupati,TRN1648,17,6,0,Heavy Rain,0,762
2025-07-30,Secunderabad,TRN3144,13,2,0,Heavy Rain,0,392
2025-12-05,Tirupati,TRN5915,4,4,0,Cloudy,1,601
2025-09-30,Visakhapatnam,TRN2398,4,1,0,Clear,0,339
2025-08-26,Hyderabad,TRN3356,4,1,0,Clear,0,287
2025-01-01,Guntur,TRN4979,9,2,0,Cloudy,0,670
2025-08-21,Guntur,TRN1124,11,3,0,Cloudy,0,444
2025-06-15,Secunderabad,TRN3528,17,6,1,Clear,1,1288
2025-10-23,Secunderabad,TRN4834,2,3,0,Rain,0,248
2025-05-15,Nellore,TRN1287,19,3,0,Heavy Rain,0,521
2025-06-11,Tirupati,TRN4687,18,2,0,Rain,0,558
2025-11-07,Tirupati,TRN5596,23,4,0,Clear,0,154
2025-01-03,Tirupati,TRN1761,22,4,0,Cloudy,0,315
2025-04-17,Nizamabad,TRN2031,3,3,0,Cloudy,0,300
2025-10-11,Secunderabad,TRN4830,13,5,0,Cloudy,0,474
2025-03-19,Secunderabad,TRN1075,18,2,0,Cloudy,0,444
2025-12-30,Guntur,TRN3877,15,1,0,Clear,0,362
2025-03-11,Secunderabad,TRN2630,21,1,0,Clear,0,630
2025-05-30,Vijayawada,TRN5711,16,4,0,Cloudy,0,293
2025-01-08,Kurnool,TRN3541,12,2,0,Clear,0,355
2025-07-10,Warangal,TRN1250,14,3,0,Cloudy,0,395
2025-10-20,Kurnool,TRN2725,18,0,0,Clear,0,534
2025-05-22,Guntur,TRN3951,19,3,0,Clear,0,649
2025-09-27,Kurnool,TRN5508,9,5,0,Cloudy,0,571
2025-03-06,Tirupati,TRN2124,4,3,0,Cloudy,0,298
2025-03-31,Tirupati,TRN2601,11,0,0,Cloudy,0,343
2025-02-21,Secunderabad,TRN4263,21,4,0,Clear,0,680
2025-12-12,Nellore,TRN2640,20,4,1,Heavy Rain,1,1153
2025-07-19,Tirupati,TRN1960,12,5,0,Clear,0,702
2025-05-18,Nellore,TRN1700,10,6,0,Cloudy,0,875
2025-08-04,Tirupati,TRN1852,0,0,0,Rain,0,227
2025-02-13,Secunderabad,TRN1919,0,3,0,Cloudy,0,191
2025-10-14,Tirupati,TRN2537,4,1,0,Clear,1,641
2025-04-28,Kurnool,TRN5215,13,0,0,Fog,0,346
2025-02-10,Nizamabad,TRN4382,15,0,1,Clear,0,661
2025-03-13,Nellore,TRN2479,4,3,0,Clear,0,203
2025-05-15,Vijayawada,TRN1551,15,3,0,Clear,0,438
2025-01-22,Guntur,TRN1201,4,2,0,Clear,0,274
2025-01-29,Tirupati,TRN5975,12,2,0,Clear,0,376
2025-02-23,Secunderabad,TRN2401,2,6,0,Clear,0,464
2025-12-16,Vijayawada,TRN3067,11,1,0,Clear,0,483
2025-12-08,Guntur,TRN5087,6,0,0,Clear,0,203
2025-03-17,Hyderabad,TRN4664,1,0,0,Rain,0,297
2025-12-21,Secunderabad,TRN1808,15,6,0,Clear,0,408
2025-12-16,Warangal,TRN5133,2,1,0,Cloudy,0,405
2025-04-28,Kurnool,TRN3407,9,0,0,Heavy Rain,0,600
2025-09-12,Guntur,TRN3104,13,4,0,Cloudy,0,216
2025-06-24,Nellore,TRN5905,3,1,0,Clear,0,193
2025-02-17,Secunderabad,TRN3876,20,0,0,Clear,0,630
2025-01-27,Warangal,TRN3131,21,0,0,Clear,0,617
2025-07-16,Warangal,TRN3880,6,2,0,Clear,0,289
2025-04-13,Hyderabad,TRN5873,10,6,0,Clear,0,623
2025-10-07,Visakhapatnam,TRN1556,13,1,0,Heavy Rain,0,271
2025-06-27,Warangal,TRN2459,20,4,0,Cloudy,0,639
2025-06-27,Secunderabad,TRN5528,17,4,0,Clear,0,493
2025-06-04,Vijayawada,TRN2997,5,2,1,Clear,0,585
2025-03-26,Kurnool,TRN5022,0,2,0,Clear,0,274
2025-03-20,Vijayawada,TRN4492,16,3,0,Clear,0,471
2025-07-16,Kurnool,TRN5899,20,2,0,Heavy Rain,0,617
2025-10-25,Hyderabad,TRN3001,7,5,0,Cloudy,1,1015
2025-02-04,Nizamabad,TRN2749,23,1,0,Fog,0,246
2025-10-21,Secunderabad,TRN3567,16,1,0,Cloudy,0,421
2025-10-19,Hyderabad,TRN1283,22,6,0,Clear,0,431
2025-11-11,Guntur,TRN1290,19,1,0,Clear,0,550
2025-10-15,Guntur,TRN4535,16,2,0,Cloudy,0,349
2025-12-07,Warangal,TRN3253,10,6,0,Cloudy,0,670
2025-02-09,Nizamabad,TRN1748,18,6,0,Clear,0,798
2025-01-07,Tirupati,TRN1716,0,1,0,Clear,0,279
2025-08-10,Tirupati,TRN2520,22,6,0,Cloudy,0,442
2025-03-19,Nizamabad,TRN5182,8,2,0,Rain,1,907
2025-12-15,Nellore,TRN5463,16,0,1,Cloudy,0,654
2025-12-30,Visakhapatnam,TRN4127,18,1,0,Clear,0,714
2025-06-09,Nizamabad,TRN4897,8,0,0,Clear,0,557
2025-05-03,Visakhapatnam,TRN4230,3,5,0,Cloudy,0,441
2025-09-05,Warangal,TRN2434,23,4,0,Rain,0,231
2025-12-01,Guntur,TRN3301,23,0,0,Fog,0,412
2025-04-16,Vijayawada,TRN4906,19,2,0,Heavy Rain,0,598
2025-07-24,Nizamabad,TRN4693,21,3,0,Clear,0,584
2025-07-03,Kurnool,TRN5743,17,3,0,Cloudy,0,615
2025-03-20,Kurnool,TRN4526,22,3,0,Cloudy,0,312
2025-02-10,Vijayawada,TRN2457,16,0,0,Cloudy,0,357
2025-03-26,Warangal,TRN5303,8,2,0,Clear,0,488
2025-06-23,Hyderabad,TRN1755,2,0,0,Cloudy,0,260
2025-09-24,Kurnool,TRN5602,22,2,0,Rain,0,172
2025-03-09,Secunderabad,TRN1857,17,6,0,Clear,0,741
2025-11-26,Tirupati,TRN3267,22,2,0,Clear,0,371
2025-07-27,Tirupati,TRN3353,23,6,1,Clear,0,660
2025-12-15,Guntur,TRN2315,10,0,0,Rain,0,639
2025-07-25,Visakhapatnam,TRN1320,21,4,0,Clear,0,557
2025-03-25,Hyderabad,TRN5014,6,1,0,Clear,0,380
2025-03-15,Kurnool,TRN2370,20,5,0,Cloudy,0,688
2025-01-30,Kurnool,TRN3849,9,3,0,Heavy Rain,1,841
2025-12-21,Visakhapatnam,TRN2802,2,6,0,Cloudy,0,504
2025-12-04,Guntur,TRN2749,3,3,0,Clear,0,371
2025-10-03,Secunderabad,TRN3553,5,4,0,Clear,1,707
2025-09-10,Kurnool,TRN5561,16,2,0,Cloudy,0,387
2025-04-14,Vijayawada,TRN2476,5,0,0,Clear,0,293
2025-08-05,Secunderabad,TRN1661,22,1,1,Clear,0,582
2025-06-22,Vijayawada,TRN2646,21,6,0,Clear,0,701
2025-09-09,Nizamabad,TRN4300,10,1,1,Cloudy,0,869
2025-05-31,Hyderabad,TRN4372,12,5,0,Clear,0,434
2025-09-07,Secunderabad,TRN2772,12,6,0,Cloudy,0,555
2025-11-28,Secunderabad,TRN2663,13,4,0,Cloudy,0,326
2025-10-18,Guntur,TRN2562,7,5,0,Cloudy,0,808
2025-05-06,Hyderabad,TRN5969,13,1,0,Clear,0,426
2025-08-16,Nizamabad,TRN5407,8,5,0,Clear,0,672
2025-01-08,Warangal,TRN5720,2,2,1,Rain,0,578
2025-12-28,Vijayawada,TRN5544,19,6,0,Cloudy,0,760
2025-11-01,Guntur,TRN2871,6,5,0,Cloudy,0,411
2025-01-19,Nellore,TRN4218,9,6,0,Rain,0,630
2025-01-06,Nellore,TRN3646,8,0,0,Clear,0,530
2025-11-30,Guntur,TRN3858,18,6,0,Clear,0,694
2025-03-12,Nellore,TRN1873,21,2,0,Heavy Rain,0,439
2025-03-05,Guntur,TRN4319,6,2,0,Clear,0,393
2025-04-29,Visakhapatnam,TRN4076,19,1,0,Rain,0,558
2025-12-16,Secunderabad,TRN3103,20,1,0,Cloudy,0,525
2025-04-08,Vijayawada,TRN2181,7,1,0,Cloudy,0,636
2025-04-01,Secunderabad,TRN3043,1,1,0,Clear,1,569
2025-11-19,Guntur,TRN2827,22,2,0,Clear,0,240
2025-12-11,Tirupati,TRN1405,20,3,0,Cloudy,0,594
2025-04-25,Secunderabad,TRN1804,7,4,0,Clear,0,615
2025-10-28,Tirupati,TRN4036,15,1,0,Clear,0,518
2025-12-27,Secunderabad,TRN1551,7,5,0,Cloudy,1,1064
2025-10-04,Tirupati,TRN1054,3,5,1,Rain,0,652
2025-04-27,Tirupati,TRN2081,18,6,0,Cloudy,0,726
2025-02-23,Nellore,TRN2375,17,6,1,Fog,0,1047
2025-12-25,Secunderabad,TRN3214,21,3,0,Clear,0,637
2025-05-22,Kurnool,TRN2513,18,3,0,Rain,0,561
2025-05-22,Tirupati,TRN1904,12,3,0,Fog,0,512
2025-09-29,Kurnool,TRN1467,19,0,0,Clear,0,621
2025-05-28,Nizamabad,TRN3077,23,2,0,Rain,0,252
2025-01-21,Hyderabad,TRN3976,11,1,0,Clear,0,353
2025-10-11,Guntur,TRN4125,3,5,0,Cloudy,0,446
2025-12-10,Tirupati,TRN2332,12,2,0,Clear,0,494
2025-10-03,Nizamabad,TRN3293,3,4,0,Clear,0,307
2025-08-27,Secunderabad,TRN3808,9,2,0,Heavy Rain,0,430
2025-12-20,Warangal,TRN1155,18,5,0,Cloudy,0,688
2025-02-25,Guntur,TRN1869,5,1,0,Cloudy,0,314
2025-05-04,Vijayawada,TRN1605,6,6,0,Cloudy,0,463
2025-12-28,Hyderabad,TRN2820,14,6,0,Clear,0,565
2025-01-05,Secunderabad,TRN5434,18,6,0,Rain,0,588
2025-06-13,Hyderabad,TRN4176,19,4,0,Clear,0,572
2025-11-20,Kurnool,TRN1827,7,3,0,Clear,0,574
2025-03-27,Hyderabad,TRN2639,9,3,1,Rain,0,851
2025-12-28,Hyderabad,TRN1310,20,6,0,Clear,0,802
2025-03-22,Secunderabad,TRN5568,0,5,0,Clear,0,468
2025-08-14,Secunderabad,TRN2401,15,3,0,Cloudy,0,367
2025-12-25,Tirupati,TRN4006,16,3,1,Rain,0,713
2025-02-08,Kurnool,TRN5704,23,5,0,Fog,0,374
2025-12-16,Vijayawada,TRN4782,23,1,0,Clear,1,730
2025-09-18,Secunderabad,TRN2391,15,3,0,Cloudy,0,397
2025-01-17,Hyderabad,TRN2828,7,4,0,Clear,0,495
2025-10-16,Visakhapatnam,TRN4365,23,3,0,Clear,0,362
2025-11-02,Guntur,TRN4668,5,6,0,Fog,0,313
2025-06-21,Secunderabad,TRN4641,14,5,1,Heavy Rain,0,676
2025-12-26,Hyderabad,TRN4451,14,4,0,Clear,0,461
2025-03-30,Nizamabad,TRN5605,19,6,0,Clear,0,785
2025-12-25,Warangal,TRN3554,4,3,1,Heavy Rain,0,417
2025-05-27,Vijayawada,TRN4422,3,1,0,Heavy Rain,0,112
2025-11-25,Nellore,TRN1715,18,1,0,Rain,0,612
2025-11-12,Hyderabad,TRN3679,20,2,0,Clear,0,604
2025-10-08,Secunderabad,TRN1801,23,2,0,Cloudy,0,322
2025-11-13,Hyderabad,TRN5974,6,3,0,Cloudy,0,432
2025-01-21,Vijayawada,TRN1028,1,1,0,Clear,0,231
2025-03-23,Guntur,TRN5496,2,6,0,Clear,1,723
2025-12-05,Visakhapatnam,TRN2503,2,4,0,Clear,0,308
2025-04-11,Tirupati,TRN2600,18,4,0,Clear,0,570
2025-02-26,Warangal,TRN5632,18,2,0,Clear,0,613
2025-10-24,Hyderabad,TRN3035,14,4,0,Clear,1,799
2025-01-21,Guntur,TRN3820,14,1,0,Heavy Rain,0,395
2025-05-20,Nizamabad,TRN4768,17,1,0,Cloudy,0,514
2025-05-07,Nizamabad,TRN3615,5,2,0,Cloudy,0,64
2025-02-04,Guntur,TRN3275,11,1,0,Clear,0,562
2025-04-20,Tirupati,TRN3380,4,6,0,Heavy Rain,0,308
2025-04-09,Warangal,TRN2732,20,2,0,Clear,0,639
2025-12-23,Hyderabad,TRN4532,10,1,0,Clear,0,482
2025-05-21,Nizamabad,TRN4297,9,2,0,Rain,0,511
2025-09-06,Visakhapatnam,TRN4521,15,5,1,Clear,0,712
2025-09-07,Vijayawada,TRN3369,19,6,0,Clear,0,661
2025-06-12,Secunderabad,TRN4201,10,3,0,Clear,0,595
2025-05-01,Vijayawada,TRN2274,14,3,0,Clear,0,364
2025-06-04,Vijayawada,TRN2438,13,2,0,Cloudy,0,341
2025-11-20,Visakhapatnam,TRN5595,0,3,0,Clear,0,321
2025-11-30,Kurnool,TRN2079,1,6,0,Cloudy,0,452
2025-10-18,Vijayawada,TRN5380,9,5,0,Cloudy,1,877
2025-07-07,Nizamabad,TRN3895,2,0,0,Clear,0,341
2025-04-28,Guntur,TRN3357,6,0,0,Fog,0,291
2025-07-21,Vijayawada,TRN4844,14,0,0,Heavy Rain,0,328
2025-10-17,Vijayawada,TRN5415,13,4,0,Clear,0,538
2025-06-20,Nizamabad,TRN5706,16,4,0,Clear,0,375
2025-05-10,Guntur,TRN2068,5,5,1,Heavy Rain,0,556
2025-07-01,Nizamabad,TRN2598,13,1,0,Clear,0,456
2025-09-03,Nizamabad,TRN4556,9,2,0,Clear,0,572
2025-04-15,Nizamabad,TRN5036,20,1,0,Rain,0,459
2025-01-13,Visakhapatnam,TRN5648,3,0,0,Clear,0,395
2025-08-11,Warangal,TRN5919,10,0,1,Clear,1,1175
2025-06-30,Warangal,TRN1376,18,0,0,Fog,0,634
2025-06-25,Guntur,TRN1617,1,2,0,Cloudy,0,331
2025-06-03,Vijayawada,TRN4361,21,1,0,Clear,0,593
2025-12-26,Hyderabad,TRN5649,11,4,0,Clear,1,834
2025-07-18,Guntur,TRN2098,6,4,0,Clear,0,346
2025-10-24,Warangal,TRN3773,5,4,0,Cloudy,0,436
2025-03-05,Hyderabad,TRN2093,8,2,0,Clear,0,469
2025-12-07,Secunderabad,TRN2365,9,6,0,Rain,0,592
2025-02-13,Secunderabad,TRN3631,3,3,0,Clear,0,180
2025-04-29,Hyderabad,TRN4629,4,1,0,Clear,0,431
2025-10-14,Tirupati,TRN4478,19,1,0,Cloudy,0,570
2025-01-12,Kurnool,TRN1386,16,6,0,Cloudy,1,879
2025-07-12,Nellore,TRN2541,7,5,0,Rain,0,685
2025-07-11,Vijayawada,TRN1547,16,4,0,Cloudy,0,303
2025-06-26,Visakhapatnam,TRN4199,6,3,0,Heavy Rain,0,237
2025-09-23,Kurnool,TRN2209,0,1,0,Heavy Rain,0,227
2025-03-01,Tirupati,TRN4568,16,5,0,Heavy Rain,0,459
2025-06-09,Nellore,TRN5314,4,0,0,Cloudy,0,306
2025-04-01,Hyderabad,TRN4247,21,1,0,Rain,1,888
2025-06-24,Visakhapatnam,TRN5935,17,1,0,Clear,0,664
2025-09-06,Nizamabad,TRN2692,16,5,0,Heavy Rain,0,493
2025-12-21,Guntur,TRN2645,22,6,0,Heavy Rain,0,357
2025-10-09,Vijayawada,TRN5217,16,3,0,Clear,0,494
2025-01-12,Kurnool,TRN3417,11,6,1,Clear,0,855
2025-12-23,Tirupati,TRN2709,23,1,0,Cloudy,0,382
2025-07-26,Secunderabad,TRN2891,19,5,0,Cloudy,0,751
2025-03-30,Secunderabad,TRN4150,3,6,0,Clear,0,473
2025-06-01,Tirupati,TRN3514,15,6,0,Cloudy,0,493
2025-12-10,Vijayawada,TRN5806,16,2,0,Rain,1,735
2025-10-21,Nizamabad,TRN3302,19,1,0,Heavy Rain,0,572
2025-12-27,Vijayawada,TRN5409,21,5,0,Fog,0,823
2025-08-09,Visakhapatnam,TRN1852,20,5,1,Clear,0,993
2025-06-14,Tirupati,TRN2339,20,5,0,Clear,1,1072
2025-07-03,Nizamabad,TRN2204,11,3,0,Clear,0,533
2025-08-24,Guntur,TRN5011,14,6,0,Rain,0,566
2025-08-02,Guntur,TRN2574,0,5,0,Heavy Rain,0,371
2025-12-19,Warangal,TRN1887,21,4,0,Rain,0,622
2025-07-24,Secunderabad,TRN5394,22,3,0,Clear,0,374
2025-10-30,Vijayawada,TRN2653,9,3,0,Rain,0,565
2025-05-07,Guntur,TRN5324,20,2,1,Cloudy,0,841
2025-02-26,Hyderabad,TRN1165,17,2,1,Clear,0,820
2025-09-20,Vijayawada,TRN3286,14,5,0,Clear,0,548
2025-12-23,Visakhapatnam,TRN5851,6,1,0,Cloudy,0,378
2025-08-01,Tirupati,TRN3403,14,4,0,Cloudy,0,474
2025-06-04,Kurnool,TRN3001,14,2,0,Clear,0,391
2025-02-04,Visakhapatnam,TRN3863,19,1,0,Fog,0,538
2025-05-13,Guntur,TRN1181,8,1,0,Clear,0,556
2025-08-29,Secunderabad,TRN5259,4,4,0,Heavy Rain,1,468
2025-03-14,Vijayawada,TRN4302,3,4,0,Clear,0,379
2025-07-25,Nizamabad,TRN3264,3,4,0,Heavy Rain,1,660
2025-06-02,Tirupati,TRN3369,8,0,0,Clear,0,501
2025-06-29,Nizamabad,TRN1717,11,6,0,Cloudy,1,883
2025-03-09,Guntur,TRN1120,3,6,1,Rain,0,585
2025-12-19,Warangal,TRN4652,8,4,0,Cloudy,0,580
2025-10-02,Visakhapatnam,TRN4137,4,3,0,Cloudy,0,283
2025-03-07,Kurnool,TRN4408,6,4,0,Cloudy,0,288
2025-04-08,Nizamabad,TRN4985,20,1,0,Clear,1,1043
2025-02-02,Hyderabad,TRN3915,11,6,0,Heavy Rain,0,427
2025-10-31,Warangal,TRN2278,2,4,0,Cloudy,0,320
2025-05-22,Tirupati,TRN2707,12,3,0,Cloudy,0,413
2025-03-15,Guntur,TRN2977,21,5,0,Clear,0,771
2025-05-31,Vijayawada,TRN3370,14,5,0,Heavy Rain,0,475
2025-06-10,Tirupati,TRN3702,15,1,0,Clear,0,478
2025-08-02,Warangal,TRN5526,1,5,0,Clear,0,487
2025-10-12,Visakhapatnam,TRN1607,4,6,0,Clear,0,380
2025-10-09,Hyderabad,TRN5363,22,3,0,Clear,0,341
2025-05-05,Kurnool,TRN1790,10,0,0,Clear,0,551
2025-04-24,Secunderabad,TRN2024,3,3,0,Clear,0,294
2025-10-02,Guntur,TRN2999,4,3,0,Rain,0,286
2025-05-29,Hyderabad,TRN4305,12,3,1,Cloudy,0,683
2025-11-17,Visakhapatnam,TRN2814,15,0,0,Clear,0,489
2025-01-10,Vijayawada,TRN2270,4,4,0,Cloudy,1,688
2025-09-21,Warangal,TRN3192,23,6,0,Clear,0,364
2025-09-22,Visakhapatnam,TRN4266,6,0,0,Fog,0,293
2025-12-17,Nellore,TRN2951,20,2,0,Clear,0,581
2025-03-02,Hyderabad,TRN4334,12,6,0,Rain,1,757
2025-04-20,Vijayawada,TRN4993,17,6,0,Cloudy,0,706
2025-06-09,Vijayawada,TRN1816,18,0,0,Clear,0,585
2025-09-28,Vijayawada,TRN1689,5,6,1,Fog,0,609
2025-02-22,Secunderabad,TRN1586,11,5,0,Fog,0,558
2025-05-15,Warangal,TRN2409,12,3,1,Cloudy,0,714
2025-06-24,Nizamabad,TRN1365,16,1,0,Heavy Rain,0,293
2025-07-22,Warangal,TRN4646,18,1,0,Cloudy,0,525
2025-03-12,Nizamabad,TRN4521,19,2,0,Clear,0,570
2025-03-30,Secunderabad,TRN5275,12,6,0,Clear,0,490
2025-06-06,Hyderabad,TRN5606,11,4,0,Clear,0,322
2025-11-06,Secunderabad,TRN2394,16,3,0,Rain,0,289
2025-06-29,Hyderabad,TRN5181,4,6,0,Clear,0,427
2025-01-11,Visakhapatnam,TRN2751,2,5,0,Cloudy,1,823
2025-02-09,Visakhapatnam,TRN2075,0,6,1,Clear,0,588
2025-09-03,Kurnool,TRN1551,3,2,0,Cloudy,0,269
2025-12-14,Hyderabad,TRN5377,6,6,0,Clear,0,580
2025-12-09,Warangal,TRN4390,6,1,0,Clear,0,240
2025-01-02,Hyderabad,TRN1117,2,3,0,Rain,0,291
2025-12-22,Secunderabad,TRN3645,3,0,0,Fog,0,456
2025-09-09,Warangal,TRN4152,11,1,0,Heavy Rain,0,467
2025-07-13,Nizamabad,TRN2150,7,6,0,Heavy Rain,0,641
2025-10-01,Guntur,TRN3603,15,2,0,Rain,1,719
2025-10-07,Hyderabad,TRN1029,0,1,0,Clear,0,274
2025-05-26,Hyderabad,TRN2003,1,0,0,Clear,0,287
2025-01-11,Nizamabad,TRN3704,19,5,0,Heavy Rain,0,636
2025-08-31,Warangal,TRN4115,5,6,0,Clear,0,351
2025-10-26,Nizamabad,TRN5117,9,6,0,Clear,0,604
2025-04-17,Kurnool,TRN1717,8,3,1,Clear,0,775
2025-12-16,Secunderabad,TRN5812,7,1,0,Cloudy,0,639
2025-10-18,Guntur,TRN5154,19,5,0,Clear,0,596
2025-07-29,Nizamabad,TRN1555,6,1,0,Clear,1,771
2025-02-21,Warangal,TRN4075,9,4,0,Fog,0,554
2025-06-08,Hyderabad,TRN2174,21,6,0,Clear,0,762
2025-11-01,Nellore,TRN3295,10,5,0,Clear,0,614
2025-05-23,Secunderabad,TRN5408,20,4,0,Fog,0,511
2025-09-08,Vijayawada,TRN1694,16,0,1,Rain,0,643
2025-02-23,Kurnool,TRN1244,1,6,0,Clear,0,363
2025-07-31,Visakhapatnam,TRN1291,8,3,0,Clear,0,590
2025-03-08,Warangal,TRN4781,18,5,1,Cloudy,0,1069
2025-04-12,Warangal,TRN1597,17,5,0,Cloudy,0,745
2025-03-16,Hyderabad,TRN3670,8,6,1,Rain,0,766
2025-05-25,Vijayawada,TRN2026,17,6,0,Clear,0,676
2025-07-18,Hyderabad,TRN5480,1,4,0,Rain,0,326
2025-11-12,Hyderabad,TRN4346,15,2,0,Heavy Rain,0,238
2025-12-13,Nellore,TRN4635,8,5,0,Clear,0,607
2025-08-21,Kurnool,TRN5783,17,3,0,Fog,0,619
2025-10-30,Nellore,TRN2500,1,3,0,Clear,1,720
2025-02-26,Guntur,TRN1458,3,2,0,Clear,0,246
2025-04-08,Guntur,TRN2083,15,1,1,Rain,0,584
2025-07-02,Vijayawada,TRN2471,17,2,0,Clear,0,542
2025-10-29,Visakhapatnam,TRN5820,10,2,0,Clear,0,620
2025-03-23,Nizamabad,TRN3057,1,6,0,Clear,0,256
2025-04-07,Visakhapatnam,TRN5617,21,0,0,Clear,0,622
2025-07-28,Kurnool,TRN2327,7,0,0,Clear,0,480
2025-09-12,Nizamabad,TRN2655,14,4,0,Rain,0,344
2025-03-19,Visakhapatnam,TRN4979,13,2,0,Clear,0,445
2025-02-17,Hyderabad,TRN3658,19,0,1,Cloudy,1,1159
2025-05-29,Nizamabad,TRN3944,17,3,0,Clear,0,527
2025-08-23,Hyderabad,TRN2231,6,5,0,Rain,0,292
2025-12-22,Hyderabad,TRN2161,8,0,0,Cloudy,0,480
2025-08-03,Nizamabad,TRN5988,4,6,0,Clear,0,540
2025-01-13,Secunderabad,TRN4531,21,0,0,Heavy Rain,0,571
2025-01-22,Warangal,TRN4033,12,2,0,Cloudy,0,414
2025-09-22,Visakhapatnam,TRN4517,20,0,1,Rain,0,860
2025-10-16,Guntur,TRN1977,0,3,1,Rain,0,567
2025-10-27,Kurnool,TRN3550,15,0,0,Clear,0,344
2025-09-07,Guntur,TRN2024,19,6,0,Fog,1,1136
2025-02-11,Visakhapatnam,TRN2157,19,1,0,Rain,0,610
2025-08-26,Nizamabad,TRN3776,17,1,1,Rain,0,637
2025-06-11,Kurnool,TRN1040,22,2,0,Cloudy,0,353
2025-08-04,Kurnool,TRN3705,16,0,0,Clear,0,333
2025-07-10,Tirupati,TRN5525,16,3,1,Clear,0,643
2025-05-03,Vijayawada,TRN1920,15,5,0,Clear,0,462
2025-04-21,Tirupati,TRN3225,19,0,0,Clear,0,613
2025-02-01,Guntur,TRN3174,22,5,0,Clear,0,393
2025-06-21,Visakhapatnam,TRN2219,9,5,0,Heavy Rain,0,642
2025-06-25,Secunderabad,TRN3632,1,2,0,Clear,0,285
2025-02-23,Vijayawada,TRN3065,7,6,0,Rain,1,912
2025-06-01,Tirupati,TRN1897,2,6,0,Clear,0,455
2025-08-22,Kurnool,TRN3764,9,4,0,Fog,0,514
2025-11-20,Secunderabad,TRN4876,7,3,0,Cloudy,0,547
2025-08-20,Nellore,TRN1378,13,2,0,Cloudy,0,315
2025-02-18,Guntur,TRN2931,8,1,1,Clear,0,787
2025-08-22,Guntur,TRN4264,7,4,1,Cloudy,0,912
2025-10-03,Vijayawada,TRN3302,14,4,0,Clear,0,341
2025-08-31,Vijayawada,TRN2140,17,6,0,Cloudy,0,739
2025-11-26,Secunderabad,TRN1370,3,2,1,Clear,0,562
2025-01-15,Tirupati,TRN1376,5,2,0,Fog,0,405
2025-05-03,Guntur,TRN1995,5,5,0,Rain,0,386
2025-07-22,Vijayawada,TRN3820,11,1,0,Clear,0,355
2025-03-04,Warangal,TRN3640,14,1,0,Clear,0,316
2025-02-01,Warangal,TRN4056,12,5,0,Cloudy,0,464
2025-12-17,Kurnool,TRN4038,7,2,0,Cloudy,0,544
2025-05-06,Nizamabad,TRN4444,9,1,0,Cloudy,0,546
2025-07-28,Tirupati,TRN1211,7,0,0,Cloudy,0,570
2025-11-30,Visakhapatnam,TRN4826,8,6,0,Cloudy,0,684
2025-01-02,Guntur,TRN4477,11,3,0,Rain,0,277
2025-06-14,Warangal,TRN2384,2,5,0,Clear,0,410
2025-09-01,Secunderabad,TRN4104,14,0,0,Rain,0,321
2025-10-24,Guntur,TRN2445,10,4,0,Cloudy,0,467
2025-02-02,Hyderabad,TRN5105,12,6,0,Clear,0,547
2025-04-27,Nellore,TRN5456,18,6,1,Clear,0,962
2025-05-23,Nizamabad,TRN5303,1,4,0,Clear,0,287
2025-11-05,Nizamabad,TRN1362,9,2,0,Clear,0,504
2025-12-21,Guntur,TRN3241,13,6,0,Rain,0,523
2025-09-17,Kurnool,TRN1795,23,2,0,Fog,0,321
2025-07-28,Secunderabad,TRN4107,22,0,0,Fog,0,345
2025-06-10,Vijayawada,TRN4038,19,1,0,Clear,0,662
2025-07-20,Vijayawada,TRN5120,0,6,0,Clear,0,440
2025-06-23,Warangal,TRN1844,7,0,0,Clear,0,542
2025-01-04,Nizamabad,TRN5136,0,5,0,Fog,0,399
2025-03-06,Nellore,TRN1788,0,3,0,Cloudy,0,227
2025-07-18,Guntur,TRN4502,6,4,0,Fog,0,237
2025-04-17,Tirupati,TRN2890,14,3,0,Heavy Rain,0,310
2025-06-15,Guntur,TRN2445,9,6,0,Rain,0,628
2025-01-19,Warangal,TRN2729,20,6,0,Clear,0,622
2025-08-13,Secunderabad,TRN2554,19,2,0,Clear,0,608
2025-06-06,Vijayawada,TRN2006,13,4,0,Rain,0,372
2025-02-03,Secunderabad,TRN5921,20,0,0,Rain,0,624
2025-04-19,Tirupati,TRN1402,8,5,0,Cloudy,0,782
2025-04-21,Nizamabad,TRN2006,19,0,0,Rain,0,535
2025-10-27,Nellore,TRN2455,4,0,0,Clear,0,301
2025-11-18,Visakhapatnam,TRN3364,11,1,0,Clear,0,458
2025-03-04,Kurnool,TRN3384,1,1,0,Fog,0,158
2025-11-26,Tirupati,TRN5918,18,2,0,Clear,0,553
2025-11-25,Warangal,TRN1006,14,1,0,Heavy Rain,0,244
2025-01-20,Nizamabad,TRN3922,15,0,0,Cloudy,0,433
2025-08-31,Kurnool,TRN1215,18,6,0,Heavy Rain,0,640
2025-11-21,Kurnool,TRN4669,1,4,0,Clear,0,288
2025-07-09,Secunderabad,TRN4430,8,2,0,Clear,0,587
2025-06-20,Visakhapatnam,TRN1156,8,4,0,Clear,0,550
2025-11-21,Kurnool,TRN2818,22,4,0,Clear,0,303
2025-09-14,Visakhapatnam,TRN1952,5,6,0,Heavy Rain,0,395
2025-05-17,Hyderabad,TRN4643,5,5,0,Clear,0,337
2025-03-08,Guntur,TRN1323,5,5,0,Cloudy,0,405
2025-03-26,Vijayawada,TRN4884,0,2,0,Clear,0,295
2025-10-31,Secunderabad,TRN5321,20,4,0,Cloudy,0,648
2025-12-14,Warangal,TRN5795,8,6,0,Rain,0,658
2025-08-15,Guntur,TRN5829,4,4,0,Rain,1,569
2025-01-15,Secunderabad,TRN2918,17,2,1,Clear,0,787
2025-04-07,Guntur,TRN3106,16,0,0,Cloudy,0,516
2025-03-16,Secunderabad,TRN2827,6,6,0,Fog,0,444
2025-05-04,Nellore,TRN2188,20,6,0,Clear,1,1021
2025-06-07,Nellore,TRN3077,2,5,0,Cloudy,0,348
2025-05-02,Vijayawada,TRN4226,9,4,0,Clear,0,495
2025-04-23,Visakhapatnam,TRN5498,19,2,0,Heavy Rain,0,403
2025-06-19,Warangal,TRN1677,14,3,0,Heavy Rain,0,336
2025-02-15,Warangal,TRN5770,2,5,0,Fog,0,483
2025-07-23,Kurnool,TRN2902,5,2,1,Cloudy,0,565
2025-12-21,Vijayawada,TRN2113,20,6,0,Rain,0,818
2025-06-21,Secunderabad,TRN5114,14,5,0,Cloudy,0,522
2025-11-06,Nellore,TRN5598,21,3,0,Cloudy,0,667
2025-02-05,Nizamabad,TRN2297,21,2,0,Clear,0,613
2025-03-03,Visakhapatnam,TRN1252,2,0,0,Clear,0,155
2025-07-13,Visakhapatnam,TRN2040,12,6,0,Cloudy,0,632
2025-01-09,Nizamabad,TRN4518,12,3,0,Cloudy,0,339
2025-10-03,Secunderabad,TRN3938,18,4,0,Clear,0,541
2025-06-26,Nizamabad,TRN4028,15,3,0,Cloudy,0,445
2025-01-24,Hyderabad,TRN4720,0,4,0,Clear,0,333
2025-01-31,Visakhapatnam,TRN5173,2,4,0,Clear,0,418
2025-04-10,Nizamabad,TRN3824,8,3,0,Cloudy,0,549
2025-10-07,Vijayawada,TRN1225,22,1,0,Cloudy,0,344
2025-01-25,Visakhapatnam,TRN2438,11,5,0,Heavy Rain,0,446
2025-03-07,Visakhapatnam,TRN2940,12,4,0,Clear,0,383
2025-12-14,Kurnool,TRN1945,5,6,1,Cloudy,0,719
2025-01-21,Hyderabad,TRN5329,8,1,0,Clear,0,570
2025-05-11,Warangal,TRN3096,22,6,0,Cloudy,0,278
2025-03-17,Warangal,TRN1263,16,0,0,Heavy Rain,0,364
2025-04-19,Tirupati,TRN3860,15,5,0,Clear,0,491
2025-03-30,Nizamabad,TRN5852,8,6,0,Cloudy,0,854
2025-01-15,Warangal,TRN1291,23,2,0,Clear,0,314
2025-07-05,Kurnool,TRN1868,12,5,0,Rain,0,425
2025-08-19,Guntur,TRN4618,1,1,1,Clear,0,732
2025-08-11,Guntur,TRN5652,21,0,0,Clear,0,600
2025-08-08,Secunderabad,TRN3126,9,4,1,Clear,0,760
2025-04-12,Nizamabad,TRN5775,6,5,0,Clear,0,347
2025-10-11,Secunderabad,TRN3804,1,5,0,Clear,0,322
2025-03-30,Nizamabad,TRN4983,18,6,1,Heavy Rain,0,941
2025-02-28,Guntur,TRN3310,1,4,0,Fog,0,295
2025-09-15,Tirupati,TRN4624,3,0,0,Cloudy,0,350
2025-01-21,Secunderabad,TRN5245,9,1,0,Clear,0,554
2025-03-21,Nellore,TRN3745,4,4,0,Clear,0,392
2025-10-13,Guntur,TRN1996,19,0,0,Cloudy,0,651
2025-08-03,Warangal,TRN5274,9,6,0,Clear,1,1050
2025-01-12,Secunderabad,TRN3920,3,6,0,Cloudy,0,512
2025-11-15,Guntur,TRN4724,2,5,0,Clear,0,400
2025-01-11,Secunderabad,TRN3171,15,5,0,Clear,0,544
2025-12-04,Nellore,TRN1213,2,3,0,Rain,0,275
2025-05-09,Hyderabad,TRN2057,10,4,0,Heavy Rain,0,480
2025-09-03,Hyderabad,TRN5938,7,2,0,Clear,0,648
2025-04-17,Visakhapatnam,TRN3883,7,3,0,Clear,0,515
2025-05-24,Hyderabad,TRN1812,14,5,0,Heavy Rain,0,492
2025-08-05,Nellore,TRN4071,0,1,0,Cloudy,0,184
2025-06-08,Tirupati,TRN2832,16,6,0,Heavy Rain,0,522
2025-07-26,Nizamabad,TRN1113,20,5,0,Cloudy,0,720
2025-11-06,Hyderabad,TRN5439,11,3,0,Clear,0,368
2025-09-10,Guntur,TRN2052,15,2,1,Cloudy,0,568
2025-05-21,Nellore,TRN3603,15,2,1,Clear,0,500
2025-08-02,Secunderabad,TRN4121,6,5,1,Clear,0,583
2025-09-26,Tirupati,TRN2463,6,4,0,Clear,0,387
2025-07-19,Hyderabad,TRN4390,12,5,0,Cloudy,0,454
2025-05-24,Secunderabad,TRN4496,0,5,0,Rain,0,316
2025-06-25,Nizamabad,TRN5719,5,2,0,Rain,0,143
2025-02-03,Visakhapatnam,TRN3558,13,0,0,Clear,0,447
2025-04-25,Visakhapatnam,TRN3599,13,4,0,Clear,0,409
2025-12-23,Hyderabad,TRN5411,1,1,0,Cloudy,0,272
2025-04-09,Guntur,TRN2490,11,2,0,Cloudy,0,349
2025-12-15,Tirupati,TRN2257,11,0,0,Clear,0,341
2025-03-31,Nellore,TRN3807,19,0,0,Cloudy,0,552
2025-02-17,Nellore,TRN3761,14,0,0,Clear,0,354
2025-03-18,Tirupati,TRN1829,4,1,0,Clear,0,289
2025-03-14,Visakhapatnam,TRN3630,18,4,0,Clear,0,597
2025-12-30,Secunderabad,TRN1260,19,1,0,Clear,0,701
2025-10-14,Kurnool,TRN2443,16,1,1,Clear,0,591
2025-02-11,Vijayawada,TRN2451,15,1,1,Fog,0,738
2025-06-28,Kurnool,TRN2748,7,5,0,Cloudy,0,611
2025-04-21,Warangal,TRN2088,19,0,0,Heavy Rain,0,648
2025-05-14,Nellore,TRN4959,20,2,0,Clear,0,628
2025-02-27,Tirupati,TRN5269,7,3,0,Cloudy,0,670
2025-08-19,Nellore,TRN3697,20,1,0,Fog,0,627
2025-05-22,Tirupati,TRN1743,7,3,0,Rain,0,442
2025-01-12,Nellore,TRN3396,2,6,0,Heavy Rain,0,457
2025-05-19,Hyderabad,TRN1169,16,0,0,Clear,0,541
2025-06-24,Secunderabad,TRN1136,19,1,0,Cloudy,0,602
2025-07-15,Kurnool,TRN5360,7,1,0,Clear,0,574
2025-05-11,Vijayawada,TRN5161,2,6,1,Cloudy,0,548
2025-01-26,Nellore,TRN3385,10,6,0,Cloudy,0,592
2025-04-16,Nellore,TRN5729,7,2,0,Clear,0,629
2025-03-17,Tirupati,TRN4243,19,0,0,Clear,0,609
2025-10-01,Nizamabad,TRN5308,1,2,0,Heavy Rain,0,309
2025-11-25,Tirupati,TRN1597,21,1,1,Heavy Rain,1,1150
2025-09-18,Guntur,TRN5774,5,3,0,Clear,0,422
2025-03-15,Nellore,TRN4746,23,5,0,Cloudy,0,388
2025-01-29,Tirupati,TRN3531,4,2,0,Clear,0,224
2025-11-09,Nellore,TRN5194,13,6,0,Cloudy,0,566
2025-01-13,Visakhapatnam,TRN2423,3,0,0,Clear,0,382
2025-03-25,Nizamabad,TRN5579,7,1,0,Clear,1,902
2025-10-06,Secunderabad,TRN1170,11,0,0,Rain,0,375
2025-04-30,Warangal,TRN2393,19,2,0,Cloudy,0,596
2025-05-03,Kurnool,TRN3417,0,5,0,Rain,0,317
2025-04-17,Nizamabad,TRN1710,0,3,0,Heavy Rain,0,137
2025-04-15,Hyderabad,TRN4129,13,1,0,Clear,0,378
2025-03-24,Nellore,TRN1468,12,0,0,Rain,0,335
2025-12-10,Nellore,TRN4935,13,2,0,Heavy Rain,0,368
2025-03-11,Nellore,TRN2880,12,1,0,Clear,0,567
2025-09-16,Vijayawada,TRN3060,22,1,1,Cloudy,0,515
2025-11-12,Nizamabad,TRN1172,5,2,0,Cloudy,0,391
2025-09-11,Nizamabad,TRN2787,7,3,0,Clear,0,668
2025-11-29,Vijayawada,TRN4898,16,5,0,Clear,0,499
2025-05-07,Kurnool,TRN3312,10,2,0,Rain,0,417
2025-04-23,Secunderabad,TRN1848,23,2,0,Cloudy,0,218
2025-11-01,Vijayawada,TRN5812,4,5,0,Clear,0,422
2025-12-02,Kurnool,TRN5773,0,1,0,Clear,0,281
2025-12-24,Warangal,TRN1231,6,2,0,Clear,0,242
2025-02-05,Guntur,TRN4150,16,2,0,Cloudy,0,403
2025-06-30,Guntur,TRN1522,23,0,0,Clear,0,282
2025-11-21,Warangal,TRN5715,20,4,0,Clear,0,520
2025-12-12,Vijayawada,TRN2107,18,4,0,Cloudy,0,562
2025-10-11,Kurnool,TRN4144,19,5,0,Clear,0,673
2025-09-24,Tirupati,TRN1005,15,2,0,Rain,0,444
2025-11-21,Kurnool,TRN2825,19,4,0,Clear,0,767
2025-05-03,Guntur,TRN1534,9,5,0,Rain,1,1028
2025-07-31,Vijayawada,TRN2209,10,3,1,Clear,0,809
2025-03-15,Secunderabad,TRN2957,4,5,0,Clear,0,348
2025-10-25,Nizamabad,TRN1505,10,5,0,Cloudy,1,954
2025-06-22,Secunderabad,TRN5703,4,6,0,Rain,0,352
2025-01-25,Secunderabad,TRN2514,19,5,0,Cloudy,0,821
2025-09-13,Hyderabad,TRN4918,13,5,0,Cloudy,1,872
2025-11-11,Vijayawada,TRN2133,18,1,0,Cloudy,0,648
2025-05-11,Nizamabad,TRN5315,8,6,0,Clear,0,553
2025-01-03,Visakhapatnam,TRN2052,16,4,0,Cloudy,0,486
2025-09-25,Visakhapatnam,TRN3131,0,3,0,Cloudy,0,422
2025-03-30,Secunderabad,TRN2553,0,6,0,Cloudy,0,413
2025-03-28,Secunderabad,TRN1595,11,4,0,Cloudy,0,391
2025-10-16,Nellore,TRN4864,4,3,0,Cloudy,0,199
2025-04-17,Guntur,TRN4677,2,3,0,Clear,0,242
2025-03-09,Warangal,TRN5242,19,6,0,Clear,0,669
2025-05-08,Nellore,TRN4784,13,3,0,Cloudy,0,399
2025-07-31,Warangal,TRN2294,17,3,0,Cloudy,0,652
2025-11-11,Kurnool,TRN2066,17,1,0,Clear,0,605
2025-08-03,Guntur,TRN2943,17,6,0,Cloudy,0,774
2025-04-15,Guntur,TRN2316,15,1,0,Clear,0,482
2025-06-21,Kurnool,TRN3784,16,5,0,Clear,0,502
2025-08-27,Kurnool,TRN2540,11,2,0,Cloudy,0,363
2025-11-10,Warangal,TRN3922,7,0,0,Clear,0,546
2025-05-28,Guntur,TRN4547,6,2,0,Cloudy,0,244
2025-04-26,Nellore,TRN5646,11,5,0,Clear,0,577
2025-10-13,Warangal,TRN1258,7,0,0,Clear,0,679
2025-04-17,Secunderabad,TRN4967,19,3,0,Clear,0,747
2025-09-15,Secunderabad,TRN1833,21,0,0,Clear,0,623
2025-03-02,Secunderabad,TRN2873,6,6,0,Cloudy,0,408
2025-01-01,Visakhapatnam,TRN1086,15,2,0,Clear,0,349
2025-12-18,Kurnool,TRN2083,21,3,0,Clear,1,1054
2025-03-31,Guntur,TRN4257,11,0,0,Cloudy,0,330
2025-08-06,Guntur,TRN1449,22,2,0,Clear,0,318
2025-05-17,Nellore,TRN2895,14,5,0,Fog,0,523
2025-08-26,Warangal,TRN5037,1,1,0,Clear,0,248
2025-09-02,Warangal,TRN5127,14,1,0,Clear,0,343
2025-09-18,Guntur,TRN2516,9,3,0,Rain,0,525
2025-06-26,Warangal,TRN5729,10,3,1,Clear,0,796
2025-07-06,Secunderabad,TRN1738,20,6,0,Clear,1,1081
2025-10-28,Tirupati,TRN4848,9,1,0,Rain,0,460
2025-04-06,Visakhapatnam,TRN4633,5,6,0,Fog,0,365
2025-10-02,Hyderabad,TRN5195,14,3,0,Cloudy,0,427
2025-01-30,Tirupati,TRN2210,12,3,0,Rain,0,342
2025-02-06,Nizamabad,TRN2349,23,3,0,Cloudy,0,258
2025-01-06,Vijayawada,TRN1381,10,0,0,Clear,0,530
2025-01-16,Guntur,TRN2450,11,3,0,Cloudy,0,435
2025-03-27,Kurnool,TRN5383,14,3,1,Cloudy,0,642
2025-01-19,Vijayawada,TRN3002,9,6,0,Cloudy,0,781
2025-12-13,Secunderabad,TRN4764,21,5,0,Rain,0,700
2025-09-14,Vijayawada,TRN2946,8,6,0,Clear,1,1012
2025-06-01,Secunderabad,TRN3014,19,6,0,Cloudy,0,599
2025-03-08,Warangal,TRN3308,14,5,1,Clear,0,831
2025-03-23,Secunderabad,TRN3585,6,6,0,Rain,0,337
2025-02-23,Vijayawada,TRN5009,19,6,0,Fog,0,748
2025-01-15,Nizamabad,TRN5116,15,2,0,Clear,0,473
2025-03-19,Secunderabad,TRN1658,14,2,0,Rain,0,328
2025-07-20,Tirupati,TRN1123,17,6,0,Cloudy,0,731
2025-04-29,Secunderabad,TRN2066,5,1,0,Clear,0,287
2025-05-08,Nizamabad,TRN3141,18,3,0,Cloudy,0,660
2025-10-27,Guntur,TRN1560,1,0,0,Clear,0,248
2025-08-07,Hyderabad,TRN5700,10,3,0,Cloudy,0,507
2025-07-27,Secunderabad,TRN2681,19,6,0,Clear,0,677
2025-07-16,Vijayawada,TRN2131,15,2,1,Clear,0,588
2025-01-22,Kurnool,TRN4484,0,2,0,Cloudy,0,320
2025-07-07,Secunderabad,TRN5191,9,0,0,Heavy Rain,0,541
2025-09-26,Hyderabad,TRN1670,10,4,0,Clear,0,641
2025-10-20,Visakhapatnam,TRN2335,12,0,1,Cloudy,0,724
2025-09-01,Tirupati,TRN3482,23,0,0,Clear,0,353
2025-12-30,Kurnool,TRN2311,10,1,1,Rain,0,737
2025-04-23,Secunderabad,TRN5257,5,2,0,Clear,0,254
2025-08-11,Guntur,TRN5616,18,0,1,Rain,0,905
2025-05-22,Nizamabad,TRN3361,19,3,1,Clear,0,914
2025-04-26,Secunderabad,TRN2566,18,5,0,Rain,0,658
2025-06-01,Visakhapatnam,TRN5283,23,6,0,Rain,0,340
2025-01-01,Nizamabad,TRN1996,5,2,0,Cloudy,0,260
2025-12-14,Visakhapatnam,TRN3899,17,6,0,Clear,0,716
2025-06-22,Nizamabad,TRN4139,8,6,0,Clear,0,684
2025-04-05,Kurnool,TRN1534,21,5,0,Clear,0,755
2025-10-05,Nellore,TRN1141,23,6,0,Clear,0,465
2025-08-07,Secunderabad,TRN3333,22,3,0,Clear,0,338
2025-01-23,Warangal,TRN1013,9,3,0,Clear,0,612
2025-07-17,Visakhapatnam,TRN4347,0,3,0,Rain,0,292
2025-01-09,Tirupati,TRN5536,5,3,0,Clear,0,298
2025-03-01,Secunderabad,TRN3823,0,5,0,Rain,0,453
2025-05-14,Hyderabad,TRN3639,6,2,0,Rain,0,257
2025-07-04,Visakhapatnam,TRN5184,16,4,0,Clear,0,431
2025-01-24,Nizamabad,TRN4111,2,4,0,Cloudy,0,290
2025-10-06,Kurnool,TRN4007,16,0,0,Clear,0,441
2025-05-01,Warangal,TRN2539,13,3,0,Cloudy,0,425
2025-03-24,Tirupati,TRN5741,14,0,0,Cloudy,0,290
2025-12-06,Nizamabad,TRN4169,6,5,1,Cloudy,0,770
2025-01-02,Kurnool,TRN3462,10,3,0,Clear,0,598
2025-09-02,Nellore,TRN2949,3,1,0,Clear,1,637
2025-05-22,Hyderabad,TRN2636,7,3,0,Rain,0,380
2025-05-14,Visakhapatnam,TRN5321,15,2,0,Cloudy,1,787
2025-03-26,Guntur,TRN1482,22,2,0,Rain,1,629
2025-10-19,Tirupati,TRN1797,6,6,0,Clear,0,359
2025-05-12,Nizamabad,TRN3681,11,0,1,Fog,0,658
2025-10-24,Hyderabad,TRN3027,20,4,0,Clear,0,595
2025-11-13,Vijayawada,TRN2955,21,3,1,Heavy Rain,0,901
2025-07-22,Kurnool,TRN3908,2,1,0,Rain,0,274
2025-05-08,Tirupati,TRN5362,19,3,0,Rain,0,664
2025-09-01,Secunderabad,TRN2072,10,0,0,Clear,0,640
2025-09-20,Nizamabad,TRN4271,3,5,0,Rain,0,410
2025-10-29,Visakhapatnam,TRN3548,22,2,0,Cloudy,0,210
2025-08-12,Tirupati,TRN1985,1,1,1,Clear,0,370
2025-10-24,Visakhapatnam,TRN2920,21,4,0,Clear,0,639
2025-10-22,Guntur,TRN3960,19,2,1,Cloudy,0,884
2025-11-12,Guntur,TRN5142,0,2,0,Clear,0,267
2025-09-30,Nizamabad,TRN5280,19,1,1,Clear,0,922
2025-06-08,Nellore,TRN3043,15,6,0,Clear,0,563
2025-04-24,Hyderabad,TRN3162,8,3,0,Clear,0,467
2025-07-19,Nizamabad,TRN3535,2,5,0,Clear,0,438
2025-09-25,Hyderabad,TRN3266,9,3,0,Clear,0,391
2025-01-21,Nizamabad,TRN2213,1,1,0,Clear,0,299
2025-01-04,Tirupati,TRN2825,13,5,1,Cloudy,0,820
2025-06-30,Tirupati,TRN2594,8,0,1,Cloudy,0,871
2025-12-22,Kurnool,TRN3418,8,0,0,Fog,0,488
2025-02-06,Nellore,TRN4405,15,3,0,Clear,0,444
2025-07-04,Tirupati,TRN3158,7,4,0,Clear,0,554
2025-05-09,Vijayawada,TRN2600,18,4,0,Cloudy,0,441
2025-09-14,Kurnool,TRN5973,23,6,1,Clear,0,658
2025-05-04,Visakhapatnam,TRN5572,16,6,0,Clear,0,517
2025-08-26,Kurnool,TRN2070,20,1,0,Rain,0,407
2025-08-25,Warangal,TRN4737,8,0,1,Clear,0,727
2025-02-18,Secunderabad,TRN4649,8,1,0,Cloudy,0,542
2025-06-12,Visakhapatnam,TRN5317,7,3,0,Clear,0,517
2025-11-13,Vijayawada,TRN5389,3,3,0,Fog,0,320
2025-06-15,Hyderabad,TRN4859,19,6,0,Clear,1,1079
2025-06-22,Nizamabad,TRN2807,3,6,0,Clear,0,464
2025-12-27,Tirupati,TRN1174,10,5,0,Clear,0,627
2025-03-08,Nellore,TRN1785,21,5,0,Rain,0,729
2025-08-02,Vijayawada,TRN3424,16,5,0,Cloudy,0,480
2025-02-26,Hyderabad,TRN5527,15,2,0,Rain,0,264
2025-06-02,Visakhapatnam,TRN2445,3,0,0,Clear,0,313
2025-10-30,Hyderabad,TRN3027,15,3,0,Cloudy,0,367
2025-12-02,Nellore,TRN3013,17,1,0,Clear,0,556
2025-05-29,Warangal,TRN1135,19,3,0,Clear,0,632
2025-02-04,Vijayawada,TRN5752,12,1,1,Cloudy,1,1090
2025-08-03,Vijayawada,TRN1825,11,6,0,Cloudy,0,659
2025-12-03,Kurnool,TRN5840,13,2,0,Clear,0,398
2025-01-25,Tirupati,TRN3403,5,5,0,Cloudy,0,386
2025-05-14,Nellore,TRN4102,13,2,0,Clear,0,425
2025-12-01,Tirupati,TRN3331,11,0,0,Clear,0,415
2025-10-07,Guntur,TRN4528,7,1,0,Clear,0,607
2025-05-06,Guntur,TRN5691,12,1,0,Clear,0,322
2025-12-28,Tirupati,TRN3152,19,6,1,Cloudy,0,944
2025-02-23,Guntur,TRN2890,16,6,0,Cloudy,0,527
2025-01-02,Hyderabad,TRN2827,18,3,0,Clear,0,588
2025-11-30,Nizamabad,TRN4185,17,6,0,Clear,0,724
2025-04-28,Guntur,TRN4915,1,0,0,Clear,0,221
2025-10-16,Warangal,TRN1641,2,3,0,Rain,0,236
2025-04-04,Guntur,TRN1138,19,4,0,Fog,0,584
2025-12-30,Vijayawada,TRN5615,21,1,0,Cloudy,1,891
2025-07-13,Vijayawada,TRN3761,5,6,0,Clear,0,479
2025-05-26,Visakhapatnam,TRN5684,5,0,0,Clear,0,345
2025-09-22,Kurnool,TRN2242,8,0,0,Rain,0,504
2025-03-08,Guntur,TRN3884,13,5,0,Rain,0,530
2025-06-02,Guntur,TRN5860,4,0,0,Cloudy,0,448
2025-11-08,Nellore,TRN1696,13,5,0,Clear,0,503
2025-09-28,Nellore,TRN1792,0,6,1,Clear,1,1102
2025-03-14,Vijayawada,TRN4990,15,4,0,Clear,0,376
2025-03-04,Kurnool,TRN5199,20,1,0,Clear,0,624
2025-07-07,Nizamabad,TRN1192,19,0,0,Clear,0,626
2025-10-09,Nizamabad,TRN3781,23,3,0,Cloudy,0,351
2025-10-20,Guntur,TRN1047,22,0,0,Clear,0,361
2025-07-24,Visakhapatnam,TRN5856,14,3,0,Cloudy,0,444
2025-10-05,Warangal,TRN5116,22,6,0,Heavy Rain,0,429
2025-05-13,Kurnool,TRN1984,23,1,1,Cloudy,0,455
2025-02-24,Secunderabad,TRN5498,10,0,0,Clear,0,514
2025-01-29,Hyderabad,TRN4708,12,2,1,Cloudy,1,969
2025-06-04,Guntur,TRN2443,15,2,0,Clear,0,287
2025-01-08,Nellore,TRN1989,19,2,0,Clear,0,626
2025-07-03,Kurnool,TRN2737,9,3,0,Clear,0,461
2025-05-03,Secunderabad,TRN3011,17,5,0,Cloudy,0,716
2025-12-07,Visakhapatnam,TRN1049,22,6,0,Clear,0,438
2025-01-23,Guntur,TRN2294,20,3,1,Rain,0,860
2025-06-14,Tirupati,TRN5475,6,5,0,Heavy Rain,0,266
2025-11-07,Kurnool,TRN3262,16,4,0,Rain,0,380
2025-08-05,Nizamabad,TRN3811,16,1,0,Cloudy,0,375
2025-08-05,Secunderabad,TRN2834,7,1,0,Clear,0,583
2025-05-05,Warangal,TRN1084,11,0,0,Clear,0,392
2025-07-14,Hyderabad,TRN2610,2,0,0,Clear,0,132
2025-01-27,Guntur,TRN1972,2,0,0,Clear,0,339
2025-07-21,Vijayawada,TRN1760,10,0,0,Clear,1,835
2025-09-26,Nizamabad,TRN4170,11,4,0,Clear,0,401
2025-09-06,Vijayawada,TRN5910,20,5,0,Rain,0,657
2025-05-31,Tirupati,TRN4581,21,5,0,Fog,0,731
2025-06-13,Kurnool,TRN3848,6,4,0,Rain,0,304
2025-03-20,Nizamabad,TRN5404,14,3,0,Cloudy,0,431
2025-05-19,Guntur,TRN3360,16,0,0,Clear,0,317
2025-02-04,Nellore,TRN4143,4,1,0,Clear,0,263
2025-11-23,Vijayawada,TRN5139,21,6,0,Clear,1,1038
2025-03-06,Guntur,TRN2133,15,3,0,Heavy Rain,0,257
2025-03-04,Secunderabad,TRN2207,0,1,0,Clear,0,263
2025-01-16,Warangal,TRN1438,6,3,0,Cloudy,1,579
2025-06-12,Visakhapatnam,TRN1976,9,3,0,Clear,0,552
2025-06-17,Hyderabad,TRN4266,3,1,1,Clear,0,536
2025-09-21,Vijayawada,TRN5149,18,6,0,Clear,0,650
2025-06-11,Tirupati,TRN4488,0,2,0,Clear,0,384
2025-04-16,Guntur,TRN3360,2,2,1,Cloudy,0,547
2025-11-26,Secunderabad,TRN5948,14,2,0,Clear,0,347
2025-02-01,Vijayawada,TRN4501,7,5,0,Clear,0,667
2025-10-16,Kurnool,TRN4689,18,3,0,Clear,0,555
2025-07-22,Nellore,TRN4785,14,1,1,Cloudy,0,740
2025-02-22,Visakhapatnam,TRN3804,17,5,0,Clear,0,847
2025-01-26,Guntur,TRN3219,19,6,1,Cloudy,0,1004
2025-08-24,Visakhapatnam,TRN3384,18,6,1,Cloudy,0,865
2025-01-03,Nellore,TRN5004,10,4,0,Cloudy,0,516
2025-09-21,Nizamabad,TRN1243,4,6,0,Cloudy,0,446
2025-03-07,Hyderabad,TRN2549,11,4,0,Cloudy,0,496
2025-06-18,Secunderabad,TRN1521,11,2,0,Clear,0,465
2025-08-25,Hyderabad,TRN4174,19,0,0,Rain,0,502
2025-09-06,Guntur,TRN5713,0,5,0,Rain,0,425
2025-03-13,Visakhapatnam,TRN5495,5,3,0,Cloudy,0,250
2025-02-25,Nizamabad,TRN5073,13,1,0,Cloudy,0,396
2025-07-22,Vijayawada,TRN5515,1,1,1,Clear,0,553
2025-12-17,Warangal,TRN3829,18,2,0,Cloudy,0,528
2025-03-17,Hyderabad,TRN1161,11,0,0,Clear,0,383
2025-12-05,Nellore,TRN3715,2,4,1,Cloudy,0,548
2025-06-19,Secunderabad,TRN1053,2,3,0,Clear,0,406
2025-05-14,Warangal,TRN4578,12,2,0,Cloudy,0,397
2025-11-26,Kurnool,TRN5592,14,2,0,Heavy Rain,0,356
2025-07-30,Guntur,TRN4988,4,2,0,Fog,0,212
2025-03-14,Hyderabad,TRN2769,13,4,0,Cloudy,0,520
2025-06-18,Kurnool,TRN1782,7,2,0,Clear,0,616
2025-08-12,Vijayawada,TRN3696,23,1,0,Cloudy,0,182
2025-04-01,Hyderabad,TRN3595,13,1,0,Rain,0,393
2025-10-16,Nizamabad,TRN2703,19,3,1,Clear,0,826
2025-08-30,Visakhapatnam,TRN1843,2,5,0,Cloudy,0,376
2025-10-17,Vijayawada,TRN1752,4,4,0,Heavy Rain,0,189
2025-06-08,Visakhapatnam,TRN2799,20,6,0,Clear,0,656
2025-12-05,Visakhapatnam,TRN1581,21,4,0,Clear,0,657
2025-05-25,Tirupati,TRN1541,12,6,0,Clear,0,483
2025-02-27,Visakhapatnam,TRN5720,11,3,0,Cloudy,0,498
2025-02-17,Nizamabad,TRN2547,23,0,0,Heavy Rain,0,273
2025-08-14,Vijayawada,TRN3442,16,3,0,Clear,0,330
2025-03-23,Nellore,TRN3114,21,6,0,Clear,0,796
2025-04-11,Nellore,TRN2378,11,4,0,Clear,0,366
2025-08-11,Secunderabad,TRN2568,11,0,0,Clear,0,433
2025-07-30,Secunderabad,TRN4390,5,2,1,Clear,0,478
2025-01-29,Visakhapatnam,TRN4773,3,2,0,Clear,0,183
2025-01-23,Visakhapatnam,TRN3916,20,3,0,Clear,0,698
2025-02-18,Kurnool,TRN2063,10,1,0,Clear,1,911
2025-10-30,Tirupati,TRN3659,22,3,0,Clear,0,197
2025-10-25,Warangal,TRN1990,20,5,0,Clear,0,810
2025-11-27,Nellore,TRN1283,12,3,0,Rain,0,260
2025-12-31,Guntur,TRN3662,22,2,0,Cloudy,0,295
2025-09-26,Nizamabad,TRN2737,11,4,0,Clear,0,425
2025-05-07,Warangal,TRN4719,8,2,0,Clear,0,634
2025-11-29,Visakhapatnam,TRN5050,22,5,0,Cloudy,0,349
2025-02-07,Guntur,TRN1519,7,4,0,Clear,0,557
2025-11-28,Warangal,TRN5650,16,4,1,Heavy Rain,0,714
2025-03-03,Visakhapatnam,TRN1726,19,0,0,Cloudy,0,600
2025-05-02,Nellore,TRN1667,9,4,0,Heavy Rain,0,565
2025-01-26,Warangal,TRN3896,11,6,0,Clear,0,574
2025-06-13,Vijayawada,TRN3387,5,4,0,Cloudy,0,259
2025-09-22,Secunderabad,TRN2664,19,0,0,Clear,0,623
2025-11-01,Nellore,TRN4925,7,5,0,Cloudy,0,682
2025-07-05,Kurnool,TRN5002,6,5,0,Clear,0,487
2025-06-19,Secunderabad,TRN4966,14,3,0,Fog,0,511
2025-02-20,Guntur,TRN3079,21,3,0,Rain,0,463
2025-08-19,Nellore,TRN3480,15,1,0,Clear,0,472
2025-12-12,Tirupati,TRN4962,16,4,0,Clear,0,478
2025-11-03,Nizamabad,TRN4363,15,0,0,Rain,0,387
2025-06-13,Guntur,TRN2008,11,4,0,Clear,0,245
2025-08-16,Warangal,TRN1328,3,5,0,Clear,0,403
2025-07-24,Kurnool,TRN4205,13,3,0,Cloudy,0,446
2025-06-20,Nizamabad,TRN5943,13,4,0,Fog,0,446
2025-01-03,Guntur,TRN3847,12,4,0,Rain,0,409
2025-08-31,Visakhapatnam,TRN5650,16,6,0,Clear,0,493
2025-12-21,Kurnool,TRN4997,11,6,0,Clear,0,527
2025-07-23,Warangal,TRN3209,2,2,1,Cloudy,1,806
2025-09-06,Hyderabad,TRN4190,3,5,0,Clear,0,262
2025-11-14,Nizamabad,TRN5912,16,4,0,Cloudy,0,270
2025-07-05,Visakhapatnam,TRN3865,13,5,0,Clear,0,440
2025-12-02,Hyderabad,TRN3026,22,1,0,Clear,0,259
2025-11-15,Vijayawada,TRN1917,6,5,0,Cloudy,0,323
2025-07-29,Warangal,TRN5956,0,1,0,Clear,0,141
2025-04-12,Hyderabad,TRN5025,11,5,0,Clear,0,477
2025-06-03,Nellore,TRN4193,12,1,0,Rain,0,413
2025-01-13,Kurnool,TRN5331,8,0,0,Heavy Rain,0,556
2025-11-17,Hyderabad,TRN5223,3,0,1,Clear,0,506
2025-03-24,Guntur,TRN1225,17,0,0,Cloudy,0,700
2025-07-22,Nellore,TRN1098,15,1,0,Cloudy,0,292
2025-06-11,Kurnool,TRN3793,12,2,0,Clear,0,362
2025-12-03,Nizamabad,TRN5079,6,2,0,Clear,0,328
2025-06-27,Vijayawada,TRN1215,8,4,0,Rain,0,350
2025-06-26,Nellore,TRN5178,1,3,0,Rain,0,304
2025-12-29,Nellore,TRN4337,7,0,0,Rain,0,523
2025-11-09,Nellore,TRN1299,21,6,0,Clear,0,836
2025-11-16,Kurnool,TRN1328,20,6,0,Clear,1,1110
2025-01-05,Tirupati,TRN4364,7,6,0,Clear,0,612
2025-08-14,Secunderabad,TRN1644,23,3,0,Fog,0,224
2025-05-03,Kurnool,TRN1088,6,5,0,Clear,1,735
2025-03-14,Guntur,TRN4696,18,4,0,Clear,0,519
2025-04-10,Guntur,TRN2305,8,3,0,Cloudy,1,951
2025-01-28,Warangal,TRN5907,22,1,0,Fog,0,307
2025-11-12,Nellore,TRN1923,6,2,0,Cloudy,0,318
2025-03-05,Nellore,TRN2922,19,2,0,Heavy Rain,0,467
2025-12-28,Nellore,TRN1909,13,6,1,Clear,0,819
2025-11-04,Kurnool,TRN4544,11,1,0,Fog,0,369
2025-03-03,Vijayawada,TRN3129,13,0,0,Clear,0,457
2025-10-14,Nizamabad,TRN2182,10,1,0,Cloudy,0,567
2025-11-26,Hyderabad,TRN2180,17,2,0,Fog,1,866
2025-09-27,Nellore,TRN1478,3,5,0,Cloudy,0,384
2025-01-13,Visakhapatnam,TRN2715,10,0,0,Clear,0,556
2025-02-24,Tirupati,TRN5777,15,0,1,Heavy Rain,0,600
2025-03-24,Tirupati,TRN1347,20,0,0,Clear,0,590
2025-08-02,Kurnool,TRN3771,7,5,0,Clear,1,1008
2025-03-17,Secunderabad,TRN3886,3,0,0,Rain,0,314
2025-12-25,Visakhapatnam,TRN1816,0,3,0,Cloudy,0,231
2025-12-19,Guntur,TRN1449,1,4,0,Clear,0,304
2025-08-24,Secunderabad,TRN1183,9,6,0,Clear,0,731
2025-04-30,Nellore,TRN4128,15,2,0,Cloudy,0,352
2025-07-03,Nellore,TRN1053,9,3,0,Clear,0,644
2025-08-31,Secunderabad,TRN4628,10,6,0,Clear,0,596
2025-06-23,Vijayawada,TRN5492,5,0,0,Fog,0,212
2025-12-26,Warangal,TRN1115,2,4,0,Clear,0,371
2025-04-21,Nellore,TRN3727,4,0,0,Rain,0,235
2025-05-03,Guntur,TRN1962,16,5,0,Rain,0,370
2025-08-19,Kurnool,TRN3888,0,1,0,Clear,0,256
2025-04-13,Secunderabad,TRN5217,21,6,0,Cloudy,0,811
2025-01-04,Kurnool,TRN3150,16,5,0,Cloudy,0,574
2025-08-26,Tirupati,TRN2047,21,1,0,Cloudy,0,528
2025-07-11,Kurnool,TRN1762,0,4,1,Clear,0,560
2025-03-18,Visakhapatnam,TRN2789,15,1,0,Clear,0,380
2025-05-09,Secunderabad,TRN5749,5,4,1,Clear,0,470
2025-10-13,Hyderabad,TRN3157,11,0,0,Fog,0,315
2025-02-20,Vijayawada,TRN5309,12,3,0,Rain,0,478
2025-04-20,Nizamabad,TRN5919,16,6,0,Cloudy,0,683
2025-11-26,Secunderabad,TRN1785,8,2,0,Clear,0,638
2025-02-25,Warangal,TRN1030,12,1,0,Cloudy,0,482
2025-08-16,Nizamabad,TRN1694,1,5,0,Rain,0,355
2025-07-28,Secunderabad,TRN5899,6,0,0,Clear,0,367
2025-01-23,Visakhapatnam,TRN1735,5,3,0,Clear,0,246
2025-07-28,Kurnool,TRN3010,12,0,0,Cloudy,0,293
2025-12-07,Hyderabad,TRN5149,6,6,0,Fog,0,519
2025-01-09,Visakhapatnam,TRN4860,3,3,0,Rain,0,304
2025-06-20,Visakhapatnam,TRN2928,13,4,0,Clear,0,413
2025-01-25,Visakhapatnam,TRN2751,4,5,0,Heavy Rain,0,358
2025-10-11,Nellore,TRN4535,0,5,0,Clear,0,507
2025-01-19,Nellore,TRN3498,15,6,0,Clear,0,557
2025-07-23,Tirupati,TRN2737,13,2,0,Clear,0,356
2025-08-14,Kurnool,TRN3334,12,3,0,Cloudy,0,393
2025-11-27,Tirupati,TRN2281,22,3,1,Rain,0,521
2025-05-28,Visakhapatnam,TRN5875,18,2,0,Clear,0,635
2025-08-02,Hyderabad,TRN1212,4,5,0,Cloudy,0,376
2025-11-14,Nizamabad,TRN1902,20,4,0,Clear,0,585
2025-01-25,Kurnool,TRN4345,11,5,0,Rain,0,544
2025-06-14,Nizamabad,TRN4387,9,5,0,Cloudy,0,548
2025-09-18,Visakhapatnam,TRN5831,20,3,0,Clear,0,595
2025-10-27,Kurnool,TRN4031,14,0,0,Clear,1,726
2025-10-06,Kurnool,TRN2380,8,0,0,Cloudy,0,617
2025-07-03,Warangal,TRN3963,23,3,1,Rain,0,541
2025-04-28,Visakhapatnam,TRN2572,20,0,0,Clear,0,553
2025-03-20,Kurnool,TRN5301,17,3,0,Rain,0,542
2025-02-28,Tirupati,TRN2630,20,4,0,Clear,0,469
2025-11-01,Hyderabad,TRN1697,5,5,0,Clear,0,400
2025-03-07,Vijayawada,TRN4315,23,4,0,Cloudy,0,252
2025-10-23,Visakhapatnam,TRN2497,1,3,1,Rain,0,465
2025-11-05,Nellore,TRN1574,3,2,0,Clear,1,812
2025-11-23,Tirupati,TRN1351,6,6,1,Clear,0,596
2025-10-13,Nizamabad,TRN5521,23,0,0,Rain,0,323
2025-10-15,Kurnool,TRN2502,4,2,1,Cloudy,0,590
2025-09-30,Warangal,TRN3608,8,1,0,Clear,0,477
2025-04-22,Warangal,TRN5543,2,1,0,Clear,0,139
2025-04-02,Nizamabad,TRN1655,6,2,1,Clear,0,443
2025-03-28,Guntur,TRN1192,1,4,1,Clear,0,669
2025-03-23,Vijayawada,TRN5945,3,6,0,Clear,0,365
2025-11-26,Warangal,TRN4850,8,2,0,Cloudy,0,591
2025-10-16,Kurnool,TRN1178,4,3,0,Rain,0,270
2025-03-04,Nizamabad,TRN3048,22,1,0,Rain,0,258
2025-04-09,Vijayawada,TRN5779,14,2,0,Clear,0,458
2025-06-12,Hyderabad,TRN5466,3,3,1,Clear,0,596
2025-09-10,Warangal,TRN3170,17,2,0,Clear,0,576
2025-11-30,Vijayawada,TRN5182,8,6,0,Clear,0,670
2025-04-16,Hyderabad,TRN2563,7,2,0,Rain,0,575
2025-10-15,Vijayawada,TRN2667,0,2,0,Clear,0,428
2025-09-21,Nizamabad,TRN1892,6,6,0,Clear,0,187
2025-12-24,Nizamabad,TRN4518,18,2,0,Heavy Rain,0,570
2025-06-21,Nizamabad,TRN1047,10,5,0,Cloudy,0,778
2025-06-11,Vijayawada,TRN3799,7,2,0,Cloudy,0,674
2025-08-08,Kurnool,TRN3834,9,4,0,Heavy Rain,0,519
2025-05-05,Visakhapatnam,TRN4420,16,0,0,Rain,0,273
2025-03-24,Secunderabad,TRN4130,20,0,0,Cloudy,0,837
2025-12-06,Nizamabad,TRN2539,14,5,0,Clear,1,903
2025-01-11,Kurnool,TRN3239,3,5,1,Cloudy,0,794
2025-11-11,Vijayawada,TRN4469,3,1,0,Clear,0,267
2025-01-26,Hyderabad,TRN1766,18,6,0,Clear,0,746
2025-08-18,Guntur,TRN2347,21,0,0,Clear,0,706
2025-05-15,Hyderabad,TRN3256,13,3,0,Rain,0,313
2025-04-03,Nellore,TRN3703,16,3,0,Cloudy,0,391
2025-06-26,Secunderabad,TRN2831,15,3,1,Clear,0,697
2025-03-31,Visakhapatnam,TRN4563,18,0,0,Rain,0,561
2025-01-13,Visakhapatnam,TRN5018,2,0,0,Clear,0,232
2025-11-10,Vijayawada,TRN1711,20,0,0,Rain,0,463
2025-12-04,Tirupati,TRN1727,7,3,0,Cloudy,0,613
2025-04-24,Warangal,TRN3265,16,3,0,Cloudy,0,308
2025-04-17,Nellore,TRN2875,20,3,0,Clear,0,622
2025-04-29,Secunderabad,TRN1917,11,1,0,Clear,0,306
2025-08-12,Tirupati,TRN2082,12,1,0,Clear,0,315
2025-04-30,Tirupati,TRN5578,17,2,0,Clear,0,721
2025-11-27,Hyderabad,TRN4294,12,3,0,Heavy Rain,0,428
2025-02-26,Kurnool,TRN1336,15,2,0,Rain,0,235
2025-07-26,Nizamabad,TRN3611,13,5,0,Rain,0,399
2025-10-19,Guntur,TRN4093,16,6,0,Clear,0,500
2025-01-19,Guntur,TRN3000,2,6,0,Clear,1,718
2025-02-14,Kurnool,TRN5482,4,4,0,Fog,0,431
2025-01-19,Vijayawada,TRN2515,11,6,0,Clear,0,571
2025-08-25,Visakhapatnam,TRN2322,14,0,0,Clear,0,413
2025-06-21,Guntur,TRN5387,14,5,0,Clear,0,516
2025-05-23,Nizamabad,TRN2825,7,4,0,Cloudy,0,515
2025-09-08,Kurnool,TRN4315,10,0,0,Cloudy,0,643
2025-01-28,Guntur,TRN3562,22,1,0,Clear,0,326
2025-07-25,Guntur,TRN3817,8,4,0,Cloudy,0,537
2025-03-04,Tirupati,TRN2523,13,1,1,Fog,0,660
2025-08-18,Hyderabad,TRN1652,11,0,0,Clear,0,404
2025-10-23,Vijayawada,TRN3306,0,3,0,Rain,0,281
2025-02-08,Secunderabad,TRN2619,12,5,1,Rain,0,788
2025-04-02,Secunderabad,TRN1602,3,2,0,Cloudy,0,387
2025-08-08,Nizamabad,TRN5826,6,4,0,Cloudy,0,361
2025-05-14,Visakhapatnam,TRN5024,3,2,0,Fog,0,137
2025-09-29,Nellore,TRN5533,23,0,0,Cloudy,0,402
2025-02-27,Vijayawada,TRN1029,21,3,0,Clear,0,703
2025-09-29,Warangal,TRN1899,16,0,0,Clear,0,419
2025-06-17,Tirupati,TRN5749,11,1,0,Clear,0,494
2025-11-26,Hyderabad,TRN1015,23,2,0,Clear,0,235
2025-10-22,Nizamabad,TRN4890,8,2,0,Clear,0,534
2025-08-23,Hyderabad,TRN5483,14,5,1,Heavy Rain,0,772
2025-11-17,Warangal,TRN5945,3,0,1,Cloudy,0,629
2025-06-11,Warangal,TRN4215,18,2,0,Cloudy,0,617
2025-11-07,Vijayawada,TRN2583,15,4,0,Cloudy,0,394
2025-06-06,Guntur,TRN5618,19,4,0,Rain,0,693
2025-10-27,Guntur,TRN1143,1,0,0,Rain,0,359
2025-08-29,Guntur,TRN2563,3,4,1,Clear,0,643
2025-09-15,Hyderabad,TRN4351,11,0,0,Clear,0,416
2025-11-23,Visakhapatnam,TRN1450,14,6,0,Clear,0,566
2025-05-11,Kurnool,TRN3717,20,6,0,Rain,0,645
2025-01-11,Visakhapatnam,TRN5507,12,5,0,Rain,0,423
2025-05-05,Secunderabad,TRN4005,15,0,0,Cloudy,0,315
2025-02-26,Kurnool,TRN3235,13,2,1,Clear,0,602
2025-05-02,Warangal,TRN5482,11,4,0,Cloudy,0,421
2025-04-28,Hyderabad,TRN2956,18,0,0,Cloudy,0,646
2025-03-17,Kurnool,TRN5810,22,0,0,Clear,0,188
2025-02-24,Nellore,TRN4403,23,0,0,Rain,0,417
2025-07-13,Warangal,TRN3056,1,6,0,Clear,0,484
2025-07-19,Kurnool,TRN4395,3,5,1,Clear,0,659
2025-07-01,Hyderabad,TRN5557,13,1,0,Clear,0,309
2025-01-02,Nellore,TRN1210,23,3,0,Clear,0,345
2025-04-12,Hyderabad,TRN2766,4,5,0,Heavy Rain,0,459
2025-03-01,Tirupati,TRN4226,15,5,0,Rain,0,535
2025-07-16,Hyderabad,TRN1154,17,2,0,Heavy Rain,0,736
2025-03-20,Nizamabad,TRN2005,19,3,0,Cloudy,0,589
2025-02-01,Tirupati,TRN2552,8,5,0,Clear,0,676
2025-11-30,Hyderabad,TRN5458,1,6,0,Clear,0,466
2025-07-06,Warangal,TRN4839,16,6,0,Rain,0,552
2025-04-02,Guntur,TRN3383,21,2,0,Clear,0,657
2025-01-16,Warangal,TRN3148,16,3,0,Rain,0,340
2025-03-22,Kurnool,TRN2024,19,5,0,Rain,0,577
2025-03-27,Hyderabad,TRN4893,15,3,0,Heavy Rain,0,403
2025-10-26,Vijayawada,TRN3451,18,6,0,Clear,0,704
2025-10-19,Nellore,TRN1171,15,6,0,Clear,0,554
2025-04-22,Hyderabad,TRN1355,1,1,0,Clear,0,417
2025-02-17,Nellore,TRN4928,8,0,0,Clear,0,537
2025-01-24,Secunderabad,TRN4926,5,4,0,Clear,0,256
2025-06-22,Visakhapatnam,TRN1571,10,6,0,Cloudy,0,677
2025-07-04,Hyderabad,TRN1849,3,4,0,Clear,0,295
2025-10-28,Guntur,TRN1708,23,1,0,Fog,0,360
2025-10-10,Warangal,TRN2563,11,4,0,Clear,0,447
2025-12-25,Nellore,TRN1377,12,3,0,Clear,0,383
2025-11-24,Visakhapatnam,TRN4204,6,0,0,Clear,0,310
2025-02-06,Visakhapatnam,TRN2185,5,3,0,Rain,0,255
2025-02-04,Secunderabad,TRN5110,15,1,0,Clear,0,323
2025-10-31,Kurnool,TRN3019,18,4,0,Cloudy,0,634
2025-05-24,Vijayawada,TRN2263,13,5,1,Clear,0,758
2025-01-12,Hyderabad,TRN5271,0,6,0,Clear,0,377
2025-11-19,Guntur,TRN3944,17,2,0,Clear,0,594
2025-02-20,Guntur,TRN1328,14,3,0,Cloudy,0,255
2025-05-01,Nizamabad,TRN5893,20,3,0,Clear,0,567
2025-11-11,Nizamabad,TRN5652,19,1,0,Rain,0,552
2025-09-15,Vijayawada,TRN3127,22,0,0,Clear,0,177
2025-03-03,Tirupati,TRN1947,10,0,0,Clear,1,950
2025-02-12,Tirupati,TRN4648,7,2,0,Clear,0,649
2025-02-17,Vijayawada,TRN4872,5,0,0,Heavy Rain,0,166
2025-06-12,Nellore,TRN5646,2,3,0,Clear,1,602
2025-12-12,Visakhapatnam,TRN1684,7,4,0,Cloudy,0,597
2025-09-13,Nizamabad,TRN5783,7,5,0,Rain,0,494
2025-11-29,Nellore,TRN1526,14,5,0,Clear,0,602
2025-08-16,Secunderabad,TRN3419,23,5,0,Clear,0,388
2025-10-07,Tirupati,TRN1387,5,1,1,Clear,0,587
2025-08-19,Guntur,TRN4538,6,1,0,Cloudy,0,283
2025-09-27,Vijayawada,TRN4939,12,5,0,Clear,0,515
2025-06-06,Visakhapatnam,TRN3983,0,4,0,Clear,0,344
2025-11-08,Guntur,TRN3296,15,5,0,Cloudy,0,581
2025-05-14,Hyderabad,TRN1500,23,2,0,Rain,0,261
2025-05-05,Vijayawada,TRN5292,21,0,0,Fog,0,664
2025-09-23,Nizamabad,TRN4767,14,1,0,Clear,0,364
2025-05-23,Nellore,TRN4627,2,4,0,Clear,0,328
2025-11-17,Nizamabad,TRN1330,1,0,0,Clear,0,233
2025-06-04,Hyderabad,TRN5209,12,2,0,Rain,0,445
2025-01-18,Secunderabad,TRN1159,9,5,0,Rain,0,751
2025-08-21,Nizamabad,TRN1391,10,3,0,Clear,0,551
2025-12-16,Kurnool,TRN3488,15,1,0,Clear,0,384
2025-07-11,Visakhapatnam,TRN1415,9,4,0,Cloudy,0,495
2025-02-13,Hyderabad,TRN1261,2,3,0,Heavy Rain,0,207
2025-01-16,Tirupati,TRN5082,5,3,0,Clear,0,268
2025-12-02,Warangal,TRN1164,1,1,0,Rain,0,216
2025-01-25,Kurnool,TRN2827,14,5,0,Fog,0,595
2025-01-23,Nizamabad,TRN4295,22,3,0,Clear,0,385
2025-10-04,Visakhapatnam,TRN4607,6,5,0,Heavy Rain,1,760
2025-12-08,Warangal,TRN1300,14,0,1,Cloudy,0,711
2025-08-23,Tirupati,TRN4783,11,5,0,Clear,1,863
2025-11-09,Hyderabad,TRN2220,23,6,0,Clear,0,327
2025-01-28,Visakhapatnam,TRN3910,22,1,0,Rain,1,712
2025-06-03,Nizamabad,TRN1183,10,1,0,Clear,0,577
2025-11-07,Visakhapatnam,TRN5650,11,4,0,Clear,0,330
2025-07-25,Guntur,TRN3543,7,4,0,Clear,0,495
2025-01-17,Guntur,TRN1416,4,4,1,Clear,0,640
2025-09-24,Tirupati,TRN2764,5,2,0,Rain,0,260
2025-09-16,Nellore,TRN2399,11,1,0,Cloudy,0,454
2025-02-22,Tirupati,TRN2522,18,5,0,Clear,0,754
2025-07-25,Secunderabad,TRN3841,3,4,1,Clear,0,604
2025-09-15,Tirupati,TRN5272,20,0,0,Clear,0,758
2025-11-20,Tirupati,TRN2112,1,3,0,Cloudy,0,310
2025-11-16,Guntur,TRN5103,17,6,0,Clear,0,744
2025-06-07,Secunderabad,TRN1639,10,5,0,Rain,0,671
2025-06-02,Tirupati,TRN3672,9,0,0,Clear,1,675
2025-11-23,Nizamabad,TRN4584,21,6,0,Clear,0,650
2025-11-30,Vijayawada,TRN2398,0,6,0,Clear,0,410
2025-04-20,Nellore,TRN5268,16,6,0,Clear,0,528
2025-10-20,Kurnool,TRN4365,21,0,0,Clear,0,601
2025-11-17,Guntur,TRN2024,12,0,0,Clear,0,354
2025-07-20,Vijayawada,TRN3238,5,6,1,Clear,0,443
2025-11-25,Warangal,TRN2397,6,1,0,Rain,0,256
2025-09-18,Tirupati,TRN1431,1,3,0,Rain,1,602
2025-11-26,Hyderabad,TRN4346,23,2,0,Clear,0,274
2025-07-15,Kurnool,TRN3867,23,1,0,Clear,1,572
2025-03-17,Hyderabad,TRN3050,10,0,0,Clear,0,551
2025-11-01,Vijayawada,TRN5178,4,5,0,Rain,0,308
2025-03-11,Warangal,TRN1217,23,1,0,Fog,0,290
2025-12-04,Hyderabad,TRN5099,6,3,0,Rain,0,108
2025-09-03,Hyderabad,TRN2842,0,2,0,Rain,0,278
2025-02-15,Visakhapatnam,TRN4460,6,5,0,Cloudy,0,434
2025-05-26,Nizamabad,TRN5563,21,0,0,Cloudy,0,623
2025-03-04,Secunderabad,TRN5031,22,1,0,Clear,0,209
2025-11-24,Secunderabad,TRN4514,23,0,0,Cloudy,0,281
2025-04-12,Kurnool,TRN4497,20,5,0,Clear,0,732
2025-09-28,Visakhapatnam,TRN3276,4,6,0,Rain,0,422
2025-06-09,Hyderabad,TRN4229,16,0,0,Clear,0,391
2025-05-16,Nellore,TRN2883,3,4,0,Clear,1,640
2025-01-10,Nellore,TRN4189,19,4,0,Cloudy,0,688
2025-12-16,Kurnool,TRN3600,15,1,0,Cloudy,0,372
2025-02-26,Tirupati,TRN5267,19,2,0,Clear,1,926
2025-05-27,Hyderabad,TRN4616,22,1,0,Cloudy,0,346
2025-07-02,Kurnool,TRN5613,11,2,0,Rain,0,370
2025-06-08,Nizamabad,TRN5928,7,6,0,Heavy Rain,0,634
2025-06-21,Hyderabad,TRN5293,5,5,0,Rain,0,333
2025-03-29,Nellore,TRN1473,14,5,0,Cloudy,0,541
2025-12-29,Tirupati,TRN3879,21,0,0,Clear,0,397
2025-05-05,Vijayawada,TRN5690,2,0,0,Cloudy,0,266
2025-11-20,Kurnool,TRN1664,0,3,1,Clear,0,611
2025-04-14,Secunderabad,TRN2704,17,0,1,Clear,0,723
2025-12-29,Vijayawada,TRN1728,19,0,0,Rain,0,518
2025-11-26,Secunderabad,TRN1908,3,2,0,Clear,0,350
2025-04-22,Visakhapatnam,TRN3011,14,1,1,Clear,0,704
2025-05-03,Kurnool,TRN1550,2,5,0,Cloudy,0,477
2025-05-22,Hyderabad,TRN4198,9,3,0,Rain,0,416
2025-02-12,Kurnool,TRN5893,18,2,0,Cloudy,0,575
2025-07-16,Secunderabad,TRN3051,23,2,0,Clear,0,307
2025-08-27,Warangal,TRN5005,5,2,0,Clear,1,652
2025-06-15,Nellore,TRN3491,22,6,0,Clear,0,451
2025-07-07,Nizamabad,TRN5204,8,0,0,Cloudy,0,698
2025-03-26,Nizamabad,TRN4650,5,2,1,Cloudy,1,1040
2025-03-20,Hyderabad,TRN2266,21,3,0,Clear,0,443
2025-06-27,Nellore,TRN2567,10,4,0,Clear,0,462
2025-03-30,Tirupati,TRN5510,8,6,0,Rain,1,977
2025-10-23,Warangal,TRN3679,22,3,0,Clear,0,314
2025-08-24,Warangal,TRN5589,8,6,1,Clear,0,744
2025-12-31,Nellore,TRN1512,17,2,0,Clear,0,569
2025-05-01,Secunderabad,TRN3464,18,3,0,Clear,0,569
2025-08-19,Guntur,TRN3793,1,1,0,Heavy Rain,0,194
2025-04-26,Warangal,TRN5493,22,5,0,Heavy Rain,1,772
2025-07-14,Warangal,TRN4294,9,0,0,Cloudy,0,466
2025-08-01,Vijayawada,TRN5451,17,4,1,Clear,0,875
2025-10-23,Nellore,TRN2958,11,3,0,Rain,0,304
2025-07-23,Secunderabad,TRN1986,13,2,0,Cloudy,1,741
2025-07-08,Warangal,TRN5197,1,1,0,Clear,0,364
2025-11-05,Vijayawada,TRN4913,9,2,0,Clear,0,550
2025-06-23,Kurnool,TRN3154,4,0,0,Clear,0,331
2025-01-24,Nizamabad,TRN3159,23,4,0,Clear,0,287
2025-02-27,Vijayawada,TRN2668,11,3,0,Clear,0,473
2025-10-08,Hyderabad,TRN4512,20,2,0,Clear,0,481
2025-02-16,Visakhapatnam,TRN2880,6,6,0,Clear,0,415
2025-07-14,Guntur,TRN3043,5,0,0,Cloudy,0,363
2025-10-31,Kurnool,TRN1038,19,4,0,Cloudy,0,640
2025-06-09,Guntur,TRN5126,19,0,0,Cloudy,0,669
2025-03-30,Nellore,TRN1886,14,6,0,Clear,0,467
2025-03-29,Kurnool,TRN2149,4,5,0,Clear,0,352
2025-04-21,Hyderabad,TRN3744,9,0,0,Fog,0,661
2025-02-27,Visakhapatnam,TRN4348,1,3,0,Rain,0,200
2025-03-08,Secunderabad,TRN1163,12,5,0,Clear,0,497
2025-05-04,Tirupati,TRN2721,9,6,0,Clear,0,686
2025-03-01,Tirupati,TRN1455,1,5,0,Clear,0,447
2025-10-24,Secunderabad,TRN2242,14,4,0,Clear,0,462
2025-05-19,Tirupati,TRN3162,21,0,0,Cloudy,0,615
2025-01-28,Kurnool,TRN4794,14,1,0,Cloudy,0,380
2025-07-04,Nellore,TRN5488,17,4,0,Heavy Rain,0,646
2025-04-20,Nellore,TRN1443,16,6,0,Clear,0,531
2025-08-18,Guntur,TRN1645,10,0,0,Cloudy,0,525
2025-03-13,Hyderabad,TRN2072,1,3,0,Cloudy,0,301
2025-10-17,Vijayawada,TRN3409,2,4,0,Clear,1,579
2025-09-04,Guntur,TRN1136,6,3,0,Clear,0,284
2025-08-06,Vijayawada,TRN1285,3,2,0,Clear,0,326
2025-04-28,Visakhapatnam,TRN5602,4,0,0,Cloudy,0,304
2025-05-22,Kurnool,TRN3572,12,3,0,Heavy Rain,0,336
2025-11-24,Warangal,TRN5728,21,0,0,Fog,0,551
2025-05-15,Nizamabad,TRN2724,22,3,0,Heavy Rain,0,291
2025-01-23,Nellore,TRN4137,22,3,0,Clear,1,777
2025-01-01,Vijayawada,TRN1229,16,2,0,Clear,0,261
2025-08-05,Kurnool,TRN3908,1,1,0,Rain,1,596
2025-12-26,Visakhapatnam,TRN4092,12,4,0,Clear,0,465
2025-10-12,Nizamabad,TRN1301,5,6,0,Clear,0,241
2025-12-14,Warangal,TRN1691,6,6,0,Rain,0,477
2025-10-27,Nellore,TRN5148,22,0,0,Clear,0,308
2025-09-03,Secunderabad,TRN1714,11,2,0,Heavy Rain,0,368
2025-05-31,Tirupati,TRN4811,16,5,0,Clear,0,571
2025-06-16,Nizamabad,TRN5996,17,0,1,Fog,0,897
2025-05-14,Secunderabad,TRN5360,8,2,0,Clear,0,740
2025-12-18,Secunderabad,TRN4010,8,3,0,Clear,0,525
2025-01-12,Kurnool,TRN1233,17,6,0,Clear,0,777
2025-06-30,Nizamabad,TRN2235,12,0,0,Clear,0,408
2025-10-20,Hyderabad,TRN2885,14,0,0,Clear,1,725
2025-03-04,Nizamabad,TRN5131,13,1,0,Cloudy,0,463
2025-09-07,Tirupati,TRN2903,16,6,0,Clear,0,521
2025-05-22,Warangal,TRN1199,18,3,0,Clear,0,575
2025-03-02,Nellore,TRN3600,0,6,0,Rain,0,354
2025-05-30,Hyderabad,TRN3598,0,4,0,Cloudy,0,326
2025-12-06,Nellore,TRN4265,18,5,0,Clear,0,808
2025-01-29,Kurnool,TRN2551,4,2,0,Clear,0,261
2025-02-22,Nizamabad,TRN4996,8,5,0,Clear,0,617
2025-05-10,Secunderabad,TRN1245,7,5,0,Cloudy,0,803
2025-03-01,Tirupati,TRN1885,22,5,0,Clear,0,319
2025-07-13,Secunderabad,TRN2026,19,6,0,Clear,0,663
2025-01-08,Tirupati,TRN2909,21,2,0,Clear,0,663
2025-12-07,Nizamabad,TRN1640,7,6,0,Clear,0,612
2025-02-02,Visakhapatnam,TRN2458,18,6,0,Clear,0,804
2025-03-24,Nellore,TRN4080,19,0,0,Clear,0,549
2025-01-26,Guntur,TRN1861,3,6,0,Clear,0,515
2025-04-27,Warangal,TRN3020,19,6,0,Clear,0,716
2025-01-26,Nellore,TRN4310,23,6,0,Cloudy,0,342
2025-12-28,Vijayawada,TRN1182,6,6,0,Clear,0,484
2025-08-24,Kurnool,TRN4604,16,6,0,Clear,0,509
2025-08-05,Vijayawada,TRN2657,7,1,0,Clear,0,399
2025-07-19,Tirupati,TRN1382,6,5,0,Cloudy,1,903
2025-03-21,Kurnool,TRN4803,15,4,0,Clear,0,517
2025-06-28,Hyderabad,TRN5810,1,5,0,Cloudy,0,393
2025-12-18,Secunderabad,TRN4804,20,3,1,Cloudy,0,850
2025-08-20,Visakhapatnam,TRN2950,7,2,0,Clear,0,520
2025-06-03,Nellore,TRN5744,3,1,0,Rain,0,152
2025-08-06,Vijayawada,TRN4849,10,2,0,Clear,0,425
2025-06-26,Tirupati,TRN5480,0,3,0,Rain,0,236
2025-06-11,Guntur,TRN5461,13,2,0,Clear,0,362
2025-08-12,Nellore,TRN4677,0,1,0,Clear,0,312
2025-05-13,Warangal,TRN3625,17,1,0,Clear,0,655
2025-09-12,Secunderabad,TRN2808,7,4,0,Clear,0,600
2025-08-27,Tirupati,TRN4547,2,2,1,Clear,0,568
2025-07-09,Visakhapatnam,TRN2127,23,2,1,Cloudy,0,519
2025-04-08,Vijayawada,TRN5574,18,1,1,Clear,0,828
2025-05-06,Kurnool,TRN4776,7,1,0,Clear,0,492
2025-12-09,Tirupati,TRN4008,13,1,0,Clear,0,407
2025-09-27,Guntur,TRN1035,9,5,0,Clear,0,840
2025-02-23,Nellore,TRN4341,23,6,0,Rain,0,366
2025-03-01,Hyderabad,TRN3327,11,5,0,Clear,0,546
2025-11-26,Vijayawada,TRN2717,10,2,0,Heavy Rain,0,475
2025-08-15,Secunderabad,TRN3441,23,4,1,Clear,0,552
2025-05-19,Guntur,TRN5513,12,0,0,Cloudy,0,403
2025-11-03,Tirupati,TRN2444,17,0,0,Clear,0,462
2025-08-12,Guntur,TRN5988,1,1,0,Clear,0,315
2025-01-24,Nizamabad,TRN5643,7,4,0,Cloudy,0,513
2025-02-09,Nizamabad,TRN4902,22,6,0,Clear,0,310
2025-04-14,Vijayawada,TRN1769,12,0,0,Fog,0,307
2025-08-12,Warangal,TRN4473,15,1,0,Clear,0,350
2025-06-30,Tirupati,TRN1679,4,0,0,Clear,0,303
2025-05-27,Nizamabad,TRN2581,2,1,0,Cloudy,0,276
2025-10-28,Hyderabad,TRN2956,6,1,0,Rain,0,267
2025-02-18,Nizamabad,TRN5607,8,1,1,Clear,0,709
2025-12-09,Secunderabad,TRN1317,2,1,0,Heavy Rain,0,349
2025-10-07,Visakhapatnam,TRN4053,0,1,0,Clear,0,240
2025-06-07,Vijayawada,TRN2310,22,5,0,Rain,0,250
2025-11-21,Nizamabad,TRN5161,5,4,1,Rain,0,579
2025-06-29,Nellore,TRN1021,18,6,0,Rain,0,749
2025-02-21,Hyderabad,TRN1796,20,4,0,Clear,0,566
2025-03-04,Vijayawada,TRN3033,22,1,0,Cloudy,1,663
2025-03-04,Vijayawada,TRN2273,6,1,0,Clear,0,262
2025-07-12,Kurnool,TRN2118,17,5,0,Clear,0,772
2025-12-31,Guntur,TRN1576,19,2,0,Clear,0,668
2025-01-30,Tirupati,TRN1937,17,3,0,Cloudy,0,602
2025-06-04,Visakhapatnam,TRN2959,0,2,0,Cloudy,1,557
2025-01-13,Guntur,TRN4539,9,0,0,Cloudy,0,667
2025-09-01,Visakhapatnam,TRN4779,21,0,1,Clear,1,1137
2025-08-19,Tirupati,TRN2052,14,1,0,Cloudy,1,738
2025-05-09,Secunderabad,TRN1209,13,4,1,Cloudy,0,629
2025-11-21,Secunderabad,TRN2635,7,4,0,Cloudy,0,414
2025-10-16,Warangal,TRN1875,14,3,0,Clear,0,304
2025-12-04,Visakhapatnam,TRN5681,22,3,0,Heavy Rain,0,256
2025-09-02,Tirupati,TRN5048,22,1,0,Clear,0,271
2025-07-26,Kurnool,TRN3302,8,5,0,Heavy Rain,0,645
2025-09-25,Nizamabad,TRN4449,11,3,0,Clear,0,454
2025-05-17,Kurnool,TRN1209,19,5,0,Cloudy,0,777
2025-06-17,Visakhapatnam,TRN2496,2,1,0,Cloudy,0,240
2025-08-17,Visakhapatnam,TRN5054,1,6,0,Cloudy,0,470
2025-11-28,Hyderabad,TRN2092,9,4,0,Fog,0,522
2025-06-03,Visakhapatnam,TRN2208,23,1,0,Heavy Rain,0,246
2025-07-16,Vijayawada,TRN4158,10,2,0,Clear,0,527
2025-12-26,Warangal,TRN4646,9,4,0,Heavy Rain,0,580
2025-06-30,Nellore,TRN1730,9,0,1,Clear,0,708
2025-12-18,Kurnool,TRN1612,4,3,0,Clear,0,434
2025-05-17,Hyderabad,TRN4835,2,5,1,Clear,0,679
2025-11-14,Warangal,TRN1587,8,4,0,Cloudy,0,504
2025-05-10,Warangal,TRN4611,17,5,0,Clear,0,656
2025-01-04,Tirupati,TRN1555,6,5,0,Rain,0,354
2025-12-05,Kurnool,TRN5645,9,4,0,Heavy Rain,0,520
2025-03-14,Guntur,TRN1448,5,4,0,Cloudy,0,389
2025-01-31,Kurnool,TRN2674,11,4,0,Clear,0,354
2025-04-30,Hyderabad,TRN2947,15,2,0,Rain,0,385
2025-03-15,Hyderabad,TRN1986,1,5,0,Clear,0,416
2025-12-20,Warangal,TRN1764,7,5,0,Cloudy,0,673
2025-05-16,Tirupati,TRN1316,16,4,0,Cloudy,0,394
2025-04-14,Warangal,TRN5536,11,0,0,Clear,0,325
2025-03-09,Kurnool,TRN5349,19,6,0,Cloudy,0,631
2025-01-03,Tirupati,TRN1155,0,4,0,Clear,1,736
2025-07-26,Kurnool,TRN2178,23,5,0,Cloudy,1,680
2025-04-12,Visakhapatnam,TRN5354,22,5,0,Fog,1,637
2025-08-05,Tirupati,TRN4212,23,1,0,Cloudy,0,375
2025-04-25,Tirupati,TRN2163,10,4,0,Clear,0,554
2025-04-21,Guntur,TRN4408,18,0,0,Cloudy,0,552
2025-01-17,Hyderabad,TRN4330,6,4,0,Heavy Rain,0,286
2025-08-04,Tirupati,TRN3194,10,0,0,Clear,0,429
2025-07-27,Hyderabad,TRN3439,18,6,0,Cloudy,0,747
2025-07-09,Guntur,TRN5314,11,2,0,Cloudy,0,482
2025-05-25,Nizamabad,TRN3515,10,6,1,Fog,1,1250
2025-02-07,Warangal,TRN3967,0,4,0,Cloudy,0,286
2025-07-17,Secunderabad,TRN2017,19,3,1,Clear,0,711
2025-02-03,Secunderabad,TRN5816,3,0,0,Clear,0,285
2025-08-18,Tirupati,TRN1100,13,0,0,Cloudy,0,553
2025-01-26,Vijayawada,TRN1991,10,6,0,Cloudy,0,627
2025-04-20,Warangal,TRN5243,16,6,0,Clear,0,418
2025-05-25,Warangal,TRN3296,9,6,0,Clear,0,791
2025-02-05,Warangal,TRN4482,23,2,0,Heavy Rain,0,135
2025-02-12,Nellore,TRN2875,19,2,1,Clear,0,914
2025-10-18,Hyderabad,TRN1096,21,5,0,Clear,1,1071
2025-04-29,Visakhapatnam,TRN3809,19,1,0,Cloudy,0,627
2025-07-07,Tirupati,TRN1418,8,0,0,Clear,0,573
2025-04-19,Hyderabad,TRN4090,19,5,0,Cloudy,0,836
2025-01-20,Nellore,TRN3161,4,0,0,Clear,0,375
2025-12-27,Tirupati,TRN2081,21,5,0,Fog,0,624
2025-03-22,Visakhapatnam,TRN4996,7,5,0,Clear,0,589
2025-08-11,Vijayawada,TRN2015,6,0,0,Clear,0,182
2025-08-21,Tirupati,TRN4128,11,3,0,Clear,0,340
2025-05-06,Kurnool,TRN5002,20,1,0,Cloudy,0,601
2025-03-06,Hyderabad,TRN4948,4,3,0,Clear,0,255
2025-05-04,Kurnool,TRN3807,7,6,0,Rain,0,668
2025-08-31,Tirupati,TRN1990,0,6,0,Clear,1,737
2025-05-31,Nellore,TRN2806,23,5,0,Clear,0,435
2025-04-28,Guntur,TRN1644,20,0,1,Cloudy,0,807
2025-02-12,Visakhapatnam,TRN2844,20,2,0,Clear,0,516
2025-07-30,Warangal,TRN1957,11,2,0,Clear,0,362
2025-03-15,Tirupati,TRN1060,18,5,0,Cloudy,0,761
2025-03-21,Guntur,TRN5350,12,4,0,Clear,0,503
2025-01-18,Nizamabad,TRN5938,16,5,0,Clear,0,532
2025-04-20,Visakhapatnam,TRN1705,16,6,0,Clear,0,512
2025-08-12,Vijayawada,TRN3596,4,1,0,Clear,0,109
2025-08-16,Nellore,TRN4375,5,5,0,Rain,0,295
2025-01-10,Visakhapatnam,TRN3280,8,4,0,Clear,0,620
2025-08-25,Nellore,TRN1892,12,0,0,Heavy Rain,0,447
2025-03-13,Kurnool,TRN5323,16,3,0,Cloudy,0,365
2025-05-07,Nizamabad,TRN3630,3,2,0,Clear,0,184
2025-06-20,Nizamabad,TRN5343,1,4,1,Clear,0,523
2025-07-24,Secunderabad,TRN4855,12,3,0,Cloudy,0,429
2025-12-28,Visakhapatnam,TRN4557,21,6,0,Cloudy,1,952
2025-01-05,Kurnool,TRN4550,9,6,0,Cloudy,0,738
2025-09-06,Nellore,TRN4535,14,5,0,Clear,0,562
2025-09-12,Tirupati,TRN3028,0,4,0,Clear,0,282
2025-05-28,Tirupati,TRN3508,12,2,0,Cloudy,0,476
2025-09-22,Nellore,TRN4698,23,0,1,Heavy Rain,0,523
2025-07-03,Nellore,TRN3853,8,3,0,Clear,0,366
2025-04-21,Visakhapatnam,TRN5404,0,0,0,Clear,0,180
2025-11-23,Kurnool,TRN5884,3,6,0,Clear,0,412
2025-08-21,Visakhapatnam,TRN1526,5,3,0,Rain,0,210
2025-01-09,Nellore,TRN1203,6,3,0,Rain,0,257
2025-02-21,Warangal,TRN2615,19,4,0,Clear,0,625
2025-02-09,Guntur,TRN4768,13,6,0,Clear,0,576
2025-03-19,Tirupati,TRN3173,8,2,0,Clear,0,626
2025-04-12,Kurnool,TRN1006,2,5,0,Cloudy,0,474
2025-04-28,Nellore,TRN2632,20,0,0,Clear,0,585
2025-05-14,Tirupati,TRN3288,7,2,0,Clear,0,609
2025-03-27,Kurnool,TRN5165,1,3,0,Clear,0,289
2025-07-17,Nizamabad,TRN1741,12,3,0,Clear,0,369
2025-12-17,Guntur,TRN4292,13,2,0,Rain,0,342
2025-04-15,Secunderabad,TRN4350,12,1,0,Clear,0,338
2025-12-30,Vijayawada,TRN3296,12,1,0,Rain,0,218
2025-09-15,Secunderabad,TRN5391,19,0,1,Cloudy,0,852
2025-02-20,Nellore,TRN3709,22,3,0,Cloudy,0,278
2025-09-15,Hyderabad,TRN2418,4,0,0,Cloudy,0,380
2025-11-13,Warangal,TRN5347,5,3,0,Rain,0,272
2025-06-05,Vijayawada,TRN4934,7,3,0,Clear,0,636
2025-08-10,Kurnool,TRN2565,7,6,0,Clear,0,709
2025-10-27,Hyderabad,TRN3217,4,0,0,Rain,0,306
2025-09-22,Guntur,TRN4549,14,0,1,Cloudy,0,649
2025-02-04,Guntur,TRN5922,3,1,0,Clear,0,235
2025-03-27,Nellore,TRN5544,13,3,0,Cloudy,0,428
2025-06-11,Guntur,TRN5422,17,2,0,Clear,0,585
2025-05-31,Vijayawada,TRN2529,8,5,1,Cloudy,1,1313
2025-08-21,Tirupati,TRN5645,3,3,0,Clear,0,359
2025-06-12,Tirupati,TRN5308,6,3,0,Clear,0,246
2025-09-02,Secunderabad,TRN3938,14,1,0,Cloudy,0,478
2025-06-15,Nellore,TRN4796,1,6,0,Rain,0,508
2025-03-18,Nellore,TRN5174,17,1,0,Clear,0,594
2025-08-15,Guntur,TRN4212,6,4,0,Clear,0,352
2025-12-06,Hyderabad,TRN3367,14,5,0,Clear,0,544
2025-02-27,Nizamabad,TRN4706,8,3,1,Heavy Rain,0,624
2025-12-02,Nellore,TRN4744,5,1,0,Rain,0,217
2025-08-05,Kurnool,TRN2524,1,1,0,Cloudy,0,199
2025-10-16,Vijayawada,TRN4535,1,3,0,Clear,0,309
2025-03-09,Secunderabad,TRN4663,18,6,0,Clear,0,847
2025-02-01,Tirupati,TRN4962,21,5,0,Clear,0,607
2025-06-15,Warangal,TRN3130,1,6,0,Rain,0,376
2025-03-15,Vijayawada,TRN1854,5,5,1,Cloudy,0,619
2025-06-30,Nellore,TRN4617,16,0,0,Clear,0,445
2025-03-26,Nizamabad,TRN4004,14,2,0,Cloudy,1,843
2025-11-06,Guntur,TRN2491,14,3,0,Clear,0,396
2025-01-15,Visakhapatnam,TRN4838,22,2,0,Rain,0,174
2025-10-02,Visakhapatnam,TRN3682,14,3,0,Clear,0,467
2025-05-22,Nizamabad,TRN3058,16,3,0,Clear,0,344
2025-08-30,Nellore,TRN5274,16,5,0,Cloudy,0,663
2025-11-21,Tirupati,TRN5147,21,4,0,Fog,0,657
2025-04-30,Kurnool,TRN1618,17,2,0,Clear,0,602
2025-04-11,Visakhapatnam,TRN1719,5,4,1,Clear,0,544
2025-11-21,Vijayawada,TRN3297,15,4,1,Clear,0,787
2025-06-10,Warangal,TRN3376,1,1,0,Heavy Rain,0,346
2025-07-08,Vijayawada,TRN5924,1,1,0,Clear,0,258
2025-03-08,Kurnool,TRN5293,14,5,0,Cloudy,0,576
2025-06-22,Hyderabad,TRN4128,1,6,0,Cloudy,0,427
2025-01-09,Warangal,TRN2241,2,3,1,Rain,0,528
2025-06-30,Hyderabad,TRN4634,17,0,0,Fog,0,600
2025-05-28,Visakhapatnam,TRN5832,17,2,0,Clear,0,554
2025-04-18,Secunderabad,TRN4060,12,4,0,Clear,0,359
2025-12-16,Nizamabad,TRN3274,3,1,0,Rain,0,266
2025-07-12,Tirupati,TRN1151,5,5,0,Clear,0,454
2025-03-26,Secunderabad,TRN5250,9,2,0,Clear,0,534
2025-07-21,Nellore,TRN5865,7,0,0,Heavy Rain,0,519
2025-12-15,Secunderabad,TRN2204,2,0,0,Rain,0,193
2025-11-12,Visakhapatnam,TRN3763,17,2,1,Cloudy,0,878
2025-02-10,Tirupati,TRN2611,16,0,0,Clear,0,372
2025-04-23,Nizamabad,TRN1391,22,2,0,Clear,0,406
2025-11-24,Visakhapatnam,TRN1935,23,0,0,Cloudy,0,381
2025-12-29,Secunderabad,TRN4143,14,0,0,Clear,0,450
2025-12-23,Guntur,TRN4062,21,1,0,Cloudy,0,558
2025-05-05,Guntur,TRN2743,2,0,0,Rain,0,220
2025-02-04,Kurnool,TRN1681,14,1,0,Clear,0,335
2025-10-12,Kurnool,TRN2959,16,6,0,Clear,0,449
2025-04-13,Secunderabad,TRN3903,18,6,0,Clear,0,584
2025-01-06,Guntur,TRN5936,9,0,0,Fog,0,402
2025-03-30,Kurnool,TRN2797,15,6,0,Fog,0,490
2025-05-13,Nellore,TRN4048,18,1,0,Cloudy,0,623
2025-08-01,Visakhapatnam,TRN5641,5,4,0,Clear,0,323
2025-05-07,Vijayawada,TRN3460,3,2,0,Clear,0,269
2025-01-05,Tirupati,TRN1435,21,6,0,Clear,0,701
2025-06-22,Guntur,TRN4295,17,6,0,Clear,0,745
2025-11-24,Guntur,TRN5639,18,0,0,Clear,1,870
2025-08-12,Vijayawada,TRN2753,20,1,0,Clear,0,640
2025-06-16,Vijayawada,TRN4884,18,0,0,Cloudy,0,675
2025-10-21,Nizamabad,TRN3753,17,1,0,Clear,0,593
2025-04-28,Warangal,TRN5399,23,0,1,Clear,0,498
2025-06-05,Tirupati,TRN1826,7,3,0,Rain,0,366
2025-10-31,Secunderabad,TRN4672,5,4,0,Clear,0,228
2025-02-23,Vijayawada,TRN1762,9,6,0,Clear,0,572
2025-02-08,Visakhapatnam,TRN2687,15,5,0,Cloudy,0,629
2025-10-08,Guntur,TRN4391,18,2,0,Clear,0,678
2025-04-24,Nellore,TRN4376,19,3,0,Clear,1,954
2025-08-14,Guntur,TRN1034,5,3,0,Clear,0,280
2025-07-12,Guntur,TRN1896,2,5,0,Clear,0,488
2025-03-03,Hyderabad,TRN5589,14,0,0,Clear,0,369
2025-03-21,Guntur,TRN1754,7,4,1,Clear,0,844
2025-08-25,Hyderabad,TRN4247,8,0,0,Heavy Rain,0,429
2025-05-21,Nellore,TRN2598,11,2,1,Cloudy,0,636
2025-12-27,Visakhapatnam,TRN4182,11,5,0,Clear,0,460
2025-11-23,Visakhapatnam,TRN5374,23,6,0,Cloudy,0,359
2025-05-28,Vijayawada,TRN1677,6,2,0,Cloudy,0,341
2025-08-22,Kurnool,TRN5226,23,4,0,Cloudy,0,351
2025-10-09,Guntur,TRN3123,2,3,0,Rain,0,146
2025-02-01,Nellore,TRN5881,11,5,0,Rain,0,461
2025-01-12,Warangal,TRN4754,11,6,0,Clear,0,574
2025-09-01,Nizamabad,TRN3346,21,0,1,Clear,0,823
2025-06-23,Kurnool,TRN4933,17,0,0,Heavy Rain,0,605
2025-02-01,Nellore,TRN4418,11,5,0,Clear,0,459
2025-11-22,Vijayawada,TRN5427,4,5,0,Clear,0,488
2025-06-09,Tirupati,TRN4312,5,0,0,Rain,0,331
2025-12-03,Nizamabad,TRN3333,1,2,0,Clear,0,177
2025-10-23,Vijayawada,TRN1357,16,3,0,Heavy Rain,0,409
2025-11-13,Guntur,TRN2020,13,3,0,Cloudy,0,305
2025-03-07,Visakhapatnam,TRN1870,10,4,0,Clear,0,574
2025-10-11,Secunderabad,TRN2693,19,5,0,Clear,0,715
2025-03-26,Vijayawada,TRN5011,16,2,0,Clear,0,477
2025-06-26,Guntur,TRN5878,3,3,0,Fog,0,251
2025-08-12,Tirupati,TRN4303,17,1,0,Rain,0,486
2025-10-18,Kurnool,TRN4611,9,5,0,Clear,0,580
2025-10-27,Tirupati,TRN4062,9,0,0,Heavy Rain,0,495
2025-05-11,Tirupati,TRN1018,2,6,0,Clear,0,496
2025-08-02,Visakhapatnam,TRN2469,7,5,0,Cloudy,0,741
2025-03-10,Kurnool,TRN3961,12,0,1,Cloudy,0,605
2025-11-19,Vijayawada,TRN5198,14,2,0,Fog,0,420
2025-02-04,Secunderabad,TRN5616,15,1,0,Clear,0,394
2025-10-13,Secunderabad,TRN5486,0,0,0,Clear,0,366
2025-05-13,Vijayawada,TRN1534,16,1,0,Clear,1,698
2025-06-01,Nellore,TRN2924,0,6,0,Clear,0,438
2025-08-19,Nizamabad,TRN3284,20,1,0,Clear,0,662
2025-06-16,Warangal,TRN4349,21,0,0,Clear,0,700
2025-09-06,Nizamabad,TRN3245,19,5,0,Clear,0,751
2025-06-15,Nellore,TRN2664,0,6,0,Clear,0,344
2025-03-23,Guntur,TRN2520,19,6,0,Clear,0,804
2025-11-25,Tirupati,TRN3305,12,1,0,Clear,0,471
2025-02-06,Nizamabad,TRN1247,15,3,0,Rain,0,362
2025-12-15,Nizamabad,TRN4883,21,0,0,Cloudy,0,562
2025-12-18,Tirupati,TRN5253,2,3,0,Clear,0,407
2025-09-01,Kurnool,TRN1071,16,0,0,Cloudy,0,422
2025-12-19,Hyderabad,TRN2904,12,4,0,Cloudy,0,441
2025-09-08,Tirupati,TRN4685,9,0,0,Fog,0,485
2025-10-13,Secunderabad,TRN3802,2,0,1,Rain,0,483
2025-08-31,Tirupati,TRN3567,14,6,0,Clear,0,447
2025-03-13,Kurnool,TRN3920,17,3,0,Fog,0,578
2025-11-01,Visakhapatnam,TRN3028,6,5,1,Clear,0,680
2025-05-29,Guntur,TRN3024,9,3,0,Clear,0,502
2025-04-29,Secunderabad,TRN5379,4,1,0,Clear,0,302
2025-01-18,Tirupati,TRN2062,12,5,0,Rain,0,591
2025-09-30,Warangal,TRN3015,19,1,0,Clear,0,545
2025-03-09,Kurnool,TRN3478,2,6,0,Clear,0,361
2025-12-15,Guntur,TRN1450,19,0,0,Cloudy,0,677
2025-12-02,Guntur,TRN1901,4,1,0,Clear,0,381
2025-02-09,Nizamabad,TRN5739,10,6,0,Heavy Rain,0,582
2025-07-05,Tirupati,TRN1019,15,5,0,Clear,0,531
2025-09-16,Nizamabad,TRN2884,13,1,0,Clear,0,464
2025-09-19,Kurnool,TRN1702,23,4,0,Cloudy,0,387
2025-05-24,Warangal,TRN3740,4,5,1,Clear,0,586
2025-12-27,Visakhapatnam,TRN5403,3,5,0,Clear,0,461
2025-09-30,Nellore,TRN5675,21,1,0,Clear,0,623
2025-03-14,Hyderabad,TRN3525,21,4,0,Fog,0,642
2025-11-03,Visakhapatnam,TRN1897,12,0,0,Clear,0,383
2025-09-26,Visakhapatnam,TRN2786,3,4,0,Clear,0,273
2025-05-02,Nellore,TRN4991,12,4,0,Rain,0,199
2025-12-26,Secunderabad,TRN1876,15,4,0,Cloudy,0,427
2025-09-11,Guntur,TRN5159,12,3,0,Cloudy,0,448
2025-10-18,Kurnool,TRN2299,7,5,0,Cloudy,0,593
2025-08-01,Visakhapatnam,TRN4528,21,4,0,Rain,0,658
2025-11-10,Hyderabad,TRN5531,5,0,0,Cloudy,0,328
2025-12-10,Secunderabad,TRN1424,22,2,0,Cloudy,0,416
2025-09-05,Tirupati,TRN1047,19,4,0,Cloudy,0,657
2025-10-02,Secunderabad,TRN4864,14,3,0,Rain,0,313
2025-10-31,Kurnool,TRN1450,12,4,0,Clear,0,512
2025-08-03,Nizamabad,TRN1953,15,6,0,Cloudy,0,647
2025-11-12,Warangal,TRN1914,23,2,0,Cloudy,0,228
2025-08-19,Tirupati,TRN2631,0,1,0,Clear,0,285
2025-10-31,Hyderabad,TRN1294,23,4,0,Clear,0,332
2025-10-03,Guntur,TRN5255,22,4,0,Clear,0,390
2025-04-17,Nellore,TRN2594,6,3,1,Rain,0,554
2025-03-09,Kurnool,TRN3356,17,6,0,Clear,0,715
2025-06-17,Guntur,TRN3876,5,1,0,Cloudy,0,201
2025-06-12,Nizamabad,TRN3965,20,3,0,Cloudy,0,550
2025-01-31,Nellore,TRN4230,5,4,0,Clear,0,353
2025-05-04,Hyderabad,TRN2871,22,6,0,Clear,0,443
2025-12-27,Secunderabad,TRN3329,23,5,0,Cloudy,0,469
2025-10-07,Kurnool,TRN5101,21,1,0,Cloudy,0,585
2025-04-04,Warangal,TRN2542,13,4,0,Fog,1,716
2025-07-21,Secunderabad,TRN4521,9,0,0,Cloudy,1,895
2025-12-17,Secunderabad,TRN1488,20,2,0,Rain,0,650
2025-11-29,Guntur,TRN1277,13,5,0,Heavy Rain,0,524
2025-06-26,Hyderabad,TRN4449,10,3,0,Clear,0,515
2025-06-26,Nizamabad,TRN3542,23,3,0,Clear,0,398
2025-02-25,Guntur,TRN4593,11,1,0,Heavy Rain,0,313
2025-06-19,Visakhapatnam,TRN1828,19,3,0,Clear,0,450
2025-05-07,Warangal,TRN3846,15,2,0,Fog,0,469
2025-12-29,Tirupati,TRN4215,0,0,0,Clear,0,247
2025-06-01,Visakhapatnam,TRN1096,18,6,1,Clear,0,912
2025-10-13,Visakhapatnam,TRN5235,16,0,0,Cloudy,0,373
2025-07-07,Guntur,TRN2415,9,0,0,Cloudy,0,551
2025-09-11,Secunderabad,TRN1845,13,3,0,Cloudy,0,467
2025-06-12,Visakhapatnam,TRN2285,11,3,0,Clear,1,737
2025-07-28,Tirupati,TRN1974,11,0,0,Clear,1,725
2025-05-07,Warangal,TRN3070,23,2,0,Cloudy,0,343
2025-09-03,Vijayawada,TRN5039,18,2,0,Cloudy,0,493
2025-10-16,Visakhapatnam,TRN1271,4,3,1,Clear,0,513
2025-10-17,Vijayawada,TRN3008,13,4,0,Clear,0,547
2025-10-24,Warangal,TRN3057,6,4,0,Clear,0,169
2025-07-11,Guntur,TRN2361,20,4,0,Heavy Rain,0,530
2025-02-25,Hyderabad,TRN5610,9,1,1,Clear,0,709
2025-05-28,Nizamabad,TRN3519,1,2,0,Cloudy,1,672
2025-01-25,Kurnool,TRN1780,20,5,0,Clear,0,731
2025-04-01,Guntur,TRN5894,0,1,1,Cloudy,0,577
2025-01-15,Visakhapatnam,TRN3274,2,2,0,Clear,0,354
2025-05-18,Nellore,TRN5007,9,6,0,Clear,0,680
2025-11-09,Nellore,TRN4929,4,6,1,Cloudy,0,677
2025-10-20,Secunderabad,TRN5037,10,0,0,Rain,0,566
2025-12-22,Vijayawada,TRN1874,19,0,0,Rain,0,536
2025-01-23,Tirupati,TRN3985,11,3,0,Clear,0,348
2025-09-10,Guntur,TRN3257,9,2,1,Clear,0,778
2025-02-04,Vijayawada,TRN2101,3,1,0,Cloudy,0,233
2025-02-11,Vijayawada,TRN4434,12,1,1,Clear,0,715
2025-09-20,Visakhapatnam,TRN4465,2,5,0,Clear,0,431
2025-08-18,Visakhapatnam,TRN4978,1,0,0,Fog,0,313
2025-06-18,Nellore,TRN2118,3,2,0,Clear,0,360
2025-12-16,Nizamabad,TRN3570,13,1,0,Clear,0,466
2025-09-17,Kurnool,TRN3117,11,2,0,Cloudy,0,404
2025-07-02,Secunderabad,TRN4891,22,2,0,Clear,1,669
2025-05-21,Nellore,TRN5620,6,2,1,Clear,0,562
2025-02-01,Kurnool,TRN2164,17,5,0,Clear,0,754
2025-11-07,Nellore,TRN2949,10,4,0,Cloudy,0,434
2025-04-06,Warangal,TRN1357,5,6,0,Rain,1,852
2025-07-09,Nizamabad,TRN1415,8,2,0,Clear,0,554
2025-10-31,Nizamabad,TRN3452,18,4,0,Clear,0,573
2025-08-23,Nizamabad,TRN3620,23,5,0,Rain,0,429
2025-05-17,Guntur,TRN3322,20,5,0,Cloudy,0,839
2025-07-03,Guntur,TRN5099,13,3,0,Clear,0,407
2025-07-13,Secunderabad,TRN1465,13,6,1,Clear,0,701
2025-08-16,Secunderabad,TRN3981,13,5,1,Rain,0,715
2025-10-04,Warangal,TRN3825,8,5,0,Clear,0,681
2025-04-11,Nellore,TRN4244,13,4,0,Clear,0,317
2025-09-17,Vijayawada,TRN4970,9,2,0,Clear,0,496
2025-02-15,Tirupati,TRN5913,22,5,0,Cloudy,0,412
2025-06-08,Guntur,TRN5298,6,6,0,Clear,0,377
2025-11-14,Nellore,TRN5709,14,4,0,Cloudy,1,759
2025-07-25,Guntur,TRN3287,10,4,0,Rain,0,571
2025-09-04,Tirupati,TRN1957,21,3,0,Heavy Rain,0,600
2025-05-03,Warangal,TRN2753,10,5,0,Heavy Rain,1,984
2025-11-25,Hyderabad,TRN3962,2,1,0,Clear,1,585
2025-12-28,Warangal,TRN5675,21,6,0,Clear,0,743
2025-04-05,Hyderabad,TRN4417,22,5,0,Clear,1,721
2025-02-23,Guntur,TRN3706,16,6,1,Rain,0,896
2025-12-04,Kurnool,TRN4486,13,3,0,Cloudy,0,484
2025-08-16,Nellore,TRN3549,1,5,0,Clear,0,318
2025-01-23,Vijayawada,TRN3720,22,3,0,Cloudy,1,593
2025-02-01,Hyderabad,TRN5020,8,5,0,Clear,0,669
2025-05-26,Vijayawada,TRN1645,8,0,0,Clear,0,523
2025-09-03,Kurnool,TRN2593,10,2,0,Clear,0,486
2025-05-12,Visakhapatnam,TRN5696,22,0,1,Clear,0,585
2025-11-23,Guntur,TRN5840,10,6,0,Clear,0,676
2025-11-01,Warangal,TRN4541,0,5,0,Clear,0,407
2025-04-25,Kurnool,TRN1300,5,4,1,Clear,0,586
2025-07-31,Vijayawada,TRN2669,12,3,0,Clear,0,364
2025-05-18,Visakhapatnam,TRN1637,19,6,0,Clear,0,822
2025-05-25,Tirupati,TRN2942,17,6,0,Rain,0,626
2025-02-21,Hyderabad,TRN2455,2,4,0,Cloudy,0,290
2025-05-25,Tirupati,TRN2103,7,6,0,Clear,0,660
2025-02-10,Vijayawada,TRN6000,10,0,0,Clear,0,567
2025-04-28,Nellore,TRN5591,5,0,1,Clear,0,526
2025-07-14,Secunderabad,TRN5249,23,0,0,Clear,0,249
2025-12-30,Nizamabad,TRN2865,1,1,0,Fog,0,331
2025-10-05,Warangal,TRN3059,11,6,0,Clear,0,551
2025-09-11,Tirupati,TRN2798,22,3,0,Rain,0,184
2025-08-16,Kurnool,TRN3030,4,5,0,Clear,0,323
2025-12-08,Vijayawada,TRN1986,14,0,0,Heavy Rain,0,272
2025-06-10,Nellore,TRN5560,7,1,0,Clear,0,430
2025-08-03,Hyderabad,TRN3011,0,6,0,Cloudy,0,474
2025-09-29,Hyderabad,TRN3875,6,0,0,Clear,0,229
2025-11-18,Nizamabad,TRN3788,15,1,0,Cloudy,0,431
2025-06-06,Nizamabad,TRN4467,10,4,0,Heavy Rain,0,499
2025-05-30,Guntur,TRN3738,6,4,0,Cloudy,0,300
2025-05-14,Nizamabad,TRN5761,2,2,0,Clear,0,291
2025-07-02,Tirupati,TRN4522,4,2,0,Rain,0,257
2025-11-02,Kurnool,TRN2099,4,6,0,Cloudy,0,349
2025-11-21,Nizamabad,TRN5074,18,4,0,Clear,0,520
2025-09-07,Secunderabad,TRN2827,3,6,0,Clear,0,367
2025-09-01,Vijayawada,TRN5703,1,0,0,Cloudy,0,357
2025-11-28,Warangal,TRN2790,12,4,0,Cloudy,0,367
2025-09-13,Secunderabad,TRN1517,16,5,0,Fog,0,458
2025-07-14,Guntur,TRN4330,20,0,0,Clear,0,761
2025-05-23,Tirupati,TRN2476,22,4,0,Fog,0,230
2025-09-23,Vijayawada,TRN2370,4,1,0,Rain,1,725
2025-01-23,Warangal,TRN4748,7,3,0,Clear,0,467
2025-01-03,Warangal,TRN2490,5,4,0,Fog,0,294
2025-11-18,Guntur,TRN3846,11,1,0,Clear,0,283
2025-09-16,Kurnool,TRN1490,0,1,0,Clear,0,348
2025-10-15,Visakhapatnam,TRN1665,2,2,1,Clear,0,502
2025-01-21,Kurnool,TRN1853,20,1,0,Rain,0,492
2025-08-28,Kurnool,TRN2945,15,3,1,Clear,0,588
2025-06-11,Nizamabad,TRN3695,14,2,0,Cloudy,0,389
2025-08-21,Vijayawada,TRN5767,18,3,0,Clear,0,635
2025-09-17,Visakhapatnam,TRN2400,13,2,0,Fog,0,359
2025-02-14,Nizamabad,TRN5526,3,4,0,Heavy Rain,0,358
2025-05-17,Nizamabad,TRN1932,21,5,0,Clear,0,798
2025-03-27,Secunderabad,TRN5320,4,3,1,Cloudy,0,580
2025-07-06,Guntur,TRN3269,6,6,0,Clear,0,313
2025-02-12,Nellore,TRN1113,13,2,1,Cloudy,0,636
2025-05-16,Nellore,TRN3463,6,4,0,Cloudy,0,469
2025-06-08,Guntur,TRN1895,3,6,0,Heavy Rain,1,740
2025-04-06,Hyderabad,TRN2860,19,6,1,Clear,0,886
2025-09-03,Secunderabad,TRN2045,11,2,0,Clear,0,356
2025-05-20,Kurnool,TRN5565,7,1,0,Clear,0,599
2025-02-20,Tirupati,TRN5029,19,3,0,Clear,0,637
2025-11-29,Kurnool,TRN3981,7,5,0,Clear,0,643
2025-02-15,Kurnool,TRN3602,7,5,0,Clear,0,712
2025-10-24,Secunderabad,TRN3029,1,4,0,Cloudy,0,324
2025-01-04,Kurnool,TRN5772,1,5,0,Heavy Rain,1,809
2025-12-15,Nizamabad,TRN3208,7,0,0,Rain,0,553
2025-02-01,Visakhapatnam,TRN2236,9,5,0,Clear,1,1017
2025-07-17,Nellore,TRN2114,19,3,0,Heavy Rain,0,607
2025-12-19,Hyderabad,TRN4357,5,4,0,Clear,0,260
2025-09-12,Vijayawada,TRN3479,1,4,0,Cloudy,0,450
2025-12-14,Nellore,TRN5354,16,6,0,Clear,0,481
2025-12-14,Visakhapatnam,TRN2314,8,6,0,Cloudy,0,718
2025-08-10,Hyderabad,TRN1976,10,6,0,Cloudy,0,762
2025-08-03,Vijayawada,TRN1627,21,6,0,Clear,0,738
2025-12-16,Kurnool,TRN3722,22,1,0,Clear,0,321
2025-02-21,Secunderabad,TRN2028,15,4,0,Clear,0,353
2025-12-17,Vijayawada,TRN1898,2,2,0,Clear,0,223
2025-06-25,Nizamabad,TRN2245,10,2,1,Fog,0,753
2025-10-11,Tirupati,TRN2073,11,5,0,Heavy Rain,0,524
2025-05-25,Hyderabad,TRN2339,21,6,0,Heavy Rain,0,633
2025-01-29,Vijayawada,TRN2290,1,2,0,Cloudy,0,298
2025-07-24,Secunderabad,TRN3811,5,3,0,Clear,0,228
2025-01-20,Warangal,TRN3362,17,0,0,Clear,0,662
2025-12-25,Hyderabad,TRN1126,8,3,0,Heavy Rain,0,381
2025-09-14,Warangal,TRN2669,6,6,0,Cloudy,0,435
2025-09-16,Tirupati,TRN4662,16,1,0,Cloudy,0,412
2025-05-23,Tirupati,TRN5090,1,4,0,Cloudy,0,400
2025-11-20,Visakhapatnam,TRN4365,9,3,0,Clear,0,500
2025-10-24,Tirupati,TRN1581,22,4,0,Clear,0,349
2025-02-28,Hyderabad,TRN3852,22,4,1,Cloudy,0,677
2025-04-10,Nellore,TRN5192,21,3,0,Clear,0,590
2025-08-08,Secunderabad,TRN3042,1,4,0,Clear,0,211
2025-11-26,Warangal,TRN5330,10,2,0,Clear,0,581
2025-11-11,Guntur,TRN2263,17,1,1,Clear,0,759
2025-01-01,Warangal,TRN2298,17,2,0,Cloudy,0,526
2025-10-21,Nizamabad,TRN3737,8,1,1,Rain,0,794
2025-11-23,Secunderabad,TRN5115,9,6,0,Heavy Rain,0,526
2025-01-24,Kurnool,TRN3505,8,4,0,Clear,1,958
2025-02-20,Nellore,TRN1267,8,3,1,Clear,0,686
2025-03-25,Kurnool,TRN4042,0,1,0,Clear,0,218
2025-04-12,Warangal,TRN5324,0,5,1,Heavy Rain,0,701
2025-09-16,Warangal,TRN4553,10,1,1,Cloudy,0,793
2025-09-19,Secunderabad,TRN1021,22,4,0,Clear,1,703
2025-07-17,Nizamabad,TRN5853,8,3,0,Cloudy,0,534
2025-10-04,Nellore,TRN5056,14,5,0,Cloudy,0,553
2025-04-25,Guntur,TRN2879,3,4,0,Cloudy,0,328
2025-05-28,Guntur,TRN2783,13,2,0,Clear,0,398
2025-04-22,Tirupati,TRN2036,9,1,0,Clear,0,628
2025-05-30,Kurnool,TRN1464,19,4,1,Clear,0,828
2025-04-26,Secunderabad,TRN1329,2,5,0,Clear,0,514
2025-03-18,Hyderabad,TRN4038,15,1,0,Cloudy,0,343
2025-01-08,Visakhapatnam,TRN4458,5,2,0,Cloudy,0,387
2025-08-21,Warangal,TRN3040,19,3,0,Clear,0,607
2025-05-02,Secunderabad,TRN5795,15,4,0,Heavy Rain,0,340
2025-08-01,Visakhapatnam,TRN5969,6,4,0,Clear,0,247
2025-11-02,Nellore,TRN2292,9,6,0,Clear,0,760
2025-09-16,Secunderabad,TRN2500,21,1,0,Clear,0,669
2025-09-30,Guntur,TRN1928,7,1,0,Cloudy,0,577
2025-05-13,Nellore,TRN3760,17,1,0,Heavy Rain,0,430
2025-12-25,Nellore,TRN2876,12,3,1,Cloudy,0,591
2025-09-22,Hyderabad,TRN3921,6,0,0,Rain,0,153
2025-10-18,Hyderabad,TRN5959,19,5,0,Clear,0,745
2025-05-16,Kurnool,TRN1879,10,4,0,Clear,0,480
2025-04-22,Guntur,TRN5478,18,1,0,Clear,0,481
2025-10-08,Warangal,TRN3139,19,2,0,Clear,1,991
2025-12-30,Vijayawada,TRN2621,4,1,0,Heavy Rain,0,343
2025-07-26,Secunderabad,TRN1168,22,5,1,Clear,0,742
2025-09-19,Nizamabad,TRN1838,11,4,0,Clear,0,444
2025-03-28,Vijayawada,TRN1721,5,4,0,Rain,0,275
2025-12-19,Tirupati,TRN4098,18,4,0,Clear,1,988
2025-04-06,Visakhapatnam,TRN4560,10,6,0,Clear,0,709
2025-05-07,Visakhapatnam,TRN1775,2,2,0,Cloudy,0,270
2025-09-01,Visakhapatnam,TRN2919,3,0,0,Clear,0,214
2025-08-10,Vijayawada,TRN3552,13,6,0,Cloudy,0,514
2025-12-13,Visakhapatnam,TRN1059,0,5,0,Fog,0,388
2025-06-28,Visakhapatnam,TRN2662,9,5,0,Rain,0,760
2025-02-14,Kurnool,TRN5558,5,4,0,Clear,0,222
2025-03-31,Visakhapatnam,TRN5701,11,0,0,Cloudy,0,347
2025-02-14,Kurnool,TRN4460,5,4,1,Clear,0,629
2025-06-05,Warangal,TRN3109,16,3,0,Cloudy,0,286
2025-07-12,Vijayawada,TRN1719,3,5,0,Cloudy,0,308
2025-06-24,Nellore,TRN2555,7,1,0,Rain,0,446
2025-11-17,Kurnool,TRN2512,17,0,0,Rain,0,568
2025-12-01,Secunderabad,TRN4162,22,0,0,Heavy Rain,1,707
2025-03-06,Guntur,TRN2210,5,3,0,Clear,0,289
2025-10-16,Vijayawada,TRN1123,13,3,0,Clear,0,473
2025-12-26,Tirupati,TRN2616,20,4,0,Clear,0,623
2025-12-16,Guntur,TRN5407,21,1,0,Heavy Rain,0,564
2025-05-02,Hyderabad,TRN5314,9,4,1,Heavy Rain,0,703
2025-08-28,Warangal,TRN2994,1,3,0,Rain,0,337
2025-04-02,Warangal,TRN5089,14,2,0,Cloudy,1,913
2025-10-14,Nellore,TRN5487,2,1,0,Clear,0,343
2025-05-25,Nellore,TRN4798,18,6,0,Clear,0,720
2025-08-24,Hyderabad,TRN4717,7,6,0,Fog,0,739
2025-03-10,Visakhapatnam,TRN2467,23,0,0,Clear,0,267
2025-08-10,Guntur,TRN5586,1,6,0,Clear,0,550
2025-03-25,Warangal,TRN5897,0,1,0,Clear,0,269
2025-01-12,Hyderabad,TRN1188,11,6,0,Rain,1,800
2025-05-07,Visakhapatnam,TRN4798,21,2,0,Clear,0,657
2025-03-18,Vijayawada,TRN4707,15,1,0,Rain,0,366
2025-01-03,Nellore,TRN2362,4,4,1,Cloudy,0,560
2025-05-13,Warangal,TRN3540,6,1,0,Rain,0,349
2025-06-04,Kurnool,TRN3262,21,2,0,Clear,0,608
2025-10-29,Hyderabad,TRN1033,9,2,0,Fog,0,568
2025-09-19,Nizamabad,TRN1270,8,4,0,Clear,1,891
2025-08-02,Tirupati,TRN4708,16,5,0,Cloudy,0,458
2025-03-22,Warangal,TRN1050,14,5,1,Clear,0,968
2025-09-11,Vijayawada,TRN2639,2,3,0,Clear,0,388
2025-08-20,Nizamabad,TRN5702,8,2,0,Rain,0,454
2025-02-05,Nizamabad,TRN4316,20,2,0,Clear,0,654
2025-03-09,Hyderabad,TRN5281,18,6,0,Cloudy,0,674
2025-01-04,Guntur,TRN3975,2,5,0,Heavy Rain,0,368
2025-10-09,Kurnool,TRN4616,6,3,0,Cloudy,0,424
2025-12-13,Visakhapatnam,TRN4975,0,5,0,Clear,0,332
2025-05-21,Tirupati,TRN2901,15,2,0,Clear,0,362
2025-04-02,Visakhapatnam,TRN5683,21,2,1,Fog,0,758
2025-08-13,Hyderabad,TRN4214,14,2,0,Clear,0,325
2025-12-17,Nizamabad,TRN4949,1,2,0,Clear,0,322
2025-01-17,Visakhapatnam,TRN4290,7,4,0,Clear,0,522
2025-01-09,Guntur,TRN5219,1,3,0,Clear,0,260
2025-02-01,Kurnool,TRN3880,0,5,0,Clear,0,485
2025-06-08,Nizamabad,TRN1085,1,6,0,Clear,1,882
2025-06-09,Secunderabad,TRN1725,9,0,0,Rain,0,441
2025-07-08,Tirupati,TRN2757,2,1,0,Clear,0,308
2025-08-26,Tirupati,TRN1304,23,1,0,Rain,0,303
2025-06-13,Nellore,TRN3402,0,4,0,Clear,0,325
2025-04-19,Visakhapatnam,TRN2972,11,5,0,Cloudy,0,568
2025-04-25,Vijayawada,TRN3863,13,4,0,Cloudy,0,466
2025-06-07,Hyderabad,TRN4526,3,5,1,Clear,0,739
2025-02-24,Nizamabad,TRN2194,5,0,0,Cloudy,0,269
2025-12-10,Tirupati,TRN2128,9,2,0,Clear,0,469
2025-09-22,Nizamabad,TRN3942,1,0,0,Rain,0,213
2025-10-26,Kurnool,TRN2996,7,6,0,Rain,0,578
2025-03-21,Warangal,TRN2293,15,4,0,Clear,0,391
2025-07-11,Secunderabad,TRN2410,7,4,0,Clear,0,566
2025-07-08,Vijayawada,TRN3034,4,1,0,Heavy Rain,0,82
2025-12-29,Nellore,TRN2384,23,0,0,Cloudy,0,277
2025-04-24,Kurnool,TRN3028,21,3,0,Rain,0,575
2025-11-25,Visakhapatnam,TRN4784,12,1,0,Clear,0,395
2025-08-05,Hyderabad,TRN2968,17,1,0,Cloudy,0,619
2025-09-26,Tirupati,TRN2621,23,4,0,Clear,0,273
2025-07-10,Nellore,TRN4133,3,3,0,Rain,0,257
2025-03-13,Nellore,TRN5660,4,3,0,Fog,0,282
2025-07-06,Vijayawada,TRN3128,8,6,0,Clear,0,639
2025-09-09,Visakhapatnam,TRN4440,1,1,0,Cloudy,0,422
2025-08-23,Secunderabad,TRN4478,4,5,0,Clear,0,405
2025-04-19,Kurnool,TRN2132,11,5,0,Clear,0,578
2025-09-24,Nizamabad,TRN1437,9,2,0,Clear,0,508
2025-04-22,Kurnool,TRN4438,12,1,0,Clear,0,355
2025-07-21,Vijayawada,TRN5838,13,0,0,Clear,1,679
2025-11-28,Nellore,TRN4879,1,4,1,Clear,0,536
2025-08-03,Vijayawada,TRN2314,20,6,0,Cloudy,0,630
2025-04-21,Guntur,TRN2204,19,0,0,Clear,0,566
2025-05-18,Nellore,TRN3181,17,6,0,Clear,0,664
2025-01-21,Guntur,TRN4347,22,1,0,Clear,0,312
2025-11-11,Nizamabad,TRN1639,4,1,0,Clear,0,285
2025-03-25,Secunderabad,TRN1214,5,1,0,Rain,0,257
2025-05-03,Tirupati,TRN4522,23,5,0,Clear,0,363
2025-10-14,Visakhapatnam,TRN2790,4,1,0,Clear,1,654
2025-11-28,Kurnool,TRN5077,11,4,0,Clear,0,350
2025-01-29,Warangal,TRN1896,14,2,0,Clear,0,290
2025-06-13,Kurnool,TRN3307,19,4,0,Cloudy,0,616
2025-12-02,Nizamabad,TRN5515,3,1,0,Clear,0,229
2025-06-08,Warangal,TRN5780,18,6,0,Cloudy,0,749
2025-05-23,Guntur,TRN1168,1,4,0,Rain,0,168
2025-04-11,Secunderabad,TRN3726,18,4,0,Cloudy,0,591
2025-09-30,Secunderabad,TRN1369,8,1,0,Clear,0,561
2025-05-17,Guntur,TRN2279,7,5,0,Cloudy,0,714
2025-01-24,Warangal,TRN3473,1,4,0,Clear,0,312
2025-11-10,Tirupati,TRN1550,19,0,1,Heavy Rain,0,808
2025-08-20,Nizamabad,TRN5735,12,2,0,Clear,0,351
2025-09-09,Hyderabad,TRN1529,14,1,0,Cloudy,0,396
2025-07-06,Hyderabad,TRN3103,15,6,0,Clear,0,497
2025-07-07,Nizamabad,TRN2480,1,0,0,Cloudy,0,288
2025-07-09,Kurnool,TRN4735,7,2,0,Clear,0,622
2025-04-07,Kurnool,TRN2836,17,0,0,Cloudy,0,699
2025-08-26,Tirupati,TRN1335,5,1,0,Clear,0,181
2025-06-08,Guntur,TRN1333,6,6,0,Clear,0,330
2025-09-02,Warangal,TRN5209,16,1,0,Cloudy,0,371
2025-06-26,Kurnool,TRN3157,16,3,0,Rain,0,366
2025-05-14,Warangal,TRN3358,22,2,0,Cloudy,0,323
2025-09-13,Secunderabad,TRN5666,6,5,0,Rain,0,200
2025-02-11,Nizamabad,TRN5479,3,1,0,Clear,0,337
2025-08-31,Nizamabad,TRN1122,22,6,0,Clear,0,325
2025-12-26,Nizamabad,TRN2675,1,4,0,Cloudy,0,280
2025-08-03,Vijayawada,TRN5210,14,6,0,Clear,0,522
2025-03-06,Nizamabad,TRN2625,21,3,0,Cloudy,0,654
2025-07-23,Tirupati,TRN4724,11,2,0,Cloudy,0,358
2025-07-29,Warangal,TRN2092,17,1,0,Clear,0,657
2025-10-13,Nizamabad,TRN4147,2,0,0,Clear,0,374
2025-10-25,Visakhapatnam,TRN3871,17,5,0,Cloudy,0,669
2025-03-28,Guntur,TRN1210,12,4,0,Cloudy,0,247
2025-09-25,Kurnool,TRN1421,1,3,1,Cloudy,0,634
2025-08-22,Visakhapatnam,TRN3054,6,4,0,Cloudy,0,419
2025-07-30,Tirupati,TRN3317,20,2,0,Fog,0,464
2025-01-08,Vijayawada,TRN4395,23,2,0,Clear,0,319
2025-05-07,Warangal,TRN5819,10,2,0,Clear,1,975
2025-05-28,Kurnool,TRN4825,22,2,0,Clear,0,328
2025-11-19,Vijayawada,TRN5864,0,2,0,Cloudy,0,309
2025-08-12,Nizamabad,TRN2754,22,1,0,Clear,0,328
2025-09-17,Guntur,TRN4308,2,2,0,Cloudy,0,184
2025-10-15,Nizamabad,TRN1457,2,2,0,Clear,0,269
2025-09-15,Nizamabad,TRN1395,20,0,1,Clear,0,851
2025-04-02,Secunderabad,TRN5095,2,2,0,Clear,1,630
2025-07-08,Visakhapatnam,TRN3476,11,1,0,Heavy Rain,1,818
2025-07-02,Vijayawada,TRN5187,12,2,0,Cloudy,0,408
2025-07-28,Nellore,TRN1044,23,0,0,Clear,0,351
2025-01-29,Tirupati,TRN1938,23,2,0,Clear,0,291
2025-01-29,Nizamabad,TRN5217,14,2,0,Cloudy,0,303
2025-06-24,Warangal,TRN3397,1,1,0,Clear,0,301
2025-05-05,Tirupati,TRN4123,0,0,0,Cloudy,0,316
2025-04-20,Visakhapatnam,TRN1272,1,6,0,Clear,0,292
2025-09-14,Tirupati,TRN3544,23,6,0,Cloudy,0,469
2025-03-10,Warangal,TRN3606,16,0,0,Clear,0,319
2025-12-15,Nizamabad,TRN1249,6,0,1,Clear,0,551
2025-10-03,Nizamabad,TRN1237,8,4,0,Clear,0,507
2025-10-30,Vijayawada,TRN2297,18,3,0,Clear,0,581
2025-08-18,Guntur,TRN3892,14,0,0,Rain,0,392
2025-11-26,Nizamabad,TRN2404,4,2,0,Heavy Rain,0,277
2025-11-07,Kurnool,TRN3880,8,4,0,Clear,0,541
2025-11-27,Warangal,TRN4600,10,3,0,Heavy Rain,0,486
2025-07-12,Vijayawada,TRN4791,11,5,0,Clear,0,521
2025-10-12,Nizamabad,TRN3662,6,6,0,Cloudy,0,408
2025-03-15,Kurnool,TRN1841,15,5,0,Fog,0,619
2025-06-12,Nizamabad,TRN3314,5,3,1,Cloudy,0,627
2025-02-19,Kurnool,TRN5078,8,2,0,Clear,0,477
2025-09-06,Kurnool,TRN4730,10,5,1,Rain,0,923
2025-01-11,Tirupati,TRN5969,4,5,0,Cloudy,0,540
2025-12-20,Guntur,TRN2523,19,5,0,Clear,0,758
2025-06-28,Kurnool,TRN3441,22,5,0,Rain,0,461
2025-06-06,Kurnool,TRN2089,5,4,0,Clear,0,213
2025-08-13,Tirupati,TRN3710,9,2,0,Clear,0,587
2025-12-10,Nizamabad,TRN4414,18,2,0,Clear,0,630
2025-09-04,Hyderabad,TRN3511,21,3,0,Clear,0,737
2025-09-15,Tirupati,TRN5207,11,0,0,Clear,0,337
2025-07-28,Nizamabad,TRN1070,22,0,0,Clear,0,274
2025-02-19,Hyderabad,TRN2434,0,2,0,Clear,0,248
2025-06-18,Tirupati,TRN4302,10,2,0,Cloudy,0,606
2025-01-07,Kurnool,TRN1213,4,1,0,Rain,0,226
2025-01-15,Visakhapatnam,TRN5184,3,2,0,Clear,0,360
2025-05-04,Warangal,TRN4655,3,6,0,Clear,0,509
2025-04-11,Visakhapatnam,TRN5842,12,4,0,Clear,0,347
2025-08-26,Warangal,TRN5137,7,1,0,Clear,0,673
2025-04-14,Nizamabad,TRN1041,20,0,0,Fog,1,978
2025-10-02,Nellore,TRN3686,18,3,0,Fog,0,625
2025-07-29,Hyderabad,TRN3633,15,1,0,Heavy Rain,0,190
2025-09-13,Visakhapatnam,TRN2351,13,5,0,Clear,1,874
2025-06-19,Nellore,TRN2051,7,3,0,Fog,0,618
2025-05-15,Visakhapatnam,TRN1179,17,3,1,Cloudy,0,742
2025-01-20,Vijayawada,TRN3602,15,0,0,Clear,0,427
2025-11-07,Kurnool,TRN3711,23,4,1,Clear,0,544
2025-10-27,Secunderabad,TRN4797,13,0,0,Clear,0,410
2025-02-19,Guntur,TRN1272,10,2,0,Clear,0,561
2025-11-19,Guntur,TRN1193,0,2,0,Heavy Rain,0,265
2025-05-03,Nellore,TRN5532,9,5,0,Clear,0,828
2025-12-30,Nizamabad,TRN4945,20,1,1,Cloudy,0,906
2025-10-01,Hyderabad,TRN5382,7,2,0,Heavy Rain,0,508
2025-12-23,Nellore,TRN4538,9,1,0,Cloudy,0,593
2025-01-23,Tirupati,TRN5884,6,3,0,Clear,0,357
2025-07-12,Visakhapatnam,TRN4751,11,5,0,Clear,0,519
2025-03-25,Vijayawada,TRN2719,20,1,0,Clear,0,699
2025-04-22,Nizamabad,TRN2525,21,1,0,Heavy Rain,0,630
2025-08-20,Warangal,TRN1756,19,2,0,Clear,0,563
2025-05-07,Nizamabad,TRN1736,10,2,0,Fog,0,625
2025-08-09,Vijayawada,TRN2178,3,5,0,Clear,0,370
2025-12-15,Secunderabad,TRN1468,8,0,0,Clear,0,537
2025-06-10,Warangal,TRN5942,17,1,0,Clear,0,706
2025-07-06,Nellore,TRN5424,20,6,0,Heavy Rain,1,1082
2025-01-01,Visakhapatnam,TRN3586,4,2,0,Clear,0,312
2025-01-22,Tirupati,TRN3657,9,2,0,Cloudy,0,599
2025-09-15,Nizamabad,TRN3342,2,0,0,Clear,0,228
2025-02-22,Tirupati,TRN5256,5,5,0,Rain,0,315
2025-07-09,Nizamabad,TRN4248,9,2,0,Clear,0,530
2025-04-02,Vijayawada,TRN2734,23,2,0,Heavy Rain,0,210
2025-09-24,Hyderabad,TRN3193,17,2,0,Cloudy,0,576
2025-09-26,Hyderabad,TRN4825,17,4,0,Clear,0,602
2025-11-21,Visakhapatnam,TRN1562,15,4,0,Clear,0,445
2025-06-17,Nellore,TRN1130,8,1,0,Clear,0,428
2025-05-21,Secunderabad,TRN5994,2,2,0,Clear,0,383
2025-11-12,Kurnool,TRN2974,14,2,0,Fog,0,368
2025-02-09,Vijayawada,TRN2544,8,6,0,Clear,0,630
2025-06-24,Hyderabad,TRN2295,17,1,0,Cloudy,0,690
2025-04-05,Hyderabad,TRN5218,1,5,0,Cloudy,0,372
2025-02-14,Nellore,TRN2842,3,4,0,Cloudy,1,589
2025-01-21,Warangal,TRN2229,0,1,0,Clear,0,325
2025-02-24,Secunderabad,TRN3544,19,0,1,Clear,0,879
2025-05-06,Hyderabad,TRN1225,4,1,0,Clear,0,342
2025-02-26,Nellore,TRN4530,17,2,0,Clear,0,591
2025-02-05,Hyderabad,TRN4227,13,2,0,Clear,1,857
2025-10-31,Visakhapatnam,TRN3469,12,4,0,Cloudy,0,385
2025-07-26,Vijayawada,TRN1824,4,5,0,Clear,0,568
2025-02-28,Tirupati,TRN5603,11,4,0,Clear,0,216
2025-08-01,Vijayawada,TRN4343,17,4,0,Clear,0,645
2025-01-06,Vijayawada,TRN3602,18,0,0,Cloudy,0,610
2025-11-25,Nellore,TRN1267,8,1,0,Heavy Rain,0,510
2025-03-12,Warangal,TRN4540,4,2,0,Heavy Rain,0,235
2025-12-04,Nizamabad,TRN5925,11,3,0,Clear,0,306
2025-07-31,Guntur,TRN4161,13,3,0,Cloudy,0,431
2025-11-11,Nellore,TRN3936,17,1,0,Clear,0,567
2025-10-27,Nellore,TRN3928,4,0,0,Clear,0,276
2025-10-30,Visakhapatnam,TRN2733,9,3,0,Clear,0,565
2025-05-05,Nizamabad,TRN5293,22,0,0,Cloudy,0,298
2025-07-28,Warangal,TRN1987,0,0,0,Cloudy,0,341
2025-10-24,Hyderabad,TRN1904,12,4,0,Clear,0,348
2025-09-17,Nizamabad,TRN5354,14,2,0,Clear,0,424
2025-09-14,Nizamabad,TRN2859,22,6,0,Clear,0,388
2025-02-13,Vijayawada,TRN3800,14,3,1,Clear,1,1150
2025-02-26,Nizamabad,TRN5876,17,2,0,Clear,0,563
2025-06-08,Nizamabad,TRN4092,15,6,1,Clear,0,903
2025-10-02,Tirupati,TRN4604,10,3,1,Cloudy,0,621
2025-11-10,Secunderabad,TRN5535,14,0,0,Fog,0,294
2025-03-20,Secunderabad,TRN4589,18,3,0,Clear,0,589
2025-07-16,Vijayawada,TRN1936,5,2,1,Fog,1,811
2025-06-16,Nellore,TRN2584,20,0,0,Rain,1,915
2025-10-20,Secunderabad,TRN1119,10,0,0,Clear,0,655
2025-08-29,Kurnool,TRN3294,4,4,0,Clear,0,224
2025-02-21,Nizamabad,TRN2441,21,4,0,Clear,0,538
2025-03-02,Nizamabad,TRN4408,3,6,0,Clear,0,385
2025-04-02,Nellore,TRN3753,21,2,0,Clear,0,559
2025-06-19,Warangal,TRN4711,7,3,0,Clear,0,636
2025-03-16,Kurnool,TRN1370,20,6,0,Clear,0,653
2025-01-10,Secunderabad,TRN3623,5,4,1,Clear,0,662
2025-04-30,Hyderabad,TRN3256,12,2,0,Clear,1,693
2025-11-14,Guntur,TRN5231,6,4,0,Clear,0,241
2025-12-11,Guntur,TRN2013,16,3,0,Clear,0,321
2025-11-21,Nizamabad,TRN4716,11,4,0,Cloudy,0,361
2025-06-11,Secunderabad,TRN1642,10,2,0,Clear,0,565
2025-09-14,Nizamabad,TRN4633,5,6,0,Fog,0,412
2025-05-12,Kurnool,TRN2616,7,0,0,Cloudy,0,564
2025-11-17,Vijayawada,TRN5377,15,0,0,Clear,0,443
2025-03-02,Secunderabad,TRN3051,8,6,0,Clear,0,676
2025-07-12,Hyderabad,TRN4317,6,5,0,Clear,1,798
2025-08-19,Nizamabad,TRN4742,1,1,0,Rain,0,241
2025-07-10,Warangal,TRN2339,19,3,0,Cloudy,0,621
2025-08-06,Nizamabad,TRN1276,1,2,0,Clear,0,238
2025-05-03,Visakhapatnam,TRN2766,22,5,0,Heavy Rain,0,370
2025-12-31,Nellore,TRN1157,2,2,1,Clear,1,917
2025-07-24,Vijayawada,TRN1222,2,3,0,Cloudy,0,218
2025-01-27,Tirupati,TRN3404,9,0,1,Cloudy,0,743
2025-03-20,Tirupati,TRN1051,9,3,0,Cloudy,0,602
2025-10-12,Nellore,TRN5258,15,6,0,Clear,0,624
2025-08-25,Visakhapatnam,TRN3129,11,0,0,Rain,0,383
2025-08-25,Nizamabad,TRN2269,1,0,0,Clear,0,209
2025-09-14,Tirupati,TRN2162,19,6,0,Clear,0,706
2025-07-19,Vijayawada,TRN5475,14,5,0,Cloudy,0,456
2025-05-23,Nizamabad,TRN5068,6,4,0,Clear,0,370
2025-08-04,Guntur,TRN4371,5,0,0,Clear,0,367
2025-02-25,Vijayawada,TRN3917,3,1,0,Clear,0,245
2025-09-17,Vijayawada,TRN3553,16,2,0,Cloudy,0,352
2025-04-22,Hyderabad,TRN2434,15,1,0,Cloudy,0,263
2025-04-04,Kurnool,TRN4589,23,4,0,Clear,0,363
2025-06-15,Warangal,TRN2358,1,6,0,Rain,0,358
2025-12-08,Guntur,TRN4233,3,0,0,Clear,0,326
2025-04-07,Secunderabad,TRN5262,0,0,0,Cloudy,0,338
2025-04-15,Secunderabad,TRN1281,20,1,0,Heavy Rain,1,814
2025-06-23,Hyderabad,TRN5357,7,0,0,Cloudy,0,472
2025-04-17,Secunderabad,TRN4966,2,3,0,Rain,0,291
2025-05-27,Secunderabad,TRN2025,18,1,0,Clear,0,555
2025-12-12,Warangal,TRN2547,20,4,1,Clear,1,1039
2025-08-23,Nizamabad,TRN1372,7,5,0,Clear,0,727
2025-06-05,Nizamabad,TRN1505,4,3,0,Rain,0,261
2025-06-22,Hyderabad,TRN2376,14,6,0,Clear,0,519
2025-10-23,Guntur,TRN4369,21,3,0,Clear,0,682
2025-04-02,Guntur,TRN4720,2,2,0,Clear,0,357
2025-10-09,Visakhapatnam,TRN3560,11,3,0,Clear,0,521
2025-01-02,Guntur,TRN1407,22,3,0,Cloudy,0,222
2025-09-19,Guntur,TRN4928,9,4,1,Cloudy,0,809
2025-01-12,Tirupati,TRN5268,14,6,0,Heavy Rain,0,465
2025-08-03,Vijayawada,TRN3059,22,6,0,Clear,0,326
2025-03-04,Guntur,TRN4754,15,1,0,Clear,0,341
2025-12-22,Tirupati,TRN3226,18,0,0,Rain,0,559
2025-10-28,Visakhapatnam,TRN3635,15,1,0,Rain,0,430
2025-08-20,Tirupati,TRN5996,16,2,0,Clear,0,180
2025-07-30,Nellore,TRN3770,13,2,0,Clear,0,425
2025-07-01,Secunderabad,TRN5289,9,1,0,Clear,0,492
2025-12-19,Guntur,TRN4220,17,4,0,Clear,0,560
2025-08-15,Tirupati,TRN1731,14,4,1,Rain,0,465
2025-10-16,Warangal,TRN1872,13,3,0,Clear,0,457
2025-02-01,Warangal,TRN1497,14,5,0,Cloudy,0,486
2025-08-10,Nellore,TRN2334,18,6,0,Cloudy,0,764
2025-08-02,Secunderabad,TRN2744,1,5,0,Clear,0,331
2025-01-11,Visakhapatnam,TRN4252,21,5,0,Cloudy,0,817
2025-03-02,Tirupati,TRN2373,20,6,0,Rain,0,732
2025-10-30,Nizamabad,TRN2380,1,3,0,Clear,0,433
2025-08-25,Secunderabad,TRN5870,13,0,0,Clear,0,373
2025-02-17,Nellore,TRN3177,22,0,1,Cloudy,0,470
2025-06-26,Vijayawada,TRN5673,4,3,0,Fog,0,275
2025-10-19,Nellore,TRN3986,22,6,0,Clear,0,391
2025-05-08,Vijayawada,TRN4492,23,3,0,Clear,0,306
2025-02-25,Nellore,TRN3909,21,1,1,Clear,0,807
2025-11-11,Visakhapatnam,TRN5566,5,1,0,Clear,0,237
2025-01-12,Hyderabad,TRN4561,16,6,0,Cloudy,0,676
2025-11-16,Secunderabad,TRN3682,18,6,0,Clear,0,681
2025-07-06,Nizamabad,TRN2221,15,6,0,Cloudy,0,506
2025-03-31,Tirupati,TRN5663,15,0,0,Rain,0,398
2025-11-12,Visakhapatnam,TRN5894,6,2,0,Clear,0,175
2025-12-11,Nizamabad,TRN1767,9,3,0,Heavy Rain,0,470
2025-09-11,Hyderabad,TRN4525,19,3,1,Clear,0,872
2025-02-06,Vijayawada,TRN3522,17,3,0,Clear,0,541
2025-05-22,Nellore,TRN4179,8,3,0,Clear,0,620
2025-12-11,Nizamabad,TRN2759,10,3,0,Cloudy,0,549
2025-03-08,Warangal,TRN2977,11,5,0,Rain,0,519
2025-05-01,Visakhapatnam,TRN3833,8,3,0,Clear,0,495
2025-08-16,Tirupati,TRN1904,18,5,0,Fog,0,735
2025-02-14,Visakhapatnam,TRN5112,21,4,0,Cloudy,0,729
2025-03-22,Nizamabad,TRN3429,4,5,0,Cloudy,0,327
2025-05-30,Nizamabad,TRN1075,7,4,0,Clear,0,682
2025-10-10,Tirupati,TRN5591,10,4,0,Cloudy,0,569
2025-06-28,Warangal,TRN4857,13,5,0,Clear,1,884
2025-10-11,Visakhapatnam,TRN5080,6,5,0,Cloudy,0,425
2025-01-31,Kurnool,TRN1979,9,4,0,Clear,1,798
2025-01-02,Hyderabad,TRN2605,17,3,1,Heavy Rain,1,1136
2025-05-05,Hyderabad,TRN5569,4,0,0,Rain,0,121
2025-01-23,Guntur,TRN2106,10,3,0,Clear,0,493
2025-01-19,Warangal,TRN5791,4,6,0,Cloudy,0,474
2025-01-06,Secunderabad,TRN4206,18,0,0,Cloudy,0,703
2025-09-12,Visakhapatnam,TRN4381,13,4,0,Cloudy,0,555
2025-03-02,Nizamabad,TRN4849,23,6,0,Cloudy,0,530
2025-01-25,Nellore,TRN5579,21,5,0,Clear,0,831
2025-12-30,Warangal,TRN1286,17,1,0,Clear,0,550
2025-09-06,Vijayawada,TRN2736,3,5,0,Clear,0,487
2025-03-02,Tirupati,TRN1274,0,6,0,Clear,1,729
2025-05-22,Hyderabad,TRN3948,10,3,1,Heavy Rain,0,731
2025-04-20,Secunderabad,TRN4316,20,6,0,Clear,0,789
2025-10-07,Hyderabad,TRN1746,17,1,0,Heavy Rain,0,609
2025-07-04,Nizamabad,TRN3439,20,4,0,Fog,0,698
2025-06-18,Secunderabad,TRN1588,11,2,0,Cloudy,0,444
2025-03-31,Hyderabad,TRN4786,23,0,0,Clear,0,175
2025-02-17,Nellore,TRN4009,2,0,0,Rain,0,191
2025-01-25,Nizamabad,TRN2412,12,5,0,Rain,0,510
2025-05-31,Hyderabad,TRN5088,17,5,0,Heavy Rain,0,693
2025-01-10,Visakhapatnam,TRN2420,5,4,1,Clear,0,391
2025-01-07,Vijayawada,TRN5739,10,1,0,Clear,0,522
2025-06-12,Guntur,TRN5060,1,3,0,Rain,0,265
2025-10-29,Hyderabad,TRN2041,5,2,0,Rain,0,314
2025-11-10,Secunderabad,TRN3750,15,0,0,Heavy Rain,0,381
2025-02-24,Hyderabad,TRN2772,19,0,0,Clear,0,501
2025-10-21,Warangal,TRN5298,4,1,0,Cloudy,0,253
2025-09-29,Visakhapatnam,TRN1459,9,0,0,Rain,0,394
2025-01-24,Tirupati,TRN5313,7,4,0,Clear,1,881
2025-02-04,Vijayawada,TRN3860,4,1,0,Clear,0,256
2025-12-20,Kurnool,TRN3133,16,5,0,Clear,0,497
2025-05-17,Vijayawada,TRN1023,12,5,0,Clear,0,453
2025-01-20,Visakhapatnam,TRN4129,15,0,0,Clear,0,428
2025-09-11,Vijayawada,TRN1982,18,3,0,Cloudy,0,598
2025-10-09,Guntur,TRN5971,23,3,0,Cloudy,0,253
2025-03-24,Nizamabad,TRN2847,5,0,1,Cloudy,0,584
2025-03-15,Visakhapatnam,TRN3314,17,5,1,Clear,0,1049
2025-01-12,Vijayawada,TRN3633,18,6,0,Clear,0,695
2025-10-05,Hyderabad,TRN2589,11,6,1,Clear,0,724
2025-12-17,Warangal,TRN3116,6,2,0,Cloudy,0,276
2025-06-13,Warangal,TRN4913,10,4,0,Rain,0,454
2025-04-03,Tirupati,TRN4199,13,3,0,Clear,0,485
2025-06-08,Nizamabad,TRN5006,14,6,0,Clear,0,545
2025-08-19,Hyderabad,TRN1901,2,1,0,Rain,0,148
2025-11-29,Vijayawada,TRN2778,10,5,0,Clear,1,1061
2025-07-28,Visakhapatnam,TRN3297,6,0,0,Clear,0,267
2025-11-14,Guntur,TRN1778,8,4,0,Clear,0,581
2025-07-29,Nellore,TRN5877,11,1,0,Clear,0,376
2025-06-26,Vijayawada,TRN3119,18,3,0,Cloudy,0,612
2025-03-09,Guntur,TRN3635,17,6,0,Heavy Rain,0,687
2025-04-06,Hyderabad,TRN4599,19,6,0,Clear,0,718
2025-09-26,Tirupati,TRN5378,16,4,0,Fog,0,351
2025-02-03,Nellore,TRN3020,11,0,0,Clear,0,281
2025-05-17,Tirupati,TRN4494,10,5,0,Heavy Rain,0,550
2025-11-11,Vijayawada,TRN4797,1,1,0,Clear,0,433
2025-04-11,Nellore,TRN2855,8,4,0,Heavy Rain,0,559
2025-07-22,Guntur,TRN2729,11,1,0,Fog,0,388
2025-09-09,Warangal,TRN1375,20,1,0,Clear,0,527
2025-07-29,Nizamabad,TRN1710,13,1,0,Heavy Rain,0,347
2025-11-06,Guntur,TRN4485,18,3,0,Rain,0,590
2025-09-25,Vijayawada,TRN5653,16,3,0,Heavy Rain,0,417
2025-05-31,Tirupati,TRN4994,12,5,0,Cloudy,0,403
2025-02-13,Hyderabad,TRN2078,7,3,0,Rain,0,461
2025-02-28,Hyderabad,TRN2523,18,4,0,Cloudy,0,619
2025-08-24,Visakhapatnam,TRN5487,19,6,0,Clear,0,673
2025-01-18,Nizamabad,TRN4091,15,5,0,Clear,0,529
2025-02-08,Tirupati,TRN2784,10,5,1,Clear,0,798
2025-09-06,Nellore,TRN4008,22,5,0,Cloudy,0,384
2025-01-23,Warangal,TRN1561,9,3,0,Clear,0,639
2025-09-04,Visakhapatnam,TRN2173,23,3,0,Clear,0,150
2025-03-11,Secunderabad,TRN2832,19,1,0,Clear,0,557
2025-04-12,Nellore,TRN5582,10,5,1,Clear,0,857
2025-06-21,Hyderabad,TRN4732,10,5,0,Cloudy,0,737
2025-07-03,Warangal,TRN2630,12,3,1,Rain,0,548
2025-10-09,Nizamabad,TRN1030,16,3,1,Clear,0,579
2025-12-24,Visakhapatnam,TRN2271,22,2,0,Clear,0,250
2025-09-14,Hyderabad,TRN2564,17,6,0,Clear,1,1165
2025-09-28,Nellore,TRN2897,20,6,0,Fog,0,708
2025-12-14,Nizamabad,TRN4683,3,6,0,Clear,0,511
2025-05-02,Hyderabad,TRN5920,17,4,0,Rain,0,457
2025-03-27,Vijayawada,TRN2096,19,3,0,Clear,0,560
2025-02-21,Kurnool,TRN4144,23,4,0,Cloudy,0,241
2025-10-06,Kurnool,TRN3166,16,0,0,Cloudy,0,328
2025-05-04,Guntur,TRN1620,16,6,0,Cloudy,0,548
2025-05-25,Nellore,TRN1677,1,6,0,Clear,0,367
2025-11-08,Vijayawada,TRN1164,4,5,0,Clear,0,475
2025-01-27,Kurnool,TRN2679,2,0,0,Clear,0,271
2025-04-19,Nellore,TRN5334,4,5,0,Cloudy,0,382
2025-05-06,Nellore,TRN3131,10,1,0,Cloudy,0,452
2025-05-24,Secunderabad,TRN4910,9,5,0,Cloudy,1,992
2025-10-28,Hyderabad,TRN5636,6,1,0,Clear,1,723
2025-12-24,Visakhapatnam,TRN1723,4,2,0,Clear,0,269
2025-11-03,Tirupati,TRN3001,14,0,0,Cloudy,1,759
2025-01-29,Hyderabad,TRN2977,13,2,1,Cloudy,0,667
2025-06-26,Kurnool,TRN3579,5,3,0,Clear,0,289
2025-06-02,Nizamabad,TRN3663,9,0,0,Clear,0,548
2025-02-22,Secunderabad,TRN5100,16,5,1,Heavy Rain,0,826
2025-01-14,Warangal,TRN2356,10,1,0,Cloudy,0,564
2025-05-08,Vijayawada,TRN2174,5,3,0,Clear,0,181
2025-07-08,Tirupati,TRN2242,0,1,0,Cloudy,0,251
2025-12-13,Vijayawada,TRN5590,6,5,0,Clear,0,556
2025-12-09,Secunderabad,TRN4926,12,1,0,Cloudy,0,504
2025-09-11,Kurnool,TRN1964,20,3,0,Clear,0,490
2025-07-13,Kurnool,TRN4420,15,6,1,Clear,0,787
2025-03-25,Nizamabad,TRN4341,18,1,0,Rain,0,598
2025-04-07,Warangal,TRN4033,10,0,0,Fog,0,484
2025-11-21,Nizamabad,TRN4128,10,4,0,Cloudy,0,522
2025-11-20,Kurnool,TRN4259,17,3,0,Clear,0,598
2025-08-06,Kurnool,TRN5358,14,2,0,Clear,0,333
2025-11-29,Vijayawada,TRN3079,14,5,0,Clear,0,664
2025-05-09,Visakhapatnam,TRN2928,4,4,0,Clear,0,354
2025-12-28,Vijayawada,TRN3425,0,6,0,Clear,0,499
2025-01-24,Nellore,TRN4153,22,4,0,Clear,0,435
2025-10-26,Vijayawada,TRN2722,8,6,0,Heavy Rain,1,1029
2025-01-27,Nizamabad,TRN5248,2,0,0,Clear,0,159
2025-07-05,Nizamabad,TRN1905,18,5,0,Clear,0,660
2025-07-08,Warangal,TRN1738,1,1,0,Cloudy,0,266
2025-05-05,Warangal,TRN1774,12,0,1,Rain,0,651
2025-12-13,Nizamabad,TRN4234,7,5,0,Clear,0,518
2025-02-02,Nellore,TRN2905,4,6,0,Clear,0,438
2025-01-14,Nellore,TRN1160,10,1,0,Clear,0,523
2025-06-04,Hyderabad,TRN4251,14,2,0,Fog,0,373
2025-10-22,Warangal,TRN1590,22,2,0,Heavy Rain,0,217
2025-07-15,Tirupati,TRN5899,10,1,0,Rain,0,369
2025-01-26,Kurnool,TRN4192,9,6,0,Clear,0,547
2025-01-01,Secunderabad,TRN5966,23,2,0,Clear,0,280
2025-01-04,Warangal,TRN5928,5,5,0,Heavy Rain,0,334
2025-08-21,Secunderabad,TRN1104,2,3,0,Rain,0,371
2025-09-07,Guntur,TRN2434,18,6,0,Cloudy,0,722
2025-05-24,Vijayawada,TRN3528,16,5,1,Cloudy,0,636
2025-02-27,Tirupati,TRN2444,5,3,0,Rain,0,229
2025-04-17,Nellore,TRN4106,2,3,0,Clear,0,271
2025-07-25,Warangal,TRN1643,7,4,0,Rain,1,798
2025-12-08,Guntur,TRN3313,4,0,0,Clear,0,210
2025-03-20,Visakhapatnam,TRN4516,8,3,0,Fog,1,880
2025-04-17,Nizamabad,TRN5009,7,3,0,Cloudy,0,499
2025-07-07,Vijayawada,TRN5869,14,0,0,Clear,0,539
2025-08-09,Hyderabad,TRN1583,5,5,0,Rain,1,674
2025-01-23,Secunderabad,TRN1189,3,3,0,Clear,0,396
2025-02-14,Nizamabad,TRN3355,14,4,1,Fog,0,690
2025-02-25,Kurnool,TRN2556,15,1,0,Clear,0,415
2025-03-10,Nellore,TRN4135,10,0,0,Clear,0,594
2025-06-16,Kurnool,TRN2024,20,0,0,Clear,0,623
2025-03-03,Nizamabad,TRN2860,15,0,0,Cloudy,0,377
2025-09-04,Nellore,TRN3086,6,3,0,Cloudy,0,199
2025-02-06,Nellore,TRN2599,3,3,0,Rain,0,423
2025-03-27,Tirupati,TRN3795,0,3,0,Heavy Rain,0,158
2025-09-28,Kurnool,TRN4859,10,6,0,Clear,0,709
2025-09-03,Guntur,TRN5343,19,2,0,Clear,0,607
2025-04-09,Nizamabad,TRN3737,15,2,0,Clear,0,482
2025-01-03,Nizamabad,TRN1481,16,4,0,Rain,0,465
2025-12-07,Hyderabad,TRN1578,1,6,0,Clear,0,431
2025-09-11,Hyderabad,TRN5532,14,3,0,Fog,0,331
2025-03-26,Nellore,TRN4170,19,2,0,Fog,0,633
2025-01-17,Warangal,TRN2094,9,4,0,Clear,0,513
2025-10-24,Warangal,TRN4930,17,4,0,Cloudy,0,691
2025-06-19,Visakhapatnam,TRN1420,12,3,1,Clear,0,605
2025-12-04,Tirupati,TRN4834,18,3,0,Clear,0,643
2025-05-17,Warangal,TRN2914,10,5,0,Heavy Rain,0,594
2025-08-31,Tirupati,TRN4112,18,6,0,Heavy Rain,0,638
2025-08-27,Tirupati,TRN3159,15,2,0,Heavy Rain,0,302
2025-03-31,Guntur,TRN1582,17,0,0,Cloudy,0,624
2025-07-01,Secunderabad,TRN4818,3,1,0,Clear,0,250
2025-09-06,Visakhapatnam,TRN5639,17,5,0,Clear,0,825
2025-11-15,Tirupati,TRN1532,6,5,0,Clear,0,419
2025-12-29,Nellore,TRN1710,5,0,0,Rain,0,308
2025-08-27,Nizamabad,TRN1926,12,2,0,Heavy Rain,0,383
2025-11-22,Visakhapatnam,TRN5645,20,5,0,Clear,0,712
2025-02-27,Nizamabad,TRN4302,17,3,0,Rain,1,857
2025-02-27,Nizamabad,TRN3479,9,3,0,Heavy Rain,0,525
2025-07-12,Hyderabad,TRN5669,10,5,0,Fog,0,737
2025-10-12,Secunderabad,TRN2909,11,6,1,Clear,0,714
2025-08-15,Guntur,TRN2948,15,4,0,Cloudy,0,393
2025-05-31,Warangal,TRN3349,6,5,0,Clear,0,348
2025-10-19,Hyderabad,TRN5972,3,6,0,Clear,0,462
2025-02-21,Visakhapatnam,TRN1710,21,4,0,Cloudy,0,458
2025-10-14,Vijayawada,TRN3594,22,1,0,Clear,0,274
2025-09-27,Vijayawada,TRN4586,22,5,0,Cloudy,1,703
2025-04-02,Guntur,TRN3984,23,2,0,Rain,0,325
2025-04-27,Nizamabad,TRN3452,19,6,0,Rain,0,698
2025-11-06,Nellore,TRN2218,13,3,0,Clear,0,456
2025-05-09,Visakhapatnam,TRN3401,10,4,0,Clear,0,559
2025-11-25,Guntur,TRN5213,21,1,0,Clear,0,513
2025-12-02,Guntur,TRN2637,8,1,0,Clear,0,535
2025-12-21,Visakhapatnam,TRN3057,12,6,0,Rain,0,515
2025-04-02,Tirupati,TRN4609,10,2,1,Fog,0,653
2025-07-09,Nellore,TRN1353,6,2,0,Clear,0,179
2025-08-02,Visakhapatnam,TRN5467,5,5,0,Clear,0,426
2025-02-05,Secunderabad,TRN5746,19,2,0,Cloudy,0,543
2025-04-06,Hyderabad,TRN2573,5,6,1,Clear,0,636
2025-03-24,Warangal,TRN3682,6,0,0,Clear,0,378
2025-12-24,Warangal,TRN2160,8,2,0,Cloudy,0,538
2025-04-07,Nizamabad,TRN4959,14,0,0,Clear,0,415
2025-01-21,Warangal,TRN1561,15,1,0,Clear,0,417
2025-01-24,Nellore,TRN2772,4,4,0,Heavy Rain,0,287
2025-04-12,Nizamabad,TRN5179,8,5,0,Clear,0,703
2025-10-26,Vijayawada,TRN5767,14,6,0,Cloudy,0,433
2025-02-21,Secunderabad,TRN2473,16,4,0,Clear,0,479
2025-10-25,Vijayawada,TRN1167,9,5,0,Clear,0,705
2025-07-15,Kurnool,TRN2808,1,1,0,Rain,0,139
2025-05-03,Vijayawada,TRN2451,4,5,0,Fog,0,517
2025-08-18,Visakhapatnam,TRN2261,18,0,0,Rain,0,500
2025-09-05,Visakhapatnam,TRN5146,9,4,0,Clear,0,426
2025-07-08,Tirupati,TRN1297,7,1,0,Clear,0,495
2025-10-27,Warangal,TRN4214,6,0,1,Clear,0,612
2025-08-14,Nellore,TRN5959,6,3,0,Heavy Rain,0,144
2025-12-19,Nellore,TRN1522,3,4,0,Clear,0,398
2025-02-24,Nellore,TRN1628,23,0,0,Fog,0,254
2025-06-13,Secunderabad,TRN4871,8,4,0,Clear,0,624
2025-11-05,Vijayawada,TRN1295,4,2,0,Heavy Rain,0,353
2025-04-02,Kurnool,TRN3626,4,2,0,Cloudy,0,313
2025-06-11,Kurnool,TRN3416,12,2,1,Heavy Rain,0,596
2025-06-16,Warangal,TRN1668,20,0,1,Clear,0,736
2025-05-04,Kurnool,TRN5626,20,6,0,Heavy Rain,0,761
2025-10-13,Visakhapatnam,TRN5860,9,0,0,Cloudy,0,653
2025-01-28,Vijayawada,TRN2290,3,1,0,Cloudy,0,301
2025-09-02,Secunderabad,TRN3413,18,1,0,Rain,0,629
2025-09-04,Hyderabad,TRN4250,18,3,0,Clear,0,657
2025-12-13,Visakhapatnam,TRN3669,8,5,0,Clear,0,606
2025-08-26,Nizamabad,TRN5462,4,1,0,Heavy Rain,0,194
2025-03-01,Kurnool,TRN4180,0,5,0,Clear,0,529
2025-10-05,Nizamabad,TRN3387,14,6,0,Heavy Rain,0,331
2025-12-11,Hyderabad,TRN1515,6,3,0,Heavy Rain,1,537
2025-10-04,Hyderabad,TRN2475,14,5,0,Clear,0,528
2025-06-30,Secunderabad,TRN1357,18,0,0,Heavy Rain,0,607
2025-07-23,Kurnool,TRN2516,0,2,0,Clear,0,228
2025-01-10,Warangal,TRN5043,20,4,1,Clear,0,836
2025-03-30,Tirupati,TRN5952,9,6,0,Cloudy,0,660
2025-10-08,Vijayawada,TRN1388,1,2,0,Clear,0,434
2025-09-30,Vijayawada,TRN5907,5,1,0,Rain,0,285
2025-08-24,Warangal,TRN4430,14,6,0,Cloudy,0,510
2025-10-26,Vijayawada,TRN5537,0,6,0,Cloudy,0,326
2025-02-20,Guntur,TRN5026,12,3,0,Cloudy,0,453
2025-08-07,Secunderabad,TRN2428,5,3,0,Fog,1,625
2025-05-09,Visakhapatnam,TRN3058,16,4,0,Rain,0,328
2025-02-23,Kurnool,TRN3567,19,6,0,Clear,0,767
2025-03-15,Visakhapatnam,TRN3911,7,5,0,Heavy Rain,0,640
2025-01-21,Kurnool,TRN1468,6,1,0,Clear,0,320
2025-04-17,Warangal,TRN4537,0,3,1,Cloudy,0,692
2025-06-07,Secunderabad,TRN3382,4,5,1,Cloudy,0,729
2025-11-05,Nellore,TRN1136,23,2,0,Clear,0,278
2025-01-01,Kurnool,TRN4661,23,2,0,Clear,0,279
2025-01-06,Guntur,TRN4140,7,0,0,Clear,0,639
2025-11-05,Guntur,TRN4321,5,2,0,Clear,0,228
2025-04-27,Warangal,TRN1192,2,6,1,Cloudy,0,706
2025-01-16,Nellore,TRN2694,8,3,1,Clear,0,881
2025-01-05,Vijayawada,TRN5170,15,6,0,Rain,0,568
2025-04-18,Kurnool,TRN4162,10,4,0,Rain,0,429
2025-06-15,Guntur,TRN3866,16,6,0,Clear,0,483
2025-04-15,Hyderabad,TRN2067,14,1,0,Cloudy,0,374
2025-08-17,Guntur,TRN2669,15,6,0,Clear,1,929
2025-09-15,Visakhapatnam,TRN5426,19,0,0,Clear,0,571
2025-10-04,Visakhapatnam,TRN4026,0,5,0,Heavy Rain,0,451
2025-01-14,Tirupati,TRN4710,9,1,0,Clear,0,682
2025-06-05,Warangal,TRN2792,2,3,0,Clear,0,297
2025-08-01,Kurnool,TRN4033,21,4,0,Rain,0,615
2025-07-28,Tirupati,TRN3867,1,0,0,Cloudy,0,240
2025-07-01,Nizamabad,TRN3260,2,1,0,Cloudy,0,336
2025-09-10,Nizamabad,TRN2011,5,2,1,Heavy Rain,0,459
2025-01-16,Kurnool,TRN4843,4,3,0,Rain,0,267
2025-06-20,Visakhapatnam,TRN3868,23,4,0,Cloudy,1,738
2025-01-11,Vijayawada,TRN4979,0,5,0,Cloudy,0,318
2025-12-28,Nellore,TRN1300,7,6,0,Rain,0,741
2025-12-12,Tirupati,TRN2186,22,4,0,Clear,0,468
2025-12-08,Visakhapatnam,TRN5877,15,0,0,Rain,0,360
2025-07-27,Nizamabad,TRN1575,13,6,1,Clear,0,832
2025-06-05,Tirupati,TRN3844,22,3,0,Clear,0,211
2025-12-29,Kurnool,TRN3898,5,0,0,Cloudy,0,147
2025-11-29,Warangal,TRN2730,20,5,0,Heavy Rain,0,686
2025-02-24,Nizamabad,TRN4423,4,0,0,Cloudy,0,236
2025-02-08,Tirupati,TRN5507,21,5,0,Clear,0,788
2025-02-21,Warangal,TRN4021,5,4,0,Clear,0,251
2025-06-14,Warangal,TRN4756,22,5,0,Clear,1,703
2025-07-21,Hyderabad,TRN4022,12,0,0,Heavy Rain,0,293
2025-10-04,Hyderabad,TRN1371,19,5,1,Clear,0,908
2025-09-15,Vijayawada,TRN1338,1,0,0,Clear,0,270
2025-10-24,Nellore,TRN1617,1,4,0,Clear,0,228
2025-06-09,Vijayawada,TRN3387,20,0,0,Clear,0,592
2025-10-09,Nellore,TRN4062,9,3,0,Clear,0,676
2025-05-07,Secunderabad,TRN1259,16,2,0,Clear,1,658
2025-07-28,Tirupati,TRN5638,18,0,0,Clear,0,750
2025-09-29,Visakhapatnam,TRN4475,3,0,0,Clear,0,266
2025-03-26,Nizamabad,TRN1499,0,2,0,Clear,0,235
2025-06-02,Vijayawada,TRN5915,6,0,0,Cloudy,0,217
2025-07-23,Nellore,TRN3787,3,2,1,Rain,0,485
2025-07-23,Tirupati,TRN2271,7,2,0,Cloudy,0,601
2025-02-15,Guntur,TRN5470,19,5,0,Fog,0,785
2025-09-22,Kurnool,TRN4006,23,0,0,Rain,1,398
2025-12-29,Warangal,TRN2063,1,0,1,Cloudy,0,588
2025-11-16,Guntur,TRN2922,18,6,0,Clear,1,1222
2025-04-07,Guntur,TRN2806,13,0,0,Rain,0,354
2025-04-04,Secunderabad,TRN5131,17,4,1,Rain,0,781
2025-06-13,Nizamabad,TRN4340,4,4,0,Cloudy,0,372
2025-07-16,Kurnool,TRN1097,13,2,0,Cloudy,0,299
2025-07-17,Nizamabad,TRN4565,14,3,0,Clear,0,486
2025-03-16,Secunderabad,TRN4069,11,6,1,Cloudy,0,727
2025-11-27,Hyderabad,TRN5353,23,3,0,Clear,0,308
2025-07-19,Hyderabad,TRN2532,12,5,0,Cloudy,0,585
2025-03-23,Warangal,TRN1932,6,6,0,Clear,0,426
2025-11-30,Nellore,TRN4092,6,6,0,Clear,0,361
2025-08-23,Hyderabad,TRN2105,20,5,0,Clear,0,617
2025-07-16,Warangal,TRN4906,22,2,0,Heavy Rain,0,218
2025-11-12,Warangal,TRN2685,17,2,0,Cloudy,0,623
2025-03-31,Kurnool,TRN5806,17,0,0,Cloudy,0,528
2025-08-02,Secunderabad,TRN2143,22,5,0,Cloudy,0,416
2025-05-09,Nizamabad,TRN4461,16,4,0,Cloudy,1,841
2025-05-28,Guntur,TRN4797,21,2,0,Clear,0,745
2025-09-23,Nellore,TRN3416,6,1,1,Cloudy,0,546
2025-02-19,Visakhapatnam,TRN4803,5,2,0,Clear,0,358
2025-03-27,Visakhapatnam,TRN2845,5,3,0,Clear,0,393
2025-03-22,Vijayawada,TRN4402,11,5,0,Rain,0,456
2025-09-12,Guntur,TRN1958,13,4,1,Clear,0,648
2025-05-30,Hyderabad,TRN1262,0,4,0,Clear,0,359
2025-02-20,Tirupati,TRN5922,2,3,0,Cloudy,0,235
2025-04-15,Tirupati,TRN2950,19,1,0,Clear,0,563
2025-09-16,Visakhapatnam,TRN5343,13,1,1,Cloudy,0,538
2025-03-01,Vijayawada,TRN1432,23,5,0,Clear,0,347
2025-11-19,Guntur,TRN4298,14,2,0,Rain,0,353
2025-01-10,Hyderabad,TRN3565,9,4,0,Cloudy,0,575
2025-07-22,Secunderabad,TRN1591,0,1,0,Clear,0,203
2025-04-11,Visakhapatnam,TRN4590,18,4,0,Clear,0,677
2025-08-08,Warangal,TRN4952,21,4,0,Rain,0,511
2025-08-12,Visakhapatnam,TRN1146,10,1,0,Rain,0,448
2025-09-11,Tirupati,TRN1904,9,3,0,Clear,0,522
2025-03-24,Secunderabad,TRN4494,15,0,0,Clear,0,286
2025-10-14,Warangal,TRN5792,21,1,0,Clear,0,434
2025-07-04,Kurnool,TRN5778,17,4,0,Cloudy,0,587
2025-12-26,Guntur,TRN1794,16,4,0,Cloudy,0,430
2025-09-07,Hyderabad,TRN1985,20,6,0,Rain,0,726
2025-08-09,Vijayawada,TRN5694,22,5,0,Cloudy,0,566
2025-01-15,Warangal,TRN4535,19,2,0,Clear,0,685
2025-08-21,Nellore,TRN4543,4,3,0,Cloudy,0,399
2025-11-18,Nellore,TRN3370,5,1,0,Clear,0,375
2025-12-27,Visakhapatnam,TRN3528,19,5,0,Clear,0,588
2025-01-31,Vijayawada,TRN2701,23,4,0,Clear,0,292
2025-11-27,Secunderabad,TRN2619,23,3,0,Rain,1,612
2025-05-02,Tirupati,TRN2254,10,4,0,Cloudy,0,724
2025-06-24,Secunderabad,TRN3558,2,1,0,Cloudy,0,251
2025-12-25,Secunderabad,TRN1398,13,3,0,Cloudy,1,653
2025-10-28,Guntur,TRN3799,19,1,0,Rain,0,434
2025-05-08,Secunderabad,TRN2761,17,3,0,Cloudy,0,507
2025-06-03,Hyderabad,TRN3552,21,1,0,Clear,0,627
2025-04-11,Warangal,TRN3251,20,4,0,Cloudy,0,549
2025-02-27,Visakhapatnam,TRN5837,15,3,0,Cloudy,1,658
2025-09-24,Warangal,TRN1319,8,2,0,Clear,0,681
2025-05-08,Warangal,TRN2521,22,3,0,Cloudy,0,348
2025-02-15,Vijayawada,TRN5828,2,5,0,Clear,0,395
2025-11-13,Hyderabad,TRN3296,22,3,1,Rain,0,517
2025-06-21,Nizamabad,TRN1483,15,5,0,Clear,0,544
2025-11-29,Nizamabad,TRN3025,12,5,0,Clear,0,465
2025-05-24,Secunderabad,TRN3634,13,5,0,Clear,0,594
2025-06-08,Tirupati,TRN1407,16,6,0,Clear,0,488
2025-10-05,Warangal,TRN2987,8,6,0,Clear,0,745
2025-03-20,Tirupati,TRN5843,2,3,0,Clear,0,338
2025-07-16,Hyderabad,TRN5706,17,2,0,Heavy Rain,0,671
2025-04-02,Kurnool,TRN5644,0,2,0,Clear,0,256
2025-07-14,Vijayawada,TRN5640,22,0,1,Clear,0,530
2025-10-20,Vijayawada,TRN2852,12,0,0,Clear,0,394
2025-07-09,Secunderabad,TRN1541,21,2,1,Heavy Rain,0,740
2025-01-16,Visakhapatnam,TRN2721,3,3,0,Clear,0,324
2025-04-23,Visakhapatnam,TRN4800,21,2,0,Rain,0,404
2025-04-12,Visakhapatnam,TRN4069,1,5,0,Rain,0,436
2025-11-08,Visakhapatnam,TRN2034,2,5,0,Cloudy,0,436
2025-08-05,Nizamabad,TRN4226,3,1,0,Rain,0,247
2025-04-12,Tirupati,TRN4927,16,5,0,Clear,0,579
2025-03-30,Hyderabad,TRN5267,6,6,1,Cloudy,0,777
2025-08-10,Nizamabad,TRN1216,1,6,0,Heavy Rain,0,224
2025-02-17,Tirupati,TRN3113,7,0,0,Clear,0,552
2025-08-24,Hyderabad,TRN2674,2,6,0,Clear,1,832
2025-11-13,Nizamabad,TRN3909,19,3,0,Rain,0,484
2025-05-15,Secunderabad,TRN4671,2,3,0,Clear,0,282
2025-09-30,Vijayawada,TRN1480,8,1,0,Heavy Rain,1,792
2025-07-06,Warangal,TRN2146,8,6,0,Cloudy,0,792
2025-11-15,Visakhapatnam,TRN1723,16,5,0,Heavy Rain,0,244
2025-10-28,Warangal,TRN5161,2,1,0,Cloudy,0,366
2025-01-12,Tirupati,TRN5818,12,6,0,Rain,0,542
2025-02-25,Kurnool,TRN1655,23,1,0,Clear,0,313
2025-05-07,Tirupati,TRN4952,0,2,0,Fog,0,264
2025-11-23,Visakhapatnam,TRN3541,6,6,0,Cloudy,0,392
2025-05-15,Visakhapatnam,TRN3525,12,3,0,Clear,0,539
2025-11-11,Kurnool,TRN4649,0,1,0,Rain,0,228
2025-10-11,Vijayawada,TRN4613,18,5,0,Clear,0,647
2025-06-27,Kurnool,TRN4193,23,4,0,Cloudy,0,422
2025-07-10,Nizamabad,TRN3891,5,3,0,Clear,0,399
2025-09-19,Vijayawada,TRN1192,12,4,0,Clear,0,425
2025-12-15,Nizamabad,TRN4533,14,0,0,Clear,0,307
2025-05-22,Nellore,TRN3354,3,3,0,Clear,0,210
2025-09-19,Secunderabad,TRN5839,18,4,0,Fog,0,504
2025-11-08,Guntur,TRN5920,20,5,0,Cloudy,0,602
2025-05-08,Secunderabad,TRN4007,14,3,1,Clear,0,628
2025-06-20,Warangal,TRN2990,1,4,0,Heavy Rain,0,245
2025-06-14,Nizamabad,TRN1419,15,5,0,Clear,0,548
2025-08-26,Kurnool,TRN1946,2,1,1,Clear,0,526
2025-04-15,Warangal,TRN4164,16,1,0,Clear,0,410
2025-04-28,Tirupati,TRN5749,20,0,0,Clear,0,702
2025-12-14,Warangal,TRN2101,17,6,0,Clear,0,801
2025-07-27,Warangal,TRN2546,13,6,0,Cloudy,0,500
2025-05-10,Nizamabad,TRN3706,6,5,0,Cloudy,0,446
2025-05-21,Vijayawada,TRN2096,17,2,0,Cloudy,0,594
2025-03-23,Nellore,TRN5856,1,6,0,Cloudy,0,470
2025-08-15,Guntur,TRN3523,23,4,0,Rain,0,280
2025-06-30,Visakhapatnam,TRN4020,19,0,0,Clear,1,1082
2025-01-18,Kurnool,TRN2074,9,5,0,Rain,0,691
2025-11-17,Vijayawada,TRN2515,21,0,0,Clear,0,561
2025-12-13,Vijayawada,TRN4413,6,5,0,Cloudy,0,277
2025-05-05,Guntur,TRN1878,20,0,0,Cloudy,0,623
2025-09-27,Visakhapatnam,TRN4853,6,5,0,Clear,0,467
2025-03-26,Nizamabad,TRN4825,9,2,0,Cloudy,0,510
2025-02-16,Tirupati,TRN4330,20,6,0,Rain,0,773
2025-12-23,Guntur,TRN2211,15,1,0,Clear,0,497
2025-11-05,Nizamabad,TRN4137,8,2,0,Clear,0,563
2025-02-06,Kurnool,TRN1173,11,3,0,Cloudy,0,300
2025-10-20,Visakhapatnam,TRN5010,0,0,0,Heavy Rain,0,233
2025-12-18,Secunderabad,TRN4113,9,3,0,Cloudy,0,470
2025-03-08,Guntur,TRN3398,6,5,0,Clear,0,458
2025-06-10,Visakhapatnam,TRN3593,5,1,0,Fog,0,366
2025-08-03,Secunderabad,TRN2082,19,6,0,Clear,0,644
2025-05-31,Nizamabad,TRN1593,5,5,0,Cloudy,0,246
2025-05-06,Secunderabad,TRN1381,8,1,0,Cloudy,0,601
2025-10-13,Nizamabad,TRN3350,5,0,1,Clear,0,405
2025-06-16,Hyderabad,TRN5247,7,0,0,Clear,0,593
2025-05-02,Tirupati,TRN1019,15,4,0,Clear,0,421
2025-02-10,Kurnool,TRN5848,15,0,1,Cloudy,0,673
2025-10-12,Hyderabad,TRN5412,15,6,1,Clear,0,739
2025-08-20,Tirupati,TRN5688,13,2,0,Cloudy,0,421
2025-10-12,Vijayawada,TRN1653,3,6,0,Clear,0,514
2025-12-01,Visakhapatnam,TRN2903,12,0,0,Clear,0,413
2025-04-26,Kurnool,TRN2597,12,5,0,Cloudy,0,608
2025-08-23,Nellore,TRN3472,6,5,0,Clear,0,475
2025-02-25,Guntur,TRN4393,2,1,0,Clear,0,203
2025-07-19,Vijayawada,TRN4567,5,5,0,Clear,0,483
2025-08-23,Nizamabad,TRN5859,14,5,0,Heavy Rain,0,403
2025-05-21,Visakhapatnam,TRN3967,11,2,0,Cloudy,0,432
2025-02-02,Guntur,TRN5427,8,6,0,Cloudy,0,462
2025-08-24,Kurnool,TRN5150,9,6,0,Clear,0,638
2025-01-09,Warangal,TRN5607,14,3,0,Cloudy,0,303
2025-12-08,Secunderabad,TRN2925,22,0,0,Clear,0,247
2025-07-05,Secunderabad,TRN4294,13,5,0,Clear,0,357
2025-11-14,Warangal,TRN1717,14,4,0,Cloudy,1,666
2025-07-14,Visakhapatnam,TRN1984,9,0,0,Clear,0,644
2025-07-09,Hyderabad,TRN1694,17,2,0,Rain,0,513
2025-06-12,Hyderabad,TRN5436,5,3,0,Clear,0,377
2025-03-11,Warangal,TRN2807,10,1,0,Rain,1,896
2025-04-06,Vijayawada,TRN1125,8,6,0,Clear,1,1013
2025-07-12,Nellore,TRN4680,19,5,1,Fog,0,905
2025-08-31,Nizamabad,TRN1946,8,6,0,Clear,0,629
2025-05-14,Secunderabad,TRN5005,19,2,0,Clear,0,746
2025-07-23,Hyderabad,TRN4857,6,2,0,Cloudy,0,341
2025-12-23,Hyderabad,TRN4981,0,1,0,Clear,0,419
2025-08-17,Visakhapatnam,TRN5005,12,6,0,Heavy Rain,0,310
2025-08-08,Nizamabad,TRN5764,5,4,0,Rain,0,329
2025-05-27,Hyderabad,TRN1718,12,1,0,Cloudy,0,417
2025-10-29,Secunderabad,TRN4859,3,2,0,Clear,0,319
2025-11-02,Hyderabad,TRN1221,1,6,0,Cloudy,0,323
2025-01-05,Kurnool,TRN5308,19,6,0,Clear,0,618
2025-04-13,Hyderabad,TRN5500,22,6,0,Clear,0,456
2025-07-23,Vijayawada,TRN3936,23,2,0,Cloudy,0,251
2025-04-22,Guntur,TRN2472,22,1,0,Rain,0,159
2025-09-20,Tirupati,TRN4814,21,5,0,Cloudy,0,543
2025-12-15,Visakhapatnam,TRN3189,4,0,0,Clear,0,377
2025-03-03,Guntur,TRN5186,0,0,0,Clear,0,287
2025-03-12,Hyderabad,TRN1077,23,2,0,Cloudy,0,310
2025-11-19,Nizamabad,TRN1550,2,2,0,Clear,0,153
2025-10-21,Hyderabad,TRN5528,0,1,0,Clear,0,460
2025-10-26,Kurnool,TRN5623,9,6,0,Clear,0,753
2025-08-20,Hyderabad,TRN1046,13,2,0,Clear,1,717
2025-12-04,Hyderabad,TRN5207,0,3,0,Clear,0,303
2025-05-18,Nizamabad,TRN2581,4,6,0,Rain,0,402
2025-01-22,Vijayawada,TRN2882,19,2,0,Clear,0,780
2025-01-18,Hyderabad,TRN1771,20,5,0,Heavy Rain,0,659
2025-06-30,Vijayawada,TRN1388,8,0,0,Clear,0,622
2025-07-19,Vijayawada,TRN2434,13,5,0,Cloudy,0,553
2025-07-02,Nizamabad,TRN4528,9,2,0,Clear,0,561
2025-01-02,Secunderabad,TRN4741,7,3,0,Fog,0,584
2025-06-15,Hyderabad,TRN3347,21,6,0,Rain,1,1057
2025-03-25,Vijayawada,TRN1849,14,1,0,Cloudy,0,312
2025-11-30,Tirupati,TRN3995,2,6,0,Cloudy,1,662
2025-05-08,Kurnool,TRN3148,4,3,0,Rain,0,309
2025-12-19,Secunderabad,TRN4240,0,4,0,Cloudy,0,258
2025-06-19,Secunderabad,TRN5850,18,3,0,Cloudy,0,549
2025-07-19,Tirupati,TRN5424,2,5,0,Clear,0,426
2025-07-28,Guntur,TRN2721,17,0,0,Fog,0,472
2025-08-11,Warangal,TRN1074,15,0,0,Clear,0,371
2025-10-01,Nizamabad,TRN2063,7,2,0,Cloudy,0,717
2025-04-22,Hyderabad,TRN3628,3,1,0,Cloudy,0,199
2025-08-26,Tirupati,TRN3851,18,1,0,Heavy Rain,0,544
2025-04-23,Vijayawada,TRN4756,0,2,0,Cloudy,0,293
2025-11-21,Visakhapatnam,TRN1643,14,4,0,Rain,0,342
2025-02-16,Visakhapatnam,TRN1035,6,6,0,Clear,0,572
2025-08-25,Tirupati,TRN2585,14,0,0,Heavy Rain,0,372
2025-08-25,Vijayawada,TRN4046,5,0,0,Fog,0,242
2025-04-24,Tirupati,TRN2673,12,3,0,Rain,0,391
2025-01-11,Visakhapatnam,TRN3735,6,5,0,Clear,0,492
2025-07-05,Visakhapatnam,TRN4273,2,5,0,Cloudy,0,439
2025-09-11,Hyderabad,TRN1754,19,3,0,Clear,0,707
2025-12-07,Guntur,TRN3026,17,6,0,Clear,0,735
2025-03-07,Secunderabad,TRN3251,11,4,0,Clear,0,279
2025-06-13,Nellore,TRN4179,7,4,0,Clear,0,605
2025-06-20,Nizamabad,TRN2179,8,4,0,Clear,0,589
2025-09-20,Warangal,TRN2005,5,5,0,Clear,0,473
2025-09-25,Nellore,TRN4176,21,3,0,Fog,0,606
2025-09-10,Secunderabad,TRN3122,23,2,0,Heavy Rain,0,221
2025-05-10,Vijayawada,TRN4640,10,5,0,Clear,0,631
2025-11-02,Nellore,TRN3589,20,6,0,Heavy Rain,0,839
2025-10-11,Secunderabad,TRN3104,12,5,0,Clear,0,546
2025-11-05,Nellore,TRN1949,8,2,0,Cloudy,0,478
2025-10-11,Tirupati,TRN2951,1,5,0,Clear,0,301
2025-04-05,Vijayawada,TRN4515,23,5,0,Clear,0,490
2025-12-27,Warangal,TRN5137,12,5,0,Cloudy,0,353
2025-01-01,Tirupati,TRN2569,16,2,0,Clear,0,453
2025-09-03,Warangal,TRN5965,23,2,0,Clear,0,307
2025-07-18,Visakhapatnam,TRN2239,15,4,0,Clear,0,345
2025-03-14,Warangal,TRN1648,14,4,0,Cloudy,0,316
2025-03-01,Tirupati,TRN4837,6,5,0,Cloudy,1,891
2025-09-07,Tirupati,TRN1585,12,6,0,Rain,0,500
2025-09-21,Visakhapatnam,TRN1646,7,6,0,Clear,0,706
2025-06-29,Kurnool,TRN5564,23,6,0,Cloudy,0,488
2025-12-14,Kurnool,TRN2598,20,6,0,Clear,0,667
2025-03-06,Secunderabad,TRN5631,6,3,0,Cloudy,0,314
2025-01-25,Hyderabad,TRN1138,8,5,1,Clear,1,1170
2025-02-14,Nizamabad,TRN3084,14,4,0,Clear,0,442
2025-06-03,Warangal,TRN1068,21,1,0,Clear,0,669
2025-11-21,Guntur,TRN4273,4,4,0,Rain,0,184
2025-02-15,Secunderabad,TRN5714,13,5,0,Clear,0,586
2025-01-27,Vijayawada,TRN5268,11,0,0,Heavy Rain,0,266
2025-02-07,Hyderabad,TRN2505,21,4,0,Cloudy,1,1014
2025-10-14,Vijayawada,TRN1801,0,1,0,Cloudy,0,218
2025-05-22,Hyderabad,TRN3709,7,3,1,Clear,0,809
2025-05-05,Guntur,TRN4778,8,0,1,Clear,0,775
2025-09-11,Nellore,TRN2211,19,3,1,Rain,0,663
2025-02-25,Guntur,TRN1204,1,1,0,Rain,0,217
2025-03-05,Guntur,TRN1317,11,2,0,Rain,0,325
2025-01-01,Guntur,TRN3220,12,2,0,Cloudy,0,579
2025-01-23,Nellore,TRN4285,11,3,0,Clear,0,320
2025-04-08,Guntur,TRN4759,9,1,0,Clear,0,479
2025-09-21,Kurnool,TRN5873,22,6,0,Rain,1,645
2025-08-26,Tirupati,TRN3625,13,1,0,Cloudy,1,705
2025-07-13,Tirupati,TRN1003,20,6,1,Clear,0,1027
2025-03-13,Visakhapatnam,TRN2224,7,3,1,Clear,0,867
2025-11-09,Hyderabad,TRN2078,14,6,0,Cloudy,0,424
2025-04-09,Nellore,TRN5253,7,2,0,Clear,1,823
2025-03-29,Secunderabad,TRN3053,23,5,0,Rain,0,282
2025-03-11,Warangal,TRN3639,2,1,0,Clear,1,714
2025-10-30,Tirupati,TRN4501,13,3,0,Clear,0,424
2025-09-25,Secunderabad,TRN4083,15,3,1,Heavy Rain,0,759
2025-06-27,Guntur,TRN4990,7,4,0,Cloudy,0,538
2025-11-06,Visakhapatnam,TRN4974,21,3,0,Heavy Rain,0,592
2025-03-16,Nellore,TRN5111,22,6,1,Clear,0,828
2025-04-13,Guntur,TRN5537,0,6,0,Clear,0,384
2025-01-16,Warangal,TRN5875,0,3,0,Clear,0,426
2025-10-09,Hyderabad,TRN1802,13,3,0,Clear,1,797
2025-08-19,Visakhapatnam,TRN2327,20,1,0,Clear,0,479
2025-01-05,Nellore,TRN1194,3,6,0,Rain,0,437
2025-09-27,Tirupati,TRN3980,16,5,0,Cloudy,0,541
2025-06-04,Secunderabad,TRN4351,2,2,0,Clear,0,280
2025-05-17,Nizamabad,TRN2329,1,5,0,Rain,0,262
2025-06-12,Kurnool,TRN5022,10,3,0,Clear,1,825
2025-11-01,Visakhapatnam,TRN5342,13,5,0,Clear,0,542
2025-08-04,Warangal,TRN1888,7,0,0,Clear,0,602
2025-10-14,Visakhapatnam,TRN3368,9,1,0,Clear,0,670
2025-12-22,Tirupati,TRN1206,8,0,0,Clear,0,576
2025-05-26,Warangal,TRN3612,20,0,0,Clear,0,680
2025-07-27,Visakhapatnam,TRN4199,1,6,0,Clear,0,401
2025-04-19,Hyderabad,TRN1590,1,5,0,Clear,0,218
2025-01-10,Guntur,TRN5098,22,4,0,Clear,0,133
2025-03-20,Tirupati,TRN3602,19,3,0,Clear,0,460
2025-04-20,Visakhapatnam,TRN2239,0,6,0,Clear,0,395
2025-05-15,Visakhapatnam,TRN1285,18,3,1,Rain,0,764
2025-06-28,Tirupati,TRN5933,13,5,0,Rain,0,435
2025-09-02,Nellore,TRN1094,5,1,0,Clear,0,218
2025-07-09,Secunderabad,TRN5829,4,2,0,Cloudy,0,279
2025-08-24,Kurnool,TRN2696,16,6,0,Heavy Rain,0,438
2025-01-29,Guntur,TRN4358,11,2,0,Clear,1,777
2025-08-20,Tirupati,TRN5301,1,2,0,Fog,0,199
2025-02-08,Tirupati,TRN2233,22,5,0,Cloudy,0,469
2025-06-13,Tirupati,TRN3818,23,4,0,Clear,0,419
2025-02-10,Secunderabad,TRN5478,9,0,0,Heavy Rain,0,505
2025-06-20,Warangal,TRN4656,8,4,0,Clear,0,726
2025-06-04,Hyderabad,TRN5844,5,2,0,Clear,0,278
2025-01-04,Vijayawada,TRN5659,15,5,0,Clear,0,538
2025-12-27,Secunderabad,TRN5983,22,5,0,Clear,0,510
2025-11-21,Nizamabad,TRN5588,5,4,0,Rain,0,280
2025-02-15,Visakhapatnam,TRN4665,16,5,0,Cloudy,0,498
2025-04-10,Warangal,TRN2664,4,3,0,Cloudy,0,388
2025-11-07,Tirupati,TRN4686,16,4,1,Cloudy,1,874
2025-04-20,Kurnool,TRN5730,10,6,0,Clear,0,703
2025-07-23,Visakhapatnam,TRN5699,9,2,0,Clear,1,895
2025-03-10,Guntur,TRN2038,14,0,0,Clear,0,331
2025-05-22,Kurnool,TRN1087,8,3,0,Clear,0,557
2025-07-05,Vijayawada,TRN5963,14,5,0,Clear,0,537
2025-08-19,Tirupati,TRN5153,3,1,0,Rain,0,287
2025-12-21,Vijayawada,TRN4285,12,6,0,Clear,0,623
2025-08-20,Kurnool,TRN5808,12,2,0,Cloudy,0,338
2025-10-05,Kurnool,TRN3112,0,6,0,Clear,0,438
2025-04-10,Vijayawada,TRN5070,13,3,0,Clear,0,386
2025-06-03,Tirupati,TRN4727,4,1,0,Cloudy,0,219
2025-06-21,Guntur,TRN5842,23,5,0,Rain,0,476
2025-11-20,Visakhapatnam,TRN4341,2,3,0,Fog,0,260
2025-01-23,Tirupati,TRN5012,4,3,0,Clear,0,274
2025-11-14,Tirupati,TRN4982,7,4,0,Clear,0,503
2025-10-22,Warangal,TRN1403,7,2,0,Rain,0,498
2025-09-02,Guntur,TRN5534,5,1,0,Clear,0,250
2025-07-21,Guntur,TRN2444,4,0,0,Rain,0,121
2025-09-08,Hyderabad,TRN4383,6,0,0,Cloudy,0,281
2025-04-14,Secunderabad,TRN3729,1,0,0,Fog,0,461
2025-05-03,Guntur,TRN3384,0,5,0,Cloudy,1,744
2025-03-05,Secunderabad,TRN2194,2,2,1,Clear,0,518
2025-03-21,Nellore,TRN5653,13,4,0,Fog,0,339
2025-03-04,Vijayawada,TRN3598,20,1,0,Clear,0,525
2025-09-02,Nellore,TRN3027,17,1,0,Clear,0,667
2025-03-05,Tirupati,TRN1495,9,2,0,Cloudy,0,484
2025-07-13,Secunderabad,TRN5583,9,6,0,Rain,0,373
2025-07-21,Vijayawada,TRN1254,3,0,0,Clear,0,416
2025-03-11,Vijayawada,TRN3861,17,1,0,Clear,0,565
2025-09-20,Kurnool,TRN1303,6,5,0,Cloudy,0,367
2025-12-23,Hyderabad,TRN1108,11,1,0,Cloudy,0,323
2025-06-01,Tirupati,TRN2915,6,6,0,Clear,0,411
2025-12-24,Nellore,TRN5486,18,2,0,Cloudy,0,657
2025-12-24,Warangal,TRN5794,20,2,0,Cloudy,0,571
2025-04-20,Visakhapatnam,TRN4460,17,6,1,Heavy Rain,0,926
2025-01-01,Vijayawada,TRN3040,19,2,0,Clear,0,566
2025-02-09,Nizamabad,TRN1074,7,6,0,Clear,0,679
2025-09-01,Secunderabad,TRN1617,5,0,0,Clear,0,371
2025-04-06,Hyderabad,TRN5729,2,6,0,Rain,0,379
2025-01-27,Warangal,TRN1130,7,0,0,Heavy Rain,0,502
2025-07-01,Vijayawada,TRN5178,20,1,0,Cloudy,0,505
2025-09-29,Vijayawada,TRN1421,0,0,0,Clear,0,295
2025-10-20,Nizamabad,TRN2289,13,0,0,Clear,0,393
2025-01-26,Tirupati,TRN5268,14,6,0,Heavy Rain,1,705
2025-09-10,Vijayawada,TRN3308,11,2,0,Rain,0,274
2025-05-11,Vijayawada,TRN1637,6,6,0,Clear,0,414
2025-07-03,Hyderabad,TRN3661,19,3,0,Cloudy,0,610
2025-08-28,Kurnool,TRN3147,14,3,1,Heavy Rain,0,611
2025-01-27,Visakhapatnam,TRN3056,19,0,0,Cloudy,0,731
2025-11-13,Secunderabad,TRN2645,12,3,0,Clear,0,516
2025-05-31,Hyderabad,TRN5605,19,5,0,Cloudy,0,710
2025-07-04,Guntur,TRN3839,7,4,0,Cloudy,0,534
2025-12-22,Hyderabad,TRN3436,0,0,0,Rain,1,615
2025-03-30,Tirupati,TRN5590,4,6,0,Clear,0,331
2025-09-20,Secunderabad,TRN3442,5,5,0,Cloudy,0,538
2025-05-28,Secunderabad,TRN4894,13,2,0,Rain,0,383
2025-04-28,Secunderabad,TRN5115,15,0,0,Fog,0,449
2025-08-13,Kurnool,TRN1403,4,2,1,Clear,0,466
2025-03-26,Hyderabad,TRN5990,11,2,0,Rain,0,345
2025-05-10,Visakhapatnam,TRN2376,21,5,0,Clear,0,700
2025-06-10,Hyderabad,TRN3600,10,1,0,Cloudy,0,567
2025-10-22,Guntur,TRN5876,20,2,0,Rain,0,641
2025-07-09,Nellore,TRN2153,13,2,0,Heavy Rain,0,420
2025-07-23,Nellore,TRN1053,6,2,0,Clear,0,380
2025-10-09,Hyderabad,TRN3163,2,3,0,Clear,0,256
2025-07-25,Hyderabad,TRN4385,10,4,0,Clear,0,489
2025-09-13,Tirupati,TRN2344,6,5,0,Rain,0,399
2025-03-27,Visakhapatnam,TRN4319,17,3,0,Clear,1,878
2025-08-22,Nellore,TRN1060,11,4,1,Heavy Rain,0,577
2025-06-23,Nellore,TRN4985,10,0,0,Fog,0,677
2025-05-11,Nizamabad,TRN2161,7,6,0,Clear,0,538
2025-10-06,Nellore,TRN4066,21,0,0,Cloudy,0,676
2025-06-26,Secunderabad,TRN1208,22,3,0,Clear,0,304
2025-02-15,Tirupati,TRN1904,13,5,0,Clear,0,546
2025-10-02,Nizamabad,TRN4005,22,3,0,Rain,1,561
2025-08-06,Nellore,TRN1286,5,2,0,Clear,0,391
2025-06-04,Kurnool,TRN3114,13,2,0,Clear,0,486
2025-08-17,Secunderabad,TRN4888,20,6,1,Heavy Rain,0,963
2025-04-30,Hyderabad,TRN2824,9,2,0,Cloudy,0,494
2025-01-06,Vijayawada,TRN5807,2,0,0,Clear,0,376
2025-06-16,Hyderabad,TRN3893,2,0,0,Clear,0,216
2025-10-31,Secunderabad,TRN1382,15,4,0,Clear,1,657
2025-07-30,Warangal,TRN5554,3,2,0,Clear,0,267
2025-11-16,Warangal,TRN4476,19,6,0,Clear,0,778
2025-08-09,Warangal,TRN3136,6,5,0,Clear,0,361
2025-06-27,Secunderabad,TRN2498,8,4,0,Rain,0,563
2025-10-17,Vijayawada,TRN4154,17,4,0,Clear,0,616
2025-12-19,Kurnool,TRN5716,1,4,0,Clear,0,385
2025-04-14,Secunderabad,TRN1169,14,0,0,Clear,0,393
2025-05-26,Hyderabad,TRN3457,11,0,0,Heavy Rain,0,361
2025-12-19,Nizamabad,TRN4284,10,4,1,Clear,0,771
2025-12-27,Nellore,TRN1840,1,5,0,Clear,0,342
2025-05-09,Secunderabad,TRN4600,9,4,0,Heavy Rain,0,594
2025-12-17,Nizamabad,TRN5270,7,2,0,Fog,0,581
2025-08-09,Hyderabad,TRN1144,13,5,0,Clear,0,540
2025-12-28,Vijayawada,TRN2295,11,6,0,Clear,0,484
2025-01-25,Guntur,TRN5170,17,5,0,Clear,0,839
2025-06-27,Vijayawada,TRN4545,22,4,0,Cloudy,0,237
2025-12-19,Nellore,TRN4464,10,4,0,Clear,0,680
2025-02-06,Nellore,TRN1728,11,3,0,Clear,1,683
2025-07-04,Nellore,TRN3843,9,4,1,Heavy Rain,0,887
2025-04-07,Kurnool,TRN2167,12,0,1,Fog,0,715
2025-02-26,Tirupati,TRN2181,1,2,0,Clear,0,295
2025-05-24,Tirupati,TRN3863,8,5,0,Cloudy,0,779
2025-12-13,Hyderabad,TRN5295,22,5,0,Clear,0,360
2025-05-20,Warangal,TRN3376,12,1,0,Cloudy,0,401
2025-06-29,Kurnool,TRN4023,6,6,0,Heavy Rain,0,400
2025-11-30,Vijayawada,TRN4375,15,6,1,Clear,0,676
2025-07-09,Vijayawada,TRN1979,4,2,0,Heavy Rain,0,277
2025-10-18,Warangal,TRN2224,17,5,0,Fog,0,749
2025-06-21,Tirupati,TRN5327,12,5,0,Rain,0,493
2025-02-14,Secunderabad,TRN3550,6,4,0,Cloudy,0,326
2025-02-19,Nizamabad,TRN2671,0,2,0,Clear,0,395
2025-02-06,Hyderabad,TRN5683,17,3,0,Cloudy,0,566
2025-03-08,Nellore,TRN1079,8,5,1,Clear,0,967
2025-04-03,Warangal,TRN2993,18,3,0,Clear,0,613
2025-02-24,Kurnool,TRN4068,15,0,0,Cloudy,1,715
2025-11-30,Guntur,TRN5395,9,6,0,Rain,0,575
2025-10-16,Guntur,TRN2702,19,3,0,Rain,0,582
2025-11-11,Nizamabad,TRN5313,8,1,0,Cloudy,0,550
2025-12-27,Secunderabad,TRN5750,9,5,0,Cloudy,0,627
2025-08-19,Kurnool,TRN3996,4,1,1,Clear,0,703
2025-07-30,Secunderabad,TRN5747,21,2,0,Cloudy,0,632
2025-02-27,Tirupati,TRN1892,18,3,0,Clear,0,690
2025-10-18,Guntur,TRN4173,22,5,0,Clear,0,450
2025-02-15,Guntur,TRN2540,5,5,0,Clear,0,314
2025-08-26,Hyderabad,TRN4560,12,1,0,Clear,0,311
2025-12-24,Vijayawada,TRN2353,18,2,0,Cloudy,0,627
2025-09-25,Vijayawada,TRN2314,0,3,0,Clear,0,323
2025-11-28,Visakhapatnam,TRN2265,2,4,0,Clear,0,308
2025-02-10,Visakhapatnam,TRN2964,23,0,0,Heavy Rain,0,278
2025-10-14,Kurnool,TRN4794,20,1,0,Clear,0,602
2025-09-26,Hyderabad,TRN5020,5,4,0,Cloudy,0,295
2025-06-13,Vijayawada,TRN1347,15,4,0,Clear,1,689
2025-04-05,Secunderabad,TRN3072,5,5,0,Clear,0,435
2025-05-10,Nizamabad,TRN4585,1,5,0,Cloudy,0,340
2025-08-19,Secunderabad,TRN5702,15,1,0,Clear,0,392
2025-06-12,Nizamabad,TRN4302,21,3,0,Cloudy,0,644
2025-01-20,Guntur,TRN3765,13,0,0,Clear,0,451
2025-07-18,Kurnool,TRN3619,14,4,0,Rain,0,282
2025-11-04,Secunderabad,TRN2259,3,1,0,Rain,0,196
2025-07-24,Vijayawada,TRN3947,9,3,0,Clear,1,956
2025-03-10,Hyderabad,TRN5944,10,0,0,Clear,0,514
2025-08-10,Guntur,TRN1119,16,6,0,Cloudy,0,513
2025-12-01,Visakhapatnam,TRN2482,7,0,1,Clear,0,821
2025-05-19,Vijayawada,TRN1293,11,0,0,Clear,0,420
2025-11-07,Kurnool,TRN4424,9,4,0,Fog,0,583
2025-06-03,Kurnool,TRN2093,13,1,0,Clear,0,435
2025-09-01,Nizamabad,TRN5905,0,0,1,Clear,0,565
2025-11-29,Visakhapatnam,TRN3071,11,5,0,Clear,0,575
2025-05-31,Secunderabad,TRN1221,6,5,0,Clear,0,340
2025-11-02,Warangal,TRN1575,20,6,0,Clear,0,685
2025-07-28,Secunderabad,TRN3479,13,0,1,Rain,0,527
2025-09-24,Vijayawada,TRN5664,3,2,0,Cloudy,0,362
2025-02-19,Guntur,TRN4532,23,2,0,Clear,0,433
2025-01-12,Nellore,TRN5123,4,6,0,Cloudy,0,340
2025-08-04,Kurnool,TRN2449,17,0,0,Rain,0,540
2025-01-22,Tirupati,TRN1217,0,2,0,Rain,0,227
2025-03-15,Kurnool,TRN2212,9,5,1,Rain,0,856
2025-04-17,Secunderabad,TRN5704,22,3,0,Clear,0,340
2025-11-27,Nellore,TRN2941,7,3,0,Cloudy,1,852
2025-09-09,Warangal,TRN3317,21,1,0,Cloudy,0,550
2025-04-29,Visakhapatnam,TRN1987,9,1,0,Cloudy,0,597
2025-10-10,Warangal,TRN3687,12,4,0,Clear,0,457
2025-01-17,Nizamabad,TRN5615,10,4,0,Clear,0,653
2025-09-15,Tirupati,TRN3940,5,0,0,Clear,0,290
2025-07-19,Tirupati,TRN3794,14,5,0,Fog,0,590
2025-05-05,Guntur,TRN1975,5,0,0,Clear,0,271
2025-09-19,Vijayawada,TRN4291,8,4,0,Clear,0,431
2025-08-31,Hyderabad,TRN1695,13,6,0,Heavy Rain,0,465
2025-06-10,Tirupati,TRN4400,20,1,0,Cloudy,0,644
2025-05-22,Tirupati,TRN3883,11,3,0,Cloudy,0,371
2025-12-11,Guntur,TRN3299,0,3,0,Clear,0,334
2025-12-03,Nellore,TRN4049,19,2,0,Clear,0,625
2025-09-22,Tirupati,TRN4154,14,0,0,Heavy Rain,0,284
2025-02-06,Secunderabad,TRN3163,4,3,0,Cloudy,0,376
2025-04-20,Tirupati,TRN3346,5,6,0,Clear,0,495
2025-12-04,Nellore,TRN5201,2,3,0,Clear,0,295
2025-11-15,Secunderabad,TRN4437,12,5,0,Rain,0,458
2025-10-17,Secunderabad,TRN1167,3,4,0,Fog,0,304
2025-04-22,Tirupati,TRN5087,18,1,0,Clear,0,576
2025-09-23,Vijayawada,TRN3881,6,1,0,Fog,0,257
2025-08-09,Vijayawada,TRN2779,17,5,0,Cloudy,0,599
2025-10-20,Vijayawada,TRN1261,3,0,0,Clear,0,345
2025-12-24,Nellore,TRN3121,8,2,1,Rain,0,796
2025-10-23,Tirupati,TRN1025,12,3,0,Clear,0,354
2025-06-26,Hyderabad,TRN2076,23,3,0,Clear,0,305
2025-04-10,Secunderabad,TRN1678,9,3,0,Cloudy,0,562
2025-12-13,Nizamabad,TRN4244,16,5,0,Cloudy,0,417
2025-03-23,Nellore,TRN5752,1,6,0,Rain,0,372
2025-05-17,Guntur,TRN4931,6,5,0,Clear,0,466
2025-06-27,Tirupati,TRN5015,0,4,0,Cloudy,0,260
2025-04-26,Nellore,TRN2615,23,5,0,Cloudy,0,444
2025-06-18,Nellore,TRN4018,16,2,0,Clear,0,370
2025-02-15,Guntur,TRN5489,13,5,1,Cloudy,1,1076
2025-06-08,Nellore,TRN4135,23,6,0,Fog,0,471
2025-08-14,Kurnool,TRN2034,17,3,0,Cloudy,0,579
2025-08-24,Hyderabad,TRN1968,15,6,0,Rain,0,468
2025-10-18,Nizamabad,TRN3399,11,5,1,Fog,0,812
2025-07-23,Vijayawada,TRN1470,10,2,0,Rain,0,352
2025-09-20,Visakhapatnam,TRN4049,11,5,0,Clear,0,456
2025-03-27,Vijayawada,TRN2481,9,3,0,Clear,0,545
2025-12-22,Guntur,TRN3353,12,0,0,Heavy Rain,0,302
2025-07-15,Tirupati,TRN4038,21,1,1,Clear,0,828
2025-11-09,Visakhapatnam,TRN4341,0,6,0,Fog,0,431
2025-12-19,Nellore,TRN3651,13,4,0,Cloudy,0,514
2025-02-28,Vijayawada,TRN4139,13,4,0,Clear,0,433
2025-07-06,Warangal,TRN5520,18,6,0,Clear,0,699
2025-09-12,Tirupati,TRN5449,6,4,0,Rain,0,184
2025-07-19,Hyderabad,TRN4441,14,5,0,Clear,0,547
2025-01-28,Visakhapatnam,TRN3138,16,1,0,Clear,0,398
2025-02-07,Secunderabad,TRN2471,2,4,0,Clear,0,281
2025-09-22,Vijayawada,TRN1176,2,0,0,Cloudy,0,250
2025-09-16,Visakhapatnam,TRN3869,3,1,0,Clear,0,414
2025-01-13,Vijayawada,TRN4755,21,0,0,Clear,0,614
2025-11-03,Visakhapatnam,TRN3711,17,0,0,Clear,0,596
2025-04-12,Nizamabad,TRN3604,22,5,0,Clear,0,385
2025-12-26,Warangal,TRN2309,6,4,0,Cloudy,0,240
2025-08-26,Warangal,TRN1935,16,1,0,Clear,0,425
2025-08-23,Tirupati,TRN3092,7,5,0,Clear,0,659
2025-11-27,Visakhapatnam,TRN4640,7,3,0,Rain,1,867
2025-11-26,Kurnool,TRN2087,12,2,0,Rain,0,408
2025-01-28,Hyderabad,TRN1649,9,1,0,Rain,0,495
2025-08-02,Kurnool,TRN2142,1,5,0,Cloudy,0,455
2025-12-06,Warangal,TRN3291,9,5,0,Fog,0,746
2025-11-28,Hyderabad,TRN3345,17,4,1,Rain,0,758
2025-03-24,Warangal,TRN1471,14,0,0,Cloudy,0,293
2025-10-13,Tirupati,TRN3215,17,0,0,Clear,0,571
2025-05-23,Tirupati,TRN5405,12,4,0,Clear,0,433
2025-10-25,Tirupati,TRN1524,2,5,0,Clear,1,729
2025-09-21,Nellore,TRN5743,7,6,0,Rain,0,779
2025-08-10,Tirupati,TRN5706,18,6,0,Clear,0,723
2025-05-21,Guntur,TRN2095,16,2,0,Clear,0,401
2025-12-07,Hyderabad,TRN1864,23,6,0,Clear,1,882
2025-05-22,Visakhapatnam,TRN4801,21,3,0,Clear,0,597
2025-12-16,Visakhapatnam,TRN5623,20,1,0,Clear,0,623
2025-10-09,Warangal,TRN1456,3,3,0,Heavy Rain,0,318
2025-06-11,Visakhapatnam,TRN3811,17,2,1,Clear,0,731
2025-01-25,Vijayawada,TRN2359,21,5,1,Clear,0,864
2025-03-07,Guntur,TRN1289,17,4,0,Clear,0,532
2025-05-01,Warangal,TRN5353,22,3,0,Clear,0,367
2025-07-27,Hyderabad,TRN2977,8,6,0,Rain,0,581
2025-12-17,Vijayawada,TRN3321,14,2,0,Rain,0,250
2025-05-20,Hyderabad,TRN3734,0,1,0,Cloudy,0,296
2025-11-03,Tirupati,TRN3198,18,0,0,Clear,0,561
2025-04-28,Secunderabad,TRN4782,13,0,0,Fog,0,312
2025-03-26,Warangal,TRN4133,2,2,0,Clear,0,269
2025-12-09,Hyderabad,TRN2523,11,1,0,Clear,0,260
2025-04-05,Hyderabad,TRN4476,16,5,0,Cloudy,0,591
2025-05-13,Nellore,TRN4613,21,1,0,Clear,0,472
2025-06-21,Nizamabad,TRN2208,19,5,0,Clear,0,714
2025-06-22,Hyderabad,TRN2804,14,6,0,Cloudy,0,561
2025-04-17,Nellore,TRN3224,5,3,0,Rain,0,230
2025-12-30,Secunderabad,TRN1525,2,1,0,Clear,1,710
2025-02-21,Visakhapatnam,TRN2857,13,4,0,Clear,0,476
2025-03-22,Guntur,TRN4262,8,5,0,Clear,0,591
2025-10-02,Hyderabad,TRN2858,1,3,1,Cloudy,0,544
2025-08-22,Hyderabad,TRN2117,20,4,0,Clear,0,649
2025-01-16,Nellore,TRN4119,20,3,0,Cloudy,0,604
2025-09-02,Warangal,TRN5168,20,1,0,Cloudy,0,631
2025-01-28,Tirupati,TRN5553,18,1,0,Clear,0,563
2025-10-13,Nellore,TRN4681,20,0,0,Clear,0,545
2025-11-25,Secunderabad,TRN2463,3,1,0,Clear,1,588
2025-02-19,Kurnool,TRN3494,4,2,0,Clear,0,187
2025-09-16,Guntur,TRN5710,10,1,0,Cloudy,0,544
2025-11-20,Guntur,TRN4150,11,3,0,Clear,0,525
2025-09-27,Hyderabad,TRN1340,13,5,0,Clear,0,384
2025-04-29,Kurnool,TRN3903,15,1,0,Clear,0,443
2025-01-24,Nizamabad,TRN2329,7,4,0,Clear,0,673
2025-02-21,Tirupati,TRN1493,20,4,0,Rain,0,561
2025-10-01,Warangal,TRN4418,13,2,0,Clear,0,437
2025-09-19,Nizamabad,TRN5292,19,4,0,Clear,0,661
2025-11-06,Secunderabad,TRN2526,4,3,0,Cloudy,1,550
2025-05-31,Nizamabad,TRN1905,15,5,0,Cloudy,0,689
2025-11-28,Kurnool,TRN4731,3,4,0,Rain,0,224
2025-04-18,Kurnool,TRN1141,12,4,0,Cloudy,0,446
2025-05-20,Hyderabad,TRN4034,11,1,1,Clear,0,808
2025-02-04,Hyderabad,TRN5105,0,1,0,Clear,0,408
2025-02-15,Secunderabad,TRN3299,15,5,0,Rain,0,317
2025-12-01,Guntur,TRN2461,14,0,0,Cloudy,0,357
2025-07-27,Nizamabad,TRN2896,3,6,0,Clear,0,392
2025-02-16,Hyderabad,TRN4486,22,6,0,Clear,0,415
2025-10-11,Nizamabad,TRN3705,15,5,0,Clear,0,513
2025-11-03,Warangal,TRN3410,22,0,0,Rain,0,317
2025-02-24,Hyderabad,TRN3773,16,0,1,Cloudy,0,517
2025-03-07,Nellore,TRN4827,20,4,0,Clear,1,1004
2025-03-10,Vijayawada,TRN2247,11,0,0,Heavy Rain,0,322
2025-08-16,Secunderabad,TRN4689,23,5,0,Clear,0,339
2025-04-07,Visakhapatnam,TRN2100,1,0,0,Clear,0,335
2025-05-01,Kurnool,TRN1385,9,3,0,Clear,0,582
2025-04-25,Kurnool,TRN4379,16,4,0,Rain,0,280
2025-11-30,Guntur,TRN5207,18,6,0,Heavy Rain,0,771
2025-06-17,Warangal,TRN3418,14,1,0,Rain,0,359
2025-12-03,Tirupati,TRN2376,11,2,0,Heavy Rain,0,436
2025-06-03,Secunderabad,TRN4950,14,1,0,Clear,0,503
2025-06-05,Vijayawada,TRN2155,22,3,0,Cloudy,1,568
2025-05-19,Nellore,TRN5505,0,0,1,Clear,0,581
2025-10-29,Nizamabad,TRN4279,9,2,0,Fog,1,1005
2025-12-26,Guntur,TRN2672,7,4,0,Rain,0,494
2025-07-26,Nellore,TRN4529,10,5,0,Clear,0,665
2025-01-24,Visakhapatnam,TRN5681,11,4,0,Clear,0,347
2025-09-26,Warangal,TRN2290,21,4,0,Clear,0,654
2025-01-20,Tirupati,TRN2460,14,0,0,Clear,0,382
2025-04-20,Kurnool,TRN3122,13,6,1,Rain,1,1142
2025-04-03,Visakhapatnam,TRN5430,1,3,0,Rain,0,233
2025-11-28,Guntur,TRN3682,0,4,0,Clear,0,287
2025-09-19,Warangal,TRN3909,10,4,0,Clear,0,615
2025-02-15,Guntur,TRN5087,19,5,0,Clear,0,656
2025-11-09,Secunderabad,TRN1430,3,6,0,Clear,0,490
2025-01-20,Nizamabad,TRN5244,0,0,0,Clear,0,225
2025-07-26,Nellore,TRN3904,14,5,0,Cloudy,0,507
2025-10-14,Tirupati,TRN2791,10,1,0,Clear,0,591
2025-01-01,Warangal,TRN5432,7,2,0,Rain,0,344
2025-01-04,Vijayawada,TRN4172,17,5,0,Clear,0,718
2025-01-19,Vijayawada,TRN5201,4,6,0,Cloudy,1,781
2025-11-17,Nellore,TRN5281,2,0,0,Clear,0,284
2025-11-14,Kurnool,TRN2916,0,4,0,Cloudy,0,186
2025-12-24,Hyderabad,TRN5060,3,2,0,Clear,0,277
2025-05-01,Hyderabad,TRN5805,6,3,0,Rain,0,382
2025-08-05,Nellore,TRN5239,22,1,0,Cloudy,0,385
2025-10-03,Visakhapatnam,TRN2978,15,4,0,Clear,0,416
2025-05-15,Nizamabad,TRN4337,1,3,0,Cloudy,1,733
2025-03-09,Hyderabad,TRN5542,5,6,0,Clear,0,324
2025-03-30,Visakhapatnam,TRN4021,23,6,0,Clear,1,782
2025-10-14,Guntur,TRN2470,21,1,0,Clear,0,564
2025-10-10,Warangal,TRN4365,2,4,0,Cloudy,0,255
2025-08-10,Kurnool,TRN4998,16,6,0,Clear,0,483
2025-06-08,Visakhapatnam,TRN5212,6,6,0,Cloudy,0,392
2025-05-30,Nizamabad,TRN4921,17,4,0,Clear,0,574
2025-04-12,Vijayawada,TRN1059,2,5,0,Clear,0,296
2025-01-19,Visakhapatnam,TRN5185,15,6,0,Clear,0,477
2025-03-13,Guntur,TRN4579,17,3,0,Clear,0,582
2025-08-25,Nizamabad,TRN2913,10,0,0,Rain,0,554
2025-10-14,Visakhapatnam,TRN4969,5,1,0,Rain,1,660
2025-05-20,Secunderabad,TRN1066,11,1,0,Cloudy,0,504
2025-01-07,Kurnool,TRN2543,15,1,0,Clear,0,458
2025-07-24,Warangal,TRN5146,10,3,0,Rain,0,567
2025-09-18,Nizamabad,TRN1808,5,3,0,Clear,0,259
2025-03-14,Vijayawada,TRN3212,20,4,0,Clear,0,671
2025-12-08,Kurnool,TRN5083,8,0,1,Clear,0,692
2025-10-29,Tirupati,TRN4412,6,2,0,Cloudy,0,237
2025-10-26,Kurnool,TRN5127,4,6,0,Heavy Rain,0,439
2025-12-01,Vijayawada,TRN2214,20,0,0,Clear,0,594
2025-05-05,Hyderabad,TRN1009,8,0,0,Clear,0,679
2025-08-23,Guntur,TRN2456,11,5,0,Rain,0,396
2025-10-06,Vijayawada,TRN1518,3,0,0,Rain,0,298
2025-06-21,Kurnool,TRN4288,0,5,0,Clear,0,418
2025-03-28,Nizamabad,TRN3159,9,4,0,Clear,0,556
2025-10-17,Visakhapatnam,TRN1780,18,4,0,Clear,0,595
2025-01-06,Hyderabad,TRN3187,18,0,0,Cloudy,0,636
2025-11-28,Secunderabad,TRN3513,8,4,0,Clear,0,579
2025-10-22,Vijayawada,TRN2732,11,2,0,Cloudy,0,483
2025-06-08,Warangal,TRN3705,3,6,0,Clear,0,386
2025-11-27,Kurnool,TRN1408,19,3,0,Heavy Rain,0,528
2025-04-04,Nizamabad,TRN1031,12,4,0,Fog,0,654
2025-02-21,Tirupati,TRN2051,0,4,0,Cloudy,0,395
2025-06-09,Visakhapatnam,TRN5438,19,0,0,Heavy Rain,0,458
2025-04-04,Vijayawada,TRN4533,21,4,0,Cloudy,0,617
2025-10-07,Warangal,TRN1151,20,1,0,Clear,0,725
2025-05-08,Tirupati,TRN4079,7,3,1,Clear,0,874
2025-12-11,Nellore,TRN5138,5,3,0,Clear,0,314
2025-02-16,Kurnool,TRN4822,3,6,0,Heavy Rain,0,320
2025-03-04,Secunderabad,TRN3077,3,1,0,Clear,0,281
2025-04-12,Hyderabad,TRN1119,1,5,0,Clear,0,406
2025-07-03,Tirupati,TRN1113,23,3,0,Clear,0,245
2025-06-14,Warangal,TRN2537,20,5,0,Clear,0,684
2025-11-09,Vijayawada,TRN1266,23,6,0,Clear,0,423
2025-11-03,Tirupati,TRN5460,4,0,0,Cloudy,0,332
2025-06-23,Nellore,TRN1731,23,0,0,Cloudy,0,312
2025-10-31,Tirupati,TRN3147,11,4,1,Rain,1,810
2025-04-02,Guntur,TRN4159,2,2,1,Rain,0,551
2025-05-12,Tirupati,TRN1338,20,0,1,Clear,1,1241
2025-12-05,Secunderabad,TRN5154,11,4,0,Clear,0,465
2025-02-19,Secunderabad,TRN5851,16,2,0,Heavy Rain,0,417
2025-02-06,Hyderabad,TRN3985,23,3,1,Clear,1,957
2025-08-02,Tirupati,TRN4415,19,5,0,Heavy Rain,0,640
2025-03-26,Nizamabad,TRN4329,12,2,0,Rain,0,450
2025-02-26,Vijayawada,TRN1845,7,2,0,Rain,0,510
2025-01-01,Guntur,TRN1771,12,2,0,Clear,0,430
2025-03-22,Kurnool,TRN5567,22,5,0,Rain,0,359
2025-09-04,Tirupati,TRN3084,10,3,0,Clear,0,686
2025-07-10,Tirupati,TRN5302,15,3,1,Cloudy,0,644
2025-05-28,Warangal,TRN1614,3,2,0,Clear,0,300
2025-03-13,Kurnool,TRN1094,12,3,0,Clear,1,755
2025-09-18,Guntur,TRN2259,2,3,0,Rain,0,237
2025-08-30,Kurnool,TRN2321,1,5,0,Clear,0,338
2025-01-18,Tirupati,TRN4953,2,5,0,Clear,0,460
2025-06-01,Visakhapatnam,TRN4844,14,6,0,Cloudy,0,469
2025-04-19,Tirupati,TRN3763,4,5,1,Cloudy,0,747
2025-09-07,Warangal,TRN3945,12,6,1,Clear,1,1200
2025-02-12,Hyderabad,TRN1180,6,2,0,Clear,0,309
2025-05-03,Visakhapatnam,TRN5027,21,5,0,Clear,0,718
2025-05-05,Kurnool,TRN4662,13,0,0,Rain,0,238
2025-03-24,Nizamabad,TRN3699,4,0,0,Clear,0,263
2025-06-04,Guntur,TRN3062,4,2,1,Rain,0,500
2025-09-07,Tirupati,TRN1517,13,6,1,Cloudy,0,756
2025-08-16,Warangal,TRN5526,17,5,1,Clear,0,1110
2025-12-29,Nellore,TRN3085,7,0,0,Clear,0,539
2025-10-29,Tirupati,TRN1334,15,2,0,Cloudy,0,288
2025-09-18,Hyderabad,TRN1389,17,3,0,Clear,0,684
2025-01-19,Nellore,TRN3851,17,6,0,Clear,0,759
2025-06-26,Vijayawada,TRN3152,17,3,0,Clear,0,487
2025-06-07,Warangal,TRN3638,12,5,0,Heavy Rain,0,531
2025-04-21,Visakhapatnam,TRN5324,6,0,0,Clear,0,404
2025-03-06,Nizamabad,TRN2457,1,3,0,Clear,0,294
2025-06-15,Guntur,TRN4854,0,6,0,Rain,0,247
2025-11-20,Visakhapatnam,TRN2561,19,3,0,Clear,0,393
2025-03-24,Nizamabad,TRN5214,9,0,0,Clear,0,710
2025-05-11,Hyderabad,TRN2666,16,6,0,Clear,0,405
2025-04-06,Guntur,TRN1751,16,6,0,Cloudy,0,504
2025-04-27,Hyderabad,TRN4305,12,6,0,Clear,0,674
2025-03-11,Secunderabad,TRN1611,19,1,0,Clear,0,584
2025-10-10,Guntur,TRN2814,14,4,1,Clear,0,693
2025-11-09,Visakhapatnam,TRN2732,19,6,0,Clear,0,672
2025-04-01,Warangal,TRN4401,7,1,0,Clear,1,965
2025-11-27,Guntur,TRN4589,6,3,0,Rain,0,201
2025-09-26,Warangal,TRN1922,3,4,0,Clear,0,268
2025-03-09,Nizamabad,TRN4662,21,6,0,Cloudy,0,640
2025-02-21,Warangal,TRN5162,7,4,0,Clear,0,520
2025-03-27,Nellore,TRN4448,3,3,0,Clear,0,199
2025-08-23,Hyderabad,TRN4846,16,5,0,Cloudy,1,850
2025-01-13,Vijayawada,TRN5062,3,0,0,Clear,0,266
2025-06-22,Visakhapatnam,TRN2544,10,6,0,Rain,0,497
2025-03-24,Vijayawada,TRN5170,4,0,1,Clear,0,488
2025-12-26,Hyderabad,TRN1757,2,4,0,Heavy Rain,0,193
2025-11-12,Visakhapatnam,TRN2239,4,2,0,Heavy Rain,0,382
2025-04-30,Nizamabad,TRN4885,12,2,0,Clear,0,406
2025-04-18,Guntur,TRN1756,14,4,1,Clear,0,565
2025-07-07,Tirupati,TRN5359,0,0,0,Clear,0,311
2025-04-06,Hyderabad,TRN4375,7,6,0,Clear,0,672
2025-07-08,Vijayawada,TRN5544,9,1,0,Clear,0,673
2025-10-20,Hyderabad,TRN4586,9,0,0,Clear,0,616
2025-09-06,Nizamabad,TRN1898,23,5,0,Clear,0,305
2025-02-28,Kurnool,TRN5828,18,4,0,Clear,0,511
2025-11-18,Visakhapatnam,TRN5753,22,1,0,Clear,0,232
2025-12-27,Kurnool,TRN5720,13,5,0,Clear,0,528
2025-08-29,Nizamabad,TRN2292,4,4,0,Clear,0,434
2025-03-25,Secunderabad,TRN3551,10,1,0,Heavy Rain,1,937
2025-09-26,Guntur,TRN1564,23,4,0,Cloudy,0,342
2025-06-14,Hyderabad,TRN5923,3,5,0,Clear,0,503
2025-10-10,Vijayawada,TRN2065,15,4,0,Clear,0,455
2025-08-11,Vijayawada,TRN2339,23,0,0,Heavy Rain,0,89
2025-05-19,Vijayawada,TRN2924,0,0,0,Clear,0,375
2025-02-14,Warangal,TRN2995,8,4,1,Cloudy,0,775
2025-08-08,Nellore,TRN4599,4,4,0,Clear,0,146
2025-03-21,Nellore,TRN4675,11,4,0,Clear,0,396
2025-10-26,Visakhapatnam,TRN5786,21,6,0,Cloudy,0,667
2025-06-12,Kurnool,TRN3493,22,3,0,Cloudy,0,307
2025-05-14,Kurnool,TRN4890,5,2,0,Clear,0,278
2025-07-11,Tirupati,TRN3659,23,4,0,Clear,0,210
2025-07-24,Visakhapatnam,TRN3020,0,3,0,Clear,0,368
2025-05-26,Warangal,TRN3983,1,0,0,Rain,0,316
2025-02-15,Kurnool,TRN3221,9,5,0,Heavy Rain,0,664
2025-10-20,Nizamabad,TRN2166,4,0,0,Cloudy,0,234
2025-09-13,Warangal,TRN2531,12,5,0,Clear,0,419
2025-05-07,Guntur,TRN4759,6,2,0,Clear,0,402
2025-05-17,Secunderabad,TRN4971,19,5,0,Fog,0,735
2025-10-07,Visakhapatnam,TRN1913,20,1,1,Clear,0,878
2025-12-14,Visakhapatnam,TRN5559,13,6,0,Clear,0,501
2025-04-09,Nellore,TRN1988,9,2,0,Clear,0,572
2025-01-14,Secunderabad,TRN1167,3,1,0,Clear,0,277
2025-12-09,Nizamabad,TRN4378,20,1,0,Clear,0,548
2025-11-14,Hyderabad,TRN1883,15,4,0,Clear,0,357
2025-11-07,Tirupati,TRN2337,8,4,0,Cloudy,0,616
2025-06-16,Tirupati,TRN5881,17,0,0,Clear,0,611
2025-07-09,Guntur,TRN1676,8,2,1,Cloudy,1,1324
2025-11-10,Vijayawada,TRN1571,4,0,0,Clear,0,293
2025-05-24,Tirupati,TRN5346,3,5,0,Rain,0,316
2025-06-26,Warangal,TRN2062,3,3,0,Clear,0,276
2025-10-21,Nizamabad,TRN5388,20,1,0,Clear,0,566
2025-12-01,Secunderabad,TRN2236,13,0,0,Clear,0,514
2025-09-13,Warangal,TRN3298,8,5,1,Heavy Rain,0,711
2025-02-26,Guntur,TRN2102,7,2,0,Clear,0,517
2025-06-11,Visakhapatnam,TRN2832,2,2,0,Cloudy,1,708
2025-04-11,Nellore,TRN4076,11,4,0,Rain,0,345
2025-12-14,Warangal,TRN3964,9,6,0,Rain,1,1036
2025-01-18,Nizamabad,TRN5599,16,5,0,Heavy Rain,0,550
2025-12-04,Secunderabad,TRN3452,5,3,0,Rain,0,468
2025-12-04,Tirupati,TRN2492,4,3,0,Clear,1,622
2025-01-06,Tirupati,TRN1355,22,0,0,Clear,0,261
2025-06-27,Secunderabad,TRN4319,5,4,0,Cloudy,0,368
2025-09-01,Kurnool,TRN3766,5,0,0,Clear,1,628
2025-11-12,Warangal,TRN4710,11,2,0,Cloudy,0,437
2025-10-30,Kurnool,TRN5993,22,3,0,Clear,0,263
2025-11-14,Tirupati,TRN1899,15,4,0,Rain,0,508
2025-03-18,Warangal,TRN3574,9,1,0,Clear,0,559
2025-10-15,Kurnool,TRN3302,23,2,0,Cloudy,0,492
2025-05-15,Secunderabad,TRN1126,14,3,0,Clear,0,425
2025-01-14,Tirupati,TRN5303,21,1,0,Rain,0,476
2025-05-18,Kurnool,TRN5542,7,6,0,Clear,0,666
2025-04-07,Warangal,TRN2888,7,0,0,Fog,0,405
2025-03-22,Nizamabad,TRN3018,17,5,0,Clear,0,709
2025-11-14,Guntur,TRN1567,3,4,0,Cloudy,0,367
2025-11-15,Hyderabad,TRN4240,5,5,0,Clear,0,366
2025-04-18,Nellore,TRN5537,17,4,0,Clear,0,618
2025-03-14,Hyderabad,TRN4598,5,4,0,Heavy Rain,0,229
2025-09-13,Kurnool,TRN5368,11,5,0,Clear,0,497
2025-08-19,Guntur,TRN4374,15,1,0,Clear,0,519
2025-08-26,Warangal,TRN1609,15,1,0,Heavy Rain,0,323
2025-10-08,Nizamabad,TRN2971,1,2,0,Heavy Rain,0,347
2025-01-14,Nizamabad,TRN5115,18,1,0,Fog,0,644
2025-01-06,Vijayawada,TRN5363,5,0,0,Clear,0,346
2025-09-28,Tirupati,TRN2849,16,6,0,Clear,0,558
2025-01-31,Vijayawada,TRN4239,5,4,0,Cloudy,0,301
2025-04-19,Warangal,TRN1584,3,5,0,Clear,0,541
2025-12-24,Warangal,TRN2405,15,2,0,Clear,0,320
2025-09-01,Tirupati,TRN5022,13,0,0,Clear,0,428
2025-06-13,Kurnool,TRN3261,4,4,0,Clear,0,207
2025-10-09,Kurnool,TRN1440,5,3,0,Clear,0,411
2025-01-12,Hyderabad,TRN3993,17,6,0,Clear,0,658
2025-12-19,Nellore,TRN3925,15,4,0,Cloudy,0,464
2025-12-07,Tirupati,TRN3430,9,6,0,Cloudy,0,692
2025-04-16,Nizamabad,TRN3953,11,2,0,Clear,0,424
2025-10-10,Kurnool,TRN3114,9,4,0,Clear,0,605
2025-08-25,Nizamabad,TRN5959,0,0,0,Heavy Rain,0,319
2025-11-14,Nizamabad,TRN3370,2,4,0,Cloudy,0,358
2025-09-03,Warangal,TRN2639,8,2,0,Clear,0,578
2025-12-26,Nellore,TRN2574,5,4,0,Clear,0,313
2025-09-08,Hyderabad,TRN1977,10,0,0,Clear,0,502
2025-10-14,Nellore,TRN4594,2,1,0,Rain,0,378
2025-08-31,Secunderabad,TRN5359,16,6,0,Cloudy,0,570
2025-05-24,Warangal,TRN1469,8,5,0,Clear,0,735
2025-03-29,Visakhapatnam,TRN1800,17,5,0,Clear,0,733
2025-03-12,Nizamabad,TRN1909,1,2,0,Fog,0,204
2025-08-17,Visakhapatnam,TRN2752,19,6,1,Cloudy,1,1298
2025-07-22,Kurnool,TRN5161,0,1,1,Clear,0,536
2025-09-01,Kurnool,TRN2874,3,0,0,Clear,0,207
2025-06-14,Nizamabad,TRN4853,15,5,0,Clear,0,520
2025-07-14,Nizamabad,TRN1382,4,0,0,Clear,0,306
2025-12-28,Nellore,TRN2350,12,6,1,Cloudy,0,757
2025-09-13,Secunderabad,TRN3043,10,5,0,Clear,0,763
2025-08-29,Nellore,TRN1528,22,4,0,Clear,0,388
2025-03-15,Hyderabad,TRN3042,13,5,0,Clear,1,816
2025-10-26,Nizamabad,TRN3060,18,6,0,Heavy Rain,0,691
2025-01-29,Secunderabad,TRN3703,17,2,1,Clear,1,1123
2025-10-27,Secunderabad,TRN5504,1,0,0,Rain,0,317
2025-08-01,Secunderabad,TRN5151,12,4,0,Clear,0,251
2025-09-24,Nizamabad,TRN3679,13,2,0,Clear,0,425
2025-10-16,Vijayawada,TRN1430,5,3,0,Heavy Rain,0,273
2025-07-24,Visakhapatnam,TRN5417,10,3,0,Cloudy,0,502
2025-09-14,Vijayawada,TRN4776,1,6,0,Cloudy,0,548
2025-08-25,Secunderabad,TRN1288,18,0,0,Clear,1,883
2025-12-20,Secunderabad,TRN5220,10,5,0,Clear,0,684
2025-08-23,Warangal,TRN2802,22,5,0,Clear,0,574
2025-11-08,Nizamabad,TRN3276,10,5,1,Heavy Rain,0,932
2025-12-07,Nellore,TRN4530,19,6,0,Clear,0,705
2025-08-25,Guntur,TRN3921,11,0,0,Rain,0,393
2025-03-22,Vijayawada,TRN5840,0,5,0,Cloudy,0,439
2025-12-05,Hyderabad,TRN3641,0,4,0,Rain,0,288
2025-06-22,Tirupati,TRN1526,3,6,0,Rain,0,382
2025-05-27,Hyderabad,TRN3494,15,1,0,Clear,0,405
2025-07-26,Kurnool,TRN4621,4,5,0,Clear,0,346
2025-09-23,Visakhapatnam,TRN2971,12,1,0,Cloudy,0,453
2025-07-05,Secunderabad,TRN2267,20,5,0,Clear,0,658
2025-10-30,Visakhapatnam,TRN2320,2,3,0,Cloudy,0,227
2025-03-30,Secunderabad,TRN2840,2,6,0,Clear,0,369
2025-01-14,Secunderabad,TRN2736,9,1,1,Clear,0,857
2025-08-15,Nizamabad,TRN5942,4,4,0,Clear,0,372
2025-09-19,Visakhapatnam,TRN2704,2,4,0,Cloudy,0,317
2025-03-09,Vijayawada,TRN2967,22,6,0,Clear,0,420
2025-08-12,Vijayawada,TRN5456,11,1,0,Heavy Rain,0,456
2025-02-05,Kurnool,TRN5731,23,2,0,Fog,0,253
2025-04-18,Vijayawada,TRN3654,0,4,0,Rain,1,622
2025-12-20,Guntur,TRN2419,18,5,0,Cloudy,0,761
2025-06-09,Tirupati,TRN5592,4,0,0,Clear,0,207
2025-11-02,Hyderabad,TRN3942,21,6,0,Clear,0,737
2025-06-13,Visakhapatnam,TRN1720,9,4,0,Cloudy,0,526
2025-07-19,Kurnool,TRN2869,19,5,0,Clear,0,742
2025-06-21,Hyderabad,TRN2757,9,5,0,Cloudy,1,1054
2025-07-04,Hyderabad,TRN3044,2,4,0,Clear,0,291
2025-07-03,Vijayawada,TRN2470,11,3,0,Clear,1,776
2025-06-28,Nellore,TRN4960,18,5,0,Cloudy,0,712
2025-01-01,Kurnool,TRN1756,19,2,0,Rain,0,575
2025-02-18,Hyderabad,TRN4315,16,1,0,Rain,0,354
2025-10-17,Visakhapatnam,TRN3881,3,4,0,Clear,1,647
2025-04-09,Nizamabad,TRN1776,17,2,0,Clear,0,662
2025-09-02,Secunderabad,TRN5715,2,1,1,Clear,0,668
2025-09-28,Guntur,TRN4194,22,6,0,Cloudy,0,367
2025-11-24,Nellore,TRN1809,4,0,0,Clear,0,286
2025-10-08,Guntur,TRN4621,7,2,0,Rain,1,949
2025-06-21,Hyderabad,TRN2038,14,5,0,Cloudy,0,484
2025-12-12,Tirupati,TRN5702,19,4,0,Clear,0,770
2025-01-18,Tirupati,TRN5627,6,5,0,Cloudy,0,491
2025-08-08,Visakhapatnam,TRN5035,23,4,0,Fog,0,434
2025-03-23,Nellore,TRN5938,21,6,0,Cloudy,0,702
2025-01-24,Nizamabad,TRN1418,15,4,0,Rain,0,337
2025-07-13,Warangal,TRN1126,12,6,0,Clear,0,438
2025-11-08,Nizamabad,TRN4092,4,5,0,Clear,1,827
2025-10-09,Hyderabad,TRN5225,8,3,1,Fog,0,835
2025-09-19,Kurnool,TRN4182,1,4,0,Clear,0,303
2025-12-29,Secunderabad,TRN4503,20,0,0,Cloudy,0,524
2025-12-18,Visakhapatnam,TRN2289,12,3,0,Rain,0,360
2025-04-08,Secunderabad,TRN4896,2,1,0,Cloudy,0,316
2025-02-01,Nellore,TRN3373,22,5,0,Fog,0,375
2025-06-10,Nizamabad,TRN3775,9,1,0,Heavy Rain,0,628
2025-01-16,Hyderabad,TRN2901,4,3,0,Rain,0,263
2025-01-11,Tirupati,TRN4612,22,5,0,Clear,0,575
2025-07-24,Guntur,TRN2290,2,3,0,Cloudy,0,310
2025-10-16,Nizamabad,TRN4253,10,3,0,Clear,0,564
2025-11-10,Visakhapatnam,TRN3750,14,0,0,Cloudy,0,374
2025-07-27,Secunderabad,TRN1085,6,6,0,Clear,1,797
2025-12-16,Nellore,TRN5578,7,1,0,Clear,0,537
2025-03-10,Visakhapatnam,TRN4757,21,0,1,Cloudy,0,809
2025-08-17,Warangal,TRN4403,22,6,0,Cloudy,0,542
2025-04-07,Warangal,TRN4366,22,0,0,Clear,1,709
2025-10-27,Guntur,TRN5881,19,0,0,Heavy Rain,0,576
2025-10-02,Nellore,TRN1487,6,3,0,Clear,0,259
2025-06-27,Secunderabad,TRN1337,16,4,0,Cloudy,0,428
2025-12-02,Nizamabad,TRN4207,11,1,0,Clear,0,463
2025-03-16,Guntur,TRN4257,19,6,0,Clear,0,666
2025-01-12,Vijayawada,TRN2002,22,6,0,Cloudy,0,570
2025-12-04,Nellore,TRN5064,11,3,0,Clear,0,398
2025-11-17,Warangal,TRN2577,9,0,0,Clear,0,548
2025-07-02,Vijayawada,TRN5080,21,2,0,Clear,1,892
2025-11-22,Guntur,TRN4566,20,5,0,Cloudy,0,682
2025-09-15,Warangal,TRN3296,4,0,0,Clear,0,246
2025-11-12,Kurnool,TRN1462,2,2,0,Rain,0,137
2025-07-18,Kurnool,TRN4442,20,4,0,Clear,0,571
2025-06-04,Hyderabad,TRN2383,7,2,1,Clear,0,808
2025-11-05,Vijayawada,TRN3136,21,2,1,Fog,0,803
2025-08-15,Hyderabad,TRN1394,1,4,0,Clear,0,298
2025-04-10,Hyderabad,TRN4758,3,3,0,Fog,0,372
2025-02-22,Kurnool,TRN2639,8,5,0,Heavy Rain,0,653
2025-02-01,Visakhapatnam,TRN3501,9,5,0,Clear,1,995
2025-03-03,Visakhapatnam,TRN5888,1,0,0,Rain,0,168
2025-11-14,Visakhapatnam,TRN2691,5,4,0,Cloudy,0,324
2025-01-01,Vijayawada,TRN4575,21,2,0,Clear,0,578
2025-12-08,Hyderabad,TRN1920,4,0,0,Cloudy,0,404
2025-11-07,Visakhapatnam,TRN1617,16,4,0,Fog,0,354
2025-06-17,Vijayawada,TRN3285,9,1,0,Heavy Rain,0,522
2025-03-14,Guntur,TRN1013,18,4,1,Clear,0,754
2025-11-09,Secunderabad,TRN5789,19,6,0,Clear,0,664
2025-10-16,Kurnool,TRN1610,6,3,0,Clear,0,295
2025-06-02,Nizamabad,TRN2708,1,0,0,Heavy Rain,1,558
2025-12-23,Vijayawada,TRN2250,11,1,0,Clear,0,365
2025-06-05,Secunderabad,TRN1277,18,3,0,Cloudy,0,554
2025-07-10,Vijayawada,TRN1732,22,3,0,Cloudy,0,355
2025-12-28,Guntur,TRN1364,18,6,0,Cloudy,0,641
2025-12-06,Kurnool,TRN2744,15,5,0,Rain,0,506
2025-05-02,Nizamabad,TRN1737,8,4,0,Clear,0,413
2025-01-30,Visakhapatnam,TRN5263,18,3,1,Rain,0,677
2025-03-20,Warangal,TRN3802,5,3,0,Clear,0,373
2025-07-07,Guntur,TRN4977,19,0,1,Rain,0,805
2025-03-25,Nizamabad,TRN2668,18,1,0,Cloudy,0,595
2025-03-06,Nizamabad,TRN5009,23,3,1,Clear,0,460
2025-05-31,Warangal,TRN3849,3,5,0,Clear,0,425
2025-06-22,Vijayawada,TRN1466,23,6,0,Rain,1,678
2025-08-30,Tirupati,TRN2016,21,5,0,Heavy Rain,0,768
2025-06-28,Kurnool,TRN5555,20,5,0,Clear,0,796
2025-07-19,Hyderabad,TRN5502,5,5,0,Clear,0,377
2025-09-10,Hyderabad,TRN3778,3,2,0,Rain,0,168
2025-03-22,Vijayawada,TRN1104,12,5,0,Clear,0,540
2025-02-21,Nizamabad,TRN5564,21,4,0,Clear,0,579
2025-09-14,Nizamabad,TRN3181,21,6,0,Cloudy,0,606
2025-04-30,Nellore,TRN5681,18,2,0,Clear,0,526
2025-04-23,Nizamabad,TRN4820,16,2,0,Heavy Rain,0,280
2025-01-09,Nizamabad,TRN1764,5,3,0,Clear,0,261
2025-05-30,Hyderabad,TRN5736,16,4,0,Rain,0,401
2025-11-28,Vijayawada,TRN3419,6,4,0,Clear,0,383
2025-05-27,Visakhapatnam,TRN3633,9,1,0,Clear,0,401
2025-09-28,Hyderabad,TRN5475,14,6,0,Cloudy,0,540
2025-05-26,Tirupati,TRN4308,17,0,1,Rain,0,842
2025-10-14,Vijayawada,TRN1393,0,1,0,Clear,0,317
2025-09-18,Kurnool,TRN4148,9,3,0,Clear,0,619
2025-06-16,Hyderabad,TRN5529,14,0,0,Cloudy,0,452
2025-10-22,Warangal,TRN4745,23,2,0,Clear,0,182
2025-02-27,Nizamabad,TRN1522,3,3,0,Clear,0,351
2025-05-10,Kurnool,TRN3038,12,5,0,Fog,0,556
2025-01-22,Vijayawada,TRN5138,3,2,0,Clear,1,615
2025-12-03,Hyderabad,TRN4286,10,2,0,Rain,1,868
2025-10-06,Secunderabad,TRN4393,4,0,0,Rain,0,278
2025-01-18,Guntur,TRN5707,21,5,0,Clear,0,777
2025-03-20,Kurnool,TRN5555,23,3,1,Clear,1,1016
2025-10-05,Vijayawada,TRN4994,18,6,0,Clear,0,646
2025-04-06,Vijayawada,TRN4204,9,6,0,Rain,1,926
2025-08-06,Visakhapatnam,TRN5245,15,2,0,Rain,0,399
2025-02-16,Kurnool,TRN5193,14,6,0,Heavy Rain,0,507
2025-01-29,Kurnool,TRN4443,21,2,0,Clear,1,943
2025-01-03,Visakhapatnam,TRN3886,10,4,0,Clear,0,635
2025-09-22,Nizamabad,TRN4299,13,0,0,Clear,0,474
2025-05-04,Hyderabad,TRN4376,15,6,0,Clear,1,895
2025-02-16,Kurnool,TRN3409,2,6,0,Clear,0,493
2025-11-16,Nizamabad,TRN3668,19,6,0,Clear,0,788
2025-11-09,Secunderabad,TRN3805,17,6,0,Rain,1,1082
2025-02-08,Visakhapatnam,TRN3215,23,5,0,Fog,0,388
2025-07-14,Warangal,TRN2673,2,0,0,Clear,0,467
2025-06-16,Kurnool,TRN1306,1,0,0,Rain,0,280
2025-11-27,Nellore,TRN1769,0,3,0,Cloudy,0,285
2025-07-09,Secunderabad,TRN1785,8,2,0,Rain,0,561
2025-04-30,Visakhapatnam,TRN4337,9,2,0,Clear,1,856
2025-12-27,Secunderabad,TRN1100,23,5,1,Clear,0,656
2025-10-30,Visakhapatnam,TRN5104,1,3,1,Clear,0,566
2025-08-28,Nizamabad,TRN4567,17,3,1,Clear,0,811
2025-07-04,Hyderabad,TRN4732,7,4,0,Fog,0,463
2025-04-04,Kurnool,TRN5515,17,4,0,Clear,0,680
2025-02-02,Hyderabad,TRN5424,2,6,0,Fog,0,400
2025-05-21,Tirupati,TRN3537,20,2,0,Clear,0,671
2025-06-15,Vijayawada,TRN1951,17,6,0,Cloudy,0,836
2025-03-07,Warangal,TRN4106,18,4,0,Cloudy,0,667
2025-06-25,Nizamabad,TRN5233,20,2,0,Clear,1,934
2025-07-15,Guntur,TRN1713,13,1,1,Cloudy,0,668
2025-06-28,Vijayawada,TRN1364,12,5,0,Rain,0,500
2025-02-04,Warangal,TRN1848,18,1,0,Cloudy,0,584
2025-09-21,Guntur,TRN3261,23,6,0,Clear,0,368
2025-05-17,Hyderabad,TRN2632,14,5,0,Clear,0,511
2025-07-02,Tirupati,TRN2930,11,2,0,Clear,0,421
2025-10-10,Guntur,TRN3776,1,4,0,Clear,0,345
2025-03-14,Warangal,TRN4870,11,4,0,Cloudy,0,597
2025-04-17,Tirupati,TRN5840,8,3,0,Heavy Rain,0,641
2025-06-30,Tirupati,TRN1381,13,0,0,Rain,0,364
2025-04-23,Nellore,TRN4180,2,2,0,Clear,0,301
2025-07-05,Kurnool,TRN5518,19,5,0,Heavy Rain,0,675
2025-05-05,Visakhapatnam,TRN2392,17,0,1,Heavy Rain,0,776
2025-04-11,Kurnool,TRN5558,2,4,0,Cloudy,0,207
2025-07-20,Secunderabad,TRN4054,3,6,0,Clear,0,409
2025-12-29,Secunderabad,TRN3860,8,0,0,Clear,0,462
2025-12-24,Vijayawada,TRN4311,17,2,1,Cloudy,0,736
2025-08-04,Tirupati,TRN2333,19,0,1,Rain,0,859
2025-02-12,Hyderabad,TRN2565,21,2,0,Rain,0,530
2025-01-02,Vijayawada,TRN2662,21,3,0,Rain,1,928
2025-05-21,Kurnool,TRN1971,23,2,0,Cloudy,0,259
2025-09-19,Hyderabad,TRN4580,13,4,0,Clear,0,423
2025-04-23,Nizamabad,TRN5952,1,2,0,Cloudy,0,346
2025-05-09,Nizamabad,TRN5472,8,4,0,Clear,0,571
2025-03-08,Vijayawada,TRN5460,21,5,0,Cloudy,0,776
2025-10-12,Kurnool,TRN3648,20,6,0,Clear,0,808
2025-10-06,Tirupati,TRN1433,21,0,1,Cloudy,0,967
2025-09-02,Guntur,TRN3442,23,1,0,Clear,0,417
2025-10-29,Nizamabad,TRN5419,22,2,0,Clear,0,210
2025-07-15,Nizamabad,TRN3883,1,1,0,Clear,1,608
2025-02-23,Visakhapatnam,TRN2818,7,6,0,Fog,0,771
2025-07-20,Warangal,TRN1622,0,6,1,Fog,0,692
2025-12-05,Vijayawada,TRN3034,14,4,0,Clear,0,281
2025-06-13,Hyderabad,TRN4075,11,4,0,Rain,0,267
2025-11-12,Kurnool,TRN2240,19,2,0,Clear,0,689
2025-11-14,Visakhapatnam,TRN1552,8,4,0,Rain,0,552
2025-05-24,Kurnool,TRN1006,3,5,0,Clear,1,726
2025-06-12,Warangal,TRN1117,18,3,1,Cloudy,0,910
2025-10-07,Warangal,TRN5813,14,1,0,Clear,0,392
2025-06-20,Warangal,TRN2731,15,4,0,Cloudy,0,361
2025-12-24,Kurnool,TRN2101,14,2,1,Rain,0,608
2025-04-06,Visakhapatnam,TRN3670,23,6,0,Rain,0,123
2025-02-09,Vijayawada,TRN1095,0,6,0,Cloudy,0,366
2025-12-20,Kurnool,TRN4744,20,5,0,Clear,0,718
2025-09-08,Visakhapatnam,TRN3971,20,0,1,Fog,0,927
2025-10-28,Kurnool,TRN3811,3,1,0,Clear,0,309
2025-02-05,Visakhapatnam,TRN1468,20,2,0,Clear,0,570
2025-05-07,Kurnool,TRN3772,7,2,1,Clear,0,830
2025-06-07,Visakhapatnam,TRN2662,13,5,1,Cloudy,0,770
2025-12-03,Kurnool,TRN2766,5,2,1,Cloudy,0,564
2025-10-17,Tirupati,TRN1266,1,4,0,Clear,0,279
2025-11-12,Vijayawada,TRN3065,23,2,0,Clear,0,323
2025-09-28,Nellore,TRN2573,0,6,0,Heavy Rain,0,353
2025-04-20,Kurnool,TRN4099,3,6,0,Clear,0,446
2025-08-01,Nellore,TRN2850,15,4,0,Cloudy,0,433
2025-04-12,Nizamabad,TRN2280,1,5,0,Rain,0,401
2025-06-26,Secunderabad,TRN4445,12,3,0,Clear,0,408
2025-06-18,Hyderabad,TRN1341,2,2,0,Cloudy,0,375
2025-02-20,Nellore,TRN4873,8,3,0,Cloudy,0,580
2025-08-18,Nizamabad,TRN4705,7,0,0,Fog,0,666
2025-05-23,Guntur,TRN3788,8,4,0,Fog,0,572
2025-05-25,Secunderabad,TRN5090,12,6,0,Clear,0,607
2025-07-18,Hyderabad,TRN2203,10,4,0,Cloudy,0,526
2025-12-06,Warangal,TRN4806,17,5,0,Fog,0,713
2025-03-31,Guntur,TRN4243,19,0,0,Rain,0,540
2025-11-07,Guntur,TRN1469,7,4,0,Clear,0,594
2025-03-15,Secunderabad,TRN5541,12,5,0,Clear,0,433
2025-03-23,Nizamabad,TRN1826,18,6,0,Fog,0,663
2025-09-19,Secunderabad,TRN4988,6,4,0,Clear,0,246
2025-07-13,Hyderabad,TRN1030,6,6,0,Clear,0,408
2025-08-17,Nellore,TRN2711,19,6,0,Fog,0,747
2025-03-01,Nellore,TRN1781,1,5,0,Cloudy,1,811
2025-09-03,Warangal,TRN3857,9,2,0,Clear,0,523
2025-04-13,Visakhapatnam,TRN2261,18,6,0,Heavy Rain,0,637
2025-12-12,Visakhapatnam,TRN4619,1,4,0,Fog,0,343
2025-04-28,Secunderabad,TRN5718,10,0,0,Clear,0,605
2025-08-16,Guntur,TRN3864,19,5,0,Clear,0,722
2025-04-15,Nizamabad,TRN3323,7,1,0,Clear,0,700
2025-05-16,Nizamabad,TRN3687,22,4,0,Rain,0,145
2025-05-24,Nizamabad,TRN3222,8,5,0,Clear,0,669
2025-01-06,Hyderabad,TRN4173,10,0,0,Clear,0,666
2025-08-12,Vijayawada,TRN4518,11,1,0,Cloudy,0,380
2025-06-21,Nellore,TRN5582,2,5,0,Clear,0,498
2025-11-14,Hyderabad,TRN2419,21,4,0,Clear,0,582
2025-02-25,Secunderabad,TRN1599,2,1,0,Clear,0,354
2025-09-16,Vijayawada,TRN2311,6,1,0,Rain,0,265
2025-10-08,Hyderabad,TRN3598,20,2,0,Heavy Rain,0,474
2025-06-22,Hyderabad,TRN1612,15,6,0,Heavy Rain,0,484
2025-10-21,Guntur,TRN2806,1,1,0,Rain,0,216
2025-09-23,Tirupati,TRN3656,1,1,0,Cloudy,0,381
2025-08-10,Vijayawada,TRN1639,0,6,1,Clear,0,599
2025-09-25,Warangal,TRN1387,19,3,0,Rain,0,575
2025-07-20,Warangal,TRN1566,8,6,0,Fog,0,600
2025-10-29,Nellore,TRN4098,13,2,0,Cloudy,0,397
2025-12-27,Kurnool,TRN5289,14,5,0,Heavy Rain,0,494
2025-01-10,Visakhapatnam,TRN4947,7,4,1,Clear,0,732
2025-08-28,Warangal,TRN5768,21,3,0,Heavy Rain,0,546
2025-04-19,Kurnool,TRN5624,0,5,0,Clear,0,554
2025-12-14,Nizamabad,TRN1024,18,6,0,Clear,0,693
2025-06-26,Secunderabad,TRN5385,22,3,0,Clear,1,558
2025-01-27,Tirupati,TRN1385,11,0,0,Cloudy,0,352
2025-03-28,Vijayawada,TRN3003,19,4,1,Clear,0,870
2025-06-17,Nellore,TRN3776,11,1,0,Clear,0,373
2025-04-19,Secunderabad,TRN5074,5,5,0,Cloudy,0,399
2025-03-05,Guntur,TRN2368,6,2,0,Clear,1,626
2025-01-28,Hyderabad,TRN4302,1,1,0,Rain,0,284
2025-01-22,Kurnool,TRN4686,19,2,0,Heavy Rain,0,491
2025-04-15,Visakhapatnam,TRN4690,5,1,0,Clear,1,574
2025-04-28,Visakhapatnam,TRN1396,18,0,0,Clear,0,591
2025-12-30,Secunderabad,TRN1765,7,1,0,Rain,0,535
2025-01-10,Secunderabad,TRN3493,14,4,1,Clear,0,511
2025-03-28,Tirupati,TRN5277,4,4,0,Clear,0,364
2025-02-09,Warangal,TRN4647,4,6,0,Heavy Rain,1,684
2025-06-23,Kurnool,TRN2162,16,0,0,Fog,0,368
2025-07-29,Nellore,TRN2394,8,1,0,Cloudy,0,397
2025-05-25,Kurnool,TRN5221,10,6,1,Clear,0,945
2025-10-22,Nizamabad,TRN4200,1,2,0,Clear,0,336
2025-08-12,Nellore,TRN1688,20,1,0,Cloudy,0,663
2025-11-25,Guntur,TRN4531,21,1,0,Clear,0,743
2025-08-01,Vijayawada,TRN4645,21,4,0,Fog,0,484
2025-10-20,Nizamabad,TRN1754,3,0,0,Cloudy,0,300
2025-07-25,Warangal,TRN4681,18,4,0,Clear,0,389
2025-05-23,Warangal,TRN1255,10,4,0,Heavy Rain,0,553
2025-02-16,Secunderabad,TRN5641,1,6,1,Rain,0,588
2025-05-13,Visakhapatnam,TRN2669,23,1,0,Cloudy,0,395
2025-10-19,Nellore,TRN4548,22,6,1,Clear,0,682
2025-11-02,Nellore,TRN3973,2,6,0,Cloudy,0,470
2025-05-23,Tirupati,TRN2448,14,4,0,Rain,0,309
2025-05-11,Secunderabad,TRN4256,0,6,0,Rain,0,332
2025-06-03,Tirupati,TRN1447,16,1,0,Heavy Rain,0,298
2025-08-19,Visakhapatnam,TRN1378,17,1,0,Clear,0,590
2025-06-01,Nellore,TRN1002,1,6,0,Clear,0,556
2025-10-03,Guntur,TRN2530,16,4,1,Cloudy,0,775
2025-12-30,Kurnool,TRN2515,6,1,0,Heavy Rain,0,240
2025-01-23,Tirupati,TRN4422,6,3,0,Clear,0,358
2025-04-22,Nizamabad,TRN2122,12,1,0,Clear,0,398
2025-09-08,Visakhapatnam,TRN2122,4,0,0,Clear,1,613
2025-01-04,Visakhapatnam,TRN2276,17,5,0,Fog,0,665
2025-05-03,Nellore,TRN1259,14,5,1,Clear,0,866
2025-11-30,Guntur,TRN1287,13,6,0,Cloudy,0,440
2025-06-15,Visakhapatnam,TRN3549,23,6,0,Heavy Rain,1,716
2025-02-09,Nellore,TRN2662,17,6,1,Clear,0,982
2025-03-01,Kurnool,TRN1575,21,5,0,Clear,0,623
2025-06-27,Vijayawada,TRN2767,7,4,0,Clear,0,572
2025-07-21,Vijayawada,TRN5530,22,0,0,Cloudy,0,245
2025-03-02,Vijayawada,TRN2392,9,6,0,Rain,0,686
2025-10-06,Hyderabad,TRN1246,8,0,1,Rain,0,750
2025-07-29,Tirupati,TRN4184,11,1,0,Clear,0,374
2025-10-01,Nellore,TRN4261,2,2,0,Heavy Rain,0,204
2025-06-10,Warangal,TRN3806,12,1,0,Rain,1,741
2025-05-18,Visakhapatnam,TRN4167,1,6,0,Clear,0,339
2025-08-18,Hyderabad,TRN1561,15,0,0,Cloudy,0,408
2025-10-25,Secunderabad,TRN2864,7,5,0,Cloudy,0,653
2025-01-22,Warangal,TRN1854,2,2,0,Cloudy,1,759
2025-08-17,Warangal,TRN4520,15,6,1,Fog,0,817
2025-01-11,Guntur,TRN4033,7,5,1,Cloudy,0,1036
2025-02-15,Visakhapatnam,TRN2223,12,5,0,Rain,0,508
2025-12-04,Nizamabad,TRN4586,20,3,0,Clear,0,560
2025-11-02,Visakhapatnam,TRN1749,10,6,0,Clear,0,651
2025-12-08,Nellore,TRN4931,10,0,0,Clear,0,556
2025-06-20,Visakhapatnam,TRN4905,21,4,0,Cloudy,0,630
2025-10-29,Nizamabad,TRN4457,20,2,1,Clear,0,813
2025-04-05,Tirupati,TRN1689,22,5,0,Cloudy,0,393
2025-07-26,Warangal,TRN3731,12,5,0,Clear,0,426
2025-08-05,Guntur,TRN2645,22,1,1,Clear,0,512
2025-10-01,Tirupati,TRN4964,7,2,0,Clear,0,661
2025-06-23,Guntur,TRN4104,16,0,0,Cloudy,0,299
2025-07-28,Nellore,TRN1514,16,0,0,Clear,0,567
2025-02-20,Visakhapatnam,TRN2196,10,3,0,Heavy Rain,0,515
2025-04-18,Tirupati,TRN5325,14,4,0,Cloudy,0,408
2025-12-30,Guntur,TRN1660,4,1,1,Fog,0,558
2025-05-16,Hyderabad,TRN1197,15,4,0,Clear,0,364
2025-08-27,Kurnool,TRN5911,15,2,0,Clear,0,335
2025-05-03,Vijayawada,TRN4247,11,5,0,Clear,0,542
2025-03-18,Nellore,TRN2183,7,1,1,Cloudy,0,753
2025-09-08,Secunderabad,TRN1986,17,0,0,Clear,0,599
2025-03-28,Tirupati,TRN1880,7,4,0,Cloudy,0,571
2025-07-12,Kurnool,TRN4367,7,5,1,Cloudy,0,914
2025-04-04,Nizamabad,TRN3377,18,4,0,Clear,0,576
2025-11-24,Vijayawada,TRN5571,6,0,0,Clear,1,701
2025-04-27,Nellore,TRN5492,15,6,0,Clear,0,430
2025-04-02,Visakhapatnam,TRN4708,22,2,0,Fog,0,274
2025-05-26,Tirupati,TRN4117,23,0,0,Cloudy,0,178
2025-04-09,Nellore,TRN1651,23,2,0,Clear,0,281
2025-01-12,Nellore,TRN1867,23,6,0,Cloudy,0,344
2025-08-08,Hyderabad,TRN3845,19,4,0,Cloudy,0,573
2025-08-24,Hyderabad,TRN5804,17,6,0,Cloudy,0,674
2025-03-26,Kurnool,TRN5930,10,2,0,Cloudy,0,581
2025-03-12,Hyderabad,TRN1356,5,2,0,Clear,0,278
2025-01-07,Guntur,TRN1969,12,1,0,Cloudy,0,324
2025-03-13,Guntur,TRN1534,17,3,0,Clear,0,562
2025-09-15,Kurnool,TRN4578,9,0,0,Clear,0,558
2025-01-23,Tirupati,TRN5883,14,3,0,Clear,0,477
2025-07-18,Guntur,TRN3687,5,4,0,Clear,1,598
2025-07-13,Visakhapatnam,TRN2557,19,6,0,Clear,0,712
2025-08-13,Warangal,TRN5355,22,2,0,Clear,0,271
2025-11-02,Vijayawada,TRN1807,2,6,0,Clear,0,439
2025-10-01,Nizamabad,TRN3826,19,2,0,Clear,0,559
2025-09-15,Warangal,TRN1674,21,0,0,Clear,0,581
2025-04-30,Hyderabad,TRN4341,2,2,0,Cloudy,0,326
2025-03-09,Nizamabad,TRN2777,21,6,0,Clear,0,698
2025-10-04,Hyderabad,TRN2712,23,5,0,Cloudy,0,424
2025-05-07,Guntur,TRN5730,12,2,1,Clear,0,656
2025-01-12,Kurnool,TRN3764,3,6,0,Clear,0,329
2025-08-28,Nizamabad,TRN2224,18,3,0,Clear,1,786
2025-04-26,Kurnool,TRN2184,8,5,0,Rain,0,526
2025-01-02,Hyderabad,TRN4461,11,3,0,Rain,0,246
2025-02-21,Hyderabad,TRN4375,3,4,0,Clear,1,595
2025-05-21,Secunderabad,TRN5736,11,2,0,Clear,0,344
2025-01-24,Warangal,TRN5719,0,4,0,Heavy Rain,0,223
2025-01-20,Nellore,TRN5430,21,0,0,Cloudy,0,712
2025-03-22,Nellore,TRN3500,15,5,0,Fog,0,485
2025-03-18,Vijayawada,TRN1917,15,1,0,Clear,0,424
2025-07-27,Warangal,TRN1134,1,6,0,Clear,0,320
2025-10-05,Vijayawada,TRN2540,6,6,0,Clear,0,265
2025-06-16,Vijayawada,TRN5121,4,0,0,Clear,1,624
2025-01-31,Guntur,TRN4907,4,4,0,Clear,1,646
2025-06-16,Tirupati,TRN3037,17,0,0,Fog,0,637
2025-03-13,Secunderabad,TRN2848,0,3,0,Clear,1,638
2025-12-02,Nellore,TRN3811,23,1,0,Clear,0,349
2025-07-30,Tirupati,TRN3866,1,2,0,Clear,0,325
2025-08-07,Secunderabad,TRN1627,10,3,0,Cloudy,0,535
2025-12-25,Warangal,TRN3240,9,3,0,Fog,0,637
2025-04-20,Vijayawada,TRN1802,13,6,0,Clear,0,551
2025-03-17,Hyderabad,TRN3024,0,0,1,Clear,0,609
2025-08-08,Nizamabad,TRN3008,19,4,0,Cloudy,0,602
2025-03-10,Secunderabad,TRN3298,6,0,0,Clear,0,418
2025-09-30,Kurnool,TRN5932,15,1,0,Clear,0,456
2025-07-21,Nellore,TRN1190,22,0,0,Clear,0,283
2025-06-26,Nizamabad,TRN5843,8,3,0,Clear,0,677
2025-09-19,Hyderabad,TRN2058,7,4,0,Cloudy,0,595
2025-03-25,Nizamabad,TRN3750,1,1,0,Fog,0,318
2025-11-01,Vijayawada,TRN1721,11,5,0,Clear,0,433
2025-06-23,Kurnool,TRN3776,22,0,0,Clear,0,369
2025-03-20,Nizamabad,TRN1576,12,3,0,Rain,0,345
2025-07-27,Tirupati,TRN5391,15,6,0,Rain,0,494
2025-05-27,Tirupati,TRN4447,9,1,0,Cloudy,0,374
2025-10-25,Secunderabad,TRN3098,15,5,0,Clear,0,463
2025-03-09,Kurnool,TRN5193,21,6,0,Cloudy,0,518
2025-11-03,Guntur,TRN1586,15,0,0,Clear,1,833
2025-03-04,Tirupati,TRN1723,9,1,0,Clear,0,583
2025-04-20,Secunderabad,TRN5009,16,6,0,Clear,0,493
2025-06-16,Hyderabad,TRN2339,0,0,1,Clear,0,578
2025-01-19,Hyderabad,TRN2091,8,6,0,Clear,0,538
2025-07-08,Nizamabad,TRN2466,0,1,0,Clear,0,243
2025-12-28,Kurnool,TRN3037,4,6,0,Clear,0,390
2025-12-02,Nellore,TRN2820,23,1,0,Clear,0,346
2025-03-03,Tirupati,TRN5204,9,0,0,Cloudy,0,606
2025-01-30,Nizamabad,TRN5768,16,3,0,Clear,0,435
2025-12-18,Nellore,TRN2829,0,3,0,Clear,0,302
2025-04-05,Warangal,TRN4774,21,5,0,Clear,0,690
2025-02-07,Guntur,TRN3993,16,4,0,Clear,0,392
2025-04-10,Tirupati,TRN1290,14,3,0,Cloudy,0,382
2025-11-18,Guntur,TRN1270,5,1,0,Clear,0,282
2025-05-26,Vijayawada,TRN2879,21,0,0,Clear,1,939
2025-07-16,Secunderabad,TRN5062,6,2,0,Clear,0,266
2025-04-19,Vijayawada,TRN3954,23,5,0,Clear,0,343
2025-11-21,Nellore,TRN3887,11,4,1,Clear,0,493
2025-10-22,Guntur,TRN2199,9,2,0,Rain,0,578
2025-07-10,Secunderabad,TRN3684,16,3,0,Clear,0,407
2025-08-27,Warangal,TRN4021,16,2,0,Clear,1,637
2025-08-27,Warangal,TRN5885,3,2,0,Clear,0,389
2025-08-06,Nellore,TRN1497,1,2,0,Cloudy,0,236
2025-12-04,Hyderabad,TRN3151,18,3,0,Rain,0,637
2025-09-29,Visakhapatnam,TRN3390,10,0,0,Heavy Rain,0,495
2025-01-23,Kurnool,TRN1986,3,3,0,Rain,0,338
2025-07-31,Visakhapatnam,TRN5175,12,3,0,Cloudy,0,364
2025-03-06,Tirupati,TRN4174,23,3,0,Cloudy,0,257
2025-09-20,Nellore,TRN2965,2,5,1,Clear,0,684
2025-09-18,Secunderabad,TRN5559,22,3,0,Cloudy,0,370
2025-07-21,Guntur,TRN2039,10,0,0,Cloudy,0,523
2025-09-07,Nellore,TRN1238,22,6,0,Clear,0,525
2025-05-30,Secunderabad,TRN5646,5,4,0,Cloudy,0,308
2025-02-15,Warangal,TRN5478,6,5,0,Heavy Rain,0,385
2025-02-22,Warangal,TRN5680,8,5,0,Rain,0,600
2025-07-30,Nellore,TRN1189,21,2,0,Clear,0,569
2025-10-23,Nizamabad,TRN3964,2,3,0,Clear,0,292
2025-05-31,Nellore,TRN4341,15,5,0,Clear,0,539
2025-12-15,Visakhapatnam,TRN2859,6,0,0,Clear,0,327
2025-11-21,Vijayawada,TRN4407,1,4,0,Clear,0,236
2025-06-07,Guntur,TRN4385,13,5,0,Fog,0,555
2025-11-07,Nizamabad,TRN1062,4,4,0,Clear,0,263
2025-10-07,Tirupati,TRN3971,19,1,0,Rain,0,530
2025-07-04,Hyderabad,TRN5321,11,4,0,Clear,0,329
2025-11-04,Vijayawada,TRN4358,16,1,0,Clear,0,321
2025-03-21,Hyderabad,TRN1879,1,4,0,Cloudy,0,293
2025-06-23,Nizamabad,TRN3001,18,0,0,Clear,0,586
2025-04-22,Hyderabad,TRN3571,6,1,0,Fog,0,349
2025-04-19,Warangal,TRN4205,8,5,0,Clear,0,624
2025-12-02,Guntur,TRN3678,10,1,1,Cloudy,0,851
2025-03-05,Warangal,TRN4585,22,2,0,Cloudy,0,310
2025-09-26,Vijayawada,TRN1588,15,4,0,Rain,0,307
2025-12-01,Hyderabad,TRN2743,2,0,1,Heavy Rain,0,670
2025-11-26,Kurnool,TRN3809,2,2,0,Cloudy,0,352
2025-01-02,Tirupati,TRN1850,0,3,0,Clear,0,329
2025-12-19,Guntur,TRN2977,23,4,0,Clear,0,206
2025-04-20,Nizamabad,TRN3052,0,6,0,Cloudy,0,411
2025-04-22,Kurnool,TRN2657,16,1,0,Heavy Rain,0,360
2025-12-05,Visakhapatnam,TRN2796,7,4,0,Clear,0,590
2025-01-28,Visakhapatnam,TRN4258,20,1,0,Fog,0,644
2025-12-17,Hyderabad,TRN4995,16,2,0,Cloudy,0,415
2025-07-11,Warangal,TRN5503,4,4,0,Cloudy,0,350
2025-12-15,Vijayawada,TRN4678,17,0,0,Heavy Rain,0,652
2025-01-08,Nellore,TRN1209,20,2,0,Clear,0,572
2025-04-29,Hyderabad,TRN1755,3,1,0,Cloudy,0,338
2025-06-27,Nellore,TRN4922,18,4,0,Fog,0,503
2025-06-22,Warangal,TRN2625,21,6,0,Clear,0,636
2025-08-22,Vijayawada,TRN3986,13,4,0,Cloudy,0,372
2025-07-24,Warangal,TRN3235,16,3,0,Clear,0,457
2025-07-03,Vijayawada,TRN4845,5,3,0,Clear,0,242
2025-05-31,Warangal,TRN2876,2,5,0,Cloudy,0,385
2025-05-22,Nizamabad,TRN3148,6,3,0,Clear,0,358
2025-12-15,Visakhapatnam,TRN2837,10,0,0,Heavy Rain,0,529
2025-11-10,Warangal,TRN4795,18,0,0,Clear,0,596
2025-01-27,Hyderabad,TRN2462,13,0,0,Fog,0,488
2025-02-09,Visakhapatnam,TRN2554,21,6,0,Clear,0,656
2025-07-30,Vijayawada,TRN4336,2,2,0,Heavy Rain,0,241
2025-03-10,Nizamabad,TRN1011,3,0,0,Cloudy,0,354
2025-01-05,Tirupati,TRN4256,23,6,0,Fog,0,338
2025-05-21,Guntur,TRN2086,2,2,0,Clear,0,345
2025-01-05,Kurnool,TRN2718,16,6,0,Rain,0,411
2025-06-05,Warangal,TRN2846,19,3,0,Cloudy,0,501
2025-02-23,Warangal,TRN4878,6,6,0,Cloudy,0,411
2025-12-14,Kurnool,TRN2287,3,6,0,Rain,0,319
2025-11-24,Tirupati,TRN2775,8,0,0,Rain,0,564
2025-11-14,Hyderabad,TRN4235,21,4,0,Clear,0,680
2025-09-28,Nellore,TRN2671,5,6,0,Clear,0,484
2025-10-26,Kurnool,TRN4769,8,6,0,Clear,0,816
2025-05-06,Nizamabad,TRN2447,16,1,0,Clear,0,456
2025-08-07,Warangal,TRN1214,18,3,0,Clear,0,621
2025-10-09,Vijayawada,TRN1480,21,3,0,Cloudy,0,609
2025-02-28,Guntur,TRN3649,17,4,0,Clear,0,621
2025-04-30,Secunderabad,TRN4748,9,2,0,Clear,0,459
2025-04-15,Warangal,TRN5703,8,1,0,Clear,0,539
2025-08-25,Nellore,TRN4445,14,0,0,Cloudy,0,512
2025-11-07,Secunderabad,TRN5655,18,4,0,Clear,0,608
2025-05-27,Nellore,TRN5812,20,1,0,Rain,0,457
2025-08-22,Nizamabad,TRN2139,9,4,0,Clear,0,574
2025-05-31,Hyderabad,TRN3630,3,5,0,Clear,0,361
2025-12-23,Warangal,TRN3945,0,1,0,Clear,0,427
2025-03-25,Kurnool,TRN3315,5,1,0,Clear,0,357
2025-10-12,Hyderabad,TRN3422,11,6,0,Rain,0,438
2025-09-22,Kurnool,TRN1812,4,0,0,Clear,0,362
2025-02-09,Visakhapatnam,TRN2062,5,6,0,Clear,0,470
2025-03-02,Visakhapatnam,TRN5998,17,6,0,Clear,0,769
2025-09-30,Nizamabad,TRN5720,20,1,0,Heavy Rain,0,621
2025-06-14,Kurnool,TRN1839,2,5,0,Clear,0,563
2025-04-04,Kurnool,TRN4784,12,4,0,Clear,0,407
2025-11-27,Kurnool,TRN4360,22,3,0,Clear,0,159
2025-04-30,Warangal,TRN2081,15,2,0,Clear,0,311
2025-11-04,Guntur,TRN2591,21,1,0,Clear,0,712
2025-05-12,Nizamabad,TRN4668,9,0,0,Cloudy,0,549
2025-02-04,Guntur,TRN1256,19,1,0,Cloudy,0,598
2025-02-28,Warangal,TRN1434,0,4,0,Clear,0,320
2025-06-24,Hyderabad,TRN2122,6,1,1,Clear,0,492
2025-09-20,Vijayawada,TRN5294,23,5,0,Cloudy,0,438
2025-04-19,Kurnool,TRN1732,22,5,0,Rain,0,362
2025-10-27,Warangal,TRN3800,23,0,0,Clear,0,401
2025-04-27,Vijayawada,TRN4647,20,6,0,Rain,0,753
2025-05-30,Guntur,TRN1555,6,4,0,Cloudy,0,361
2025-04-01,Vijayawada,TRN1749,15,1,0,Cloudy,0,302
2025-09-05,Kurnool,TRN5846,21,4,0,Cloudy,0,662
2025-01-07,Visakhapatnam,TRN5372,11,1,0,Clear,0,376
2025-09-01,Hyderabad,TRN1701,20,0,0,Cloudy,0,568
2025-11-04,Kurnool,TRN4066,3,1,0,Clear,0,190
2025-07-15,Nellore,TRN3717,17,1,0,Clear,0,599
2025-09-25,Visakhapatnam,TRN5542,13,3,0,Clear,0,313
2025-10-03,Nellore,TRN2451,17,4,0,Rain,0,566
2025-07-07,Hyderabad,TRN1796,10,0,0,Clear,0,513
2025-07-16,Secunderabad,TRN5412,6,2,0,Cloudy,1,630
2025-05-19,Guntur,TRN4289,22,0,0,Clear,1,677
2025-01-18,Vijayawada,TRN2133,2,5,0,Rain,0,421
2025-09-22,Visakhapatnam,TRN2381,23,0,0,Clear,0,309
2025-08-13,Visakhapatnam,TRN3920,4,2,0,Cloudy,0,337
2025-03-28,Visakhapatnam,TRN2678,21,4,0,Cloudy,0,472
2025-02-13,Vijayawada,TRN1457,15,3,0,Clear,0,583
2025-12-29,Visakhapatnam,TRN3627,16,0,0,Clear,0,341
2025-11-08,Warangal,TRN3765,22,5,0,Cloudy,0,313
2025-04-08,Tirupati,TRN2327,15,1,0,Cloudy,0,436
2025-06-12,Visakhapatnam,TRN4231,1,3,0,Clear,0,310
2025-04-27,Kurnool,TRN4464,7,6,0,Heavy Rain,0,664
2025-07-06,Visakhapatnam,TRN4789,22,6,0,Clear,0,378
2025-12-29,Visakhapatnam,TRN3086,13,0,0,Cloudy,0,368
2025-01-20,Tirupati,TRN2850,9,0,0,Cloudy,0,594
2025-06-14,Secunderabad,TRN4331,17,5,0,Clear,0,754
2025-03-19,Hyderabad,TRN5676,23,2,0,Heavy Rain,0,369
2025-05-19,Secunderabad,TRN2297,9,0,0,Cloudy,0,559
2025-03-19,Hyderabad,TRN2130,19,2,0,Cloudy,0,612
2025-02-21,Warangal,TRN5971,9,4,0,Clear,0,458
2025-08-31,Warangal,TRN4682,9,6,0,Clear,0,569
2025-12-13,Tirupati,TRN2767,1,5,0,Cloudy,0,405
2025-12-06,Nellore,TRN3488,7,5,0,Clear,0,670
2025-02-03,Nellore,TRN4556,23,0,0,Rain,0,280
2025-07-15,Guntur,TRN3796,16,1,1,Cloudy,0,675
2025-07-29,Nizamabad,TRN2275,17,1,0,Clear,0,626
2025-02-14,Vijayawada,TRN3438,13,4,0,Clear,0,382
2025-10-17,Kurnool,TRN3172,4,4,0,Heavy Rain,0,237
2025-01-15,Guntur,TRN4341,17,2,0,Clear,0,620
2025-07-05,Hyderabad,TRN2827,20,5,0,Clear,0,575
2025-03-18,Warangal,TRN2537,16,1,0,Heavy Rain,0,444
2025-03-11,Secunderabad,TRN5461,22,1,0,Cloudy,0,97
2025-08-28,Warangal,TRN4153,2,3,0,Clear,0,289
2025-09-24,Secunderabad,TRN2508,2,2,0,Heavy Rain,0,298
2025-12-22,Visakhapatnam,TRN4686,17,0,1,Clear,0,939
2025-05-17,Vijayawada,TRN5249,4,5,0,Clear,0,307
2025-09-02,Nizamabad,TRN1360,22,1,0,Clear,0,250
2025-03-08,Guntur,TRN3628,3,5,0,Clear,1,746
2025-12-01,Warangal,TRN1559,17,0,0,Cloudy,0,584
2025-06-22,Nizamabad,TRN2411,14,6,0,Clear,0,467
2025-02-28,Vijayawada,TRN1309,15,4,0,Clear,0,497
2025-08-25,Nellore,TRN1190,17,0,0,Clear,0,640
2025-09-02,Tirupati,TRN1832,10,1,0,Cloudy,0,636
2025-11-28,Visakhapatnam,TRN3746,13,4,0,Clear,0,402
2025-06-02,Guntur,TRN3671,17,0,0,Clear,0,626
2025-06-05,Nellore,TRN4035,20,3,0,Clear,0,570
2025-06-12,Nizamabad,TRN4313,20,3,0,Clear,0,689
2025-03-04,Tirupati,TRN5379,8,1,1,Rain,0,840
2025-09-29,Warangal,TRN5059,3,0,0,Clear,0,253
2025-06-01,Visakhapatnam,TRN5117,12,6,0,Clear,0,540
2025-07-15,Warangal,TRN1930,8,1,0,Clear,0,465
2025-06-22,Warangal,TRN4880,20,6,0,Rain,0,696
2025-03-02,Nizamabad,TRN5073,14,6,0,Clear,0,436
2025-01-26,Secunderabad,TRN4400,14,6,0,Heavy Rain,0,431
2025-02-15,Kurnool,TRN4863,16,5,0,Cloudy,0,498
2025-03-01,Visakhapatnam,TRN5692,16,5,1,Fog,1,1132
2025-08-10,Guntur,TRN1359,1,6,0,Cloudy,0,326
2025-05-26,Tirupati,TRN1309,1,0,0,Rain,0,186
2025-07-13,Guntur,TRN5679,8,6,1,Fog,0,999
2025-12-03,Nellore,TRN5579,15,2,0,Cloudy,0,430
2025-08-28,Secunderabad,TRN2343,16,3,0,Clear,0,196
2025-09-07,Secunderabad,TRN5889,2,6,0,Clear,0,490
2025-01-16,Guntur,TRN3181,23,3,0,Clear,1,689
2025-10-11,Warangal,TRN5813,14,5,0,Rain,0,359
2025-03-28,Warangal,TRN1732,11,4,0,Cloudy,0,431
2025-05-06,Hyderabad,TRN2234,12,1,0,Clear,0,469
2025-04-27,Vijayawada,TRN2924,4,6,0,Cloudy,0,428
2025-03-16,Tirupati,TRN2615,20,6,0,Clear,0,655
2025-10-29,Warangal,TRN2915,16,2,0,Clear,0,510
2025-07-11,Nizamabad,TRN3372,5,4,0,Clear,0,286
2025-06-01,Vijayawada,TRN5291,17,6,0,Cloudy,1,1132
2025-02-28,Kurnool,TRN4263,17,4,0,Clear,0,628
2025-07-24,Nellore,TRN2283,13,3,0,Cloudy,0,391
2025-10-01,Kurnool,TRN5954,12,2,0,Clear,0,514
2025-08-01,Vijayawada,TRN3546,6,4,0,Clear,0,329
2025-01-10,Hyderabad,TRN4534,21,4,0,Fog,0,647
2025-09-11,Nizamabad,TRN4366,9,3,0,Clear,1,843
2025-03-30,Guntur,TRN3388,23,6,0,Cloudy,0,523
2025-10-19,Guntur,TRN3542,17,6,0,Cloudy,0,784
2025-12-12,Hyderabad,TRN3559,22,4,0,Cloudy,0,344
2025-10-24,Visakhapatnam,TRN2313,3,4,0,Clear,0,290
2025-06-18,Secunderabad,TRN4045,2,2,0,Clear,1,608
2025-06-15,Warangal,TRN4047,18,6,0,Rain,0,630
2025-07-21,Visakhapatnam,TRN3202,1,0,0,Clear,0,345
2025-10-05,Secunderabad,TRN4233,15,6,0,Rain,0,551
2025-08-29,Warangal,TRN2958,16,4,0,Rain,0,342
2025-08-13,Hyderabad,TRN5486,22,2,0,Cloudy,0,268
2025-08-16,Nellore,TRN1233,15,5,0,Fog,0,476
2025-04-18,Visakhapatnam,TRN2715,13,4,0,Cloudy,0,459
2025-07-20,Secunderabad,TRN3095,12,6,0,Rain,1,781
2025-01-23,Guntur,TRN3465,5,3,0,Clear,0,311
2025-06-21,Hyderabad,TRN2762,16,5,0,Cloudy,0,531
2025-12-18,Nellore,TRN2109,0,3,1,Fog,0,606
2025-04-26,Nellore,TRN3114,7,5,1,Cloudy,0,998
2025-05-20,Visakhapatnam,TRN2659,7,1,0,Clear,0,617
2025-12-09,Tirupati,TRN2464,11,1,0,Cloudy,0,511
2025-05-10,Warangal,TRN5933,5,5,0,Cloudy,0,312
2025-08-30,Warangal,TRN4449,1,5,0,Heavy Rain,0,431
2025-07-16,Kurnool,TRN5750,3,2,1,Clear,0,556
2025-08-03,Hyderabad,TRN5770,4,6,0,Rain,0,483
2025-06-30,Kurnool,TRN1579,5,0,0,Clear,0,270
2025-01-22,Vijayawada,TRN1581,3,2,1,Clear,1,819
2025-03-18,Nizamabad,TRN2232,10,1,0,Cloudy,1,827
2025-03-17,Visakhapatnam,TRN4981,20,0,0,Clear,0,455
2025-11-07,Warangal,TRN4088,7,4,1,Clear,0,805
2025-05-01,Vijayawada,TRN3317,9,3,0,Rain,0,535
2025-02-27,Guntur,TRN3298,6,3,0,Clear,0,253
2025-10-04,Secunderabad,TRN5891,14,5,0,Rain,0,441
2025-11-09,Nellore,TRN5992,17,6,0,Clear,0,754
2025-06-14,Nellore,TRN1540,10,5,0,Rain,0,641
2025-08-12,Secunderabad,TRN5872,10,1,0,Cloudy,0,411
2025-12-11,Warangal,TRN5243,10,3,0,Cloudy,0,554
2025-08-27,Vijayawada,TRN4648,2,2,0,Fog,0,271
2025-01-04,Tirupati,TRN5466,14,5,0,Clear,0,557
2025-05-11,Tirupati,TRN1515,6,6,0,Cloudy,0,406
2025-03-03,Vijayawada,TRN3007,16,0,1,Cloudy,0,780
2025-12-26,Vijayawada,TRN2768,5,4,0,Fog,0,271
2025-04-24,Secunderabad,TRN2246,18,3,1,Rain,0,734
2025-11-29,Visakhapatnam,TRN3039,10,5,0,Clear,0,620
2025-04-04,Nizamabad,TRN4686,15,4,0,Clear,0,201
2025-03-27,Vijayawada,TRN1028,1,3,0,Clear,0,231
2025-07-05,Visakhapatnam,TRN4197,22,5,0,Clear,0,349
2025-07-19,Nellore,TRN3368,23,5,0,Clear,0,380
2025-08-07,Vijayawada,TRN1145,4,3,0,Clear,1,658
2025-05-16,Nizamabad,TRN4248,19,4,0,Clear,0,516
2025-08-12,Visakhapatnam,TRN2559,6,1,0,Clear,0,319
2025-09-14,Visakhapatnam,TRN4941,15,6,0,Cloudy,0,531
2025-04-09,Nellore,TRN1178,23,2,0,Heavy Rain,1,589
2025-04-26,Tirupati,TRN1830,3,5,0,Clear,0,506
2025-01-12,Visakhapatnam,TRN4158,14,6,1,Rain,0,869
2025-10-15,Guntur,TRN4461,10,2,0,Fog,0,506
2025-07-09,Tirupati,TRN4494,19,2,0,Clear,0,656
2025-12-10,Kurnool,TRN1901,8,2,0,Clear,0,631
2025-07-06,Warangal,TRN4425,11,6,0,Clear,0,550
2025-07-16,Kurnool,TRN3841,11,2,1,Clear,0,651
2025-02-16,Kurnool,TRN5754,0,6,0,Cloudy,0,396
2025-08-20,Visakhapatnam,TRN4851,10,2,0,Rain,0,431
2025-08-20,Nizamabad,TRN3713,7,2,1,Clear,1,1156
2025-09-09,Guntur,TRN5092,15,1,0,Clear,0,353
2025-03-19,Hyderabad,TRN1104,18,2,0,Clear,0,556
2025-06-26,Visakhapatnam,TRN3659,20,3,0,Clear,0,585
2025-01-20,Vijayawada,TRN2114,18,0,0,Clear,0,547
2025-10-27,Visakhapatnam,TRN2912,17,0,0,Clear,0,686
2025-01-31,Vijayawada,TRN4152,17,4,0,Clear,0,660
2025-12-09,Nizamabad,TRN5288,18,1,1,Clear,0,921
2025-07-04,Nellore,TRN1408,9,4,0,Cloudy,0,598
2025-06-01,Tirupati,TRN4151,23,6,0,Clear,0,449
2025-11-09,Tirupati,TRN1474,13,6,0,Clear,0,457
2025-11-01,Nellore,TRN5942,1,5,1,Clear,0,823
2025-03-02,Tirupati,TRN2491,3,6,0,Cloudy,0,461
2025-07-20,Tirupati,TRN5125,2,6,1,Cloudy,0,634
2025-03-20,Nellore,TRN2684,7,3,0,Cloudy,0,503
2025-04-08,Secunderabad,TRN3327,23,1,0,Clear,0,141
2025-02-06,Hyderabad,TRN1557,10,3,0,Cloudy,0,508
2025-09-16,Nizamabad,TRN4314,6,1,0,Clear,0,353
2025-11-27,Secunderabad,TRN1906,13,3,0,Clear,0,395
2025-01-29,Secunderabad,TRN2388,3,2,0,Rain,0,170
2025-05-20,Guntur,TRN4554,23,1,0,Cloudy,1,619
2025-08-03,Tirupati,TRN3981,17,6,1,Rain,0,882
2025-04-27,Tirupati,TRN4907,3,6,0,Cloudy,0,403
2025-10-15,Warangal,TRN3023,8,2,0,Clear,0,480
2025-07-19,Tirupati,TRN2674,23,5,0,Cloudy,0,509
2025-11-06,Vijayawada,TRN2959,15,3,0,Clear,0,432
2025-09-04,Nellore,TRN4342,10,3,0,Heavy Rain,0,589
2025-03-27,Warangal,TRN4130,21,3,0,Clear,0,701
2025-05-11,Tirupati,TRN1535,2,6,0,Heavy Rain,0,412
2025-02-05,Warangal,TRN1486,8,2,0,Clear,0,539
2025-04-20,Nellore,TRN2761,5,6,0,Clear,0,304
2025-02-03,Nellore,TRN4890,1,0,0,Clear,0,358
2025-08-22,Secunderabad,TRN3909,18,4,0,Clear,1,993
2025-06-18,Secunderabad,TRN5999,11,2,0,Clear,0,454
2025-06-22,Secunderabad,TRN5975,1,6,0,Cloudy,1,749
2025-09-22,Guntur,TRN5763,20,0,0,Cloudy,0,613
2025-01-04,Nellore,TRN1497,2,5,0,Clear,0,350
2025-06-24,Nellore,TRN5877,21,1,0,Cloudy,0,580
2025-02-07,Visakhapatnam,TRN2568,2,4,0,Clear,0,366
2025-06-23,Hyderabad,TRN1347,22,0,0,Clear,0,291
2025-08-24,Secunderabad,TRN3307,14,6,0,Clear,0,566
2025-11-30,Visakhapatnam,TRN3501,12,6,0,Clear,0,550
2025-08-01,Kurnool,TRN3319,14,4,0,Clear,0,364
2025-07-25,Kurnool,TRN1768,18,4,0,Rain,0,469
2025-04-19,Nizamabad,TRN5552,22,5,0,Heavy Rain,0,340
2025-07-05,Nellore,TRN3802,18,5,0,Cloudy,0,792
2025-09-27,Nellore,TRN3531,20,5,0,Clear,0,608
2025-06-20,Vijayawada,TRN1461,23,4,0,Clear,0,317
2025-08-01,Hyderabad,TRN2170,16,4,0,Cloudy,0,299
2025-03-11,Secunderabad,TRN5377,2,1,0,Rain,0,256
2025-06-07,Visakhapatnam,TRN3786,14,5,0,Clear,0,539
2025-09-12,Guntur,TRN5154,10,4,0,Cloudy,0,586
2025-10-18,Nellore,TRN4762,14,5,0,Clear,0,549
2025-10-10,Hyderabad,TRN5506,17,4,0,Clear,0,612
2025-02-28,Vijayawada,TRN1765,3,4,0,Clear,0,304
2025-04-11,Vijayawada,TRN4166,6,4,0,Clear,0,246
2025-02-03,Vijayawada,TRN2303,13,0,0,Clear,0,367
2025-07-19,Kurnool,TRN3062,14,5,0,Clear,0,542
2025-01-23,Visakhapatnam,TRN3428,10,3,0,Cloudy,0,489
2025-06-29,Warangal,TRN1421,9,6,0,Cloudy,0,733
2025-06-04,Nizamabad,TRN2706,19,2,0,Rain,0,531
2025-01-03,Tirupati,TRN3713,5,4,0,Cloudy,0,205
2025-05-23,Visakhapatnam,TRN3701,11,4,0,Clear,0,458
2025-04-07,Hyderabad,TRN3603,8,0,0,Cloudy,0,470
2025-03-08,Kurnool,TRN5045,10,5,0,Clear,0,707
2025-01-08,Visakhapatnam,TRN5126,23,2,0,Rain,0,322
2025-01-30,Tirupati,TRN2274,1,3,0,Fog,0,356
2025-07-09,Hyderabad,TRN5019,20,2,0,Cloudy,0,633
2025-05-15,Nellore,TRN4742,6,3,0,Clear,0,365
2025-08-22,Guntur,TRN3157,3,4,0,Clear,0,349
2025-06-16,Vijayawada,TRN4829,17,0,0,Clear,0,606
2025-05-27,Nellore,TRN5205,17,1,0,Rain,0,462
2025-03-28,Visakhapatnam,TRN5735,14,4,0,Clear,0,439
2025-04-17,Nizamabad,TRN5474,7,3,0,Clear,0,399
2025-01-23,Kurnool,TRN4082,19,3,0,Clear,0,584
2025-01-29,Kurnool,TRN3757,11,2,0,Clear,0,446
2025-10-27,Warangal,TRN5530,17,0,0,Cloudy,0,561
2025-01-20,Tirupati,TRN3931,2,0,0,Fog,0,390
2025-04-02,Guntur,TRN4834,10,2,0,Rain,0,406
2025-10-10,Hyderabad,TRN4746,17,4,0,Rain,1,930
2025-03-19,Warangal,TRN1396,12,2,0,Fog,0,483
2025-11-20,Secunderabad,TRN5845,11,3,0,Clear,0,307
2025-05-11,Kurnool,TRN2431,14,6,0,Clear,0,557
2025-04-01,Visakhapatnam,TRN3806,6,1,0,Clear,0,366
2025-06-28,Warangal,TRN1745,14,5,0,Fog,0,437
2025-08-17,Nizamabad,TRN1696,13,6,0,Cloudy,0,553
2025-06-23,Nizamabad,TRN1668,8,0,0,Rain,0,472
2025-03-27,Secunderabad,TRN1583,19,3,0,Cloudy,0,480
2025-12-27,Nellore,TRN1537,22,5,0,Clear,0,418
2025-04-27,Hyderabad,TRN3288,22,6,0,Clear,0,411
2025-10-13,Warangal,TRN5779,20,0,1,Clear,0,873
2025-07-21,Tirupati,TRN4059,16,0,0,Clear,0,346
2025-04-20,Tirupati,TRN2836,10,6,0,Clear,0,711
2025-05-09,Nizamabad,TRN5990,10,4,0,Cloudy,0,475
2025-08-11,Secunderabad,TRN1925,4,0,0,Clear,0,347
2025-04-20,Nellore,TRN2829,3,6,0,Clear,0,416
2025-05-13,Visakhapatnam,TRN1085,13,1,0,Cloudy,0,443
2025-01-13,Secunderabad,TRN4766,0,0,0,Cloudy,0,286
2025-04-28,Warangal,TRN5142,20,0,0,Clear,0,565
2025-07-18,Nizamabad,TRN4274,19,4,0,Rain,0,573
2025-03-20,Kurnool,TRN4199,11,3,0,Clear,0,465
2025-02-24,Warangal,TRN5013,21,0,0,Clear,0,617
2025-10-24,Nizamabad,TRN1753,2,4,1,Clear,0,633
2025-04-24,Visakhapatnam,TRN4750,10,3,0,Cloudy,0,618
2025-04-14,Nizamabad,TRN2581,5,0,0,Clear,0,320
2025-10-10,Guntur,TRN5025,12,4,0,Heavy Rain,0,439
2025-10-29,Guntur,TRN5632,21,2,0,Clear,0,695
2025-09-17,Secunderabad,TRN5275,6,2,1,Cloudy,0,542
2025-10-24,Hyderabad,TRN1685,2,4,0,Rain,0,294
2025-02-21,Warangal,TRN4105,10,4,0,Rain,0,541
2025-03-11,Tirupati,TRN4048,1,1,0,Clear,1,605
2025-05-27,Vijayawada,TRN4205,15,1,0,Heavy Rain,0,331
2025-07-06,Vijayawada,TRN1390,13,6,0,Clear,0,478
2025-01-12,Nizamabad,TRN3820,18,6,0,Fog,0,585
2025-06-06,Secunderabad,TRN3746,6,4,0,Cloudy,0,245
2025-01-13,Warangal,TRN2160,7,0,0,Clear,0,508
2025-11-29,Visakhapatnam,TRN2000,16,5,0,Clear,0,667
2025-04-29,Guntur,TRN3380,7,1,0,Cloudy,0,559
2025-01-18,Warangal,TRN2758,22,5,0,Fog,0,433
2025-11-17,Nizamabad,TRN3940,4,0,0,Clear,0,259
2025-08-10,Tirupati,TRN4681,9,6,1,Cloudy,0,918
2025-06-05,Tirupati,TRN3538,8,3,0,Fog,0,453
2025-10-05,Visakhapatnam,TRN3627,11,6,0,Cloudy,0,527
2025-11-05,Guntur,TRN1570,4,2,0,Cloudy,0,353
2025-05-17,Tirupati,TRN3183,0,5,0,Heavy Rain,0,308
2025-08-10,Vijayawada,TRN3239,18,6,0,Cloudy,0,672
2025-08-19,Guntur,TRN1087,3,1,0,Rain,0,184
2025-03-29,Guntur,TRN1062,14,5,0,Clear,0,596
2025-07-18,Hyderabad,TRN2520,3,4,0,Cloudy,0,185
2025-12-27,Nizamabad,TRN4511,13,5,0,Clear,0,588
2025-05-03,Visakhapatnam,TRN2242,18,5,0,Cloudy,0,726
2025-11-10,Hyderabad,TRN2443,7,0,0,Clear,0,628
2025-05-04,Hyderabad,TRN2826,12,6,0,Rain,0,534
2025-12-03,Tirupati,TRN4191,20,2,1,Cloudy,0,815
2025-07-16,Guntur,TRN2953,19,2,0,Cloudy,0,599
2025-09-06,Hyderabad,TRN5617,11,5,0,Clear,0,458
2025-07-23,Nellore,TRN3095,17,2,0,Heavy Rain,0,642
2025-06-11,Visakhapatnam,TRN2477,0,2,0,Cloudy,0,352
2025-05-16,Kurnool,TRN1944,5,4,0,Rain,0,235
2025-07-30,Hyderabad,TRN4813,22,2,0,Fog,0,389
2025-08-25,Kurnool,TRN1367,12,0,0,Clear,0,331
2025-10-01,Kurnool,TRN3996,8,2,0,Clear,0,574
2025-06-16,Guntur,TRN2965,21,0,0,Rain,0,561
2025-06-27,Tirupati,TRN4543,11,4,0,Clear,0,525
2025-04-27,Vijayawada,TRN4975,3,6,0,Clear,0,313
2025-03-22,Vijayawada,TRN3211,5,5,0,Cloudy,0,369
2025-07-06,Vijayawada,TRN2985,1,6,0,Clear,0,472
2025-11-17,Visakhapatnam,TRN5524,23,0,1,Clear,0,644
2025-09-05,Warangal,TRN5187,15,4,1,Clear,0,658
2025-03-18,Warangal,TRN2128,0,1,0,Cloudy,0,302
2025-03-19,Kurnool,TRN1751,4,2,0,Clear,0,222
2025-12-24,Warangal,TRN4689,22,2,0,Rain,0,301
2025-06-08,Warangal,TRN4575,10,6,0,Clear,0,719
2025-01-23,Guntur,TRN1259,16,3,0,Cloudy,0,440
2025-03-26,Nellore,TRN2978,1,2,0,Clear,0,229
2025-01-14,Secunderabad,TRN4249,3,1,0,Fog,0,330
2025-06-06,Kurnool,TRN3289,3,4,0,Clear,0,379
2025-03-03,Visakhapatnam,TRN1350,4,0,0,Clear,0,296
2025-10-22,Secunderabad,TRN3846,22,2,0,Clear,0,231
2025-04-05,Vijayawada,TRN5765,13,5,0,Clear,0,565
2025-01-07,Nizamabad,TRN3004,8,1,1,Clear,0,837
2025-09-24,Hyderabad,TRN2849,6,2,0,Clear,0,198
2025-01-03,Secunderabad,TRN2893,21,4,0,Clear,0,559
2025-05-02,Nellore,TRN2586,9,4,0,Heavy Rain,0,446
2025-01-07,Vijayawada,TRN5851,7,1,0,Clear,0,626
2025-08-26,Visakhapatnam,TRN2435,11,1,0,Clear,0,486
2025-05-17,Tirupati,TRN3534,7,5,1,Clear,0,870
2025-12-18,Hyderabad,TRN3528,0,3,0,Clear,0,420
2025-03-29,Kurnool,TRN1036,6,5,0,Cloudy,0,337
2025-01-21,Tirupati,TRN1933,9,1,0,Clear,0,483
2025-10-22,Nellore,TRN1325,12,2,0,Cloudy,0,543
2025-03-20,Nellore,TRN4815,14,3,0,Cloudy,0,319
2025-04-04,Vijayawada,TRN1454,4,4,0,Clear,0,392
2025-05-22,Kurnool,TRN1369,19,3,0,Clear,0,694
2025-07-11,Warangal,TRN3664,4,4,0,Clear,1,636
2025-01-18,Hyderabad,TRN5340,10,5,0,Clear,0,738
2025-10-28,Hyderabad,TRN3569,17,1,0,Cloudy,0,719
2025-01-02,Nellore,TRN3654,17,3,0,Fog,0,600
2025-03-27,Vijayawada,TRN4976,13,3,0,Clear,0,477
2025-04-27,Secunderabad,TRN3612,14,6,0,Rain,0,429
2025-04-14,Nellore,TRN4279,18,0,0,Fog,1,1034
2025-07-10,Guntur,TRN5751,8,3,0,Cloudy,0,574
2025-04-03,Warangal,TRN1540,13,3,0,Rain,0,452
2025-11-23,Visakhapatnam,TRN5121,13,6,0,Cloudy,0,551
2025-11-08,Kurnool,TRN5298,3,5,0,Heavy Rain,0,475
2025-08-14,Nellore,TRN2601,23,3,0,Cloudy,0,137
2025-04-30,Tirupati,TRN1381,22,2,0,Cloudy,0,218
2025-07-03,Hyderabad,TRN5329,16,3,0,Clear,0,331
2025-03-25,Warangal,TRN4986,12,1,0,Cloudy,1,811
2025-05-22,Hyderabad,TRN1422,20,3,0,Fog,0,609
2025-11-14,Secunderabad,TRN4565,10,4,0,Heavy Rain,0,487
2025-11-06,Tirupati,TRN1466,11,3,0,Rain,0,418
2025-05-23,Kurnool,TRN3000,19,4,1,Cloudy,0,810
2025-02-03,Guntur,TRN3331,13,0,0,Clear,0,436
2025-05-10,Vijayawada,TRN5559,1,5,0,Heavy Rain,0,308
2025-04-06,Guntur,TRN3291,14,6,1,Rain,0,872
2025-10-09,Kurnool,TRN3528,22,3,0,Heavy Rain,0,230
2025-02-07,Nellore,TRN2209,18,4,0,Rain,0,587
2025-03-07,Guntur,TRN3512,21,4,0,Clear,0,591
2025-12-03,Secunderabad,TRN4744,15,2,0,Cloudy,0,438
2025-03-05,Kurnool,TRN2282,10,2,0,Cloudy,0,609
2025-09-26,Guntur,TRN2132,22,4,0,Clear,0,307
2025-06-19,Warangal,TRN5012,7,3,0,Clear,0,568
2025-01-26,Secunderabad,TRN4766,7,6,0,Clear,0,591
2025-04-05,Warangal,TRN3771,23,5,0,Clear,0,477
2025-09-21,Kurnool,TRN4902,23,6,0,Clear,0,327
2025-02-16,Visakhapatnam,TRN5963,13,6,0,Heavy Rain,0,349
2025-09-07,Warangal,TRN5102,19,6,0,Fog,0,832
2025-06-26,Secunderabad,TRN5223,13,3,0,Clear,0,432
2025-03-28,Nizamabad,TRN5840,15,4,0,Rain,0,296
2025-05-21,Warangal,TRN1339,5,2,0,Clear,0,252
2025-08-04,Secunderabad,TRN3768,16,0,0,Clear,1,725
2025-09-07,Vijayawada,TRN4269,1,6,0,Cloudy,0,567
2025-07-29,Tirupati,TRN4008,15,1,0,Cloudy,0,446
2025-06-14,Tirupati,TRN2308,8,5,0,Rain,0,549
2025-01-17,Nellore,TRN5842,10,4,0,Clear,0,513
2025-11-22,Nizamabad,TRN1131,0,5,0,Clear,0,502
2025-04-18,Guntur,TRN2202,20,4,0,Clear,0,572
2025-04-13,Hyderabad,TRN2300,22,6,0,Clear,0,401
2025-09-09,Secunderabad,TRN5481,2,1,0,Clear,0,304
2025-10-03,Nellore,TRN3333,6,4,0,Fog,0,417
2025-05-26,Hyderabad,TRN5277,18,0,0,Cloudy,0,563
2025-08-08,Tirupati,TRN3714,16,4,1,Clear,0,720
2025-04-28,Nellore,TRN5414,14,0,0,Clear,0,317
2025-04-05,Guntur,TRN5243,22,5,0,Clear,0,403
2025-03-24,Warangal,TRN3626,3,0,0,Cloudy,0,350
2025-07-22,Tirupati,TRN1195,22,1,0,Clear,0,291
2025-02-01,Guntur,TRN3947,5,5,0,Clear,0,409
2025-12-21,Nellore,TRN4302,4,6,0,Clear,0,404
2025-03-30,Hyderabad,TRN4908,23,6,0,Rain,0,364
2025-04-07,Warangal,TRN4850,21,0,0,Clear,1,960
2025-03-29,Nellore,TRN5553,15,5,0,Cloudy,0,569
2025-03-29,Visakhapatnam,TRN5256,14,5,0,Cloudy,0,640
2025-08-21,Nizamabad,TRN1898,6,3,0,Clear,0,328
2025-10-28,Nizamabad,TRN3244,14,1,1,Cloudy,0,535
2025-12-25,Warangal,TRN4572,1,3,0,Clear,0,217
2025-12-05,Warangal,TRN5629,4,4,1,Cloudy,0,544
2025-09-30,Guntur,TRN5255,17,1,0,Clear,1,892
2025-02-09,Warangal,TRN5752,12,6,0,Clear,0,505
2025-10-17,Vijayawada,TRN5962,15,4,0,Clear,0,335
2025-07-08,Secunderabad,TRN3881,11,1,0,Clear,1,753
2025-04-02,Nizamabad,TRN3007,9,2,0,Clear,0,523
2025-03-04,Secunderabad,TRN4066,22,1,0,Cloudy,0,339
2025-12-11,Tirupati,TRN3319,10,3,0,Clear,0,621
2025-06-12,Tirupati,TRN5921,8,3,0,Rain,0,587
2025-11-14,Nellore,TRN2048,0,4,0,Clear,0,290
2025-12-06,Nellore,TRN3528,0,5,0,Rain,0,394
2025-08-21,Guntur,TRN4101,5,3,1,Rain,0,435
2025-06-22,Nellore,TRN4851,0,6,1,Clear,0,723
2025-02-18,Secunderabad,TRN5007,22,1,0,Cloudy,0,276
2025-10-27,Nizamabad,TRN3966,5,0,0,Cloudy,0,367
2025-06-17,Nellore,TRN1906,18,1,0,Clear,0,618
2025-10-26,Tirupati,TRN2448,18,6,0,Clear,0,720
2025-09-06,Guntur,TRN1223,1,5,0,Clear,0,364
2025-08-02,Nellore,TRN1015,6,5,0,Cloudy,0,481
2025-01-28,Warangal,TRN5963,12,1,0,Rain,0,394
2025-10-31,Guntur,TRN4824,17,4,0,Cloudy,0,551
2025-01-22,Visakhapatnam,TRN3348,5,2,0,Cloudy,0,329
2025-04-03,Secunderabad,TRN5539,20,3,0,Cloudy,0,517
2025-11-01,Visakhapatnam,TRN2536,0,5,0,Clear,0,400
2025-12-11,Guntur,TRN3042,15,3,1,Fog,0,769
2025-03-15,Tirupati,TRN2669,10,5,0,Clear,0,634
2025-05-30,Kurnool,TRN4600,22,4,0,Clear,0,186
2025-10-12,Kurnool,TRN2243,22,6,0,Clear,1,747
2025-05-11,Hyderabad,TRN5279,9,6,0,Clear,0,769
2025-08-22,Guntur,TRN2417,23,4,0,Clear,0,414
2025-02-17,Visakhapatnam,TRN5205,5,0,0,Rain,0,231
2025-02-03,Tirupati,TRN3753,0,0,0,Heavy Rain,0,252
2025-09-21,Guntur,TRN2922,22,6,0,Cloudy,0,603
2025-01-19,Guntur,TRN2757,18,6,0,Cloudy,0,681
2025-10-31,Kurnool,TRN2164,9,4,0,Clear,0,529
2025-08-28,Visakhapatnam,TRN5131,22,3,0,Clear,0,307
2025-12-28,Secunderabad,TRN4614,19,6,0,Clear,0,725
2025-10-23,Kurnool,TRN1485,8,3,0,Clear,0,545
2025-03-07,Hyderabad,TRN3128,5,4,0,Clear,0,243
2025-07-19,Guntur,TRN4068,4,5,0,Clear,0,423
2025-08-06,Nellore,TRN5592,21,2,0,Cloudy,0,573
2025-11-20,Secunderabad,TRN1215,8,3,0,Cloudy,0,587
2025-11-04,Warangal,TRN1205,3,1,0,Clear,0,156
2025-09-17,Nellore,TRN2648,1,2,0,Clear,0,294
2025-03-06,Secunderabad,TRN4582,14,3,0,Cloudy,0,401
2025-01-20,Vijayawada,TRN5861,21,0,0,Heavy Rain,0,661
2025-06-22,Visakhapatnam,TRN5537,6,6,0,Clear,0,414
2025-11-10,Hyderabad,TRN1466,11,0,0,Clear,0,550
2025-07-08,Secunderabad,TRN5090,12,1,0,Clear,0,513
2025-09-23,Guntur,TRN5859,4,1,0,Rain,0,267
2025-04-18,Guntur,TRN3305,20,4,1,Cloudy,0,883
2025-11-20,Nellore,TRN1188,13,3,0,Clear,0,391
2025-06-04,Visakhapatnam,TRN5231,15,2,0,Clear,0,323
2025-09-27,Hyderabad,TRN5115,2,5,0,Clear,0,418
2025-11-25,Warangal,TRN2011,11,1,1,Clear,0,746
2025-06-25,Visakhapatnam,TRN1424,18,2,1,Clear,0,802
2025-02-08,Warangal,TRN5242,9,5,0,Rain,1,894
2025-04-16,Guntur,TRN2403,1,2,0,Clear,0,415
2025-09-22,Guntur,TRN2638,17,0,0,Rain,0,626
2025-04-29,Vijayawada,TRN1704,11,1,0,Clear,0,451
2025-03-25,Nizamabad,TRN5158,5,1,0,Clear,1,697
2025-11-04,Tirupati,TRN5409,0,1,0,Clear,0,277
2025-12-20,Visakhapatnam,TRN1809,22,5,0,Cloudy,1,713
2025-06-23,Secunderabad,TRN3659,5,0,0,Cloudy,1,715
2025-08-19,Warangal,TRN4233,20,1,0,Cloudy,0,465
2025-09-09,Hyderabad,TRN5716,22,1,0,Clear,0,187
2025-03-28,Visakhapatnam,TRN3146,19,4,0,Heavy Rain,0,607
2025-02-26,Nizamabad,TRN3544,23,2,0,Rain,0,293
2025-06-01,Warangal,TRN1910,1,6,0,Clear,0,334
2025-01-30,Guntur,TRN1632,7,3,0,Clear,0,552
2025-10-20,Guntur,TRN5177,19,0,0,Rain,0,596
2025-03-09,Tirupati,TRN4517,4,6,0,Clear,0,554
2025-01-15,Nellore,TRN5959,20,2,0,Clear,1,900
2025-10-06,Tirupati,TRN2684,12,0,0,Rain,0,314
2025-05-13,Guntur,TRN5923,12,1,0,Rain,0,341
2025-10-30,Tirupati,TRN1073,13,3,0,Cloudy,1,640
2025-08-23,Guntur,TRN4331,1,5,0,Rain,0,351
2025-06-10,Nizamabad,TRN4573,9,1,0,Rain,0,547
2025-05-10,Warangal,TRN4658,9,5,0,Cloudy,0,803
2025-10-05,Kurnool,TRN4158,3,6,0,Cloudy,0,388
2025-09-24,Kurnool,TRN3183,23,2,0,Clear,0,201
2025-02-13,Tirupati,TRN1278,12,3,0,Clear,1,853
2025-01-22,Tirupati,TRN4654,14,2,0,Cloudy,0,483
2025-10-21,Vijayawada,TRN4862,0,1,0,Clear,0,406
2025-10-01,Vijayawada,TRN1710,17,2,0,Fog,0,488
2025-10-02,Visakhapatnam,TRN5226,15,3,0,Heavy Rain,1,633
2025-05-05,Kurnool,TRN1263,3,0,0,Clear,0,255
2025-05-13,Visakhapatnam,TRN5310,22,1,0,Clear,0,439
2025-11-26,Warangal,TRN5861,10,2,0,Cloudy,0,514
2025-08-09,Secunderabad,TRN2730,6,5,0,Rain,0,308
2025-11-10,Hyderabad,TRN4364,0,0,0,Clear,0,294
2025-05-17,Kurnool,TRN4652,4,5,0,Cloudy,0,384
2025-01-09,Nizamabad,TRN3987,12,3,0,Cloudy,0,347
2025-03-02,Vijayawada,TRN5469,22,6,0,Clear,1,772
2025-04-11,Guntur,TRN3812,11,4,0,Clear,0,344
2025-08-25,Warangal,TRN3803,19,0,0,Clear,0,617
2025-09-11,Kurnool,TRN1384,1,3,0,Clear,0,213
2025-09-16,Guntur,TRN5258,5,1,0,Fog,0,306
2025-04-25,Nellore,TRN4506,13,4,0,Fog,0,425
2025-12-21,Hyderabad,TRN5997,11,6,0,Cloudy,0,521
2025-01-02,Secunderabad,TRN4235,10,3,0,Rain,0,543
2025-04-08,Warangal,TRN4441,10,1,0,Fog,0,463
2025-07-22,Vijayawada,TRN3184,22,1,0,Clear,0,258
2025-06-03,Warangal,TRN1775,3,1,0,Clear,0,380
2025-03-06,Secunderabad,TRN1579,6,3,0,Cloudy,0,214
2025-03-21,Nellore,TRN5649,7,4,0,Clear,1,975
2025-04-06,Kurnool,TRN4931,20,6,0,Clear,0,766
2025-11-10,Vijayawada,TRN4380,14,0,0,Clear,0,435
2025-11-01,Guntur,TRN2100,12,5,1,Clear,0,761
2025-01-29,Visakhapatnam,TRN3206,14,2,0,Rain,0,318
2025-09-13,Nellore,TRN4702,16,5,0,Rain,0,574
2025-06-05,Nellore,TRN4238,11,3,0,Clear,0,363
2025-06-15,Nellore,TRN2837,20,6,0,Heavy Rain,0,575
2025-08-26,Nizamabad,TRN3891,5,1,0,Clear,0,357
2025-08-24,Vijayawada,TRN2108,5,6,0,Cloudy,0,374
2025-12-07,Warangal,TRN2352,10,6,1,Rain,0,887
2025-03-09,Vijayawada,TRN4250,19,6,0,Cloudy,0,652
2025-08-21,Warangal,TRN4051,8,3,0,Rain,0,335
2025-09-14,Hyderabad,TRN2624,16,6,0,Fog,1,852
2025-01-13,Secunderabad,TRN3436,10,0,0,Heavy Rain,0,505
2025-06-05,Guntur,TRN1713,3,3,0,Clear,0,277
2025-05-17,Nizamabad,TRN1746,11,5,0,Clear,0,383
2025-01-07,Warangal,TRN1228,17,1,0,Clear,0,636
2025-04-29,Guntur,TRN1265,23,1,1,Clear,0,631
2025-07-31,Kurnool,TRN4722,20,3,0,Clear,1,968
2025-06-06,Vijayawada,TRN1564,19,4,0,Rain,0,560
2025-06-22,Hyderabad,TRN4873,7,6,0,Fog,0,673
2025-03-22,Kurnool,TRN5687,7,5,0,Clear,0,680
2025-02-24,Nellore,TRN2798,7,0,0,Rain,0,431
2025-09-10,Vijayawada,TRN2675,14,2,1,Clear,0,514
2025-05-09,Tirupati,TRN3214,3,4,0,Clear,0,349
2025-09-23,Visakhapatnam,TRN2208,0,1,0,Clear,1,707
2025-07-08,Nizamabad,TRN2704,20,1,0,Clear,0,707
2025-08-08,Guntur,TRN4295,19,4,0,Heavy Rain,0,624
2025-01-18,Warangal,TRN5172,15,5,0,Cloudy,0,437
2025-04-09,Guntur,TRN1098,19,2,0,Heavy Rain,0,540
2025-11-27,Warangal,TRN4264,23,3,0,Cloudy,0,345
2025-08-12,Warangal,TRN3265,23,1,0,Clear,0,329
2025-08-02,Hyderabad,TRN1621,22,5,0,Cloudy,0,468
2025-02-13,Secunderabad,TRN3710,23,3,0,Heavy Rain,1,504
2025-03-18,Nellore,TRN1879,6,1,0,Heavy Rain,0,209
2025-07-25,Nizamabad,TRN5143,3,4,0,Cloudy,0,218
2025-08-18,Hyderabad,TRN3534,19,0,0,Clear,0,489
2025-07-12,Nizamabad,TRN1809,9,5,0,Heavy Rain,0,602
2025-02-07,Warangal,TRN3248,15,4,0,Heavy Rain,0,432
2025-02-02,Visakhapatnam,TRN4346,3,6,0,Cloudy,0,497
2025-08-18,Warangal,TRN5284,11,0,0,Cloudy,0,426
2025-02-27,Kurnool,TRN1304,18,3,0,Rain,0,377
2025-03-24,Hyderabad,TRN1791,0,0,0,Clear,0,260
2025-10-27,Nellore,TRN3555,13,0,0,Clear,0,372
2025-09-16,Kurnool,TRN2241,8,1,0,Clear,0,507
2025-12-07,Nizamabad,TRN5475,7,6,0,Clear,0,681
2025-12-17,Warangal,TRN5491,20,2,0,Clear,0,559
2025-05-12,Warangal,TRN4543,15,0,0,Clear,0,316
2025-10-21,Warangal,TRN5199,14,1,0,Cloudy,0,411
2025-01-27,Warangal,TRN1821,8,0,0,Clear,0,531
2025-07-08,Vijayawada,TRN1931,11,1,0,Cloudy,0,430
2025-10-18,Secunderabad,TRN1133,5,5,0,Cloudy,0,620
2025-06-01,Hyderabad,TRN4755,22,6,0,Clear,0,410
2025-01-09,Guntur,TRN4083,3,3,0,Clear,0,202
2025-02-25,Kurnool,TRN1147,3,1,0,Clear,0,344
2025-10-16,Secunderabad,TRN4935,1,3,0,Clear,0,239
2025-07-28,Tirupati,TRN4979,12,0,0,Clear,0,484
2025-06-14,Warangal,TRN3004,19,5,0,Clear,0,698
2025-10-12,Tirupati,TRN3550,16,6,0,Cloudy,0,452
2025-03-30,Vijayawada,TRN5135,17,6,0,Rain,0,683
2025-07-31,Secunderabad,TRN3985,19,3,0,Clear,0,611
2025-05-04,Warangal,TRN2322,22,6,0,Cloudy,0,574
2025-01-20,Visakhapatnam,TRN3336,22,0,0,Clear,0,451
2025-04-14,Visakhapatnam,TRN3551,8,0,1,Clear,0,800
2025-07-28,Hyderabad,TRN4440,2,0,0,Clear,0,257
2025-03-09,Nellore,TRN3182,19,6,0,Clear,0,668
2025-06-27,Guntur,TRN3268,12,4,0,Clear,0,203
2025-05-13,Warangal,TRN2851,8,1,0,Heavy Rain,0,375
2025-07-29,Guntur,TRN5260,2,1,0,Clear,0,244
2025-12-02,Visakhapatnam,TRN2182,7,1,0,Heavy Rain,0,467
2025-10-10,Kurnool,TRN3080,6,4,0,Clear,0,244
2025-06-13,Nizamabad,TRN1131,11,4,0,Rain,0,250
2025-12-17,Vijayawada,TRN3027,7,2,0,Clear,0,616
2025-11-28,Hyderabad,TRN1362,11,4,0,Clear,0,395
2025-09-01,Nizamabad,TRN3165,10,0,0,Rain,0,564
2025-04-17,Tirupati,TRN1825,3,3,0,Clear,0,199
2025-08-23,Tirupati,TRN3600,17,5,0,Rain,1,1070
2025-05-30,Nizamabad,TRN3346,22,4,0,Cloudy,0,235
2025-07-29,Nellore,TRN1715,13,1,0,Fog,0,466
2025-10-30,Vijayawada,TRN5412,7,3,0,Rain,0,467
2025-02-20,Nellore,TRN4863,21,3,0,Heavy Rain,1,890
2025-09-25,Vijayawada,TRN4968,9,3,0,Rain,0,359
2025-12-29,Nellore,TRN4578,1,0,0,Cloudy,0,242
2025-05-07,Vijayawada,TRN3901,3,2,0,Clear,0,418
2025-05-30,Tirupati,TRN1772,15,4,0,Clear,0,460
2025-08-06,Tirupati,TRN3398,17,2,0,Fog,0,664
2025-04-01,Vijayawada,TRN5338,4,1,1,Cloudy,0,560
2025-10-28,Tirupati,TRN4492,7,1,0,Clear,0,517
2025-07-09,Guntur,TRN3908,22,2,0,Rain,1,658
2025-05-04,Tirupati,TRN1717,3,6,0,Clear,1,836
2025-01-23,Secunderabad,TRN4863,5,3,0,Heavy Rain,0,299
2025-07-12,Vijayawada,TRN1926,3,5,0,Heavy Rain,0,303
2025-09-10,Nizamabad,TRN3105,11,2,0,Clear,0,377
2025-03-18,Vijayawada,TRN2712,10,1,0,Heavy Rain,0,636
2025-08-07,Nellore,TRN3045,3,3,0,Cloudy,0,303
2025-08-09,Hyderabad,TRN2301,19,5,0,Clear,0,770
2025-08-03,Guntur,TRN4370,15,6,0,Fog,0,401
2025-04-14,Nizamabad,TRN4738,19,0,0,Clear,0,568
2025-01-01,Guntur,TRN3015,17,2,1,Rain,0,829
2025-11-22,Warangal,TRN4305,3,5,1,Cloudy,0,619
2025-03-20,Hyderabad,TRN5290,17,3,0,Clear,0,604
2025-01-26,Visakhapatnam,TRN3498,15,6,0,Heavy Rain,0,434
2025-02-14,Hyderabad,TRN1413,7,4,0,Clear,0,639
2025-04-30,Warangal,TRN3007,10,2,0,Rain,0,564
2025-08-15,Kurnool,TRN1938,10,4,0,Clear,0,502
2025-04-05,Tirupati,TRN3512,23,5,0,Cloudy,0,630
2025-04-15,Nellore,TRN5125,16,1,0,Clear,0,418
2025-11-02,Tirupati,TRN3921,8,6,0,Rain,1,867
2025-09-11,Nellore,TRN2110,23,3,0,Rain,0,259
2025-04-28,Tirupati,TRN1376,23,0,0,Heavy Rain,0,324
2025-01-26,Vijayawada,TRN3237,7,6,0,Clear,0,727
2025-04-09,Hyderabad,TRN3441,18,2,1,Heavy Rain,0,921
2025-10-22,Kurnool,TRN4175,0,2,0,Clear,0,313
2025-04-15,Nizamabad,TRN4040,9,1,0,Fog,0,483
2025-07-06,Nizamabad,TRN4163,0,6,0,Clear,0,394
2025-08-07,Visakhapatnam,TRN1270,9,3,0,Cloudy,0,515
2025-08-08,Vijayawada,TRN4937,9,4,0,Clear,0,560
2025-11-05,Guntur,TRN3748,18,2,0,Clear,0,624
2025-11-09,Vijayawada,TRN1885,10,6,0,Rain,0,669
2025-06-25,Guntur,TRN1628,5,2,0,Rain,0,252
2025-01-09,Tirupati,TRN3359,11,3,0,Rain,0,218
2025-02-27,Secunderabad,TRN5520,17,3,1,Clear,0,863
2025-02-26,Nizamabad,TRN2677,20,2,1,Clear,0,812
2025-11-27,Kurnool,TRN2428,15,3,0,Clear,0,434
2025-01-01,Secunderabad,TRN3251,1,2,0,Clear,0,278
2025-03-16,Tirupati,TRN2702,5,6,1,Clear,0,619
2025-07-14,Guntur,TRN1262,16,0,0,Clear,1,708
2025-01-06,Guntur,TRN2061,6,0,0,Heavy Rain,0,285
2025-03-18,Tirupati,TRN1007,5,1,0,Clear,0,363
2025-10-25,Nizamabad,TRN5358,17,5,0,Clear,0,728
2025-10-25,Nizamabad,TRN5338,18,5,0,Rain,0,672
2025-07-19,Kurnool,TRN1995,4,5,0,Clear,0,494
2025-02-05,Hyderabad,TRN2393,4,2,0,Heavy Rain,0,253
2025-07-04,Warangal,TRN5802,22,4,1,Clear,0,616
2025-11-21,Vijayawada,TRN2820,14,4,0,Clear,1,687
2025-06-06,Vijayawada,TRN4190,6,4,0,Cloudy,0,246
2025-03-12,Tirupati,TRN3051,8,2,0,Cloudy,0,479
2025-06-17,Nellore,TRN4185,16,1,1,Clear,0,505
2025-05-20,Warangal,TRN3079,16,1,0,Clear,0,393
2025-09-19,Visakhapatnam,TRN2854,8,4,0,Cloudy,0,623
2025-05-11,Vijayawada,TRN2290,13,6,1,Fog,0,911
2025-08-08,Guntur,TRN4294,9,4,0,Heavy Rain,0,640
2025-01-01,Vijayawada,TRN4679,21,2,0,Clear,0,542
2025-01-01,Visakhapatnam,TRN1975,1,2,0,Clear,0,284
2025-02-28,Tirupati,TRN2295,12,4,0,Cloudy,0,427
2025-02-03,Kurnool,TRN2634,16,0,0,Cloudy,0,318
2025-12-20,Visakhapatnam,TRN4817,3,5,0,Cloudy,0,315
2025-11-27,Nizamabad,TRN1141,6,3,0,Heavy Rain,0,242
2025-10-18,Warangal,TRN1910,19,5,0,Rain,1,1031
2025-10-31,Guntur,TRN3743,23,4,0,Clear,0,319
2025-09-22,Vijayawada,TRN4481,16,0,0,Cloudy,0,396
2025-04-08,Nellore,TRN5409,21,1,0,Clear,0,711
2025-06-24,Guntur,TRN4207,21,1,0,Cloudy,0,546
2025-09-01,Vijayawada,TRN1156,9,0,0,Clear,0,667
2025-12-15,Hyderabad,TRN3997,9,0,0,Clear,0,504
2025-02-11,Warangal,TRN1288,13,1,0,Clear,0,393
2025-12-10,Tirupati,TRN4404,6,2,0,Rain,0,306
2025-12-22,Hyderabad,TRN5530,1,0,0,Clear,0,137
2025-05-25,Vijayawada,TRN4187,2,6,0,Clear,0,442
2025-09-26,Nellore,TRN3838,14,4,0,Rain,0,288
2025-12-20,Nellore,TRN1750,5,5,0,Cloudy,0,422
2025-08-26,Vijayawada,TRN5979,7,1,0,Rain,0,607
2025-05-03,Guntur,TRN1490,0,5,0,Rain,0,373
2025-03-14,Kurnool,TRN5030,13,4,0,Clear,0,248
2025-03-07,Secunderabad,TRN1348,13,4,0,Clear,0,308
2025-06-16,Nellore,TRN4291,9,0,1,Cloudy,0,838
2025-01-20,Hyderabad,TRN5551,10,0,0,Clear,0,461
2025-07-31,Hyderabad,TRN3799,1,3,0,Clear,0,312
2025-02-25,Tirupati,TRN3691,20,1,0,Cloudy,0,516
2025-12-01,Hyderabad,TRN1477,0,0,0,Clear,1,601
2025-05-26,Nellore,TRN2421,6,0,0,Clear,0,367
2025-05-30,Tirupati,TRN1592,3,4,0,Clear,0,282
2025-09-01,Warangal,TRN4493,10,0,0,Clear,0,533
2025-02-24,Kurnool,TRN3661,9,0,0,Clear,0,473
2025-09-16,Guntur,TRN5337,8,1,0,Rain,0,559
2025-10-23,Visakhapatnam,TRN4795,15,3,0,Clear,0,372
2025-03-11,Kurnool,TRN3521,21,1,0,Clear,0,536
2025-08-06,Warangal,TRN1472,22,2,1,Rain,0,500
2025-06-03,Secunderabad,TRN2336,23,1,0,Rain,0,250
2025-05-16,Secunderabad,TRN3548,6,4,0,Clear,0,181
2025-09-16,Tirupati,TRN1514,0,1,0,Clear,0,364
2025-07-08,Nizamabad,TRN2340,20,1,0,Cloudy,0,535
2025-05-29,Tirupati,TRN5802,2,3,0,Clear,0,259
2025-09-08,Warangal,TRN4242,15,0,0,Cloudy,0,213
2025-09-11,Warangal,TRN1855,11,3,0,Fog,0,463
2025-11-06,Guntur,TRN4879,3,3,0,Clear,0,348
2025-04-04,Guntur,TRN5617,8,4,0,Clear,0,533
2025-08-29,Kurnool,TRN1966,8,4,0,Clear,0,613
2025-03-31,Hyderabad,TRN1346,18,0,0,Cloudy,0,610
2025-07-06,Visakhapatnam,TRN3866,22,6,0,Fog,1,794
2025-07-05,Guntur,TRN5055,22,5,0,Cloudy,0,420
2025-06-27,Hyderabad,TRN1970,23,4,0,Rain,0,298
2025-11-07,Guntur,TRN2502,21,4,0,Heavy Rain,0,618
2025-12-18,Tirupati,TRN5694,1,3,0,Clear,0,333
2025-10-24,Hyderabad,TRN4572,9,4,0,Cloudy,0,577
2025-11-13,Tirupati,TRN3082,3,3,0,Clear,0,314
2025-08-07,Nellore,TRN5551,18,3,0,Cloudy,0,599
2025-03-21,Secunderabad,TRN5375,23,4,0,Rain,0,205
2025-11-27,Visakhapatnam,TRN4518,8,3,0,Cloudy,0,618
2025-10-18,Tirupati,TRN5697,9,5,0,Rain,1,957
2025-06-27,Guntur,TRN4052,7,4,0,Clear,1,803
2025-05-29,Warangal,TRN2562,7,3,0,Rain,0,521
2025-11-09,Nellore,TRN2387,15,6,0,Clear,0,411
2025-08-16,Tirupati,TRN4082,0,5,0,Rain,0,265
2025-03-22,Secunderabad,TRN4944,4,5,0,Cloudy,0,551
2025-12-18,Kurnool,TRN5631,14,3,0,Cloudy,0,452
2025-12-29,Secunderabad,TRN1166,13,0,0,Heavy Rain,0,375
2025-11-25,Warangal,TRN5962,0,1,0,Cloudy,1,643
2025-06-03,Nellore,TRN3746,19,1,1,Fog,0,924
2025-06-23,Nizamabad,TRN3980,12,0,0,Clear,1,789
2025-11-30,Guntur,TRN5028,10,6,0,Heavy Rain,0,581
2025-02-17,Tirupati,TRN2894,5,0,0,Cloudy,1,651
2025-01-22,Nellore,TRN1195,3,2,0,Clear,0,405
2025-09-09,Visakhapatnam,TRN1759,17,1,0,Clear,0,712
2025-08-09,Hyderabad,TRN3413,6,5,0,Clear,0,486
2025-10-09,Visakhapatnam,TRN2989,9,3,0,Cloudy,0,613
2025-06-08,Hyderabad,TRN3575,12,6,0,Heavy Rain,0,524
2025-08-23,Warangal,TRN2654,15,5,0,Clear,0,576
2025-12-09,Hyderabad,TRN2671,13,1,0,Clear,1,838
2025-02-15,Tirupati,TRN5335,21,5,0,Clear,0,727
2025-12-12,Secunderabad,TRN4357,6,4,0,Clear,0,304
2025-12-25,Vijayawada,TRN3303,8,3,0,Clear,0,575
2025-06-08,Nellore,TRN5453,17,6,0,Heavy Rain,1,1061
2025-04-24,Guntur,TRN1711,21,3,0,Cloudy,0,517
2025-01-31,Secunderabad,TRN5267,23,4,0,Fog,0,288
2025-08-09,Kurnool,TRN3477,6,5,0,Clear,0,407
2025-12-10,Visakhapatnam,TRN5749,17,2,0,Clear,0,505
2025-03-08,Nellore,TRN5074,23,5,1,Rain,0,595
2025-07-18,Vijayawada,TRN5696,14,4,0,Cloudy,0,363
2025-05-10,Kurnool,TRN1795,19,5,1,Clear,0,1028
2025-11-29,Vijayawada,TRN5243,4,5,1,Rain,1,1028
2025-02-19,Hyderabad,TRN1642,10,2,0,Cloudy,0,536
2025-02-10,Hyderabad,TRN5890,12,0,1,Clear,0,683
2025-11-20,Visakhapatnam,TRN2175,15,3,1,Cloudy,0,703
2025-03-31,Secunderabad,TRN1914,4,0,0,Heavy Rain,0,164
2025-10-09,Guntur,TRN2871,23,3,0,Cloudy,0,351
2025-09-09,Secunderabad,TRN1997,11,1,0,Cloudy,0,337
2025-01-04,Guntur,TRN3921,4,5,0,Clear,0,400
2025-03-20,Guntur,TRN4404,13,3,0,Rain,0,407
2025-08-02,Secunderabad,TRN5449,13,5,0,Clear,0,417
2025-04-16,Warangal,TRN5226,0,2,0,Clear,0,353
2025-05-08,Nellore,TRN5726,0,3,0,Rain,0,276
2025-09-23,Secunderabad,TRN5429,15,1,0,Cloudy,0,423
2025-09-09,Secunderabad,TRN4867,12,1,0,Clear,0,324
2025-09-15,Visakhapatnam,TRN4762,17,0,0,Rain,0,520
2025-03-22,Hyderabad,TRN5863,0,5,0,Clear,0,484
2025-05-29,Tirupati,TRN3891,0,3,0,Cloudy,0,327
2025-08-08,Tirupati,TRN1681,9,4,0,Clear,0,606
2025-09-10,Secunderabad,TRN4119,6,2,0,Clear,0,156
2025-09-22,Vijayawada,TRN2954,1,0,0,Clear,0,326
2025-11-05,Secunderabad,TRN4078,20,2,0,Clear,0,612
2025-10-25,Tirupati,TRN2350,3,5,0,Rain,1,654
2025-06-07,Nellore,TRN1734,8,5,1,Cloudy,0,736
2025-06-22,Kurnool,TRN4442,2,6,1,Clear,1,956
2025-11-15,Nellore,TRN5219,21,5,0,Cloudy,1,1130
2025-12-11,Vijayawada,TRN5724,5,3,0,Heavy Rain,0,189
2025-01-02,Secunderabad,TRN2278,15,3,0,Clear,0,364
2025-05-14,Nellore,TRN1765,22,2,0,Clear,0,327
2025-09-20,Warangal,TRN2615,7,5,0,Cloudy,1,976
2025-04-18,Warangal,TRN1629,8,4,0,Clear,0,554
2025-07-17,Nizamabad,TRN4251,7,3,1,Clear,0,876
2025-07-11,Warangal,TRN2972,11,4,0,Cloudy,0,444
2025-10-31,Secunderabad,TRN5337,10,4,0,Clear,0,562
2025-02-09,Hyderabad,TRN1689,7,6,0,Heavy Rain,0,578
2025-03-20,Nellore,TRN4304,18,3,0,Cloudy,0,593
2025-04-25,Vijayawada,TRN3512,7,4,0,Cloudy,0,570
2025-06-25,Visakhapatnam,TRN1896,22,2,0,Clear,1,705
2025-06-26,Nellore,TRN3654,19,3,0,Clear,0,542
2025-02-08,Nellore,TRN5755,10,5,0,Rain,0,621
2025-12-01,Hyderabad,TRN1168,10,0,0,Cloudy,1,868
2025-07-28,Hyderabad,TRN2080,7,0,0,Clear,0,638
2025-12-12,Tirupati,TRN3324,16,4,0,Cloudy,0,450
2025-12-26,Tirupati,TRN5459,11,4,0,Rain,0,235
2025-03-21,Hyderabad,TRN3260,6,4,0,Clear,1,711
2025-04-01,Visakhapatnam,TRN2982,7,1,0,Fog,0,510
2025-09-26,Guntur,TRN3693,5,4,0,Cloudy,0,348
2025-03-31,Nizamabad,TRN4667,9,0,0,Clear,0,599
2025-04-20,Visakhapatnam,TRN4023,23,6,0,Cloudy,0,381
2025-11-23,Nizamabad,TRN4680,20,6,0,Clear,1,948
2025-08-22,Tirupati,TRN4388,8,4,1,Clear,1,1112
2025-09-11,Nizamabad,TRN1678,21,3,0,Rain,0,666
2025-06-21,Nizamabad,TRN1428,23,5,0,Fog,0,430
2025-06-13,Warangal,TRN3907,13,4,0,Clear,0,395
2025-09-19,Kurnool,TRN1790,22,4,0,Cloudy,0,337
2025-08-17,Kurnool,TRN1521,11,6,1,Cloudy,0,689
2025-06-27,Nizamabad,TRN1121,10,4,0,Clear,0,518
2025-04-21,Visakhapatnam,TRN1924,15,0,0,Clear,0,446
2025-09-14,Nellore,TRN3543,18,6,0,Rain,0,618
2025-07-20,Guntur,TRN5134,13,6,0,Rain,0,431
2025-03-19,Nellore,TRN3868,1,2,0,Rain,0,189
2025-05-06,Warangal,TRN3435,7,1,0,Clear,0,581
2025-09-11,Hyderabad,TRN2155,5,3,1,Clear,0,589
2025-10-22,Kurnool,TRN3668,16,2,0,Heavy Rain,0,259
2025-04-26,Guntur,TRN1808,4,5,0,Clear,0,406
2025-04-07,Nellore,TRN2029,8,0,0,Clear,0,553
2025-10-17,Nellore,TRN4429,21,4,1,Cloudy,0,901
2025-02-17,Hyderabad,TRN5758,17,0,0,Clear,0,611
2025-09-12,Kurnool,TRN3156,7,4,0,Clear,0,549
2025-02-05,Kurnool,TRN4746,14,2,0,Clear,0,438
2025-01-01,Kurnool,TRN2969,23,2,0,Clear,0,312
2025-10-30,Guntur,TRN4189,17,3,0,Clear,0,457
2025-03-03,Warangal,TRN1138,16,0,0,Clear,0,390
2025-05-26,Secunderabad,TRN4522,21,0,0,Clear,0,699
2025-03-14,Warangal,TRN3888,0,4,0,Clear,0,387
2025-12-12,Nizamabad,TRN2372,8,4,0,Clear,0,580
2025-02-22,Tirupati,TRN2244,4,5,0,Clear,0,320
2025-10-10,Secunderabad,TRN3057,10,4,0,Clear,0,685
2025-09-22,Nellore,TRN2457,13,0,0,Heavy Rain,1,713
2025-02-07,Nizamabad,TRN3725,20,4,0,Rain,1,933
2025-10-06,Hyderabad,TRN4853,4,0,0,Cloudy,0,321
2025-02-10,Vijayawada,TRN1332,11,0,1,Clear,0,672
2025-10-16,Warangal,TRN2544,15,3,0,Heavy Rain,0,195
2025-03-16,Tirupati,TRN1783,6,6,0,Clear,0,460
2025-01-16,Guntur,TRN5893,3,3,0,Cloudy,0,262
2025-11-27,Tirupati,TRN4906,0,3,1,Clear,0,609
2025-09-23,Vijayawada,TRN3899,20,1,0,Fog,0,664
2025-04-27,Visakhapatnam,TRN3697,20,6,0,Clear,0,842
2025-12-18,Secunderabad,TRN3877,22,3,0,Clear,0,259
2025-08-04,Hyderabad,TRN2453,6,0,0,Heavy Rain,0,396
2025-12-04,Nellore,TRN5822,12,3,0,Clear,1,763
2025-07-27,Nizamabad,TRN5461,10,6,0,Cloudy,0,778
2025-08-31,Secunderabad,TRN3738,15,6,0,Cloudy,0,606
2025-04-02,Nellore,TRN2869,5,2,0,Clear,0,408
2025-12-14,Visakhapatnam,TRN5797,18,6,0,Clear,0,783
2025-02-05,Guntur,TRN5575,6,2,0,Clear,0,305
2025-01-02,Nizamabad,TRN4661,22,3,1,Rain,0,505
2025-11-28,Vijayawada,TRN4695,17,4,0,Clear,0,637
2025-05-22,Vijayawada,TRN3185,0,3,0,Cloudy,0,215
2025-08-21,Nellore,TRN5017,1,3,1,Heavy Rain,0,470
2025-06-16,Nellore,TRN3752,19,0,0,Cloudy,0,618
2025-02-12,Guntur,TRN2421,13,2,0,Fog,0,441
2025-10-27,Vijayawada,TRN4145,10,0,0,Clear,0,541
2025-01-28,Visakhapatnam,TRN4487,12,1,0,Clear,0,371
2025-08-03,Nizamabad,TRN2654,14,6,0,Rain,0,437
2025-08-07,Tirupati,TRN3460,22,3,0,Clear,0,371
2025-09-24,Tirupati,TRN4571,7,2,0,Clear,0,473
2025-03-18,Vijayawada,TRN3860,18,1,0,Cloudy,1,903
2025-06-07,Kurnool,TRN3176,12,5,0,Clear,0,529
2025-09-02,Guntur,TRN1168,18,1,0,Cloudy,0,737
2025-05-13,Hyderabad,TRN3783,17,1,0,Clear,0,553
2025-11-15,Secunderabad,TRN3454,11,5,0,Clear,0,486
2025-03-01,Warangal,TRN3558,7,5,1,Clear,0,924
2025-05-04,Hyderabad,TRN2823,6,6,1,Rain,0,581
2025-11-24,Visakhapatnam,TRN4191,22,0,0,Clear,1,766
2025-08-09,Hyderabad,TRN4809,23,5,0,Clear,0,520
2025-05-30,Hyderabad,TRN3057,11,4,0,Heavy Rain,0,215
2025-05-10,Vijayawada,TRN2679,23,5,0,Clear,0,421
2025-01-05,Nellore,TRN5270,6,6,0,Cloudy,1,754
2025-06-21,Visakhapatnam,TRN2928,13,5,0,Cloudy,0,514
2025-10-19,Guntur,TRN2900,12,6,0,Clear,0,524
2025-08-10,Nellore,TRN3393,11,6,0,Fog,0,409
2025-10-29,Vijayawada,TRN4104,20,2,0,Clear,0,622
2025-01-16,Kurnool,TRN1873,3,3,0,Clear,0,380
2025-02-10,Warangal,TRN5099,12,0,1,Cloudy,0,677
2025-05-26,Visakhapatnam,TRN5568,6,0,0,Clear,0,165
2025-08-16,Vijayawada,TRN1135,2,5,1,Cloudy,0,670
2025-12-11,Tirupati,TRN4685,9,3,0,Cloudy,0,502
2025-07-10,Tirupati,TRN5315,1,3,0,Cloudy,0,235
2025-12-07,Vijayawada,TRN1703,16,6,0,Clear,0,478
2025-03-01,Visakhapatnam,TRN1023,9,5,0,Clear,0,660
2025-07-26,Vijayawada,TRN2997,23,5,0,Cloudy,0,335
2025-11-13,Hyderabad,TRN1093,11,3,1,Cloudy,0,713
2025-04-06,Nizamabad,TRN4129,9,6,0,Clear,0,634
2025-12-05,Visakhapatnam,TRN5193,3,4,0,Rain,1,546
2025-10-01,Visakhapatnam,TRN5192,21,2,0,Clear,0,646
2025-07-20,Vijayawada,TRN3999,18,6,0,Cloudy,0,762
2025-05-25,Vijayawada,TRN1184,13,6,0,Fog,0,437
2025-12-23,Hyderabad,TRN5109,8,1,0,Rain,0,483
2025-09-12,Guntur,TRN4862,12,4,0,Rain,0,405
2025-07-17,Tirupati,TRN2526,2,3,0,Rain,0,258
2025-03-11,Vijayawada,TRN1800,13,1,0,Rain,0,446
2025-01-18,Secunderabad,TRN2513,2,5,0,Rain,0,380
2025-08-21,Warangal,TRN3617,5,3,0,Rain,0,255
2025-11-12,Tirupati,TRN3544,16,2,0,Clear,0,313
2025-01-10,Nizamabad,TRN4592,16,4,0,Clear,0,361
2025-10-19,Warangal,TRN2967,1,6,0,Clear,0,351
2025-04-25,Secunderabad,TRN2971,6,4,0,Clear,0,253
