train_id,engine_temperature,brake_pressure,vibration,wheel_condition,engine_hours,last_service_days,maintenance_count,failure
TRN5021,91.33,88.74,3.28,55,6057,67,7,0
TRN4020,75.91,93.46,3.34,75,5416,257,11,0
TRN5714,87.09,90.08,5.38,96,5831,229,4,0
TRN5915,62.02,91.54,4.6,85,4060,137,14,1
TRN3186,91.01,87.05,3.15,57,11743,146,9,0
TRN2262,79.19,104.52,5.51,53,4872,31,0,0
TRN5559,86.62,83.03,3.63,59,12624,151,0,1
TRN5821,95.83,94.92,2.54,77,11688,125,13,0
TRN3831,88.39,94.4,5.0,71,8695,71,0,0
TRN3794,87.67,87.05,2.61,94,8998,216,3,0
TRN4712,78.71,103.13,2.95,67,14161,92,3,0
TRN1426,102.85,96.82,5.61,65,11976,344,3,0
TRN3649,91.15,105.42,5.7,89,8886,27,1,0
TRN4480,77.06,98.25,6.34,50,14697,39,11,1
TRN4033,91.45,94.67,3.46,68,2492,300,1,1
TRN5668,93.69,98.87,3.44,84,11720,105,10,1
TRN4895,97.51,91.73,3.56,95,5557,73,1,0
TRN1736,56.35,93.43,2.27,95,9925,229,7,0
TRN4283,93.26,92.87,4.92,90,5191,208,2,0
TRN4903,72.96,93.05,2.16,76,9072,50,6,0
TRN5645,90.94,95.95,4.24,85,1733,187,6,0
TRN1159,108.07,85.57,4.42,78,11075,256,12,1
TRN2384,78.71,80.51,1.53,58,11225,20,3,0
TRN5109,84.74,103.41,5.82,91,8943,60,9,0
TRN5760,80.78,101.74,3.52,57,2447,239,0,0
TRN1289,91.67,83.76,4.6,50,4384,326,13,1
TRN5736,71.32,82.75,2.79,77,12398,18,5,1
TRN5733,82.75,92.93,3.36,55,13714,232,12,1
TRN4214,99.19,96.09,4.21,93,4592,348,3,0
TRN5475,77.63,96.02,3.88,53,10888,212,2,0
TRN1906,109.27,89.4,5.83,77,3113,102,10,0
TRN5554,94.52,107.17,2.16,78,1920,282,3,0
TRN5950,75.59,99.75,5.28,54,2054,273,14,0
TRN3040,62.05,90.93,1.94,53,3912,348,10,0
TRN3986,90.48,87.41,1.85,53,14264,59,1,0
TRN1781,68.17,90.92,0.66,54,10035,156,2,1
TRN1581,78.9,89.51,2.69,84,5412,144,7,0
TRN5542,58.09,96.48,4.48,76,6852,319,10,0
TRN4592,78.45,93.03,3.22,100,11273,32,12,0
TRN1845,100.88,93.03,1.7,84,7210,158,10,0
TRN5257,87.88,78.9,3.76,54,14291,29,4,1
TRN3427,77.34,89.17,2.63,71,6911,360,1,0
TRN4841,77.81,96.2,1.99,59,7541,332,6,1
TRN4891,62.86,83.6,3.14,82,6583,324,5,0
TRN1632,86.66,92.75,4.73,96,13635,33,0,0
TRN2832,88.47,98.5,2.93,93,8611,42,14,0
TRN5101,73.97,96.05,4.02,50,2872,83,1,0
TRN1692,108.36,99.92,6.22,64,7203,343,11,1
TRN2758,82.0,87.12,4.96,99,4344,168,14,1
TRN5443,85.86,101.11,4.13,80,9376,78,6,0
TRN2639,87.71,102.25,4.77,79,4349,286,3,1
TRN1724,73.87,100.07,8.14,99,12958,3,10,0
TRN2470,77.38,98.35,5.44,63,12277,193,5,0
TRN3806,79.75,95.9,6.06,69,11159,178,1,1
TRN5276,100.68,96.91,3.95,80,13233,251,6,0
TRN5449,74.38,84.2,4.69,61,9664,320,5,1
TRN1245,93.31,90.77,1.2,88,4000,207,6,0
TRN5985,79.43,97.64,4.85,76,14417,346,5,1
TRN3368,86.14,84.58,6.12,65,12606,38,8,0
TRN2539,98.79,97.89,6.69,50,4156,318,1,1
TRN4896,94.74,95.01,5.23,74,3686,44,14,1
TRN2079,75.31,88.35,2.21,65,4400,205,12,0
TRN4575,62.56,98.83,2.22,79,5110,292,8,0
TRN2476,77.65,90.27,4.06,98,12580,322,5,0
TRN4813,85.29,95.34,4.78,60,2966,235,5,1
TRN4413,105.59,89.19,2.88,77,3765,36,9,0
TRN2417,98.99,92.79,3.8,100,5022,357,6,0
TRN3365,68.66,86.93,6.23,86,2647,180,5,0
TRN1716,80.43,93.38,5.75,53,5222,194,4,0
TRN2090,92.91,96.92,6.58,84,9975,136,4,0
TRN3360,105.04,95.34,2.37,54,11835,307,11,0
TRN4130,66.28,78.01,4.78,95,12116,8,12,0
TRN5910,91.29,101.06,0.96,92,3823,278,1,0
TRN1711,51.57,87.45,3.7,86,11758,211,8,0
TRN4820,86.16,87.34,5.29,86,9474,85,8,0
TRN1810,92.12,85.36,0.78,66,12924,271,9,0
TRN2164,76.79,93.35,0.67,59,10132,251,14,1
TRN4880,84.0,87.75,5.58,99,13652,94,9,0
TRN3536,73.92,85.41,1.51,98,1395,96,11,0
TRN3983,89.14,109.96,4.93,92,9095,33,7,0
TRN4055,92.91,115.74,4.66,78,9684,132,3,0
TRN1943,77.65,91.94,4.77,58,14670,333,11,1
TRN4612,78.76,93.77,4.26,74,13749,202,7,0
TRN4249,81.37,78.82,1.84,64,7239,139,3,0
TRN1295,104.05,96.93,6.24,77,13079,106,9,0
TRN3274,85.22,103.17,4.38,81,3369,64,7,0
TRN3997,67.44,94.98,4.35,89,3676,349,12,1
TRN1486,69.77,90.53,3.47,63,10906,107,11,0
TRN3178,69.2,92.9,1.65,71,10685,149,14,0
TRN2506,90.7,89.79,3.18,76,14179,223,9,0
TRN3414,70.85,83.5,3.2,56,7549,137,2,1
TRN3069,107.83,86.2,5.25,85,3313,228,1,0
TRN1488,98.67,105.62,5.02,54,14353,258,11,1
TRN1559,68.71,95.86,3.91,66,13674,73,11,0
TRN3900,106.23,110.12,2.13,67,4841,176,10,1
TRN1955,93.73,94.45,3.79,62,4589,40,4,0
TRN3356,73.3,82.86,4.37,76,14597,126,8,0
TRN3320,76.3,106.16,2.47,100,7834,213,0,0
TRN2114,67.38,102.8,5.93,64,8873,343,12,1
TRN4874,96.22,102.48,4.88,72,12854,130,5,0
TRN4912,92.96,95.76,2.91,65,14310,341,4,0
TRN2394,87.53,87.08,2.71,57,3413,351,4,1
TRN5015,90.96,81.5,5.78,51,1240,161,14,1
TRN5711,83.2,111.44,4.03,56,9291,171,11,1
TRN2158,83.54,102.05,-0.01,94,8874,160,8,0
TRN4952,73.41,99.37,4.23,76,11705,13,11,0
TRN3499,90.76,82.05,5.47,64,3551,285,9,0
TRN3745,99.73,98.83,2.87,84,13703,349,13,1
TRN5425,94.99,86.09,3.43,78,6240,352,9,1
TRN2707,70.85,79.37,0.8,52,1596,212,1,0
TRN5355,98.06,103.37,4.41,60,10151,112,0,0
TRN4113,71.24,105.6,1.81,76,13345,134,14,0
TRN4503,73.71,102.28,2.62,74,7135,250,0,0
TRN2771,117.11,93.64,3.14,71,5509,276,13,1
TRN5409,75.8,93.92,3.52,63,7365,240,7,0
TRN3102,87.08,80.7,2.43,67,9741,326,13,1
TRN5558,72.9,106.74,3.68,92,11589,15,12,0
TRN5567,75.85,91.88,3.77,91,13637,336,14,1
TRN4466,87.46,91.49,2.24,61,8690,222,9,0
TRN3393,76.93,89.48,4.28,75,4778,245,10,0
TRN2144,74.1,97.28,5.27,97,4610,93,10,1
TRN5741,105.21,95.25,2.54,92,6188,97,9,0
TRN5439,79.82,85.87,3.62,88,6728,288,9,0
TRN3577,71.76,100.32,1.72,88,7565,318,13,0
TRN2650,66.55,80.66,3.76,93,6650,60,14,1
TRN3505,87.43,98.11,3.56,91,12542,166,3,1
TRN4318,93.48,100.13,3.48,52,4072,219,1,1
TRN1715,94.51,94.01,4.07,54,2685,167,5,1
TRN2277,92.0,98.13,1.02,72,1716,67,5,0
TRN1386,81.02,97.27,2.12,77,2268,177,0,0
TRN3792,82.68,87.22,7.23,76,14283,124,9,1
TRN1448,103.59,84.07,4.35,77,8878,178,12,1
TRN4613,84.41,97.51,-0.57,98,9513,51,9,0
TRN1051,81.73,93.25,3.95,97,5152,236,3,0
TRN1854,87.6,78.87,3.01,70,13151,351,1,1
TRN2799,87.47,99.35,5.74,94,3077,362,6,1
TRN2763,66.4,99.43,6.33,66,11327,287,3,0
TRN4868,67.82,100.74,2.24,75,6608,236,10,1
TRN4419,79.76,83.84,6.06,98,11602,324,3,0
TRN5768,80.76,90.76,2.53,74,2751,84,1,0
TRN5723,68.97,97.85,3.66,96,7005,141,1,0
TRN3851,88.59,86.27,4.7,83,12801,255,9,0
TRN2862,87.78,108.5,0.73,73,11414,337,14,0
TRN1026,75.38,104.44,4.46,63,2122,256,4,1
TRN5548,91.32,106.19,2.39,93,5507,129,14,0
TRN4532,89.73,93.32,2.7,63,2612,117,7,0
TRN5221,96.27,104.96,5.53,56,13428,135,2,1
TRN1827,88.26,99.08,3.08,78,1025,39,4,0
TRN3930,79.84,90.02,3.61,73,6150,256,7,0
TRN2655,56.05,91.89,6.2,94,4656,144,5,1
TRN3736,69.07,89.23,6.77,64,8767,197,4,0
TRN1057,102.5,86.61,1.88,55,4622,16,2,0
TRN2106,87.83,103.11,5.72,67,9829,37,5,0
TRN4022,81.87,104.23,2.26,82,4271,347,0,1
TRN4476,117.06,88.54,4.2,55,6328,133,2,1
TRN2116,85.06,107.37,2.54,65,13816,51,6,0
TRN3631,83.79,94.8,4.08,61,4386,212,9,0
TRN5840,91.85,97.12,7.89,50,4255,139,12,0
TRN5731,83.41,104.19,5.08,90,11490,139,7,0
TRN5052,78.37,99.54,5.07,66,4203,244,14,0
TRN4677,106.51,89.53,4.0,67,2968,209,0,0
TRN3858,78.24,100.26,5.34,94,9724,297,3,1
TRN3559,73.76,85.81,3.3,63,6911,166,0,0
TRN4089,83.07,101.19,2.42,84,8181,189,0,0
TRN5845,106.84,83.67,2.1,75,12407,108,10,1
TRN4893,71.49,94.35,3.32,51,13146,355,14,0
TRN4019,98.76,113.23,3.02,53,9809,120,0,0
TRN1223,79.49,111.15,4.94,67,2155,276,4,0
TRN1028,81.4,82.54,6.19,75,12264,153,7,1
TRN4148,61.94,107.52,5.33,76,14404,322,14,0
TRN5514,90.11,97.56,4.21,91,8570,302,8,0
TRN3132,73.87,84.62,2.54,51,11008,359,5,1
TRN4822,86.64,87.15,4.97,81,11595,142,9,0
TRN2239,83.29,88.2,4.61,94,5743,2,3,1
TRN4112,84.92,107.33,5.72,89,14930,229,4,0
TRN1289,75.63,98.52,3.96,53,2574,139,11,0
TRN2490,64.96,98.66,5.54,75,3185,79,9,0
TRN3384,74.49,84.2,4.06,63,8364,18,8,0
TRN5447,116.68,95.61,3.92,56,8665,59,12,1
TRN4326,75.51,97.82,3.22,92,6272,282,11,0
TRN3075,70.88,103.91,6.49,80,12212,116,13,0
TRN3662,84.74,87.22,4.2,77,12452,20,8,0
TRN1027,73.24,107.71,4.35,52,7130,182,7,0
TRN5046,82.58,108.72,6.03,54,11610,133,1,1
TRN5926,84.61,89.21,4.6,86,6332,31,13,0
TRN1341,101.62,110.51,5.84,55,5038,51,14,1
TRN3798,106.35,98.51,4.92,72,2981,27,12,1
TRN5253,86.11,97.99,5.37,70,6910,314,3,0
TRN3228,89.09,103.17,1.37,68,4033,344,14,1
TRN3363,67.38,101.43,2.5,81,3479,253,8,0
TRN5595,76.15,99.72,3.5,81,6693,184,12,0
TRN3599,77.77,93.42,0.61,76,2914,86,10,0
TRN3711,93.31,80.36,4.6,90,4405,130,8,0
TRN5042,100.83,96.02,3.44,94,8170,61,6,0
TRN5524,83.89,101.16,4.42,68,14011,62,2,0
TRN2567,85.72,92.45,5.97,83,1369,201,6,0
TRN4917,76.38,104.65,1.07,94,14489,291,3,0
TRN3175,83.89,91.0,5.4,77,3092,78,6,0
TRN2740,76.1,88.41,3.61,81,5193,182,1,0
TRN5805,101.93,102.92,4.33,95,2399,33,8,0
TRN4337,85.98,80.46,2.69,71,8520,225,8,0
TRN4427,75.75,97.27,5.14,86,2392,123,4,0
TRN1402,90.12,97.72,4.41,64,1766,132,12,0
TRN4910,111.98,95.27,6.88,83,9772,240,9,1
TRN3908,100.05,97.06,6.1,75,10802,77,3,0
TRN5368,70.42,99.44,6.25,53,7449,298,14,1
TRN3698,67.93,92.74,5.02,89,12220,301,1,1
TRN1524,77.87,105.69,5.43,85,2701,259,12,0
TRN1750,81.48,103.33,2.9,90,8347,20,13,0
TRN5364,95.37,97.01,3.51,60,13975,269,13,1
TRN5737,86.23,95.06,4.72,65,2170,295,11,0
TRN2481,79.9,95.35,5.66,85,11771,361,8,0
TRN5736,80.59,86.44,2.5,56,2676,240,7,0
TRN1738,96.57,81.97,1.88,79,8012,151,11,0
TRN5518,68.01,93.35,4.06,61,13048,159,7,1
TRN2293,81.36,88.98,5.35,52,5734,298,9,0
TRN5688,64.3,98.13,5.87,95,7588,338,0,1
TRN2111,65.49,104.46,6.28,79,10574,235,12,0
TRN4197,98.55,95.93,4.97,50,4894,192,9,1
TRN1624,91.62,86.04,4.77,57,9648,261,14,0
TRN5696,76.29,92.72,5.21,88,11647,130,7,0
TRN5396,97.48,94.62,1.84,71,1208,186,14,0
TRN5421,74.45,101.0,1.65,95,14264,132,9,0
TRN4335,78.73,105.36,3.67,85,4122,292,14,0
TRN1500,77.31,86.34,2.83,96,7459,116,13,0
TRN3632,84.51,99.63,3.42,68,6603,44,1,0
TRN4657,94.67,92.99,4.99,87,4873,161,3,1
TRN3354,86.65,98.4,3.09,50,12558,32,2,0
TRN5028,83.35,91.63,2.75,86,8514,132,3,0
TRN2854,78.04,87.63,0.94,67,7927,175,14,0
TRN5728,63.62,90.51,3.51,65,12311,41,2,0
TRN5302,60.57,93.42,2.75,70,10389,226,9,0
TRN3201,105.6,96.93,3.48,55,11899,97,8,1
TRN5728,80.38,89.14,2.33,100,8226,127,11,0
TRN3526,97.7,108.57,2.14,92,14082,220,8,0
TRN1307,85.78,87.21,3.07,65,2346,257,1,0
TRN5078,79.65,101.19,5.06,80,8072,310,3,0
TRN3664,72.52,85.79,3.08,67,7169,215,2,0
TRN4210,94.39,84.48,5.72,86,4275,287,7,0
TRN4709,95.98,83.49,4.45,59,14479,269,4,1
TRN3536,83.68,91.56,3.88,90,6967,255,11,0
TRN4084,76.48,81.94,3.06,78,13153,271,0,1
TRN4960,107.12,92.31,4.34,74,4893,212,5,1
TRN3176,70.49,88.44,6.38,90,7666,63,10,0
TRN3950,63.62,95.87,5.96,96,12535,225,2,0
TRN1823,68.49,94.96,2.9,68,2083,298,9,1
TRN5528,71.68,100.53,5.36,74,3919,3,14,0
TRN5878,81.82,103.21,2.88,73,14406,359,14,0
TRN4826,100.49,94.28,4.69,94,1783,258,7,0
TRN3270,103.75,90.35,3.52,76,6554,307,7,1
TRN3663,89.08,99.31,4.17,96,10769,169,9,0
TRN5748,85.67,94.78,2.56,58,14410,292,2,0
TRN3025,79.78,93.67,3.08,71,1215,35,5,0
TRN1715,84.34,90.99,6.13,56,11450,101,2,1
TRN4905,100.11,90.16,4.33,52,8410,306,5,0
TRN4108,91.97,87.18,6.39,98,5405,180,5,0
TRN2156,70.88,105.81,4.19,98,8980,289,4,1
TRN2273,97.23,94.65,3.81,81,7144,32,2,0
TRN5632,89.61,112.33,6.18,85,1102,192,1,0
TRN4768,90.21,98.12,1.93,100,12839,352,2,1
TRN5300,61.12,99.33,1.92,75,11234,255,5,0
TRN1449,82.29,88.41,-0.06,70,7097,84,3,0
TRN4417,76.29,100.53,4.02,89,4061,234,7,0
TRN1163,99.11,81.38,2.24,97,8274,116,1,1
TRN4486,101.62,109.76,5.9,95,3052,45,12,0
TRN1655,93.73,100.38,4.39,78,9796,213,8,0
TRN4262,89.76,93.69,3.47,72,3298,60,0,0
TRN5537,83.99,91.76,5.06,73,11754,129,14,0
TRN4757,81.73,105.54,4.2,86,6823,143,9,0
TRN5961,68.84,97.27,4.83,88,10084,32,9,0
TRN2812,90.71,95.64,5.11,91,14264,292,7,0
TRN3075,94.92,97.91,5.8,56,4847,15,8,0
TRN2940,81.24,81.87,2.31,89,14670,78,10,0
TRN5819,87.74,97.03,4.62,65,4573,229,11,0
TRN5353,81.19,92.04,4.17,93,12800,294,4,0
TRN1605,101.07,72.56,3.84,63,6628,359,3,1
TRN1360,85.93,115.26,3.74,76,13894,303,7,1
TRN4990,47.64,98.8,3.2,74,9770,89,9,0
TRN2450,103.12,89.22,2.44,95,2066,319,0,0
TRN4865,89.28,100.83,3.59,56,3437,149,1,0
TRN5726,84.4,100.2,2.2,53,14000,289,10,1
TRN5459,86.74,98.41,1.49,71,7169,291,0,0
TRN2446,84.4,92.29,3.21,76,14752,85,5,0
TRN5211,78.02,95.46,4.94,58,2060,306,12,0
TRN5656,80.5,89.18,2.37,73,10883,167,6,1
TRN4154,93.41,98.73,8.0,63,1468,267,14,1
TRN3995,72.55,108.84,5.39,64,6706,140,2,0
TRN4292,75.72,91.72,3.93,79,8183,336,0,0
TRN1125,77.62,91.79,3.19,99,10657,323,14,1
TRN1586,85.29,102.09,5.1,94,3479,244,6,0
TRN2036,62.16,98.54,2.81,87,8754,317,9,0
TRN2113,87.44,82.73,5.74,73,9180,19,8,0
TRN5591,86.76,88.65,4.22,58,3756,100,12,0
TRN1440,88.05,100.84,2.35,61,14455,60,2,0
TRN3780,84.26,102.49,2.0,84,7519,282,2,0
TRN3459,62.06,83.25,5.72,57,12250,260,0,0
TRN4473,90.97,85.06,5.38,58,8207,84,9,0
TRN3960,101.25,84.83,4.99,89,4899,293,13,1
TRN3206,90.77,81.89,4.7,54,14400,272,14,1
TRN5182,85.49,89.82,2.28,73,7297,354,12,0
TRN4250,69.35,89.38,0.61,65,5783,182,14,0
TRN2598,52.2,92.08,3.11,80,14491,312,6,1
TRN1450,84.2,81.53,2.43,63,12601,35,14,1
TRN1727,85.98,103.41,3.93,86,11384,287,9,0
TRN2174,76.1,84.45,5.18,77,10717,138,1,0
TRN4385,98.25,108.69,3.82,73,14369,357,1,0
TRN3229,86.16,92.35,4.52,57,9819,27,13,0
TRN2800,92.24,104.18,1.78,76,13220,126,4,0
TRN3737,91.6,81.13,6.17,62,6369,169,1,0
TRN5011,93.98,101.36,2.22,51,13474,237,6,0
TRN4619,74.47,87.92,3.04,96,13289,231,7,0
TRN2229,70.1,111.77,2.68,91,6383,282,5,0
TRN4256,107.76,97.41,3.67,66,11138,153,10,0
TRN3355,93.02,95.83,6.83,54,9857,246,9,1
TRN3947,93.91,103.26,4.85,65,7571,2,12,0
TRN4491,82.72,83.34,2.82,71,7462,284,9,1
TRN2287,82.2,103.28,2.28,92,11265,326,11,1
TRN5005,86.26,92.89,1.93,50,9482,324,7,0
TRN2602,85.74,90.36,3.52,80,2311,148,14,0
TRN3270,97.98,105.13,2.84,96,11012,180,2,0
TRN3628,78.39,101.13,4.16,52,14159,171,4,0
TRN4991,75.04,99.87,2.01,96,12377,209,8,0
TRN3153,93.58,97.42,1.75,50,2629,348,12,0
TRN2784,65.32,106.35,6.38,68,6986,289,7,0
TRN1859,75.41,89.16,4.22,68,12323,124,9,1
TRN3307,99.41,109.03,5.22,79,13954,66,7,0
TRN4623,80.0,92.27,5.32,96,12826,147,13,0
TRN1728,69.51,88.21,4.75,99,1423,47,13,0
TRN1319,78.26,100.0,5.99,86,3488,150,1,0
TRN1599,65.54,89.17,5.2,99,8612,40,3,0
TRN4384,68.17,97.31,4.51,70,7888,339,13,0
TRN5434,76.39,98.77,4.43,50,3983,257,7,0
TRN5551,98.24,93.6,5.43,61,11772,331,1,1
TRN3143,72.68,93.35,4.83,58,6305,49,0,0
TRN4851,84.44,95.75,3.75,96,4884,49,7,0
TRN3824,74.35,88.97,3.52,92,13636,234,11,0
TRN1680,74.92,92.55,2.75,84,1095,53,11,0
TRN2621,48.66,98.81,2.5,56,10159,68,5,0
TRN2532,95.81,83.26,4.04,56,5500,225,10,0
TRN1567,81.06,82.62,2.89,95,13219,49,12,0
TRN4856,70.43,102.02,3.81,75,8486,60,4,0
TRN2442,76.93,100.74,3.54,53,6685,114,11,0
TRN2028,79.51,90.47,2.94,82,4487,70,10,1
TRN4688,74.33,96.33,6.12,54,8716,360,2,1
TRN3449,101.15,115.62,5.23,85,12026,317,0,1
TRN2512,89.51,104.82,6.3,96,3558,123,3,0
TRN3650,85.85,97.59,2.56,79,13461,86,10,0
TRN4516,94.28,94.44,1.45,51,2088,340,12,0
TRN3440,88.44,106.24,5.44,97,1045,186,4,0
TRN3317,80.49,94.76,6.19,72,8939,159,7,0
TRN2846,87.64,95.03,0.81,97,7847,317,1,0
TRN3801,108.69,98.17,3.71,66,7461,321,13,1
TRN1944,69.28,83.99,3.98,54,4788,209,2,0
TRN5067,68.85,100.12,5.67,56,5371,188,7,0
TRN3106,78.93,91.23,6.26,78,1733,31,3,0
TRN1761,84.25,87.57,3.29,55,3666,107,2,0
TRN5144,88.22,90.93,3.93,65,2555,59,10,0
TRN3309,80.93,93.36,2.16,60,1793,51,14,0
TRN5854,98.78,82.07,5.46,70,9043,330,4,0
TRN4325,84.06,99.01,5.48,58,10381,101,3,1
TRN3762,96.51,83.18,4.15,77,4133,2,11,0
TRN3374,93.19,109.08,4.1,68,3938,221,11,0
TRN5465,90.95,94.59,4.83,74,13444,203,4,0
TRN3775,99.7,85.3,3.49,54,13539,318,1,1
TRN4788,94.25,100.17,5.49,67,8891,98,6,0
TRN2742,104.45,75.25,4.06,83,9659,275,9,1
TRN5200,69.56,97.96,6.36,65,3350,170,8,0
TRN5395,95.25,90.23,5.99,93,7169,219,6,0
TRN1978,87.65,96.67,5.92,98,2127,61,0,0
TRN1098,80.6,85.15,3.73,50,9252,266,1,1
TRN5530,62.81,86.01,6.89,52,14766,89,14,1
TRN3628,81.81,95.0,5.08,91,6958,197,14,0
TRN2827,89.82,90.05,5.76,96,1199,302,5,0
TRN5384,84.4,105.37,3.13,76,8953,324,12,0
TRN4153,101.75,95.83,5.08,62,7929,126,5,0
TRN4111,73.26,93.49,3.82,93,7011,220,8,0
TRN3723,85.53,100.84,1.72,100,9300,306,5,0
TRN1642,97.82,89.81,1.82,59,3859,175,11,0
TRN4262,89.62,96.6,3.21,79,3830,223,10,0
TRN1238,97.58,104.11,5.45,71,6263,248,0,0
TRN4351,96.04,101.1,6.16,90,7619,279,10,1
TRN1714,87.86,95.66,1.76,82,5730,196,3,0
TRN5885,85.56,91.22,3.96,77,3466,137,5,0
TRN5179,100.19,91.74,2.88,88,7301,74,1,0
TRN4613,90.85,113.49,2.95,100,4772,222,2,0
TRN5017,100.32,89.78,7.39,50,3327,276,5,1
TRN1209,84.51,79.34,3.72,63,8000,255,10,1
TRN5996,79.04,107.08,6.55,94,9738,204,3,0
TRN3998,54.99,95.07,4.22,91,4511,23,11,0
TRN3599,93.33,100.0,2.24,65,6361,110,12,0
TRN3273,81.89,111.41,6.38,88,12745,169,8,0
TRN5797,102.37,81.14,5.34,65,12466,155,6,0
TRN2623,83.79,98.67,4.74,64,11043,215,12,1
TRN2186,98.45,94.87,5.52,58,13001,180,7,0
TRN3520,83.56,93.57,4.57,52,9318,147,3,0
TRN4463,85.96,93.97,6.31,51,8196,49,4,1
TRN2127,76.71,88.51,1.94,59,5052,66,8,1
TRN4622,80.82,101.01,4.21,89,8768,357,2,1
TRN3022,88.74,92.33,3.82,91,13356,168,4,0
TRN3795,70.29,106.83,2.15,98,9035,336,2,1
TRN3102,89.1,102.67,5.4,63,8303,288,13,0
TRN4913,95.58,95.56,4.15,70,2575,335,10,0
TRN3510,79.14,91.68,3.32,60,13381,118,2,0
TRN1042,87.51,102.97,2.95,59,3049,81,14,1
TRN1461,85.85,93.44,4.23,67,2052,68,13,0
TRN4504,76.31,83.82,2.4,69,4256,228,4,1
TRN1267,92.42,103.99,3.08,55,6340,347,11,1
TRN3694,60.87,83.44,2.63,52,11855,304,2,1
TRN2986,67.15,94.85,3.9,88,1382,192,14,0
TRN1193,88.58,96.53,4.99,78,9129,105,9,0
TRN2188,82.02,93.07,4.06,57,12310,246,6,1
TRN3769,84.67,103.1,2.43,80,3127,76,13,0
TRN2603,85.49,111.97,2.46,51,5207,195,8,0
TRN2111,98.69,94.33,2.07,88,9460,303,10,0
TRN3566,84.32,97.51,5.32,90,3667,339,11,0
TRN2860,68.1,105.38,3.51,95,2541,352,8,1
TRN1006,99.03,89.95,3.39,68,1090,67,8,0
TRN5245,91.05,89.1,4.57,53,8019,169,4,1
TRN4879,85.95,77.14,2.94,72,12447,265,7,0
TRN4101,90.62,92.29,3.36,92,14992,319,12,1
TRN2024,101.72,96.22,4.99,95,5676,160,4,1
TRN3497,64.69,104.26,3.27,60,14242,220,11,1
TRN4004,98.52,98.68,3.0,68,3211,57,6,0
TRN2056,85.49,91.97,6.17,89,9287,109,11,0
TRN5842,82.41,98.06,2.91,84,6468,146,5,1
TRN1885,85.49,87.27,5.92,100,2637,276,8,0
TRN2157,92.11,82.75,2.92,52,3357,235,2,0
TRN1579,104.98,86.13,2.72,72,6074,321,3,0
TRN5679,74.13,98.16,6.38,50,14411,67,2,1
TRN5699,77.7,83.43,3.05,75,10095,180,6,0
TRN1566,82.94,78.48,5.9,85,2192,248,3,0
TRN5597,113.46,108.19,2.42,75,2201,30,3,1
TRN2005,94.68,103.49,1.85,52,8522,184,0,0
TRN5375,99.37,108.83,1.29,84,2396,230,0,0
TRN5318,85.68,80.69,0.6,53,1534,360,11,0
TRN1591,73.03,95.48,4.42,93,1497,205,8,0
TRN5280,98.29,99.79,3.85,65,12412,226,13,0
TRN5842,83.57,90.86,5.12,55,5856,44,6,1
TRN2364,77.61,83.48,4.37,51,5927,299,13,1
TRN4103,88.72,94.59,2.93,71,3009,249,12,0
TRN5196,78.84,87.9,5.0,60,8208,4,8,0
TRN5938,93.36,107.96,4.66,87,14774,341,6,1
TRN4450,77.26,88.57,3.37,79,6664,192,2,0
TRN2477,82.02,100.1,3.5,53,11849,280,11,1
TRN5694,77.93,94.6,2.33,76,4234,18,6,0
TRN4743,67.19,90.82,2.78,99,3849,129,8,0
TRN4780,84.41,87.61,2.56,87,12627,272,6,0
TRN5992,92.88,101.0,4.1,55,11780,296,6,0
TRN1794,75.41,97.76,5.33,89,1291,257,0,0
TRN4097,77.74,102.03,5.09,56,3314,336,14,0
TRN5100,69.44,98.65,4.35,81,2203,230,1,0
TRN2311,110.14,106.12,1.78,94,1546,170,11,0
TRN2672,83.44,97.41,1.07,87,6931,149,5,0
TRN3951,87.02,100.77,3.03,91,2158,69,4,0
TRN5105,84.82,82.06,4.63,67,2214,278,13,0
TRN2597,74.76,116.53,2.42,63,8105,234,6,1
TRN2227,100.32,99.01,2.07,73,6476,182,1,0
TRN2966,92.26,96.33,1.03,96,12902,204,8,0
TRN3095,78.7,104.87,1.73,56,5318,233,12,0
TRN2814,78.87,89.24,2.79,61,5165,194,4,0
TRN4729,96.42,105.46,5.73,94,4621,236,5,0
TRN1611,84.48,94.74,3.15,51,13799,349,4,0
TRN5040,94.47,89.67,2.3,62,10960,149,12,0
TRN4467,82.83,87.02,3.36,89,9121,94,2,0
TRN5575,98.16,99.49,6.27,100,1645,146,0,1
TRN2547,101.5,90.8,4.03,73,4137,240,2,0
TRN3562,106.44,94.82,1.57,54,3410,116,10,0
TRN3230,65.69,100.26,4.03,68,5376,107,14,0
TRN4627,92.85,104.03,5.35,87,11205,325,6,1
TRN4995,92.78,85.36,4.11,89,7469,222,1,0
TRN1370,97.9,88.48,2.92,66,5120,44,13,1
TRN3560,62.81,88.59,2.42,97,4512,113,9,0
TRN2163,65.97,103.97,4.74,59,11171,173,2,0
TRN3941,70.56,96.79,3.54,83,11945,89,8,0
TRN2885,102.03,100.35,4.13,62,11016,239,3,0
TRN5784,75.64,92.33,2.82,85,7882,5,11,0
TRN1232,99.43,89.38,3.48,82,7062,292,2,0
TRN2911,81.62,89.26,5.41,80,3018,156,0,0
TRN4112,84.13,114.66,4.78,53,5238,229,14,1
TRN1721,76.71,95.95,5.01,79,12363,287,4,0
TRN5445,68.19,88.04,2.57,74,5689,309,7,0
TRN4069,91.13,92.8,6.06,97,14753,212,10,1
TRN2309,81.84,86.53,2.88,55,12540,320,7,1
TRN4782,87.64,101.06,4.13,60,11287,298,6,1
TRN4770,62.67,101.9,0.52,81,6169,122,13,0
TRN3477,73.14,94.17,3.73,66,11808,154,3,0
TRN3656,65.1,92.78,2.92,59,5010,167,2,1
TRN3530,67.04,101.54,3.8,54,6705,63,7,0
TRN4997,97.86,98.77,2.02,79,13316,163,4,0
TRN5762,72.21,96.86,6.25,79,2610,144,6,0
TRN2576,93.68,97.13,3.07,89,2416,139,11,0
TRN1079,81.11,97.96,3.95,82,8095,130,1,0
TRN3718,70.2,101.43,3.26,81,10530,8,1,1
TRN2695,107.98,99.79,3.99,69,12166,115,3,0
TRN3653,88.65,98.38,5.22,89,2996,120,4,0
TRN5305,75.05,106.1,7.15,58,3950,229,5,0
TRN4295,90.05,74.55,5.76,61,12202,176,3,1
TRN4213,99.93,89.61,1.66,97,9217,337,1,0
TRN1816,73.96,93.91,4.38,72,6586,65,14,0
TRN3424,101.91,104.29,1.89,83,5800,314,5,1
TRN2933,107.18,98.24,5.82,53,4778,363,3,1
TRN2134,90.19,93.55,4.25,77,2718,28,10,0
TRN5469,86.9,105.61,2.99,85,14150,11,13,1
TRN1968,89.76,105.79,3.75,90,4589,103,13,0
TRN2319,88.46,103.19,3.51,74,7152,317,4,0
TRN2890,81.26,107.38,4.65,77,6491,105,14,0
TRN3242,73.95,101.05,4.4,84,12415,71,0,0
TRN3215,87.11,98.45,3.71,57,14912,278,1,0
TRN4922,97.66,103.37,4.98,50,4895,299,12,0
TRN5417,84.3,84.91,3.38,65,4556,301,2,1
TRN3359,90.09,94.3,2.41,96,14290,16,12,1
TRN1871,94.57,88.34,2.44,96,2837,359,1,0
TRN1236,90.23,86.79,3.26,67,8281,66,4,0
TRN5678,87.27,113.87,4.33,55,7604,326,3,0
TRN1848,102.2,113.12,5.9,87,8678,219,0,0
TRN3062,71.17,99.95,3.17,57,13167,285,8,1
TRN2800,87.79,101.74,2.82,90,5601,41,5,0
TRN2652,82.55,88.65,4.09,60,6371,116,2,0
TRN4724,97.67,97.01,2.6,94,5972,141,6,0
TRN4287,106.52,84.65,2.85,83,4851,68,3,0
TRN4165,94.84,112.12,4.01,87,1558,217,3,0
TRN3414,76.31,91.45,4.31,94,12201,326,2,1
TRN1478,84.38,92.45,3.16,93,6051,206,9,0
TRN4259,84.7,98.58,6.91,81,13524,315,6,1
TRN1034,99.67,73.6,3.72,57,12929,150,12,1
TRN1657,59.63,85.42,4.57,98,9299,60,14,0
TRN5971,84.73,97.78,3.29,74,2134,24,11,0
TRN2837,78.07,97.16,6.13,76,12709,6,5,1
TRN1232,96.6,92.48,3.37,57,6744,227,0,0
TRN2764,69.4,99.29,5.76,54,13325,177,12,0
TRN2254,90.44,95.38,1.85,79,7354,278,0,0
TRN5537,75.07,95.61,3.65,65,12762,233,10,0
TRN5509,61.5,97.04,3.67,56,12744,140,0,0
TRN1354,75.12,84.02,2.51,64,9079,72,13,1
TRN4392,75.33,92.38,1.44,71,3406,85,4,0
TRN2354,81.19,87.04,4.29,73,10779,80,6,0
TRN5861,85.75,88.74,3.77,54,4642,207,0,0
TRN5203,106.0,92.71,5.6,80,8532,41,3,0
TRN3768,91.48,104.76,1.61,57,14427,160,6,1
TRN1162,107.97,98.91,4.6,62,5890,30,0,1
TRN1462,79.57,100.64,2.72,82,11143,36,6,0
TRN4843,79.41,104.56,6.28,82,11539,329,10,1
TRN4058,73.67,92.52,5.57,91,13024,16,11,0
TRN4144,78.96,95.13,5.69,92,6207,141,12,0
TRN3977,86.5,106.64,4.24,96,12591,351,8,0
TRN5159,70.42,85.77,5.24,61,9492,152,14,0
TRN5641,89.66,96.54,5.21,91,4596,84,2,0
TRN1026,86.47,96.4,2.91,92,10085,296,6,1
TRN3374,86.81,102.66,2.35,92,4730,152,4,0
TRN2751,88.51,88.4,5.56,97,9366,119,10,1
TRN4917,57.92,94.72,5.18,59,14678,46,8,0
TRN4664,103.28,98.93,4.8,53,6926,312,4,0
TRN5887,72.72,107.43,2.5,51,11809,318,0,1
TRN1623,86.54,96.4,4.87,97,8239,71,0,0
TRN5028,88.39,110.16,3.39,77,13790,253,3,0
TRN3557,83.79,87.71,1.08,97,5964,270,13,0
TRN1631,96.46,94.6,5.8,88,5042,347,5,0
TRN4383,108.59,94.49,6.28,99,7655,340,0,0
TRN3502,96.09,89.45,3.57,67,14137,215,3,0
TRN2670,74.81,83.04,4.11,91,6019,285,14,0
TRN4361,66.43,105.5,2.62,91,12091,226,10,0
TRN3585,65.98,101.33,2.56,99,7624,223,14,0
TRN4294,69.72,94.63,4.01,99,11002,74,14,0
TRN2987,74.6,105.35,3.55,51,7807,318,1,0
TRN3744,93.0,98.65,3.07,79,11985,345,2,1
TRN4035,77.0,86.47,4.76,60,6571,82,10,0
TRN2641,98.2,101.47,1.35,71,14491,333,13,1
TRN1637,71.15,100.14,0.01,52,11541,41,3,0
TRN2093,97.55,105.38,2.85,53,12163,106,7,0
TRN5154,77.46,103.23,3.18,88,4774,140,7,0
TRN1577,77.11,91.55,4.5,55,12622,116,12,1
TRN3884,81.69,99.15,5.05,51,11115,119,8,0
TRN2198,93.99,97.61,3.6,88,11977,52,3,0
TRN4508,103.58,96.66,7.13,67,8789,11,10,1
TRN2922,101.97,97.17,2.51,56,2216,148,8,1
TRN5451,75.39,92.86,6.56,57,6086,19,4,1
TRN4756,66.33,86.64,1.43,94,12393,328,2,0
TRN3899,88.79,100.3,6.72,89,5758,35,14,0
TRN5646,95.01,90.73,6.04,76,7055,263,3,1
TRN5400,69.34,100.7,6.79,58,5788,350,2,1
TRN4789,74.28,91.9,1.75,78,11994,257,4,0
TRN3795,67.5,95.53,2.4,70,8229,303,4,1
TRN4128,93.64,102.87,3.87,81,10934,143,0,0
TRN4085,103.62,91.4,4.77,69,6953,144,2,0
TRN2277,73.2,106.9,4.55,81,4778,52,4,0
TRN2415,70.78,96.31,5.56,64,4331,209,5,0
TRN3386,76.33,93.66,1.82,66,1671,296,0,0
TRN1159,96.97,98.21,5.32,97,8032,337,13,1
TRN4513,77.81,117.73,4.01,52,10754,323,13,1
TRN2209,85.56,106.37,3.86,57,11253,357,8,0
TRN3520,92.82,99.07,4.38,50,14592,62,4,1
TRN3627,83.82,88.85,4.16,80,12215,242,2,0
TRN3378,77.73,103.39,4.39,62,5428,285,12,0
TRN5641,58.79,93.43,3.26,60,6179,164,5,1
TRN4426,95.79,98.08,4.39,85,5760,312,2,0
TRN5719,81.24,83.32,6.97,95,4836,18,9,0
TRN5565,86.67,87.85,3.44,83,4694,83,5,0
TRN4859,90.87,91.93,4.07,61,3847,214,0,1
TRN5376,83.77,99.19,3.51,92,2821,114,13,0
TRN5853,86.38,93.9,5.2,58,12491,22,3,1
TRN1755,96.6,88.9,4.42,88,6802,162,10,1
TRN5471,91.19,108.4,3.1,89,8527,12,6,0
TRN5914,78.0,97.19,5.04,98,6243,346,7,0
TRN1034,75.28,107.4,0.9,57,2708,10,3,0
TRN3867,81.25,85.82,4.72,71,3028,86,12,0
TRN5196,97.61,102.92,3.63,77,1414,185,12,1
TRN3950,83.88,94.45,3.81,63,10572,239,0,1
TRN4248,69.76,80.43,2.15,100,1032,362,11,0
TRN5866,67.4,84.55,5.79,97,7602,142,9,1
TRN1860,76.28,85.24,3.38,96,4530,51,6,0
TRN4956,89.52,98.03,5.98,69,13950,293,1,1
TRN1174,86.57,94.58,4.61,92,11811,197,7,0
TRN2954,96.21,99.15,6.2,51,2761,259,8,0
TRN2905,84.03,87.35,6.47,53,6604,289,0,1
TRN3163,65.24,88.17,4.91,96,13264,105,10,0
TRN4568,74.94,104.77,3.96,78,6238,152,0,0
TRN2730,98.26,99.25,2.92,76,3429,299,11,0
TRN1761,78.2,91.63,3.4,79,7313,49,8,0
TRN2879,61.66,88.34,5.46,58,10631,72,12,1
TRN4737,92.26,87.38,3.85,84,10635,194,13,0
TRN3823,86.58,96.6,4.91,83,11568,282,9,0
TRN5369,98.24,80.32,2.19,83,12572,95,4,0
TRN4259,85.43,90.51,5.18,72,13899,197,13,1
TRN1416,103.3,83.1,5.1,75,5729,287,9,0
TRN2015,85.79,109.21,4.21,67,10016,8,9,0
TRN3611,71.59,90.41,3.17,75,14012,267,0,1
TRN5172,101.55,98.23,6.88,63,1488,84,12,0
TRN3163,65.25,86.48,5.96,89,13771,209,10,0
TRN3556,92.62,100.28,6.49,55,10673,231,13,1
TRN4665,85.37,79.98,4.71,50,11294,152,3,1
TRN4339,85.77,80.55,2.7,75,7526,57,1,0
TRN5288,86.24,101.18,2.12,77,14688,172,0,0
TRN4735,81.61,95.66,5.43,98,9768,231,13,0
TRN2264,57.69,87.73,5.05,80,1612,237,0,0
TRN1454,90.58,72.66,3.66,68,3121,287,6,1
TRN4629,83.29,79.48,5.49,63,9585,3,3,0
TRN4891,68.89,114.49,4.41,91,2605,70,5,0
TRN3902,77.58,97.53,3.61,73,13577,156,14,0
TRN2108,88.21,101.08,3.12,85,11919,252,5,0
TRN3326,84.69,83.11,5.27,84,7809,137,7,0
TRN1476,99.69,82.54,2.15,63,6164,41,10,1
TRN4803,80.93,91.01,3.2,67,7456,284,5,0
TRN3730,77.82,94.49,2.79,62,4018,166,13,0
TRN1547,88.57,97.63,4.36,89,2348,19,3,1
TRN5492,72.74,97.99,3.63,54,8267,242,13,1
TRN4711,99.38,90.06,2.88,50,14673,65,9,0
TRN5536,64.21,105.92,3.67,63,2758,60,2,0
TRN1197,80.8,99.52,4.81,80,2993,308,0,1
TRN4923,84.77,95.11,2.86,53,3720,248,3,1
TRN2542,59.26,84.52,3.76,87,13463,223,12,0
TRN2431,92.56,85.32,4.48,63,12386,94,6,1
TRN4749,102.58,88.77,4.36,69,14851,302,1,0
TRN3414,78.88,112.68,3.2,69,9193,55,3,0
TRN3170,83.75,99.08,4.45,95,13627,59,0,1
TRN3976,104.99,84.8,5.74,82,6841,350,3,1
TRN5259,112.18,94.44,4.51,92,13198,96,13,1
TRN1164,72.75,95.33,3.85,91,10950,317,3,1
TRN4243,95.52,90.78,3.99,82,9753,346,0,0
TRN1472,76.92,94.45,3.29,53,9547,96,14,0
TRN1399,80.45,76.24,5.17,93,6125,23,6,0
TRN1173,96.23,107.98,3.36,81,9789,252,0,1
TRN2029,103.15,83.01,3.62,63,11408,210,13,1
TRN2568,80.44,87.07,4.94,56,14754,208,4,0
TRN1754,84.26,89.31,3.27,53,13403,286,1,1
TRN1565,102.25,90.27,4.62,70,6613,263,8,0
TRN5337,73.43,91.76,3.65,77,7372,258,9,1
TRN4885,75.6,98.87,4.86,87,8573,40,4,0
TRN1615,88.32,91.9,4.04,95,13959,343,4,0
TRN3618,85.44,81.27,4.52,56,10779,51,0,0
TRN5118,76.36,85.79,3.22,59,12737,22,4,0
TRN5400,87.79,93.57,6.8,58,2571,149,4,0
TRN1055,91.37,96.54,4.58,60,8380,128,6,1
TRN4955,87.07,84.82,7.03,76,1463,199,9,0
TRN1380,92.97,87.35,6.31,70,4239,316,11,0
TRN5322,113.08,91.95,5.21,75,11056,240,0,1
TRN1493,85.14,110.36,3.41,58,8649,51,7,1
TRN5094,70.16,95.48,4.12,70,7190,115,3,0
TRN4876,79.14,112.13,3.1,95,12278,21,10,0
TRN5620,82.64,103.6,5.67,51,14194,119,11,0
TRN4664,90.74,82.09,3.07,72,13803,43,11,1
TRN2215,99.33,92.78,7.1,70,12411,77,8,0
TRN1387,94.12,97.49,3.17,63,10154,189,11,1
TRN5638,77.19,114.29,2.21,97,10231,18,13,0
TRN3093,77.18,93.73,4.62,74,5971,177,2,1
TRN5156,97.39,82.85,2.41,78,14910,184,9,1
TRN3329,76.2,95.36,5.23,72,5433,247,0,0
TRN1106,91.58,82.48,3.91,86,10647,74,14,1
TRN3324,64.38,91.42,4.48,98,10559,286,11,1
TRN3151,81.29,88.72,7.0,69,5951,51,0,0
TRN5646,89.13,95.33,3.82,50,14774,261,4,1
TRN4699,82.56,93.71,3.93,76,4090,41,7,0
TRN4365,96.88,98.95,4.27,95,9000,50,12,0
TRN3564,77.65,107.58,7.72,58,9444,263,6,1
TRN5348,93.95,95.24,4.84,67,10286,186,8,0
TRN5951,95.96,84.77,4.67,61,12469,333,14,1
TRN3935,76.36,84.56,2.97,90,8967,271,5,1
TRN2936,72.72,96.59,4.03,93,12721,192,9,0
TRN2669,84.02,103.97,2.39,65,10272,323,13,1
TRN3480,86.19,107.02,1.46,95,14394,106,6,0
TRN4206,73.83,98.5,3.93,89,4184,259,5,0
TRN2244,77.58,86.32,2.71,62,3719,72,13,1
TRN5875,87.26,86.92,3.65,78,2948,185,1,0
TRN3730,90.17,100.77,4.22,63,12996,87,14,1
TRN2754,85.53,102.14,4.56,60,1551,296,12,1
TRN1478,80.59,100.29,1.33,74,7129,74,2,0
TRN3269,95.74,94.53,6.84,87,3146,169,0,0
TRN2064,77.07,100.39,4.92,72,4435,69,6,0
TRN4597,92.4,89.66,5.74,95,11126,72,5,1
TRN3808,71.38,94.57,4.34,74,8558,133,6,0
TRN2692,83.58,108.87,5.29,51,9428,150,1,1
TRN4455,77.12,97.19,5.73,97,5334,354,13,0
TRN1177,102.15,94.51,6.02,95,5563,298,12,1
TRN1545,87.05,84.38,0.08,84,14416,319,7,1
TRN5750,86.27,102.66,3.86,83,10366,189,9,0
TRN1486,97.47,92.95,4.13,59,2754,263,4,1
TRN2186,82.4,84.97,5.52,82,9155,48,11,1
TRN4445,91.57,93.67,3.19,94,1686,77,4,0
TRN1937,97.01,93.47,3.12,78,11304,17,11,0
TRN1757,78.9,93.37,5.31,73,9518,181,9,0
TRN2971,72.81,93.05,1.54,60,14632,178,0,0
TRN1834,90.58,95.23,4.64,55,14876,182,9,1
TRN1191,110.89,77.72,4.51,58,1638,161,6,1
TRN5285,69.99,110.29,4.11,63,13717,211,5,1
TRN5295,94.91,86.24,3.41,82,1634,203,1,0
TRN2331,73.32,98.11,3.6,66,11841,131,3,0
TRN3529,83.88,102.37,3.91,54,8029,288,1,0
TRN5744,83.11,100.24,2.94,83,8680,92,2,0
TRN5309,83.97,84.22,1.59,56,8498,94,11,1
TRN4260,83.11,96.17,6.21,87,7259,268,4,0
TRN2161,106.72,93.06,0.87,68,11086,64,7,0
TRN5624,75.97,88.12,5.46,72,2243,247,2,0
TRN1961,88.89,101.49,5.61,79,13665,117,9,0
TRN1233,73.52,96.07,5.77,100,11564,87,8,0
TRN5110,88.6,106.86,6.6,90,9619,265,12,0
TRN3613,81.72,83.79,3.97,86,7302,314,14,0
TRN3026,86.57,99.32,1.76,61,7965,124,3,0
TRN4863,86.14,89.08,4.83,70,1831,288,8,0
TRN1406,88.45,100.54,2.32,85,9025,77,2,0
TRN4091,75.8,91.94,3.34,57,7492,57,4,0
TRN3303,77.43,88.9,4.69,78,7241,322,12,1
TRN5085,89.31,106.32,2.26,94,1586,316,4,0
TRN1512,83.77,94.57,1.81,87,2579,301,1,1
TRN2396,58.61,95.1,1.54,60,5350,282,8,0
TRN1369,87.1,91.94,5.29,96,2413,22,9,0
TRN4821,94.51,78.76,2.56,89,8930,343,10,0
TRN3540,70.84,88.49,4.6,64,2884,335,8,1
TRN5151,69.04,91.39,4.73,68,5768,53,7,0
TRN5148,89.42,82.96,6.61,97,14668,67,11,1
TRN4323,83.03,103.31,1.93,64,3827,23,1,1
TRN5057,95.24,93.02,2.55,69,7965,102,3,0
TRN3347,83.39,88.3,3.33,52,9823,76,9,0
TRN3249,81.94,93.9,4.18,95,1182,146,0,0
TRN3591,89.1,92.92,4.16,85,1345,212,13,0
TRN1904,91.92,92.17,1.91,60,3629,165,0,0
TRN2853,92.3,94.0,0.24,77,4215,13,8,0
TRN1152,75.61,86.2,3.06,100,10753,79,0,0
TRN4600,77.98,93.03,3.29,70,5364,201,6,0
TRN5637,103.74,95.94,3.19,67,9111,190,4,1
TRN2789,126.35,112.48,3.41,82,11931,5,1,0
TRN3213,70.63,92.76,4.14,62,12012,94,0,1
TRN3431,84.77,101.47,4.02,82,9392,80,12,1
TRN1550,78.58,96.0,1.67,85,12525,181,2,0
TRN3508,83.22,89.09,3.07,59,7621,77,9,0
TRN4712,102.48,83.06,4.4,81,14427,123,5,1
TRN4022,85.98,91.94,3.79,75,10885,53,0,0
TRN5634,105.17,90.22,1.67,57,1668,160,7,0
TRN5773,68.14,91.2,5.44,74,3983,60,5,0
TRN1578,83.62,84.43,5.27,69,14735,140,0,0
TRN2383,68.64,92.84,4.44,92,9955,176,9,0
TRN1998,95.33,112.23,4.83,91,7903,135,3,0
TRN1033,87.6,84.78,2.09,89,14448,140,9,1
TRN2680,93.82,94.93,2.96,86,13397,195,2,0
TRN2009,107.19,92.77,1.73,80,11903,193,7,1
TRN3075,80.7,85.87,4.29,64,12251,125,10,1
TRN3646,99.9,86.16,5.59,71,1794,317,7,1
TRN1142,87.21,98.73,4.76,82,6292,167,3,0
TRN5557,88.49,94.26,2.1,92,12227,85,5,0
TRN5526,100.91,100.5,5.4,68,3115,49,6,0
TRN4071,68.99,84.58,2.97,97,6749,250,13,1
TRN4534,86.95,119.08,3.74,72,8654,232,4,0
TRN4071,85.71,95.05,4.57,84,9154,5,12,1
TRN5397,103.03,91.8,4.35,59,5703,45,2,1
TRN2025,70.94,80.5,1.93,70,10083,85,4,0
TRN1601,98.94,100.43,4.34,82,5802,144,10,1
TRN3650,92.24,99.16,2.95,77,12497,27,3,0
TRN4231,84.44,90.93,2.85,59,14623,197,3,1
TRN3583,73.35,87.78,5.35,94,13396,194,10,1
TRN1270,78.69,112.5,6.2,98,6812,53,8,0
TRN5673,82.12,92.1,3.26,83,11180,97,7,0
TRN3686,112.08,97.86,6.1,94,10482,329,4,0
TRN1888,95.57,88.42,3.46,50,12143,54,0,0
TRN4778,69.57,97.8,2.24,76,8031,339,8,0
TRN4150,99.26,89.66,4.88,76,4020,130,12,0
TRN5725,95.39,93.53,3.84,68,7856,362,5,1
TRN5995,93.26,99.85,4.19,91,12874,313,13,1
TRN2535,94.44,98.01,5.59,85,7420,60,6,0
TRN1077,73.99,94.68,1.34,95,14033,341,14,0
TRN2256,50.87,92.5,5.08,65,7083,74,1,0
TRN5288,65.99,99.27,5.4,81,6079,356,9,0
TRN5798,87.34,95.81,2.18,82,5382,318,14,1
TRN3921,85.35,88.89,3.13,59,14873,46,11,1
TRN2558,75.25,91.47,2.58,51,9787,200,12,0
TRN3388,71.02,92.08,3.84,94,3171,29,10,0
TRN3843,84.31,85.59,4.26,93,3731,267,8,0
TRN5765,69.88,100.28,5.13,96,3633,271,10,1
TRN3028,92.32,76.37,6.71,60,2476,78,9,1
TRN5864,76.28,93.22,4.84,94,3278,89,11,0
TRN4336,103.33,94.09,2.76,87,4835,99,14,0
TRN4168,65.81,91.76,5.18,70,14495,131,1,0
TRN5932,89.02,100.28,2.33,52,11723,10,12,0
TRN5114,105.72,95.62,4.42,70,13835,130,12,0
TRN3583,86.99,94.25,3.94,61,10290,132,9,1
TRN1149,88.99,88.91,4.94,56,14740,310,14,1
TRN5504,69.0,93.63,1.22,58,6629,34,9,0
TRN2035,81.55,96.83,4.22,64,6377,215,12,1
TRN3197,85.95,102.35,4.66,64,4651,23,8,0
TRN4469,81.21,96.57,4.74,54,1466,278,1,0
TRN4966,91.96,87.35,4.2,66,10116,75,6,0
TRN4548,58.85,94.69,1.67,52,13687,317,5,0
TRN3905,74.35,93.09,1.68,80,9928,140,14,0
TRN5228,86.1,97.86,5.08,57,4535,355,6,1
TRN4210,97.93,96.26,5.73,63,14072,180,0,0
TRN3611,106.75,100.05,4.25,93,9884,254,10,0
TRN2836,83.22,79.98,4.74,98,3715,272,2,1
TRN3729,89.56,98.57,2.82,74,2199,198,9,0
TRN5041,83.9,88.69,4.73,75,13398,111,7,0
TRN1758,96.95,92.92,4.49,72,10483,33,2,1
TRN2585,84.01,98.38,4.31,64,2858,141,10,0
TRN2137,100.96,90.29,7.03,62,7659,6,14,1
TRN4786,86.28,84.99,4.79,54,9374,172,7,0
TRN5447,104.07,92.1,3.13,87,4219,273,12,1
TRN2437,91.61,107.5,2.29,89,4627,74,12,0
TRN1440,80.08,94.3,2.32,87,11681,216,10,0
TRN3508,95.74,92.28,1.9,99,11620,175,2,0
TRN5132,89.87,107.83,3.67,89,4634,273,10,0
TRN4647,105.48,83.55,7.28,90,14953,27,11,1
TRN2059,87.98,102.12,3.48,63,1802,360,1,1
TRN4954,89.94,92.43,0.82,84,7856,336,2,0
TRN1444,101.57,92.61,3.96,83,6044,78,11,1
TRN5867,85.08,104.88,5.96,75,2861,237,5,0
TRN1348,72.7,92.15,2.65,80,6235,285,2,0
TRN4383,70.38,86.21,2.45,99,2570,118,14,0
TRN2551,97.66,90.54,1.54,75,5690,67,7,0
TRN1733,86.14,100.46,3.0,94,1981,173,10,0
TRN3770,93.32,106.67,2.3,79,11450,167,7,1
TRN1309,90.77,98.94,4.62,55,13160,183,11,1
TRN1274,66.76,113.3,3.43,79,5475,222,1,0
TRN1837,92.7,92.2,3.14,84,9633,264,0,0
TRN4097,88.88,99.71,2.28,60,9493,92,6,0
TRN2508,83.82,90.38,4.61,80,3161,219,6,0
TRN5442,65.58,95.27,6.41,69,9361,149,13,1
TRN2050,54.03,100.53,3.12,78,11731,134,3,1
TRN5176,110.15,88.27,1.55,89,12417,116,3,0
TRN2617,94.99,96.05,0.82,71,11009,137,0,0
TRN4595,81.43,99.15,3.63,53,1264,232,9,0
TRN5208,84.28,97.49,1.28,87,2186,102,2,0
TRN4034,102.74,84.73,4.24,87,7340,12,13,0
TRN2356,98.26,89.28,3.82,91,8574,16,1,0
TRN2344,96.32,86.41,3.53,93,4850,125,0,0
TRN1743,75.49,93.98,4.65,96,4330,147,5,0
TRN4862,86.29,118.06,4.21,79,13340,170,5,0
TRN3286,79.72,95.12,1.35,95,2213,242,0,1
TRN5372,106.56,83.05,4.47,60,7657,41,7,1
TRN3229,78.63,94.62,5.78,73,11357,281,5,0
TRN3453,86.6,92.32,3.33,78,9218,28,13,1
TRN4086,84.86,110.28,3.38,69,10899,251,9,1
TRN4654,72.13,101.88,6.72,54,6896,326,8,1
TRN2439,82.84,94.9,3.45,96,7162,190,13,1
TRN3706,73.31,94.84,4.3,93,5261,297,2,0
TRN1591,65.44,110.34,4.58,87,8548,67,3,0
TRN2293,86.92,90.52,3.18,74,4146,61,1,0
TRN5125,109.5,93.03,0.68,56,10654,307,11,1
TRN4540,100.6,106.77,5.47,83,9362,275,3,1
TRN4520,78.1,90.58,3.82,68,14930,162,7,0
TRN2974,90.13,98.4,4.87,54,1112,242,8,0
TRN4604,71.74,92.13,0.83,89,12504,41,9,1
TRN1163,92.83,90.56,1.91,93,12674,147,12,0
TRN4082,74.21,94.89,0.87,97,13281,222,3,0
TRN1619,92.03,88.8,3.93,91,8178,111,13,1
TRN1465,103.16,114.78,5.21,62,9281,361,4,1
TRN5825,86.04,92.67,2.27,97,2964,8,13,0
TRN1908,83.42,90.13,4.55,65,10839,60,9,0
TRN1913,69.14,99.21,2.74,85,8973,348,13,0
TRN2316,96.63,90.37,5.01,97,5483,180,9,0
TRN3782,82.31,100.8,2.23,58,1489,353,2,1
TRN2632,81.88,77.28,6.55,73,12712,81,7,1
TRN1969,87.11,103.23,3.36,100,7762,295,5,0
TRN3386,104.6,91.24,3.9,55,2603,353,2,1
TRN1226,71.41,88.66,2.5,59,12588,59,9,0
TRN5718,67.53,98.62,3.88,64,8217,163,6,0
TRN3191,104.48,101.0,0.46,86,12166,232,11,0
TRN1309,94.58,95.56,3.24,91,12683,115,5,0
TRN1465,73.78,99.17,4.46,98,12934,3,6,0
TRN2950,100.93,104.87,6.86,72,3439,73,4,0
TRN1820,84.66,93.25,4.13,67,14885,186,4,0
TRN4246,85.71,87.15,3.93,86,8114,82,12,0
TRN3125,107.49,106.68,6.44,83,4435,59,1,1
TRN2235,71.22,84.29,6.0,63,2321,196,7,1
TRN4114,93.6,90.79,4.65,51,4201,310,12,0
TRN4485,87.79,84.65,5.25,93,4995,103,12,0
TRN4263,101.64,97.33,5.77,83,1661,287,6,0
TRN5082,88.79,90.14,4.0,72,10944,250,13,1
TRN4621,106.15,91.95,5.47,68,14805,318,13,1
TRN4377,81.58,96.26,2.21,68,4109,179,2,0
TRN2605,95.69,96.23,3.43,97,13769,16,4,0
TRN4282,91.54,90.21,5.13,93,5327,170,12,0
TRN1049,93.75,100.48,2.38,100,14308,7,5,1
TRN1477,88.63,105.65,6.69,76,11240,315,3,0
TRN1946,94.82,90.91,6.07,61,5884,232,14,1
TRN4853,84.54,102.37,5.82,55,5854,132,10,1
TRN3844,89.27,87.36,3.74,73,14270,159,12,1
TRN4301,82.91,90.07,5.9,61,4092,313,9,1
TRN2979,66.47,105.55,2.32,67,10851,86,9,0
TRN4349,93.21,80.85,3.81,58,2332,93,1,0
TRN3889,91.09,102.12,4.75,81,9151,72,14,0
TRN4382,107.86,98.28,4.16,78,10749,76,3,1
TRN1249,83.57,81.5,4.0,81,3785,56,9,0
TRN4964,95.24,95.01,2.82,79,13163,283,12,0
TRN5230,74.53,101.13,0.87,82,4964,198,9,0
TRN5109,70.68,89.38,6.01,66,12617,264,7,1
TRN5815,81.69,99.27,1.98,52,11046,294,0,1
TRN3259,97.32,96.7,4.1,92,4890,138,4,0
TRN3275,91.65,83.32,3.4,62,11102,319,9,1
TRN4032,76.43,91.01,1.44,68,5923,304,11,0
TRN1422,66.34,107.79,1.31,71,4296,304,11,0
TRN4196,69.98,99.33,4.59,69,12855,139,1,0
TRN5325,85.52,103.87,3.27,51,11944,326,14,1
TRN4343,78.85,93.57,6.77,68,6594,110,8,0
TRN3089,86.48,96.77,4.59,92,9670,157,10,0
TRN4267,77.2,80.32,4.93,63,9751,212,13,1
TRN4354,82.49,97.85,4.95,85,9497,32,10,0
TRN3341,104.17,97.8,1.09,99,10971,108,0,0
TRN1782,68.53,96.23,3.31,77,8289,186,3,0
TRN3298,79.74,93.83,4.74,50,11837,196,11,1
TRN5171,109.32,87.81,4.82,85,12165,143,6,0
TRN1455,80.0,89.83,4.03,64,2508,326,10,1
TRN3985,78.91,87.13,4.74,94,9516,349,4,0
TRN2363,95.68,94.67,4.64,58,8414,200,11,1
TRN1200,88.05,98.45,4.46,62,5521,200,12,0
TRN2790,82.21,92.32,4.96,78,9485,5,6,0
TRN2051,107.56,93.15,4.91,84,12446,255,10,0
TRN2840,79.27,103.71,5.26,80,10451,42,8,0
TRN4666,77.02,99.55,4.0,64,9010,94,11,1
TRN4631,76.07,101.34,3.18,70,1489,270,14,0
TRN5458,96.72,78.71,3.93,83,4015,91,12,0
TRN4481,89.9,112.51,5.36,91,3562,209,14,0
TRN1948,87.83,93.77,3.35,51,10457,158,11,1
TRN3764,77.93,92.83,5.49,95,4888,331,11,0
TRN1510,73.93,92.52,4.22,56,14233,63,12,1
TRN4544,74.18,96.84,4.41,64,1720,24,12,0
TRN3197,83.31,91.52,1.9,99,3719,43,7,0
TRN4596,119.94,96.03,1.42,99,4865,32,6,1
TRN4477,95.98,88.98,2.39,96,7081,111,2,0
TRN3271,78.1,111.88,1.65,50,8807,168,13,0
TRN5566,95.34,99.48,5.12,50,7035,132,3,0
TRN5415,93.76,88.02,4.01,88,9017,2,8,0
TRN4375,87.59,94.34,4.99,90,1815,140,5,0
TRN3220,88.73,104.13,3.97,93,6190,123,0,1
TRN5728,82.74,95.62,5.8,60,6472,237,10,0
TRN2929,96.97,98.76,4.33,69,2470,279,5,1
TRN1438,92.71,88.25,6.3,96,14329,348,1,0
TRN1784,84.51,83.96,2.26,63,11267,363,6,1
TRN2200,99.89,84.2,4.87,63,3393,262,4,1
TRN4463,92.28,95.59,2.65,60,6418,96,2,0
TRN4331,102.96,100.46,1.42,70,11200,270,11,0
TRN2984,81.64,89.6,2.7,70,11276,86,11,0
TRN4203,89.74,99.1,4.57,81,1055,257,8,0
TRN1850,99.15,106.57,5.14,73,3185,231,11,0
TRN2002,77.45,111.22,3.1,92,8175,273,0,0
TRN4440,95.9,94.84,3.86,100,1992,114,7,0
TRN5692,86.46,82.98,3.35,100,8344,276,13,1
TRN3326,68.05,102.42,4.54,61,3671,81,9,0
TRN3217,113.29,96.54,4.35,79,8866,153,2,0
TRN2486,93.83,98.88,4.02,57,12195,147,13,1
TRN2333,70.16,91.24,5.4,70,2261,171,13,0
TRN2246,95.84,84.74,2.93,59,2597,14,13,1
TRN2029,87.16,96.28,4.67,81,13527,136,6,0
TRN4483,98.39,94.54,4.77,97,6516,109,13,0
TRN3196,89.14,92.11,1.89,54,4498,53,0,0
TRN4194,78.73,98.7,3.44,66,7086,276,1,0
TRN1626,65.05,95.7,4.78,76,1636,18,7,0
TRN4354,77.18,91.62,5.07,91,1849,264,10,0
TRN1567,65.37,90.57,2.42,56,2751,73,10,1
TRN2471,79.07,102.37,1.74,98,12738,337,7,1
TRN2259,102.06,95.56,3.39,79,2309,320,9,1
TRN1600,72.21,100.37,2.45,82,13071,73,3,0
TRN4758,82.58,87.82,3.66,100,9562,17,0,0
TRN3090,87.05,85.75,2.72,88,3665,139,4,0
TRN2311,91.16,90.18,6.08,65,4011,345,6,1
TRN4376,86.73,88.13,2.07,51,4074,247,4,0
TRN5315,81.84,107.66,2.45,98,11469,195,3,0
TRN2958,82.12,89.3,6.25,89,3701,175,14,0
TRN3719,101.87,87.73,2.94,64,8580,50,13,1
TRN4301,74.95,92.5,1.47,100,11548,168,2,0
TRN4168,78.12,89.17,2.37,55,11052,111,2,0
TRN5976,98.33,97.07,0.52,97,13949,232,13,0
TRN1143,86.18,96.03,4.43,77,5806,270,12,1
TRN2274,103.82,96.32,5.63,53,1219,98,13,1
TRN4698,86.07,114.74,5.49,75,6495,330,7,1
TRN2465,84.79,98.5,4.72,71,9150,130,9,0
TRN1149,106.5,119.3,3.45,69,14243,176,8,0
TRN5478,79.5,89.77,4.74,92,2393,258,3,0
TRN4097,63.32,93.05,4.81,68,7344,170,8,1
TRN2517,75.42,94.59,5.42,53,1989,11,9,1
TRN3541,81.66,81.23,3.69,69,8081,106,1,0
TRN4318,104.42,100.16,4.22,53,14500,240,1,1
TRN4397,93.94,91.01,4.81,55,1353,51,14,0
TRN5176,91.91,91.01,3.77,75,4218,94,9,0
TRN2401,79.34,79.09,5.9,81,7957,214,7,0
TRN3002,90.15,87.19,5.54,77,5212,164,7,0
TRN4043,95.11,97.74,3.89,77,9929,144,12,1
TRN3167,80.44,95.41,1.41,72,5693,294,10,0
TRN2600,77.27,89.3,-1.73,99,13512,86,6,0
TRN4232,79.5,93.04,2.08,95,9041,138,6,0
TRN2739,76.49,85.82,4.25,74,8539,276,9,1
TRN5655,68.96,94.92,0.37,66,1643,193,4,0
TRN4336,103.22,97.2,3.75,78,3343,318,11,1
TRN2520,89.39,100.84,-0.18,80,13203,62,1,1
TRN1094,92.06,114.85,4.31,94,6899,160,14,0
TRN2185,79.6,91.11,2.81,65,14314,87,6,1
TRN1544,81.02,96.31,4.65,61,10221,58,3,0
TRN4500,103.26,97.53,7.32,53,9468,8,7,0
TRN5586,87.59,97.96,4.05,67,13918,21,4,1
TRN3593,67.44,91.15,6.5,95,6174,324,1,1
TRN1150,79.36,74.95,3.51,82,2993,355,4,0
TRN4536,88.51,103.04,2.3,94,10287,303,9,0
TRN2575,100.27,102.88,3.91,54,14132,173,5,0
TRN1399,83.1,101.94,3.96,69,7512,77,9,0
TRN5190,74.61,105.16,-1.27,53,14697,192,11,1
TRN5807,73.81,108.4,2.9,70,12988,184,11,1
TRN4179,89.7,97.75,4.47,91,11355,30,12,0
TRN4661,120.09,90.08,2.35,72,7357,248,1,1
TRN4241,94.31,84.48,4.91,63,9674,343,9,0
TRN3089,71.62,105.84,4.85,92,9741,124,6,0
TRN2485,82.49,92.91,2.49,91,2382,176,6,0
TRN1687,85.16,99.67,4.26,59,5041,95,8,0
TRN3332,103.71,109.27,2.89,59,1815,192,14,1
TRN3651,97.27,101.71,5.96,52,8171,148,14,0
TRN5950,94.18,99.51,2.41,100,10244,351,4,1
TRN1805,69.49,110.08,3.15,95,8067,137,4,0
TRN2490,76.15,102.91,1.64,53,10548,324,9,0
TRN2334,67.91,104.1,2.24,80,8794,106,0,0
TRN4560,80.21,72.47,5.12,88,7285,288,3,1
TRN2233,93.5,97.94,5.86,95,3517,104,1,0
TRN1974,96.44,105.92,3.14,72,2976,277,4,1
TRN1203,82.86,97.54,1.93,86,10455,15,7,0
TRN2069,86.66,87.25,4.49,69,9692,251,7,0
TRN5350,105.2,103.61,4.7,73,5668,133,12,0
TRN4770,93.61,94.23,4.91,95,6406,1,5,0
TRN5154,94.5,94.7,2.46,93,11539,283,10,0
TRN2883,91.6,94.18,2.67,73,10226,363,5,0
TRN2566,70.29,82.95,3.21,52,12585,267,7,0
TRN2010,79.21,94.02,5.01,61,7451,342,3,0
TRN4064,91.85,80.52,2.22,82,3810,271,9,1
TRN1152,91.67,107.99,3.98,61,5728,101,4,0
TRN1080,104.34,100.25,2.28,51,4845,266,0,0
TRN5401,87.88,90.46,3.9,68,6486,247,5,0
TRN5517,73.54,86.4,1.78,97,4819,123,0,0
TRN4885,73.89,85.53,6.02,100,12132,208,2,1
TRN3718,79.45,102.86,2.9,98,9366,151,5,0
TRN5036,80.31,98.72,1.47,54,7956,82,5,0
TRN2824,79.7,95.34,5.44,76,6041,61,0,0
TRN5107,86.39,90.84,4.75,66,12359,177,5,0
TRN1724,88.96,86.94,7.47,91,10921,126,0,0
TRN5232,113.12,104.59,0.85,89,13489,211,10,0
TRN1879,101.29,102.06,4.87,58,4561,72,11,0
TRN2941,82.07,95.25,5.86,58,8985,129,4,0
TRN3911,91.02,96.91,3.09,99,14389,18,10,0
TRN3523,80.38,90.27,1.45,64,6481,333,5,0
TRN5282,63.03,108.59,5.39,75,8592,117,14,0
TRN4512,79.87,95.71,4.53,70,5507,152,11,0
TRN1077,78.24,98.76,6.55,65,14395,224,6,0
TRN2215,87.38,102.5,2.83,72,6153,310,0,0
TRN3564,79.69,88.39,5.7,50,4650,91,10,1
TRN1544,67.17,96.4,2.92,64,13153,8,12,1
TRN5013,100.14,103.0,2.8,66,5392,19,6,1
TRN1060,72.02,106.95,3.12,60,10808,143,13,1
TRN1655,94.46,93.42,3.55,96,13226,245,10,1
TRN4320,87.23,87.91,2.91,51,12224,89,11,1
TRN1869,91.61,102.11,4.24,71,13241,335,12,1
TRN1839,84.3,95.26,2.89,65,13790,255,3,1
TRN1435,94.27,89.01,3.2,93,6497,37,14,0
TRN3138,75.4,109.13,2.34,99,10635,47,10,0
TRN5295,105.64,105.45,2.78,74,5929,104,0,0
TRN4251,90.64,87.06,5.22,57,3559,47,12,0
TRN3561,83.24,95.67,8.02,95,3360,218,3,0
TRN1875,89.08,89.39,4.12,97,11280,215,13,0
TRN4497,75.5,97.25,4.27,54,12465,142,4,1
TRN5067,72.52,75.34,2.86,50,3815,249,14,1
TRN3647,101.2,98.83,4.66,55,9879,317,6,1
TRN4222,105.27,106.68,1.8,89,2771,110,12,0
TRN5670,99.06,94.27,1.64,75,9683,125,10,0
TRN4865,87.33,97.08,6.72,99,7683,67,11,0
TRN5798,69.68,106.81,1.37,59,2468,335,13,1
TRN2744,82.96,99.09,1.14,65,4137,98,7,0
TRN1636,74.39,98.3,3.98,85,1693,292,12,1
TRN4681,78.0,90.09,4.09,52,12899,48,0,1
TRN2896,74.4,81.14,3.65,64,2861,313,14,1
TRN1066,93.86,97.62,3.19,92,11392,357,5,0
TRN5844,71.76,105.29,3.72,56,7015,348,14,1
TRN2709,80.89,94.23,4.33,58,8470,118,8,0
TRN4077,93.8,95.24,4.12,100,4810,283,7,0
TRN3703,88.6,92.28,4.71,87,12265,32,9,0
TRN1093,103.85,86.07,5.15,97,4292,268,6,0
TRN1386,73.65,101.93,5.23,86,14256,15,8,0
TRN1579,106.2,102.91,5.08,70,6535,212,5,0
TRN2372,106.84,94.84,0.69,99,9013,25,12,0
TRN2684,89.46,84.13,4.91,87,6885,100,5,0
TRN2088,69.77,100.06,0.92,67,3481,127,1,0
TRN3492,75.54,87.41,2.86,91,4249,197,2,0
TRN4938,86.64,98.94,5.42,94,13049,50,9,0
TRN1166,69.73,73.51,4.56,87,12013,261,9,1
TRN4721,87.4,103.15,2.47,61,7962,255,11,1
TRN2796,79.63,95.13,4.32,78,4994,317,11,0
TRN5476,70.38,100.24,4.5,61,5121,185,14,0
TRN4584,105.08,99.33,4.01,86,6876,137,14,0
TRN4946,95.08,97.16,3.04,70,8699,306,6,0
TRN4523,82.51,100.18,3.92,67,11604,219,0,0
TRN2690,86.61,100.99,5.14,69,10051,24,4,0
TRN3570,105.64,85.14,3.25,89,5886,189,5,1
TRN5958,84.78,84.73,3.93,80,1783,158,12,1
TRN4444,87.25,88.41,5.41,67,10467,178,12,1
TRN1768,68.98,98.65,6.64,76,9307,77,0,1
TRN4298,76.42,89.85,1.37,83,5704,153,5,0
TRN3854,71.97,95.81,4.4,68,8955,3,2,0
TRN1658,78.47,91.44,2.57,59,1110,214,0,0
TRN4310,58.89,98.78,1.16,87,7665,289,6,0
TRN3207,124.78,115.06,3.61,78,1726,36,12,1
TRN1219,67.31,90.93,6.08,79,2560,97,1,0
TRN3300,78.4,101.11,3.04,56,14085,157,12,1
TRN1609,63.81,88.52,3.05,58,5308,362,9,1
TRN5816,93.3,78.41,5.58,61,8831,116,9,0
TRN1627,80.91,92.94,3.09,78,13673,127,8,0
TRN3955,72.07,78.57,3.24,80,11116,177,2,0
TRN4166,88.53,100.24,2.88,86,11329,358,14,0
TRN4494,94.28,92.09,4.08,65,4887,331,9,0
TRN1749,93.14,98.94,3.74,67,13940,356,13,0
TRN4761,100.62,97.61,4.15,95,9929,279,14,1
TRN3746,107.91,99.61,2.11,72,10271,301,5,1
TRN3496,84.74,96.41,6.67,75,3899,169,14,0
TRN4130,82.17,96.06,4.88,76,9529,128,1,1
TRN1453,80.33,110.81,5.84,53,1862,300,2,0
TRN5463,95.26,80.67,4.9,60,10857,5,2,1
TRN5095,89.21,85.16,4.74,72,11933,299,14,1
TRN5291,98.4,100.62,2.57,92,7043,201,13,0
TRN3891,67.62,82.79,3.67,98,11074,108,12,1
TRN3484,79.49,103.5,2.67,70,6183,115,7,0
TRN3227,103.6,100.41,6.71,74,2005,197,1,0
TRN5628,91.23,104.75,3.67,87,6181,263,14,1
TRN3653,102.55,88.91,4.46,67,4044,164,14,0
TRN1268,88.52,93.75,4.99,93,6300,235,4,0
TRN4801,58.8,89.93,3.41,96,4655,274,7,0
TRN4322,83.57,95.91,1.78,65,1023,94,8,0
TRN1739,100.04,90.44,3.83,98,8287,355,13,1
TRN2815,79.63,99.3,4.08,99,14854,18,3,0
TRN3187,95.95,97.4,2.58,52,13301,355,12,0
TRN3940,101.53,90.24,3.08,62,12282,78,9,1
TRN3827,90.19,85.28,0.91,53,3479,353,9,0
TRN2544,78.47,89.28,4.76,58,14552,44,12,0
TRN4791,94.6,101.08,2.54,75,13865,341,1,0
TRN4476,56.02,83.96,2.21,79,10085,176,14,1
TRN3513,74.48,95.14,5.05,54,11024,276,3,0
TRN3016,71.56,84.02,4.46,80,12985,213,10,1
TRN4215,77.59,95.99,3.3,80,5306,104,12,0
TRN4134,111.2,83.22,4.46,63,14174,210,0,1
TRN4145,65.67,84.16,5.63,63,5892,139,14,1
TRN3523,73.52,85.75,6.58,85,11008,246,7,1
TRN3985,86.72,96.29,2.88,83,4710,161,8,0
TRN2212,82.82,97.31,4.35,97,8607,24,5,0
TRN2011,97.67,117.67,5.29,64,13202,62,5,1
TRN3483,81.69,93.09,1.25,54,10047,53,4,0
TRN4730,80.11,97.86,2.58,73,3741,339,11,1
TRN1243,83.66,94.36,4.47,83,1534,266,13,0
TRN1869,79.5,108.52,4.34,92,9555,341,7,0
TRN1918,99.34,94.46,2.9,79,5528,325,6,0
TRN3150,60.97,105.63,6.27,64,11321,229,10,1
TRN3269,68.66,95.41,5.16,95,13907,340,10,0
TRN5797,74.52,94.92,2.44,69,13247,59,8,0
TRN1650,101.37,90.7,4.27,93,2553,249,14,1
TRN1971,66.93,94.78,2.72,59,5069,357,12,1
TRN1479,77.27,105.6,4.83,77,9492,354,11,1
TRN5954,81.05,76.43,3.96,70,5160,242,0,0
TRN4061,109.25,103.98,4.92,51,4082,32,14,0
TRN2579,71.51,95.92,3.46,96,14064,131,10,0
TRN5834,95.57,105.72,4.73,78,8126,293,2,1
TRN3224,92.28,93.06,3.01,99,11067,16,7,0
TRN2339,62.51,98.65,3.7,98,12305,54,7,0
TRN5148,91.82,83.19,6.11,68,12283,122,11,0
TRN5392,82.6,88.42,4.4,89,12629,280,1,1
TRN2012,85.82,102.05,5.5,61,14587,313,3,1
TRN1459,72.25,102.71,4.82,58,9573,61,9,1
TRN3634,70.93,101.68,5.78,62,5511,134,2,0
TRN4991,90.84,87.74,3.68,59,11797,330,7,1
TRN2685,79.22,101.65,2.58,60,6299,158,13,1
TRN1191,102.91,94.03,5.65,87,6612,251,5,0
TRN5142,106.41,103.83,2.82,70,14756,125,0,1
TRN3000,89.8,103.57,7.01,87,13872,263,14,1
TRN4657,70.21,93.64,3.73,66,1753,224,11,0
TRN1510,109.62,91.77,3.21,82,7859,95,4,0
TRN3313,109.01,98.3,3.92,75,13425,39,8,0
TRN4914,74.47,80.63,3.01,57,7601,363,8,1
TRN5584,91.8,81.2,1.67,83,2995,303,4,1
TRN1053,73.96,104.36,0.41,78,4746,100,9,0
TRN4930,92.37,99.94,5.63,53,3297,246,7,0
TRN3440,88.17,83.37,0.26,57,11470,232,14,1
TRN5562,102.2,107.43,4.44,66,5458,119,9,1
TRN4146,76.6,106.09,3.12,81,11613,338,0,1
TRN4500,88.91,96.6,7.52,81,7816,104,1,1
TRN4680,64.13,97.9,4.04,84,12782,262,1,1
TRN5112,82.77,92.75,5.51,56,4905,287,12,1
TRN1464,81.15,96.72,1.57,94,7277,283,4,0
TRN2001,95.92,98.01,5.26,51,7861,56,4,0
TRN3292,99.33,92.92,5.14,56,14205,109,1,0
TRN3451,73.39,85.31,4.77,70,2733,42,13,0
TRN4608,78.92,102.46,3.19,69,6859,147,14,0
TRN3895,81.86,98.74,4.98,65,3418,39,8,0
TRN3100,109.26,104.67,3.2,90,9148,116,5,0
TRN1711,72.84,97.22,1.38,80,1655,17,12,0
TRN5324,98.22,94.12,6.16,100,7685,281,1,0
TRN1130,88.41,101.51,3.92,80,6311,279,13,0
TRN4642,93.23,97.39,3.07,75,12999,64,12,1
TRN5723,70.57,96.07,3.84,91,9330,325,12,0
TRN2619,101.01,95.59,3.04,54,6462,216,11,0
TRN1913,95.61,97.89,3.82,74,7992,334,6,0
TRN3491,98.91,107.65,5.2,88,2157,281,14,1
TRN5600,64.82,97.47,1.69,91,8720,315,6,0
TRN4758,81.86,93.36,5.15,88,13812,337,11,0
TRN5178,73.47,93.37,2.53,66,3230,161,13,1
TRN2343,80.61,84.17,3.59,98,2601,297,14,0
TRN4182,66.22,94.12,0.77,54,12943,287,13,1
TRN1557,100.98,98.52,2.8,57,6773,242,14,0
TRN5193,86.55,94.92,2.74,100,2416,189,0,0
TRN4576,100.34,96.23,4.29,62,13602,254,9,1
TRN3137,83.46,93.03,3.74,88,6022,329,1,1
TRN2537,103.27,94.11,5.74,55,14805,78,9,1
TRN1664,87.27,94.3,2.19,78,12387,68,11,0
TRN1379,77.27,84.68,3.99,96,6632,87,5,0
TRN5795,111.57,103.21,5.31,50,4244,74,13,0
TRN2663,88.73,97.09,3.71,61,10679,65,1,1
TRN1570,74.34,75.71,2.15,93,3978,204,10,0
TRN4115,77.91,93.15,2.84,55,7499,187,10,0
TRN1967,88.73,88.87,6.06,59,4907,289,11,1
TRN3494,105.13,92.97,5.16,51,10345,333,8,1
TRN4148,78.98,89.58,5.58,56,7446,57,3,0
TRN2881,96.29,108.44,1.83,75,7608,212,3,0
TRN3772,90.36,98.85,2.18,90,6369,141,7,0
TRN4045,80.93,86.74,2.31,51,7026,201,1,1
TRN1977,74.95,106.08,4.66,80,2870,222,10,0
TRN2748,83.82,109.13,3.53,73,2096,163,6,0
TRN4375,87.59,100.36,6.58,78,14251,360,1,0
TRN4740,94.33,76.23,1.84,100,12574,164,7,1
TRN2813,68.78,101.02,1.47,92,1538,147,2,0
TRN1308,81.08,99.4,5.3,66,7466,235,3,0
TRN3229,76.42,110.43,2.47,80,6929,179,10,0
TRN4449,71.34,95.04,4.69,76,6848,129,8,0
TRN1949,65.56,93.28,3.28,96,9415,300,4,1
TRN4826,91.83,106.56,2.65,99,2776,304,1,0
TRN4846,91.75,95.88,4.35,78,2225,58,12,0
TRN5483,89.02,87.99,3.03,87,7547,343,12,0
TRN1798,87.04,95.37,5.38,77,14288,180,12,0
TRN1787,76.09,106.26,5.07,66,14633,150,11,0
TRN1533,61.66,92.34,2.68,52,5771,245,2,1
TRN3507,91.06,90.76,0.93,92,2640,189,11,0
TRN4003,94.52,77.52,2.09,60,6711,109,0,1
TRN4902,83.8,100.05,3.29,70,9500,82,9,1
TRN5625,87.8,96.1,3.65,95,8432,83,5,0
TRN4456,82.51,93.65,5.38,59,13607,23,2,0
TRN2768,75.08,87.39,3.03,88,11478,107,13,0
TRN5610,85.27,99.1,4.16,77,4878,147,3,0
TRN3881,84.14,99.82,3.45,99,12867,99,6,0
TRN1259,102.8,92.91,3.99,83,1345,27,4,1
TRN4357,94.83,96.49,3.02,78,4916,182,8,0
TRN5449,70.09,105.38,2.85,77,7994,338,3,0
TRN4065,70.41,89.43,4.47,90,13904,13,3,0
TRN5399,85.93,90.42,4.65,95,8855,195,5,0
TRN1087,89.29,96.15,4.1,91,10410,130,12,1
TRN1650,90.7,95.85,3.72,97,4721,27,12,1
TRN2164,104.25,91.56,3.77,84,1492,270,2,1
TRN3916,92.56,108.1,2.61,56,8964,30,11,0
TRN3033,63.86,96.46,4.32,61,13221,180,10,0
TRN2197,88.81,101.15,5.44,52,2770,128,10,0
TRN5433,79.15,87.8,1.53,62,7113,277,9,0
TRN5664,91.58,95.4,1.64,96,4917,173,4,0
TRN5635,77.08,108.84,4.04,57,7703,26,5,0
TRN2484,94.74,90.05,4.83,97,11345,232,3,0
TRN1836,94.64,91.62,4.3,54,1270,219,0,0
TRN5905,82.23,99.81,6.28,89,12639,293,14,0
TRN3556,88.49,89.19,5.62,84,11046,84,1,0
TRN3250,70.82,84.41,3.8,90,11551,280,2,1
TRN1088,92.69,84.97,4.13,69,5686,201,8,1
TRN2113,77.03,88.75,3.7,76,1076,87,1,0
TRN2357,71.48,97.37,3.99,81,12329,260,1,0
TRN5353,70.7,99.14,5.08,72,14959,1,12,0
TRN1841,84.08,92.37,3.23,89,12955,67,6,0
TRN1137,73.06,108.74,5.44,89,1130,141,9,0
TRN2175,68.61,89.33,2.49,100,12900,6,0,0
TRN1317,97.14,96.46,3.64,53,6267,328,3,1
TRN5131,114.18,96.7,3.2,79,2778,259,3,0
TRN2872,101.72,94.46,1.85,92,2224,203,0,0
TRN3148,81.53,98.8,3.95,75,14079,289,9,1
TRN4246,94.41,111.0,2.67,76,1075,213,3,0
TRN1319,96.68,90.68,3.8,81,10327,348,4,0
TRN1609,58.33,93.5,6.55,50,1520,173,7,0
TRN2490,99.18,91.84,3.63,68,4413,210,4,0
TRN1841,67.32,86.0,4.14,97,8400,31,6,0
TRN4694,86.71,93.21,3.52,89,7793,257,7,0
TRN2088,78.87,90.6,4.41,82,6834,253,9,0
TRN2891,96.6,96.88,4.46,74,1609,260,11,1
TRN2734,73.99,104.97,2.48,82,5337,262,6,0
TRN3498,50.56,111.47,4.87,98,1718,289,13,0
TRN1187,85.05,92.51,2.55,61,9576,49,0,0
TRN2191,70.93,111.02,7.26,92,4259,152,3,0
TRN4906,80.82,103.27,4.11,71,12806,188,8,0
TRN4574,70.59,91.98,5.74,90,1159,239,10,0
TRN4521,90.23,96.98,2.01,99,9459,153,13,0
TRN5284,83.82,100.42,4.37,85,13080,94,5,0
TRN5517,79.74,92.88,2.8,98,12580,134,1,0
TRN2304,80.26,105.68,5.37,75,8700,60,1,0
TRN5499,95.71,90.06,3.46,61,9347,66,5,0
TRN5866,84.99,85.52,5.48,62,2975,308,12,1
TRN5288,66.79,93.72,3.92,92,2964,107,0,0
TRN5232,88.47,99.08,3.66,67,2975,20,11,0
TRN5211,89.77,108.26,5.17,88,2450,65,13,0
TRN4396,92.97,97.01,4.47,58,5582,170,12,1
TRN1721,95.57,84.37,4.16,56,11957,225,11,1
TRN3232,73.2,99.64,3.28,92,6846,332,12,0
TRN4374,71.4,89.37,6.25,79,14713,226,9,0
TRN3668,89.79,107.38,5.12,53,5201,55,2,0
TRN5795,92.94,86.64,2.88,83,13133,287,4,1
TRN1587,64.45,89.57,2.45,91,5786,113,4,0
TRN5853,87.49,101.14,7.87,92,4641,17,5,0
TRN5615,74.29,97.65,2.67,80,6880,64,10,0
TRN3542,80.82,90.4,5.9,91,4141,23,8,0
TRN1766,91.0,78.89,4.12,64,13487,281,10,1
TRN2045,78.35,102.71,0.47,63,10895,257,12,1
TRN5720,79.25,103.75,4.03,75,3835,339,13,1
TRN4737,60.97,93.34,4.15,79,12396,73,7,1
TRN4447,81.42,83.06,3.32,50,9009,198,4,1
TRN1830,67.33,91.27,5.56,65,10560,338,7,0
TRN2458,87.43,87.76,3.88,67,6860,285,10,1
TRN3307,74.9,84.84,2.3,67,11945,134,9,0
TRN2291,80.06,92.0,3.06,52,7260,81,4,0
TRN5285,70.14,110.1,3.14,88,12795,295,5,0
TRN4747,88.14,92.86,2.59,83,3708,157,3,0
TRN5737,66.73,99.19,1.92,62,4049,34,3,0
TRN5895,98.33,87.93,5.67,73,13493,80,10,0
TRN2159,80.11,101.33,3.37,82,2252,308,4,1
TRN5912,68.76,93.19,4.42,69,2633,261,1,0
TRN4031,91.66,97.78,4.64,71,3701,360,12,0
TRN3933,90.18,92.74,2.98,79,1107,320,9,0
TRN1775,80.76,90.66,3.89,85,5095,113,10,0
TRN1387,71.13,92.85,4.75,87,12825,181,7,0
TRN1749,67.86,94.41,6.6,80,13483,184,12,1
TRN1442,88.84,100.44,3.07,93,8657,268,12,1
TRN2456,65.31,91.73,5.85,65,10736,182,1,0
TRN1072,73.54,103.33,3.71,76,4803,38,3,0
TRN1784,84.81,78.39,2.62,73,1196,70,11,1
TRN4353,90.0,97.52,4.32,52,4763,210,12,1
TRN2976,76.45,93.48,2.03,59,8625,229,3,0
TRN5009,94.93,93.65,0.61,60,2548,23,9,1
TRN4759,75.05,75.66,3.14,94,12934,50,12,1
TRN2817,86.89,91.39,3.13,84,7811,83,2,1
TRN1595,87.07,104.2,3.74,78,2479,229,2,0
TRN3315,105.82,109.45,2.83,71,13639,38,6,0
TRN1859,77.59,91.23,2.25,88,7616,346,14,1
TRN1155,78.74,82.91,3.66,65,8624,222,8,0
TRN2593,76.56,82.1,5.07,96,3750,221,6,0
TRN2173,77.48,88.6,4.91,65,4500,101,6,0
TRN3219,76.4,96.71,6.28,72,5660,290,5,0
TRN4942,84.69,104.1,0.93,61,10314,236,8,0
TRN1569,61.39,97.22,4.66,97,6659,328,7,0
TRN1767,98.8,75.73,4.18,85,12293,139,8,0
TRN5244,101.61,82.74,5.58,95,11889,47,1,0
TRN2391,75.65,104.21,2.21,57,14441,327,12,1
TRN3711,95.66,99.62,3.93,59,1182,175,1,0
TRN4704,85.48,100.71,4.41,90,10460,201,12,0
TRN1255,75.35,97.04,4.05,94,2801,111,9,1
TRN4433,94.46,91.34,0.02,50,14636,48,3,0
TRN4311,84.27,99.25,2.85,73,3448,219,7,0
TRN5120,75.13,89.38,3.47,99,5382,13,12,1
TRN4755,92.08,83.35,6.09,65,7501,109,10,1
TRN2474,78.6,92.93,3.51,91,12926,21,6,0
TRN5381,76.85,98.31,1.16,53,13400,25,6,0
TRN3359,99.05,91.59,7.07,90,2273,48,2,0
TRN5985,81.77,96.18,3.33,55,11377,242,11,1
TRN2872,65.51,84.15,2.65,93,1124,275,5,0
TRN3361,82.19,78.76,2.35,100,2053,311,10,0
TRN4955,97.36,102.4,3.64,52,8129,358,3,1
TRN1932,74.07,97.61,3.94,51,11000,203,10,0
TRN4525,56.36,87.65,3.32,95,8025,130,6,0
TRN4829,100.27,103.24,7.16,92,12354,155,8,1
TRN4071,85.38,102.77,3.5,83,2329,280,3,1
TRN5412,95.92,99.37,4.67,51,1634,144,12,0
TRN1091,64.45,98.98,3.2,96,14676,266,12,1
TRN4765,98.97,94.41,7.22,86,14588,257,2,0
TRN4558,101.42,102.8,2.61,71,13406,57,5,0
TRN2219,73.76,99.05,1.0,64,8345,335,4,0
TRN1278,89.53,81.72,2.96,63,13937,147,10,1
TRN3603,72.71,94.37,8.09,92,9666,193,11,1
TRN3688,105.97,83.76,6.05,91,13291,320,6,1
TRN1461,69.01,86.97,2.25,94,10330,95,9,0
TRN1211,84.89,106.74,2.81,64,13424,67,3,0
TRN3492,82.43,91.86,2.54,71,6624,361,9,1
TRN4003,76.25,98.14,3.65,81,10653,361,8,1
TRN5023,94.92,87.37,4.55,58,7521,305,3,0
TRN4672,83.79,98.39,2.89,68,5080,81,3,0
TRN2272,78.85,88.2,2.84,63,2307,308,10,0
TRN3749,51.32,105.71,6.27,50,2014,234,3,0
TRN3207,93.61,106.97,5.33,82,13602,106,3,0
TRN3410,101.29,103.87,5.12,66,3215,186,3,0
TRN4910,77.03,102.97,3.26,85,12333,354,0,0
TRN4824,95.46,92.82,5.7,81,11501,134,7,0
TRN3395,91.79,91.68,4.27,81,9361,60,7,0
TRN5409,90.64,94.22,4.94,81,10484,273,1,1
TRN2862,71.49,101.9,3.22,61,9774,88,4,0
TRN2602,93.19,107.73,4.27,61,1884,251,7,1
TRN1099,96.97,98.05,4.39,80,12092,147,6,0
TRN2855,65.17,98.59,2.79,92,8607,301,11,1
TRN1615,98.57,93.79,3.4,75,12839,145,1,1
TRN5328,70.96,77.83,3.85,51,13531,200,5,1
TRN5891,90.04,82.6,3.13,81,2453,342,10,0
TRN2953,93.11,98.86,4.96,74,7149,255,11,0
TRN4518,91.62,104.56,5.0,58,9847,183,2,0
TRN4441,71.67,95.13,5.66,62,7109,87,11,1
TRN4646,66.69,97.59,6.21,99,11839,352,7,1
TRN5468,74.63,86.24,4.53,61,14047,100,11,0
TRN3451,96.37,88.19,3.53,66,11653,270,4,1
TRN1314,77.25,105.51,-1.1,55,2132,127,0,0
TRN4114,85.37,92.08,4.1,62,6301,128,8,0
TRN4887,77.54,97.32,3.05,50,5365,226,13,0
TRN4050,87.42,97.73,3.91,88,8254,306,5,1
TRN1419,86.3,99.23,4.4,84,8254,15,7,1
TRN5154,84.58,88.76,4.04,83,10536,355,9,1
TRN5046,68.5,81.64,3.46,95,10562,335,11,1
TRN4318,80.87,84.0,5.31,67,8926,226,0,0
TRN3916,81.6,88.27,3.9,53,5601,229,6,0
TRN3355,89.39,92.06,5.18,92,11622,61,7,1
TRN5375,48.06,107.4,4.28,75,3364,122,8,0
TRN1892,96.92,85.14,4.34,95,13736,327,7,0
TRN2428,80.33,100.68,4.01,87,9347,293,12,1
TRN5011,82.65,86.26,0.21,86,5301,361,1,0
TRN5881,108.23,85.3,6.6,82,14733,213,6,0
TRN1321,70.22,117.86,4.47,86,7410,154,9,0
TRN1147,69.71,107.83,4.41,67,13185,305,6,0
TRN5168,91.02,85.46,3.14,64,9531,38,1,0
TRN2398,92.01,93.19,1.27,98,13369,163,2,0
TRN5168,71.44,92.24,4.88,74,14126,10,3,0
TRN4985,88.44,93.14,7.81,79,7091,169,14,1
TRN5570,81.41,87.5,2.73,76,9873,8,1,0
TRN3571,54.67,85.99,4.84,86,4942,347,0,0
TRN5614,102.1,81.09,5.25,63,8563,196,7,1
TRN3516,104.87,102.6,4.34,50,5148,167,5,1
TRN3097,78.5,94.7,3.35,76,3571,191,14,1
TRN1559,85.19,99.21,5.69,60,1220,333,10,0
TRN5665,69.9,120.63,2.53,64,6363,18,12,0
TRN2814,77.36,85.63,4.37,55,5795,230,11,0
TRN5440,74.85,99.48,2.01,57,9321,93,9,0
TRN1041,72.31,109.26,3.92,76,3834,51,2,0
TRN3973,87.81,89.32,4.02,56,14763,113,4,0
TRN1735,79.82,89.83,2.14,89,7697,2,1,0
TRN4152,79.73,97.58,5.4,96,14525,301,0,0
TRN5201,65.44,102.3,7.08,68,3077,131,4,1
TRN4426,105.21,109.63,1.03,84,6953,46,4,0
TRN2783,105.0,88.53,4.83,54,13340,195,10,1
TRN2788,94.45,99.81,3.34,97,12971,129,14,0
TRN3547,70.36,110.38,2.64,71,8539,74,8,0
TRN1727,80.48,81.82,4.89,79,12979,231,2,0
TRN3084,109.93,106.74,5.17,56,8928,58,0,1
TRN5273,90.61,89.94,6.42,56,9083,221,7,0
TRN5015,72.76,96.07,5.65,62,2508,101,10,0
TRN1889,58.77,103.34,1.11,65,8363,252,3,0
TRN1503,62.08,80.26,3.83,75,11376,249,11,0
TRN2905,84.16,92.92,5.26,75,4114,14,12,0
TRN2794,72.52,95.79,1.89,91,14076,203,1,0
TRN1424,75.85,93.8,3.68,72,11003,350,8,0
TRN5800,73.01,84.89,3.59,58,5782,276,8,0
TRN2120,61.27,99.6,4.62,83,4478,56,6,0
TRN1215,79.92,84.21,4.23,76,7758,219,6,0
TRN5423,78.61,84.62,3.0,93,3111,198,4,0
TRN2010,101.3,108.18,3.97,62,6989,90,13,0
TRN4719,114.17,91.5,4.21,97,13764,251,14,0
TRN3265,94.68,92.98,3.54,64,14889,14,13,0
TRN2404,89.28,90.36,5.73,72,3804,239,10,0
TRN5861,85.55,99.06,4.47,80,10653,163,13,0
TRN3738,100.87,94.66,3.06,69,9850,224,1,0
TRN4940,97.73,103.9,1.01,82,7993,87,10,0
TRN2077,93.79,78.39,1.42,79,5330,350,13,0
TRN5805,96.36,99.07,5.62,95,4602,30,7,0
TRN1983,97.75,93.24,4.37,62,3985,334,3,0
TRN5936,62.42,85.63,3.86,51,14659,197,8,1
TRN5662,70.94,93.8,3.02,71,7320,109,13,0
TRN1876,97.98,92.96,5.49,51,9239,245,13,1
TRN1413,88.25,94.61,5.27,59,6356,280,1,1
TRN3785,70.17,104.61,6.5,82,5823,257,2,0
TRN4022,89.02,107.87,3.62,88,8965,363,12,1
TRN1180,85.72,91.33,3.43,89,12464,85,14,0
TRN1148,92.07,85.08,5.03,76,10530,215,3,0
TRN2551,95.89,105.38,4.28,71,1138,75,6,0
TRN4328,85.6,94.8,3.98,83,4249,47,7,0
TRN1926,79.41,92.48,3.21,52,14818,25,1,0
TRN2097,67.12,103.68,5.1,56,14653,318,12,0
TRN5365,82.75,101.95,1.14,66,8056,255,8,1
TRN1781,85.29,108.88,6.17,54,13732,23,12,1
TRN5677,73.51,98.56,5.51,92,1269,32,3,0
TRN5274,91.27,108.57,5.95,75,13909,139,2,0
TRN5051,93.13,103.44,3.26,81,14119,344,8,0
TRN2068,60.93,90.51,5.27,64,10409,114,1,0
TRN3255,89.97,88.56,6.34,61,13992,32,14,1
TRN1769,65.28,100.37,4.6,52,7346,280,6,0
TRN1617,90.8,88.95,2.39,61,9043,54,13,0
TRN1257,88.44,105.44,4.79,97,9459,147,0,1
TRN5608,101.02,94.29,5.6,70,8411,103,2,0
TRN5703,106.15,98.89,3.61,100,5532,226,11,0
TRN1080,83.21,85.85,3.72,81,9954,114,4,0
TRN1143,71.77,101.38,3.79,76,2784,225,13,0
TRN5904,72.08,97.32,5.28,97,3502,354,6,1
TRN1295,90.13,98.21,3.24,87,2470,169,1,0
TRN2237,84.05,84.66,2.97,62,6549,97,9,1
TRN1292,95.26,107.38,4.3,71,5686,260,8,1
TRN4568,72.93,91.95,3.5,75,5610,353,0,0
TRN5620,88.59,90.7,4.16,55,1957,121,7,0
TRN2919,122.51,82.1,4.09,67,14256,70,1,0
TRN4600,69.19,93.98,4.55,83,14454,321,3,1
TRN5828,97.57,107.21,3.3,68,13599,88,2,0
TRN3508,72.45,79.98,5.31,62,2354,75,8,0
TRN1125,67.28,88.57,3.11,95,1204,195,11,0
TRN1276,60.77,88.91,2.7,56,1302,313,2,0
TRN5588,70.7,90.02,3.17,95,12544,259,13,1
TRN5866,89.37,100.12,4.9,90,5306,208,11,1
TRN3625,73.17,104.68,6.88,91,13088,210,14,0
TRN5949,99.69,92.13,4.21,87,7447,205,11,0
TRN3840,80.78,86.38,4.6,80,8427,358,3,0
TRN3033,81.99,96.21,7.56,100,7331,187,4,0
TRN2374,73.25,87.84,4.11,93,14495,84,5,0
TRN2098,92.4,96.43,5.48,76,10702,173,14,0
TRN3104,103.41,88.94,2.02,63,6900,288,9,1
TRN1831,74.9,101.4,4.04,68,14071,62,12,1
TRN1802,100.18,104.15,4.95,87,11234,286,14,1
TRN5920,70.86,100.0,3.71,100,3044,294,0,1
TRN4428,88.75,99.97,3.13,91,1095,319,10,0
TRN5352,99.91,84.45,2.3,82,3544,231,14,0
TRN4593,81.39,92.71,4.66,73,14648,55,13,0
TRN4455,105.01,91.18,4.85,66,4604,244,2,0
TRN1738,83.77,80.72,2.05,53,8752,38,14,0
TRN2546,83.98,90.93,2.7,89,9198,147,4,0
TRN2700,74.92,93.78,2.35,92,11065,54,12,0
TRN3422,86.53,93.13,3.37,73,1409,310,5,0
TRN5105,88.23,94.66,3.28,96,4789,334,13,0
TRN4970,82.39,94.33,4.64,81,6871,319,3,0
TRN4315,92.59,100.63,3.63,72,9707,282,4,0
TRN4738,81.85,101.11,4.26,78,9372,158,5,0
TRN3142,69.26,102.12,2.83,85,14397,303,6,1
TRN2254,81.55,97.49,4.82,53,3798,81,2,0
TRN2446,101.86,100.76,4.21,99,2793,108,4,0
TRN3765,78.84,86.75,5.07,99,9744,119,8,0
TRN2743,79.39,94.06,4.72,70,2391,172,1,0
TRN4108,89.18,87.58,5.47,75,13806,44,7,0
TRN1692,81.25,105.82,6.37,66,7899,245,4,0
TRN1670,92.76,85.24,4.64,74,8772,321,8,0
TRN4632,92.7,98.0,5.35,90,12537,242,6,0
TRN1004,78.58,89.71,5.71,67,7938,174,9,0
TRN1597,85.78,85.64,4.51,98,2663,289,11,0
TRN4969,59.31,88.11,3.04,74,2169,285,13,1
TRN4156,82.41,109.21,1.09,85,13176,357,3,0
TRN4021,74.76,92.77,4.18,52,4003,279,3,0
TRN1453,82.9,99.33,2.09,56,11800,317,7,1
TRN4871,95.12,85.63,5.01,81,11207,255,14,1
TRN1571,104.65,88.16,5.41,54,3838,183,4,0
TRN1916,86.08,98.12,5.11,53,12779,165,6,0
TRN3724,70.93,96.87,0.92,59,5842,248,10,1
TRN3669,65.64,106.88,0.46,92,12525,235,4,0
TRN2222,90.15,80.08,3.91,63,14717,48,13,1
TRN4973,78.57,85.72,1.43,75,4956,109,4,0
TRN1431,111.94,86.33,1.23,97,1317,345,4,1
TRN1706,93.46,87.85,5.1,87,10744,364,13,1
TRN4888,84.59,96.89,3.06,52,1677,245,11,1
TRN2041,104.33,103.63,2.74,76,9754,363,13,0
TRN3429,80.04,92.97,5.54,62,3843,144,0,0
TRN3058,92.77,99.96,2.67,74,9614,36,10,0
TRN5110,72.28,109.07,4.13,82,11913,250,9,0
TRN4995,74.21,84.86,4.49,71,14581,129,7,0
TRN4613,83.87,88.27,2.2,55,5530,236,13,1
TRN3108,89.65,87.42,2.34,59,9574,273,5,0
TRN1041,85.22,85.03,2.11,81,13271,43,10,0
TRN1554,80.56,106.54,2.91,64,5354,137,12,1
TRN1447,86.31,92.95,2.15,88,7790,173,13,0
TRN2088,82.2,85.9,5.07,69,12433,324,13,1
TRN5383,88.4,84.38,2.41,80,3191,291,5,0
TRN2716,76.36,90.12,4.51,88,7649,217,9,0
TRN4122,71.05,94.94,4.91,83,9657,31,11,0
TRN4950,73.94,121.95,3.71,70,14311,241,2,0
TRN3633,77.68,92.35,4.05,92,4918,362,9,0
TRN3009,96.03,96.29,5.14,96,7864,205,12,0
TRN3848,79.56,104.16,5.71,62,4244,136,1,0
TRN1289,79.29,83.19,2.51,92,9932,139,0,1
TRN4934,89.91,78.13,4.88,55,7527,124,0,1
TRN2897,105.05,111.17,0.96,100,5750,261,4,0
TRN3097,95.89,87.63,4.67,61,9515,279,9,0
TRN5861,85.3,99.49,2.2,79,2382,173,3,0
TRN5363,71.48,99.21,3.93,75,1321,313,14,0
TRN1749,73.93,96.68,3.9,52,3067,161,11,0
TRN4270,68.31,110.32,6.5,97,9728,251,0,0
TRN5495,79.55,103.2,1.69,86,10550,282,9,0
TRN3013,82.82,105.22,4.36,89,1506,32,9,0
TRN4148,91.25,98.06,5.13,88,6990,131,2,0
TRN5400,82.67,92.85,4.15,75,8839,255,10,0
TRN1105,82.87,99.32,1.48,70,10069,77,0,0
TRN2477,123.63,99.91,4.8,66,5899,190,9,1
TRN1224,85.0,87.35,1.9,65,9544,214,14,0
TRN4328,76.62,83.28,3.9,93,9254,106,14,0
TRN5567,84.48,83.72,6.53,51,13755,343,2,1
TRN4226,100.92,99.42,5.24,77,8182,82,6,0
TRN3868,75.27,83.3,4.98,74,14250,41,6,1
TRN3563,91.27,98.53,2.9,59,5788,168,1,0
TRN5401,93.25,105.27,7.96,60,2865,285,11,1
TRN3344,76.83,96.11,3.46,86,11069,333,6,0
TRN5019,109.58,92.62,4.51,100,13030,242,11,1
TRN3460,65.87,99.99,6.18,93,1939,261,7,0
TRN3253,84.03,93.91,4.31,99,2393,88,1,0
TRN2106,95.72,95.42,3.72,69,5972,37,10,0
TRN4056,71.95,93.75,1.54,70,4431,344,14,1
TRN5279,77.99,110.0,2.78,72,6829,26,0,0
TRN2843,81.09,87.47,3.86,63,3867,357,4,1
TRN1736,77.22,101.32,4.55,63,6306,133,14,1
TRN1918,85.14,71.23,3.9,79,2720,312,8,1
TRN2352,89.11,89.78,3.47,90,4259,306,14,0
TRN5315,92.78,102.53,3.92,96,14857,271,9,1
TRN5709,85.19,82.14,3.9,90,4772,158,0,0
TRN1753,61.53,97.18,3.15,98,4807,260,14,1
TRN4413,53.01,97.46,5.46,90,11907,171,5,0
TRN1627,77.09,112.74,5.05,56,12367,195,1,1
TRN3871,87.94,100.95,3.76,97,8039,111,1,0
TRN5996,67.64,102.95,4.48,96,4550,14,11,0
TRN1827,88.43,92.99,1.33,81,2168,98,9,0
TRN2498,94.05,98.13,4.64,77,11172,108,5,0
TRN2397,87.46,95.98,5.16,73,4514,173,11,0
TRN3684,98.19,93.21,1.09,79,14276,338,8,1
TRN3314,67.43,91.73,2.04,98,4755,300,1,0
TRN3287,84.43,101.18,5.61,56,8356,291,4,0
TRN4074,121.35,96.65,2.54,84,3657,229,9,0
TRN2319,88.35,96.66,2.8,53,2889,84,2,1
TRN1723,74.6,97.77,2.33,51,14273,278,0,0
TRN2814,90.2,101.55,2.07,69,7678,310,8,1
TRN5595,98.28,107.13,2.64,74,9152,28,2,0
TRN3837,78.52,79.07,5.72,81,6882,97,14,0
TRN5370,87.92,103.24,1.78,55,1613,350,7,0
TRN4577,98.9,91.67,2.94,61,1607,27,9,1
TRN3735,87.43,91.22,4.01,78,2758,280,14,0
TRN1462,76.33,94.95,3.05,76,1848,169,8,0
TRN2456,102.37,89.56,2.9,60,14885,260,10,1
TRN4676,93.43,97.13,0.89,74,11128,191,1,0
TRN4950,81.22,98.56,4.09,59,6825,218,8,0
TRN3751,86.94,104.68,3.58,98,7234,23,14,0
TRN5211,82.17,87.83,1.13,91,14002,333,11,1
TRN4423,80.0,93.06,3.35,80,1470,317,5,0
TRN5419,94.99,87.56,2.02,61,3601,128,8,0
TRN3247,89.07,93.03,3.82,54,3599,312,4,0
TRN5166,92.69,107.03,5.6,61,12616,40,7,1
TRN5171,79.9,106.23,3.37,67,3318,112,14,0
TRN4236,87.79,107.32,5.66,70,4504,12,8,1
TRN5521,77.94,86.99,6.32,56,10966,296,3,1
TRN4428,76.62,106.0,2.14,58,9013,155,6,1
TRN2448,83.59,100.03,5.26,94,9742,345,1,0
TRN3046,111.95,113.9,5.46,75,6587,361,8,0
TRN2467,70.05,100.89,5.86,76,13113,202,3,0
TRN4813,76.45,93.03,4.2,53,9347,19,5,0
TRN1538,90.51,91.1,5.78,70,4588,318,8,1
TRN4702,90.13,105.97,4.12,75,3501,31,11,0
TRN5993,83.99,89.32,5.42,85,10707,83,7,0
TRN4083,101.61,101.5,5.87,72,2097,218,12,1
TRN1167,79.12,86.89,3.95,74,4424,50,4,0
TRN5007,76.11,92.92,4.18,55,8890,138,12,0
TRN2114,82.12,104.06,2.17,53,6575,283,6,1
TRN5871,86.41,93.22,4.99,62,7346,295,1,0
TRN1085,74.73,85.74,2.35,55,2932,145,5,0
TRN4527,69.24,102.52,7.3,83,4804,200,9,1
TRN3372,88.77,112.97,2.87,67,4525,270,3,1
TRN2100,98.2,81.69,-0.75,93,4971,328,11,0
TRN3588,115.54,91.21,5.01,52,9965,102,12,1
TRN4170,85.66,79.72,2.17,82,4474,295,5,0
TRN1649,92.26,88.86,5.04,86,7336,38,0,0
TRN3513,79.66,95.64,0.89,96,9267,23,7,0
TRN5843,80.89,97.88,6.25,85,8136,102,12,1
TRN1689,74.46,92.81,0.26,68,3324,75,5,0
TRN1858,73.6,90.32,1.58,66,3058,95,8,0
TRN1112,85.93,89.04,3.87,100,5652,70,2,0
TRN3785,89.92,96.55,1.77,74,5931,47,6,0
TRN3133,97.58,91.29,3.29,97,12567,229,8,0
TRN2195,85.42,100.51,1.12,79,1341,151,11,0
TRN2353,93.07,103.58,4.07,78,14956,214,10,0
TRN2170,69.09,100.61,3.95,77,6931,245,2,0
TRN1156,91.57,76.55,2.17,92,6226,141,8,0
TRN4835,105.51,95.51,2.9,92,6992,337,3,0
TRN4262,106.25,85.21,4.42,66,8306,58,5,0
TRN2783,78.21,96.54,3.15,85,8824,278,7,0
TRN2687,86.04,103.83,4.92,99,8998,306,9,0
TRN4471,88.07,92.08,4.65,71,9851,214,11,1
TRN2251,89.3,94.39,1.34,69,6219,76,14,1
TRN1353,57.42,95.03,5.6,94,1948,247,3,0
TRN3630,88.46,84.57,3.36,60,11715,131,13,1
TRN2693,85.07,94.41,3.72,99,14966,132,3,0
TRN5702,77.59,90.56,5.05,95,14636,81,6,0
TRN1987,101.12,97.11,3.54,57,12514,44,13,1
TRN3838,92.54,94.76,3.08,86,8395,195,3,0
TRN3547,78.53,106.92,7.06,64,14907,196,12,0
TRN1142,77.9,89.42,4.57,74,2292,120,0,0
TRN3443,85.43,102.49,3.81,90,6141,76,0,0
TRN5324,90.78,82.17,2.24,99,8371,23,0,0
TRN4958,85.44,94.26,5.04,96,4485,253,6,0
TRN3671,71.14,82.46,5.37,99,14698,76,0,1
TRN4375,93.76,97.34,6.66,58,4689,143,11,1
TRN3417,111.33,99.21,4.63,68,11711,57,12,1
TRN3759,75.16,97.99,5.61,69,4776,354,6,0
TRN4923,87.91,103.49,4.53,83,1151,292,2,0
TRN1369,87.2,97.8,3.4,58,6146,18,14,0
TRN4929,83.11,89.79,3.3,76,12158,198,14,0
TRN3638,81.02,105.23,4.62,80,14564,219,6,0
TRN4247,90.89,91.44,5.44,86,2674,203,2,0
TRN4755,87.76,100.78,2.2,58,10551,362,1,1
TRN4873,85.13,101.15,4.16,58,9967,220,2,1
TRN5353,64.55,89.89,4.24,92,7175,317,12,1
TRN3145,102.18,108.3,3.54,75,4823,296,1,1
TRN1604,83.1,106.44,5.52,53,4421,242,11,0
TRN5917,90.75,89.39,3.26,58,6152,18,13,0
TRN3956,87.39,96.15,4.43,86,1836,252,0,0
TRN2779,97.3,93.99,3.84,75,9987,321,7,0
TRN2656,96.27,95.03,2.31,73,11174,246,14,0
TRN1689,84.55,84.48,7.0,74,4316,230,9,1
TRN1461,89.19,100.2,2.08,52,3818,320,10,1
TRN4464,78.94,100.26,4.36,58,11181,20,3,1
TRN3228,85.75,99.83,5.44,61,1467,142,11,0
TRN2067,103.84,95.44,1.4,73,1257,102,8,0
TRN2477,76.96,100.79,2.8,67,11328,165,12,1
TRN1884,86.8,78.9,3.63,62,4219,323,5,1
TRN4852,96.2,82.77,1.79,59,10520,45,14,0
TRN3919,75.33,98.07,1.82,88,1065,178,14,1
TRN1221,72.67,90.87,3.96,50,12198,73,13,0
TRN3596,94.13,83.58,4.65,79,6329,273,8,0
TRN4503,73.94,96.02,4.63,84,14881,134,13,1
TRN5821,90.05,102.88,3.52,96,5974,113,6,0
TRN5653,83.53,97.13,4.37,93,9650,165,8,1
TRN1820,82.43,81.9,3.83,85,3995,297,4,0
TRN2911,85.28,74.33,4.03,80,7548,94,12,1
TRN3693,87.97,101.49,3.41,83,5269,240,0,0
TRN1413,57.38,96.08,6.11,56,12742,206,10,1
TRN2408,99.83,104.36,4.15,70,4031,209,14,0
TRN2149,73.95,113.23,2.89,61,5203,136,0,1
TRN4057,76.58,99.6,4.31,65,9242,291,3,0
TRN1883,83.26,102.36,5.63,85,6676,112,12,0
TRN2721,90.98,106.02,5.26,89,14617,31,1,0
TRN4799,55.33,105.01,4.62,76,4657,272,3,1
TRN4652,75.27,107.32,3.9,65,12374,339,9,1
TRN2207,86.22,91.44,2.6,98,7133,142,2,0
TRN2818,89.43,98.88,1.95,51,11824,19,10,0
TRN2499,87.52,74.36,3.07,86,2447,200,5,0
TRN3694,58.31,88.17,4.71,54,4401,52,14,1
TRN4655,78.54,107.39,2.08,69,14313,252,6,1
TRN1185,60.52,82.24,3.34,57,5402,71,4,0
TRN5119,79.39,87.31,3.41,51,11794,211,0,1
TRN2676,85.84,93.24,2.77,77,10847,132,11,0
TRN3269,103.7,106.42,3.53,56,11631,18,9,0
TRN1445,85.92,91.47,3.11,85,5558,146,0,0
TRN1202,93.44,83.48,3.19,69,12196,87,6,0
TRN2316,93.95,75.28,2.73,91,1840,285,4,1
TRN5517,68.74,101.07,5.51,92,2103,156,3,0
TRN1008,108.66,93.03,3.21,69,12916,233,14,0
TRN3383,74.42,99.27,4.21,53,3001,310,7,0
TRN2890,79.58,83.74,7.57,74,9707,60,6,0
TRN4494,74.88,115.33,6.54,56,10620,294,13,1
TRN2239,81.45,91.16,4.86,54,1781,271,14,0
TRN5259,93.52,105.42,3.33,74,4952,229,13,0
TRN4966,93.73,94.84,4.43,92,5529,242,7,0
TRN3154,99.44,87.45,1.8,52,11139,337,14,0
TRN4481,88.02,88.64,4.25,71,5305,341,10,0
TRN3617,91.54,91.59,4.97,77,12755,84,9,0
TRN3663,102.2,95.19,4.51,59,8023,328,4,1
TRN5910,76.53,92.04,2.04,52,6536,83,14,0
TRN3729,91.82,87.46,5.95,61,12901,98,1,1
TRN2913,77.12,76.61,1.03,81,12982,307,6,1
TRN2097,59.74,94.77,3.3,87,12101,142,4,0
TRN2433,60.06,90.53,1.3,85,4252,308,11,0
TRN2414,89.96,102.97,2.62,85,2192,290,8,0
TRN4438,83.42,100.1,4.73,53,6546,346,12,0
TRN4227,78.94,90.68,3.49,81,5738,44,5,0
TRN5095,83.68,95.58,4.23,63,10682,333,4,0
TRN2450,90.77,78.99,4.47,69,14709,167,14,1
TRN2308,86.72,87.47,4.54,67,2088,155,5,0
TRN5829,97.8,87.5,5.23,79,6547,210,4,0
TRN2969,68.89,113.51,3.69,79,1768,217,14,1
TRN5409,80.92,104.61,4.76,69,7220,31,2,0
TRN3333,83.92,89.49,5.58,64,10527,77,0,0
TRN2760,100.95,90.68,5.05,53,13722,305,8,1
TRN5370,82.43,88.9,4.16,52,9244,54,7,1
TRN5377,51.66,102.82,1.98,97,4834,227,5,0
TRN1400,81.49,88.41,4.74,90,10381,22,0,1
TRN4821,77.76,94.73,1.69,92,14366,203,5,0
TRN3720,85.39,111.76,4.03,61,6460,104,9,0
TRN4773,56.11,99.56,5.14,60,7373,284,0,1
TRN4554,80.96,82.89,6.18,81,1614,204,9,1
TRN2115,76.46,83.97,7.37,76,12458,123,1,0
TRN5731,101.43,107.45,4.68,59,9084,291,1,1
TRN5811,94.68,98.02,6.09,80,11865,116,13,1
TRN4818,72.31,113.1,2.28,83,3299,305,13,0
TRN4740,83.44,74.97,7.07,83,12272,263,8,1
TRN2806,93.25,100.39,4.09,88,4326,143,0,0
TRN3447,87.63,98.27,5.56,64,1389,248,12,0
TRN4694,70.57,84.11,3.01,73,8863,301,11,0
TRN4485,68.79,91.18,2.73,94,4759,40,14,0
TRN1409,85.24,88.11,2.8,70,6049,272,14,0
TRN3379,75.59,96.67,2.68,82,2997,175,11,0
TRN1858,80.41,92.89,3.81,84,4186,349,0,0
TRN3977,85.96,84.93,4.65,94,1648,245,7,0
TRN1432,80.15,87.88,1.99,83,14672,211,2,0
TRN3685,96.45,90.57,5.74,96,7502,193,7,1
TRN5899,96.26,96.95,5.58,72,1192,315,10,0
TRN2210,94.32,91.51,3.52,65,8488,120,14,0
TRN4451,64.16,98.65,3.69,79,8747,174,11,1
TRN2498,98.34,99.27,3.58,87,10318,346,6,0
TRN4391,85.56,87.77,0.41,85,9698,245,7,0
TRN1975,107.3,81.49,4.49,63,2512,43,6,0
TRN4171,86.95,98.98,3.95,74,5504,183,12,1
TRN2194,81.41,104.02,2.76,87,7660,310,0,0
TRN2425,68.11,105.65,4.68,57,4397,209,10,0
TRN5494,92.69,95.97,5.55,74,5492,227,9,0
TRN4602,76.6,97.46,1.91,58,1448,19,8,0
TRN3449,111.12,100.08,3.92,97,6007,33,2,0
TRN3303,96.52,84.43,2.24,50,8470,23,0,0
TRN1871,81.97,94.0,2.65,98,1030,10,6,0
TRN3812,66.22,99.8,5.02,92,14284,91,10,0
TRN3708,82.22,81.56,1.74,54,11510,190,5,1
TRN4117,95.33,110.14,4.07,77,10716,338,14,0
TRN3963,81.65,88.76,1.6,96,2645,256,6,0
TRN4179,92.2,102.05,2.53,86,14492,25,12,1
TRN2153,74.35,96.2,5.83,63,8558,323,1,0
TRN2293,69.21,109.55,4.28,86,10097,359,0,1
TRN5741,76.47,113.38,3.26,77,1326,51,3,0
TRN5427,78.51,93.84,3.14,55,10648,289,6,1
TRN4910,88.74,80.28,3.14,63,11063,165,8,0
TRN5637,86.76,93.64,2.03,70,9095,324,6,1
TRN5241,76.44,84.99,3.97,58,10025,59,13,1
TRN2386,79.09,97.61,2.72,95,13456,238,2,0
TRN2335,76.04,98.53,3.86,76,5994,203,8,1
TRN2630,81.48,97.27,6.58,85,4848,90,3,0
TRN1106,93.97,105.42,2.34,85,11381,72,1,1
TRN3557,96.87,98.39,6.82,67,9344,186,11,0
TRN1433,75.14,96.89,3.78,68,14605,97,4,0
TRN1919,87.45,104.12,5.46,61,10304,130,8,0
TRN1547,85.03,99.03,4.65,79,9497,93,14,0
TRN1465,101.62,89.99,3.6,80,7319,321,11,0
TRN4831,108.26,91.56,2.63,86,2487,183,11,1
TRN5420,78.38,88.26,4.83,89,4536,239,7,0
TRN3686,86.77,91.57,4.48,60,1534,189,5,1
TRN5583,79.47,92.74,3.59,76,14792,144,8,0
TRN2076,80.45,94.03,2.66,83,5018,221,0,0
TRN5650,88.06,93.27,5.57,66,5458,156,11,0
TRN4804,47.27,96.03,6.2,73,10660,43,6,0
TRN5353,81.87,99.45,2.37,79,3804,152,2,0
TRN1666,89.76,94.01,8.01,100,2758,55,0,0
TRN5003,121.14,86.84,2.13,62,12852,320,13,1
TRN3181,74.19,94.05,4.12,82,9188,177,1,0
TRN3424,83.7,89.43,2.0,58,2139,132,3,1
TRN5699,96.19,95.69,5.56,86,1783,208,4,0
TRN1802,76.42,91.95,4.02,95,13559,183,8,1
TRN4105,85.04,91.84,2.15,60,11209,169,10,1
TRN2748,75.46,95.19,2.51,50,4844,207,0,0
TRN3054,98.33,108.04,5.14,67,14525,60,8,1
TRN5689,86.91,81.45,5.26,87,3233,305,6,1
TRN1299,83.53,84.91,3.94,63,4706,77,3,0
TRN4277,102.11,84.9,4.89,82,5586,57,1,0
TRN2231,74.59,93.58,6.48,75,11000,94,12,0
TRN2286,99.08,93.49,3.73,97,3475,351,0,0
TRN4169,94.54,93.59,2.29,66,10504,170,6,0
TRN5416,109.78,87.08,5.44,70,6879,272,5,0
TRN3877,92.92,94.55,3.45,72,6372,136,3,0
TRN1715,53.85,101.02,3.67,94,3503,324,10,0
TRN4564,74.66,101.53,1.92,77,2373,233,12,0
TRN5723,84.76,90.49,4.01,66,6895,59,4,0
TRN3878,95.93,89.43,3.91,90,11714,304,1,0
TRN2475,85.4,90.32,5.96,82,3336,134,5,0
TRN5745,78.97,98.0,3.23,66,1179,340,5,0
TRN1977,81.89,98.81,2.17,92,9435,360,6,0
TRN3774,99.25,97.45,6.08,72,8378,147,12,0
TRN4617,64.12,101.98,5.15,76,3737,194,0,0
TRN5490,102.32,83.38,2.65,62,12772,223,12,0
TRN1223,77.35,83.51,2.63,91,11609,314,7,0
TRN1894,75.74,98.94,5.08,66,9383,289,2,1
TRN5961,78.33,100.47,4.4,95,2583,63,9,0
TRN5558,76.93,102.75,2.31,84,7682,98,13,0
TRN3721,89.05,88.34,1.12,87,3754,313,5,0
TRN3630,80.85,79.64,3.82,52,14474,111,8,1
TRN5389,68.77,97.27,4.24,70,7305,231,3,0
TRN5395,70.91,96.15,4.6,63,11098,25,4,0
TRN3237,90.78,110.27,0.04,63,5029,13,9,0
TRN3821,75.48,90.95,2.17,92,5596,136,2,0
TRN3597,70.92,87.68,5.9,61,11103,30,12,0
TRN5943,62.61,98.27,3.63,87,7404,334,3,0
TRN3848,98.29,95.23,7.13,97,14121,288,13,1
TRN2589,62.76,98.44,3.63,57,1685,31,0,0
TRN3834,65.68,84.3,-0.09,63,6772,99,2,1
TRN5653,79.3,98.01,6.7,89,9369,105,13,1
TRN5010,84.47,104.02,3.27,78,7373,271,11,0
TRN5629,92.61,93.09,4.95,73,13024,246,14,1
TRN2139,82.51,86.34,4.61,74,7568,89,1,0
TRN4116,86.25,83.92,4.23,97,14529,20,9,1
TRN2984,85.3,81.18,2.1,86,11219,20,9,0
TRN5635,76.0,93.5,2.52,72,9147,256,13,1
TRN3779,79.66,80.45,3.02,57,9113,213,0,1
TRN3122,78.55,102.55,5.43,52,14518,174,13,0
TRN4792,75.71,99.64,3.39,62,9522,43,7,0
TRN1549,73.12,103.93,6.14,78,14533,178,0,1
TRN2913,93.03,84.84,2.66,98,11938,169,6,1
TRN2089,95.82,99.17,2.98,76,13645,344,8,1
TRN4619,93.15,93.99,4.34,72,8669,217,13,0
TRN5983,81.39,95.91,7.48,59,13643,265,6,1
TRN1930,71.97,92.8,3.1,54,5144,330,4,0
TRN1618,78.48,97.44,5.29,96,14332,142,11,0
TRN3505,77.29,107.06,2.3,87,2537,284,9,0
TRN4671,78.0,107.15,1.83,68,12523,343,6,0
TRN3741,94.12,94.29,3.05,66,5373,300,11,0
TRN1871,101.88,94.48,4.12,75,11114,345,6,0
TRN5516,64.66,98.39,2.43,71,1945,180,7,0
TRN5035,80.42,89.52,3.69,79,11494,298,8,0
TRN5632,95.04,99.5,2.7,98,13588,246,10,1
TRN3536,98.05,109.18,5.12,56,1046,295,3,1
TRN5727,82.43,98.62,4.8,62,10206,20,0,0
TRN1085,73.12,85.32,4.3,59,4294,206,10,0
TRN4984,94.93,97.28,3.57,88,8560,349,0,0
TRN1860,91.9,97.06,2.72,67,13441,80,0,0
TRN1820,85.13,103.78,6.18,93,12758,122,7,0
TRN5904,68.35,85.01,4.76,61,6571,339,4,0
TRN3608,99.14,86.5,3.54,80,9399,256,12,1
TRN5918,66.21,97.74,1.54,95,5793,360,8,0
TRN1302,76.35,100.57,3.17,74,5488,46,13,0
TRN4335,98.21,101.26,7.8,66,7013,78,0,1
TRN1696,99.63,85.65,2.38,100,10572,34,5,0
TRN4099,71.72,98.8,5.0,75,13766,100,2,0
TRN2633,94.73,78.61,5.67,78,14524,79,9,0
TRN5096,99.15,104.29,4.37,55,10292,297,4,1
TRN1713,81.9,73.52,5.04,82,4421,343,4,1
TRN3914,89.63,112.67,4.16,100,5087,278,14,0
TRN4049,74.22,97.76,1.57,93,14433,31,10,0
TRN4558,72.8,89.59,3.23,74,4660,80,11,0
TRN1374,93.89,101.69,4.28,56,4417,24,0,1
TRN3318,92.93,94.74,1.8,87,8728,146,11,0
TRN2529,81.11,92.41,1.73,60,10842,288,0,1
TRN3486,92.78,87.82,5.57,65,2053,346,2,0
TRN4195,92.72,89.63,2.76,72,5107,288,9,0
TRN1167,105.4,96.59,5.24,66,2942,116,11,0
TRN3925,104.65,96.64,3.6,51,8720,66,0,0
TRN1728,92.25,92.38,1.21,93,4783,50,3,0
TRN5026,95.05,107.07,3.86,95,4032,91,0,0
TRN3207,87.24,100.83,4.76,78,3739,116,4,0
TRN1701,70.46,101.23,3.23,63,4282,309,13,1
TRN4519,109.94,105.28,4.56,62,11711,137,9,1
TRN3530,80.3,94.33,0.99,92,12672,285,5,0
TRN1086,88.16,96.43,1.32,90,14459,355,14,0
TRN4720,77.34,96.65,1.51,71,2367,172,3,0
TRN4339,86.53,93.15,2.28,82,14348,337,13,0
TRN2528,69.11,83.96,5.19,59,8224,203,3,0
TRN2297,89.15,105.43,1.79,62,5620,160,4,1
TRN4259,88.2,86.98,4.15,63,6452,201,11,0
TRN3754,72.03,91.49,4.57,63,6514,146,2,1
TRN3626,86.42,111.12,5.14,89,10309,231,5,0
TRN1559,93.24,94.19,5.68,67,6247,297,6,0
TRN5127,92.33,100.32,2.88,99,14820,17,1,0
TRN2493,95.59,106.24,6.38,53,7122,148,14,1
TRN2893,85.13,92.41,3.76,50,12620,260,10,0
TRN1415,84.27,76.26,3.97,53,3406,237,6,0
TRN2966,91.59,95.59,3.06,71,2309,328,11,0
TRN4274,106.17,96.69,3.25,87,14347,41,14,0
TRN4234,57.96,95.36,3.73,53,6186,140,12,0
TRN4595,88.11,97.5,4.34,85,1641,157,6,0
TRN2852,81.7,87.7,4.08,64,3553,59,8,0
TRN1410,59.27,103.07,4.42,100,12251,126,0,0
TRN4773,85.9,95.99,4.23,81,13892,58,1,0
TRN1655,81.48,100.91,3.42,81,5532,153,8,0
TRN1762,98.27,102.01,4.58,68,10552,297,12,1
TRN3076,86.2,93.01,1.59,62,7175,91,6,0
TRN1608,66.55,97.38,4.65,74,1641,27,1,0
TRN2898,85.16,97.88,3.39,78,6629,266,7,0
TRN4778,94.54,91.51,4.93,73,1479,6,1,0
TRN5140,89.41,95.35,1.88,63,4021,175,12,0
TRN3912,93.75,86.28,2.18,72,14894,294,8,1
TRN2256,67.4,92.67,4.18,63,3851,46,3,1
TRN3973,77.98,114.23,2.67,72,1282,18,11,0
TRN5953,91.45,83.95,3.83,66,13927,325,4,1
TRN4618,85.19,109.72,4.88,98,2245,226,13,0
TRN1188,56.17,77.04,5.57,83,11770,254,7,1
TRN4350,84.85,99.76,4.96,56,6845,77,1,0
TRN4241,80.04,98.01,4.25,99,13446,26,1,0
TRN2744,92.6,83.31,2.66,69,1072,194,4,0
TRN4226,83.24,98.1,5.11,64,6729,363,14,1
TRN3265,73.18,103.81,2.9,52,9778,135,5,0
TRN2607,85.74,95.61,5.1,95,5757,300,11,1
TRN2441,92.47,78.37,4.18,56,1992,170,0,1
TRN5417,79.03,93.63,3.88,57,9511,93,9,0
TRN2582,86.09,98.7,2.71,95,1851,169,14,0
TRN4970,87.35,88.81,4.12,63,11621,5,9,1
TRN2269,82.1,101.88,6.0,61,13867,360,3,1
TRN3810,73.01,98.58,2.07,50,2230,72,12,0
TRN5274,95.91,96.04,2.7,99,2972,147,0,0
TRN1869,105.78,87.6,3.97,82,3483,243,7,0
TRN1157,65.32,98.02,5.19,70,1526,50,4,0
TRN4484,68.3,88.11,3.67,87,11431,174,14,1
TRN5107,75.33,92.38,4.85,54,7982,361,3,0
TRN1068,80.01,96.23,4.58,87,6423,30,5,0
TRN4658,79.25,99.42,5.93,71,11581,159,10,0
TRN5326,65.45,69.99,3.74,57,9599,297,7,0
TRN2637,96.41,101.01,1.98,78,3211,43,5,0
TRN4879,72.84,95.27,2.14,95,13889,251,12,0
TRN1784,85.03,89.63,4.65,91,12314,319,4,0
TRN4844,95.84,106.91,4.1,63,9299,78,10,0
TRN5180,105.21,96.95,4.38,98,12703,44,12,1
TRN2903,68.53,87.35,2.6,63,12542,50,2,0
TRN4162,72.77,114.83,0.82,53,6528,98,6,0
TRN1386,70.13,98.85,4.66,52,14849,248,14,0
TRN3920,95.58,102.3,2.47,90,13395,235,13,1
TRN2559,67.76,99.48,4.88,76,14513,361,13,0
TRN2602,79.46,84.18,2.93,96,1983,43,6,1
TRN1802,70.82,98.34,3.07,62,11327,344,8,1
TRN3471,80.82,99.52,5.78,97,9092,335,4,0
TRN4436,77.77,101.99,4.19,52,2577,182,7,0
TRN3301,83.16,98.77,5.28,90,11012,35,4,0
TRN1315,66.7,104.24,5.47,68,7325,285,7,0
TRN4627,85.57,109.3,2.86,91,1111,179,10,0
TRN5920,80.19,103.23,2.45,99,7501,261,10,0
TRN4906,92.21,97.64,2.7,84,11179,134,11,0
TRN5685,101.78,86.69,4.66,86,12247,214,2,0
TRN2206,64.84,90.63,2.54,99,14354,130,5,0
TRN1297,74.22,85.98,5.12,52,14901,214,6,0
TRN3504,71.94,82.31,7.21,55,5643,360,5,1
TRN2191,64.26,101.0,6.93,90,4827,185,0,0
TRN2168,74.08,99.63,5.42,71,6011,49,12,0
TRN4373,82.5,84.09,4.31,85,7311,178,10,1
TRN1179,69.4,101.21,1.66,79,4916,97,12,0
TRN5428,75.06,85.07,5.29,96,1780,196,10,0
TRN4767,104.84,84.21,5.92,91,4074,5,4,1
TRN1354,83.83,100.86,4.32,77,2593,66,1,0
TRN2581,89.92,101.57,3.55,69,1744,340,6,1
TRN4065,85.85,73.71,5.84,66,8118,275,10,1
TRN4124,80.53,84.63,1.89,81,13624,235,9,0
TRN4453,61.13,91.63,3.79,90,4208,182,0,0
TRN2008,90.7,84.84,3.48,85,7926,298,0,0
TRN4916,73.18,93.89,2.77,96,7011,71,2,0
TRN2506,74.21,104.95,2.59,73,6210,278,12,0
TRN4262,88.24,88.96,3.3,51,10084,148,6,1
TRN3146,70.87,99.22,2.95,66,2311,56,14,0
TRN3747,95.86,98.55,2.84,97,9277,139,12,0
TRN4733,114.35,98.9,3.53,99,10136,50,10,1
TRN4406,83.27,105.26,4.46,50,10962,317,1,1
TRN1941,78.75,104.5,3.17,87,11407,178,0,0
TRN5863,104.76,93.19,3.41,61,10812,322,5,1
TRN1770,104.08,85.47,4.57,59,11570,159,2,1
TRN3534,85.78,87.15,4.54,66,12079,98,12,0
TRN2744,82.95,85.5,5.8,55,8690,26,7,0
TRN1057,83.93,91.85,3.45,97,9407,72,3,0
TRN3467,72.56,107.1,7.04,66,5215,311,9,0
TRN3321,84.87,85.68,6.22,74,4985,351,7,0
TRN2063,74.64,95.67,2.58,57,5637,239,4,1
TRN2405,86.98,92.03,3.5,92,2835,266,2,0
TRN5664,78.71,94.87,4.67,81,12088,114,8,0
TRN5298,86.82,84.31,4.4,62,3552,79,11,1
TRN2225,77.85,102.09,4.39,96,12052,189,6,0
TRN2697,101.63,78.92,6.25,79,5981,191,6,1
TRN3087,91.17,102.07,2.42,100,13258,268,9,0
TRN4353,84.52,90.01,4.2,55,6695,283,13,1
TRN4172,89.68,86.96,4.01,98,5110,114,14,0
TRN3177,96.25,98.61,2.04,78,9128,126,11,0
TRN4124,106.13,93.43,1.53,57,13449,209,6,0
TRN5443,96.07,105.65,3.71,69,5675,168,12,0
TRN2945,86.73,87.65,4.06,61,11775,4,2,0
TRN1955,79.03,107.71,4.64,60,7105,190,0,1
TRN2673,67.17,94.82,4.27,67,6082,293,4,1
TRN3242,85.7,86.6,7.1,93,5901,13,12,1
TRN1031,93.49,100.02,4.46,70,10246,211,13,1
TRN2870,81.57,97.12,-0.22,66,9358,170,6,0
TRN4312,77.97,94.85,5.37,61,2935,28,11,1
TRN5966,83.61,82.91,4.45,75,7961,131,6,0
TRN3651,98.05,77.98,3.31,78,8864,292,11,1
TRN3076,53.54,97.42,1.09,84,2293,35,2,0
TRN2521,58.0,90.86,2.96,66,12412,249,1,0
TRN1733,84.72,79.47,4.62,95,4838,61,5,0
TRN1799,80.99,86.68,3.56,89,10992,301,6,0
TRN1562,72.67,111.18,4.18,61,11501,32,7,1
TRN3012,63.4,96.68,0.66,52,14503,73,2,1
TRN2220,110.68,93.86,5.06,76,14000,249,11,1
TRN1406,67.33,96.26,2.98,67,5833,284,0,0
TRN5326,79.06,87.26,2.99,66,10623,12,10,0
TRN3443,83.52,86.94,3.76,84,1707,338,14,1
TRN5499,100.35,87.46,3.75,68,10971,151,9,1
TRN1975,75.89,105.12,2.2,71,10280,285,4,1
TRN5838,74.17,92.75,5.98,55,5672,130,11,1
TRN1837,81.04,98.4,2.58,67,12819,198,0,0
TRN3074,78.3,84.38,3.0,63,14393,351,6,1
TRN2131,77.62,93.18,5.53,72,5247,150,0,0
TRN3613,92.31,99.63,4.06,69,4367,100,12,0
TRN5564,92.86,95.69,5.22,51,9683,151,3,0
TRN1341,76.92,76.55,3.25,87,7579,175,0,0
TRN4352,105.05,93.53,4.48,80,8237,221,3,0
TRN2738,73.52,104.92,6.63,76,9448,297,8,1
TRN5628,102.07,97.34,3.76,69,4697,62,14,0
TRN2142,68.53,94.48,4.5,76,13936,74,5,0
TRN4106,66.96,99.27,1.54,92,2868,225,0,0
TRN5605,94.51,92.71,3.34,96,12900,98,1,0
TRN3597,97.39,98.21,2.52,51,8427,27,7,0
TRN2064,88.29,108.0,3.39,51,8880,231,8,0
TRN3973,98.67,94.78,3.51,54,13618,357,6,1
TRN1074,96.2,93.2,5.44,55,12772,332,5,1
TRN4842,72.6,86.98,3.41,95,8946,6,8,0
TRN2221,88.56,94.95,7.08,96,11431,354,7,1
TRN4769,79.33,103.87,1.84,87,9317,275,3,1
TRN1732,122.27,90.49,3.22,100,2527,307,9,1
TRN5467,69.79,96.08,2.89,50,1874,171,6,0
TRN4249,95.41,86.8,3.28,74,3335,211,6,0
TRN4765,77.81,103.99,2.57,55,4154,115,2,1
TRN5172,76.73,93.28,1.49,56,12347,36,11,1
TRN2622,76.75,94.03,4.71,98,1823,337,9,0
TRN5259,94.29,96.44,3.09,66,8159,39,1,0
TRN2997,83.07,83.49,4.28,85,1886,263,14,1
TRN4237,85.81,107.9,2.39,94,5364,147,0,0
TRN4594,89.53,114.56,1.1,94,7417,68,10,0
TRN4743,84.33,99.23,4.35,95,10649,148,1,0
TRN5948,81.81,95.15,6.2,87,9695,87,12,0
TRN3759,61.75,99.16,3.3,86,4460,42,12,0
TRN1600,85.14,92.12,4.43,53,4483,46,12,1
TRN5648,100.89,90.89,4.67,81,7358,188,3,0
TRN5060,106.91,85.04,4.33,84,8555,135,11,1
TRN5365,88.39,95.17,5.57,53,13951,224,5,0
TRN4052,93.42,91.59,4.78,93,6192,321,4,0
TRN3836,84.05,97.24,5.25,94,8425,97,5,0
TRN5323,94.83,103.08,5.15,86,8948,3,6,0
TRN4863,87.99,90.76,3.8,94,12433,308,0,0
TRN3509,89.58,89.88,3.74,65,5456,254,4,0
TRN3754,81.32,91.34,3.23,64,12364,329,0,1
TRN2752,102.34,91.24,2.55,82,9070,178,3,0
TRN3993,89.94,97.64,0.5,76,5386,124,0,0
TRN4814,109.3,92.92,5.96,91,3781,297,13,0
TRN3258,107.52,98.39,4.73,51,5187,333,11,1
TRN4215,71.13,101.43,0.2,52,12554,94,2,0
TRN1483,100.23,90.67,5.0,57,6929,284,8,0
TRN1141,105.34,98.83,5.73,91,4542,266,3,0
TRN3089,99.75,98.15,2.18,86,7507,154,14,0
TRN2281,97.52,105.11,3.26,61,10900,160,3,1
TRN1038,89.37,88.67,4.49,57,10498,152,10,0
TRN1714,74.42,78.8,0.34,59,14372,81,5,1
TRN1830,54.28,90.04,1.05,91,12591,141,7,0
TRN4342,69.28,93.19,6.4,56,4769,55,5,1
TRN1632,67.67,113.3,4.86,58,3423,267,11,1
TRN1160,82.85,95.0,5.33,76,5652,7,10,0
TRN3938,100.38,90.44,1.38,91,7701,4,1,0
TRN3228,118.57,93.73,4.26,86,13426,238,10,0
TRN1027,91.27,91.2,4.36,70,10708,85,11,0
TRN3888,90.99,96.98,4.98,88,11654,62,7,0
TRN4557,80.27,99.02,4.23,67,11852,202,4,1
TRN5786,99.44,94.84,2.62,83,4759,320,9,0
TRN4074,82.46,93.33,3.51,84,4432,147,4,0
TRN3890,96.26,92.3,5.49,99,8334,301,11,0
TRN2214,63.9,87.81,5.91,74,10843,268,0,0
TRN5621,80.64,98.99,2.42,61,11043,344,6,1
TRN3878,90.15,95.25,3.56,62,12503,98,1,0
TRN5571,85.83,78.02,2.49,75,5017,277,0,1
TRN5972,71.29,86.9,3.13,89,7383,231,2,0
TRN2542,88.71,96.03,4.61,67,4073,194,12,0
TRN1180,73.94,94.28,4.49,97,2089,180,9,0
TRN3290,92.09,86.23,2.52,89,4543,153,8,0
TRN3572,74.85,96.23,3.26,62,10647,322,10,1
TRN5846,84.34,107.45,4.45,62,6393,263,7,1
TRN1366,95.56,99.4,2.0,95,12178,25,2,0
TRN4711,93.13,92.68,7.41,98,2895,92,11,1
TRN1267,111.74,85.13,3.26,50,11637,138,7,0
TRN4189,86.38,89.6,5.09,51,12613,260,1,1
TRN1626,60.91,102.48,4.21,64,9423,34,7,0
TRN5476,76.45,89.65,2.62,75,4785,82,3,0
TRN2147,92.34,90.13,3.29,98,8536,45,7,0
TRN4151,70.81,106.19,4.37,80,12924,264,7,0
TRN3833,94.52,99.48,6.69,61,5917,325,3,1
TRN4936,93.88,98.69,5.92,59,9046,103,8,1
TRN2941,60.12,105.3,3.2,82,9281,254,4,0
TRN2938,103.49,101.1,4.2,78,9450,147,3,0
TRN4373,96.55,105.37,3.31,100,1664,84,4,0
TRN5982,88.88,87.02,4.51,76,1229,177,14,0
TRN4399,96.46,97.18,2.25,97,7000,48,2,0
TRN3374,82.64,83.01,3.77,83,8900,339,8,1
TRN4931,97.59,98.22,3.99,76,7032,1,14,0
TRN1873,82.01,96.02,6.77,60,12380,164,12,1
TRN1489,99.94,110.02,3.85,94,8545,27,2,0
TRN2079,85.47,83.35,3.94,83,14358,19,13,0
TRN1097,81.05,103.3,5.22,50,6446,161,4,0
TRN3051,86.2,98.18,3.4,95,13420,188,5,0
TRN3225,78.45,91.12,5.58,67,8823,146,10,0
TRN3727,92.25,100.81,3.53,58,13744,283,5,1
TRN3944,98.82,98.56,4.61,80,4271,133,14,0
TRN1106,85.8,110.6,4.84,95,1721,85,1,0
TRN2550,92.34,104.79,2.61,87,3521,153,5,0
TRN2836,80.3,96.14,5.28,51,9453,54,5,0
TRN2378,87.59,87.41,1.55,96,5345,48,13,0
TRN1799,79.99,107.07,4.25,97,6650,73,13,0
TRN5412,82.77,83.52,4.32,98,14120,96,3,0
TRN2943,53.0,96.86,3.24,68,7739,160,0,0
TRN4823,89.83,96.75,3.56,92,14582,359,8,0
TRN2174,89.6,92.32,1.5,53,11594,196,12,0
TRN3007,103.56,101.18,2.72,54,9117,20,2,1
TRN5452,67.46,84.91,3.19,77,10273,42,0,0
TRN1200,85.32,89.96,3.08,94,11831,263,14,1
TRN3665,96.27,85.56,3.96,58,5803,239,14,0
TRN2473,65.45,81.4,3.62,54,9547,244,10,1
TRN5784,89.87,82.06,1.96,95,6372,161,5,0
TRN4550,102.92,97.0,7.06,65,1050,154,1,1
TRN4679,72.68,97.75,7.03,81,7862,228,9,0
TRN3280,87.21,95.29,3.09,88,14346,26,6,0
TRN2965,70.99,101.44,3.08,75,5511,245,3,0
TRN2961,106.6,99.18,2.04,100,5569,266,0,1
TRN2639,84.95,100.16,3.16,70,6464,67,0,0
TRN1014,81.09,103.79,8.33,98,9012,16,0,1
TRN1902,91.62,104.07,2.89,52,11277,314,7,1
TRN5884,92.84,88.96,2.0,50,3452,50,9,0
TRN4075,84.47,98.24,5.28,64,4856,97,13,0
TRN5708,68.3,92.95,3.4,55,14774,120,14,0
TRN4907,73.94,93.0,3.91,68,8424,80,0,0
TRN2978,90.16,86.39,2.83,58,1925,183,10,0
TRN4985,60.31,100.36,3.37,91,12124,122,6,0
TRN5403,109.25,97.82,6.04,58,10179,323,13,1
TRN4182,109.63,97.88,3.87,88,12977,316,12,1
TRN1050,69.91,92.94,4.82,96,9094,112,9,0
TRN1073,78.18,93.81,2.36,81,12548,99,7,0
TRN4396,81.66,88.61,4.38,94,7317,141,0,0
TRN2311,61.22,101.01,6.83,50,9922,350,11,0
TRN4359,74.29,100.91,4.78,66,1498,170,6,0
TRN3409,87.43,87.42,2.95,51,10276,258,9,1
TRN4523,54.4,89.43,1.51,91,13071,332,0,1
TRN2003,85.94,98.69,2.5,81,9325,350,1,0
TRN3038,78.52,89.23,5.5,95,3854,59,8,0
TRN2512,74.01,89.57,4.26,70,11550,111,8,0
TRN2563,81.56,103.91,5.43,63,2457,58,9,0
TRN4422,82.47,98.13,3.2,96,3537,216,4,0
TRN2668,77.24,102.29,3.78,61,9478,113,9,1
TRN1778,82.49,90.15,4.96,64,5929,140,5,0
TRN1992,62.97,94.34,3.04,99,1885,315,14,0
TRN4705,85.74,96.44,5.5,58,1003,118,6,0
TRN5811,86.75,96.17,2.24,84,7514,134,5,0
TRN3793,74.76,96.01,3.14,99,13994,139,4,0
TRN5244,91.85,102.23,6.72,63,5777,279,11,1
TRN2160,79.75,84.66,1.0,99,14194,162,1,0
TRN5819,64.34,92.69,4.07,97,5825,348,0,0
TRN2427,82.74,103.55,4.41,72,5872,139,7,0
TRN3562,70.61,91.89,3.57,67,12077,95,11,0
TRN2176,93.11,93.55,3.88,86,5012,34,4,0
TRN3318,79.99,99.01,4.34,55,9414,249,11,1
TRN5737,80.67,102.78,3.87,94,1881,278,3,0
TRN5619,75.34,98.02,7.2,93,1428,75,11,0
TRN3357,84.53,77.8,3.6,75,10872,271,2,1
TRN1413,84.04,88.7,3.28,86,12589,1,9,0
TRN2436,95.35,95.57,5.07,94,5258,4,3,0
TRN2653,82.87,95.72,3.55,55,4290,164,11,0
TRN5177,100.42,99.02,4.66,67,2453,111,9,1
TRN2210,87.07,85.31,5.14,69,11294,17,1,0
TRN5390,66.54,88.66,4.22,67,11377,66,10,0
TRN5940,77.61,87.0,5.81,67,11572,67,3,0
TRN5491,81.4,98.78,1.23,96,5688,65,5,0
TRN1398,104.8,102.1,3.2,58,1797,250,1,0
TRN4985,66.87,84.97,4.98,77,1232,360,13,1
TRN5940,103.28,91.63,5.16,88,4218,108,7,0
TRN2381,96.76,90.9,2.1,82,4223,340,2,0
TRN2487,92.54,95.92,4.15,100,2585,288,3,1
TRN4899,90.93,91.84,5.95,69,12779,73,11,0
TRN1511,110.29,101.75,7.78,81,10161,36,7,0
TRN3805,75.17,102.21,5.93,60,6326,278,3,1
TRN1005,69.54,87.67,5.41,51,12685,313,5,0
TRN2052,102.8,89.13,3.22,93,11089,275,11,1
TRN5580,90.47,94.11,4.92,61,6446,225,14,0
TRN3677,66.33,103.63,5.32,56,13637,123,8,1
TRN3469,95.31,107.08,3.8,66,2840,68,12,0
TRN5648,58.45,109.42,4.23,93,11230,300,9,1
TRN5203,81.67,113.44,2.9,96,13558,12,7,0
TRN5336,82.33,99.82,3.8,78,6147,229,9,0
TRN3285,74.74,96.7,3.35,56,4405,271,7,0
TRN4108,74.69,96.43,3.36,84,2925,10,14,0
TRN3629,104.58,105.68,6.05,91,11629,154,9,1
TRN5518,79.11,93.38,5.91,81,6272,243,7,0
TRN4004,74.7,94.24,4.07,71,14011,336,12,0
TRN1623,101.41,101.33,5.12,91,9649,288,4,0
TRN3798,75.17,86.71,4.93,94,2186,13,6,0
TRN4927,79.83,97.51,5.35,60,4424,163,10,0
TRN4938,104.84,86.75,5.19,73,4214,114,8,0
TRN5506,89.04,94.89,3.18,68,9513,196,11,0
TRN3426,99.37,94.9,4.48,90,10986,143,13,0
TRN1491,87.75,91.45,3.58,68,12742,97,11,1
TRN2128,95.31,78.87,3.86,98,2996,272,13,0
TRN2393,89.17,92.76,4.94,88,10373,276,14,0
TRN4748,78.77,90.77,4.86,97,4369,309,4,0
TRN4409,102.58,98.01,5.31,80,13542,275,0,1
TRN4811,97.28,105.57,3.53,54,2633,39,6,0
TRN1748,87.79,106.34,5.84,87,14479,190,8,1
TRN2422,76.6,101.07,2.88,55,4586,74,4,0
TRN3002,94.41,85.48,5.08,72,9907,81,3,0
TRN3467,87.95,107.31,3.81,68,7077,277,8,0
TRN1569,85.3,96.27,7.24,52,9930,193,10,1
TRN1474,75.37,80.88,5.41,96,5077,359,5,0
TRN2694,102.48,90.82,4.53,99,2900,27,6,0
TRN2564,98.81,112.86,3.16,82,7011,221,11,0
TRN4672,65.37,93.38,2.2,82,4835,184,4,0
TRN5268,57.14,92.96,2.97,86,14647,194,6,0
TRN4936,84.3,100.6,5.88,55,13082,27,1,1
TRN4228,88.79,100.27,2.07,69,11964,258,4,1
TRN3966,87.88,98.83,5.57,70,14632,187,7,0
TRN3157,82.28,91.57,1.2,58,7732,151,4,1
TRN2958,87.82,97.34,3.94,96,13558,337,13,1
TRN2809,77.46,84.27,3.27,85,9085,195,14,1
TRN3876,94.21,86.4,3.26,69,7276,46,10,0
TRN3995,85.36,94.23,3.76,98,14811,194,8,0
TRN1813,68.53,91.7,4.36,100,9426,4,2,0
TRN3779,69.78,98.21,5.4,100,14260,327,12,0
TRN1165,106.81,92.53,1.37,95,5630,235,8,0
TRN2936,81.12,80.77,3.22,58,14148,305,9,1
TRN4908,71.81,91.82,5.52,66,14054,107,0,1
TRN1162,88.41,95.55,3.55,91,1959,32,13,1
TRN4471,92.97,92.63,3.9,77,3377,80,1,0
TRN2979,82.9,101.17,7.35,54,8782,152,9,0
TRN1726,64.61,99.81,2.59,100,10987,193,7,0
TRN4423,70.62,89.85,6.37,85,7210,92,5,0
TRN3250,87.91,112.73,3.94,95,10013,113,7,0
TRN3146,57.55,96.13,3.69,55,10479,219,1,0
TRN2366,87.01,84.72,4.57,50,14482,250,1,0
TRN4890,104.19,77.3,5.03,63,1712,299,7,1
TRN1431,82.11,90.63,4.72,95,7249,290,11,0
TRN3486,98.12,95.36,2.47,62,13968,252,0,0
TRN1065,66.88,92.37,4.32,64,10015,103,3,0
TRN2978,60.28,101.57,5.57,87,9857,302,3,0
TRN2421,95.94,100.87,3.82,78,12409,151,0,0
TRN3003,78.79,99.3,4.2,85,8194,124,5,0
TRN5082,73.12,97.83,6.27,73,1727,290,2,1
TRN4639,56.64,102.77,3.3,96,4700,213,10,0
TRN2685,104.74,98.36,4.57,53,3050,135,3,1
TRN1888,90.88,97.15,6.03,71,7141,317,0,0
TRN5774,104.76,85.72,6.06,80,10644,104,9,0
TRN5276,79.82,98.29,5.23,60,11303,86,3,0
TRN3248,73.8,103.87,2.45,67,12593,100,4,0
TRN3914,69.37,83.17,3.31,76,9147,199,7,0
TRN1364,63.92,99.07,1.26,96,6668,105,0,0
TRN5925,92.18,98.15,4.59,61,6135,250,1,0
TRN5923,85.01,100.74,1.53,72,9993,233,12,0
TRN4472,89.35,91.13,4.31,100,11736,245,4,0
TRN3954,84.57,91.67,4.39,52,11673,134,10,1
TRN2167,70.82,90.33,4.78,68,3134,156,6,0
TRN1619,80.37,96.91,4.46,61,10032,274,6,1
TRN1438,54.65,107.3,1.2,80,2211,315,5,0
TRN2385,91.88,97.8,3.95,79,11319,98,10,0
TRN1957,83.99,93.46,7.08,93,5337,104,0,0
TRN5152,83.83,96.06,4.34,71,4293,318,9,0
TRN1851,72.65,87.54,2.34,70,12500,82,10,0
TRN4938,78.73,88.09,2.15,98,7088,131,12,0
TRN4535,83.12,91.11,2.52,99,10288,78,5,0
TRN2243,80.58,103.18,2.48,88,1604,342,3,0
TRN3720,80.86,95.11,6.87,87,12748,104,1,1
TRN4736,88.19,90.39,5.09,89,3635,208,8,0
TRN4406,83.53,95.2,3.42,51,1011,204,0,0
TRN2201,55.56,97.72,2.42,64,7206,317,9,1
TRN4857,90.97,91.31,2.65,71,14947,213,2,1
TRN2508,77.43,96.47,0.92,97,8486,326,4,0
TRN1794,90.87,103.67,4.37,71,5646,351,8,0
TRN4497,61.41,85.05,6.21,77,12166,64,11,1
TRN2178,94.1,98.77,5.66,68,7124,214,7,0
TRN1156,72.9,98.13,3.55,74,9912,363,13,0
TRN4413,66.8,82.21,2.89,88,7514,250,10,0
TRN4062,89.29,81.12,2.18,54,8658,293,9,1
TRN1283,71.68,102.98,2.32,88,7180,110,7,0
TRN2093,78.56,102.39,2.87,56,9749,137,14,0
TRN5770,89.46,100.85,4.05,87,14837,41,3,0
TRN5342,87.35,93.89,4.17,84,11002,44,6,0
TRN5653,79.5,93.28,4.54,84,9144,337,8,0
TRN2140,80.71,90.44,1.89,57,2352,54,11,0
TRN5476,72.64,104.55,3.9,85,7755,23,12,0
TRN1223,72.57,97.6,4.33,73,13364,331,7,0
TRN5482,98.63,93.73,0.14,60,6539,68,11,0
TRN1230,84.4,87.06,2.81,82,7669,351,14,1
TRN4599,84.42,75.11,4.06,73,4810,211,11,1
TRN3234,81.64,85.79,4.32,60,12927,76,10,0
TRN3721,76.19,109.08,5.42,83,14071,179,12,0
TRN4040,84.56,98.14,5.27,94,1400,220,6,0
TRN2459,86.98,97.16,4.8,60,5608,307,8,1
TRN4072,89.11,94.64,2.2,100,8683,65,12,0
TRN4811,103.25,94.98,4.56,80,7200,11,9,1
TRN3704,85.23,96.93,1.55,81,13042,205,4,0
TRN2471,79.69,95.2,2.17,57,8891,259,8,0
TRN4944,99.74,93.2,1.33,90,6804,49,7,0
TRN3056,87.26,93.22,2.34,85,12504,115,4,1
TRN1952,92.67,92.85,3.93,57,10469,225,13,0
TRN5673,82.07,100.72,1.12,86,3880,94,8,0
TRN4162,82.83,98.17,4.11,89,2801,282,8,1
TRN3103,82.3,94.14,4.3,100,9598,223,3,0
TRN1453,79.62,95.88,1.63,81,2571,22,13,0
TRN2974,68.19,92.43,3.98,81,9674,252,10,1
TRN2560,63.15,82.12,5.58,68,4642,322,5,0
TRN4727,107.96,91.55,3.59,54,1381,218,8,1
TRN5776,91.44,78.88,2.24,74,7627,49,0,1
TRN4855,88.33,107.39,5.46,79,8891,93,1,0
TRN4791,69.05,82.74,2.51,76,6947,42,12,1
TRN1227,99.53,92.99,4.52,69,4423,136,9,0
TRN4865,80.78,84.43,7.33,57,9857,33,10,1
TRN2911,88.31,96.59,4.7,96,8064,196,2,0
TRN3867,94.11,94.53,0.97,56,14604,118,5,0
TRN3606,94.29,103.46,4.42,81,13847,266,11,0
TRN5988,94.71,98.77,2.75,71,6414,45,13,0
TRN1137,69.89,78.91,4.94,60,1768,193,4,0
TRN4128,79.74,84.28,4.13,54,14222,196,4,0
TRN2253,65.53,91.38,4.08,66,14166,58,10,0
TRN4959,90.6,98.1,5.22,50,9346,120,7,1
TRN3885,68.91,106.19,4.29,96,6822,173,10,1
TRN4545,80.04,91.43,2.72,69,6528,311,11,0
TRN5955,115.42,93.9,2.72,87,12270,196,3,0
TRN5775,79.17,81.06,3.93,92,10412,97,7,1
TRN4799,76.02,90.13,3.78,95,3021,219,5,0
TRN3162,52.37,99.49,3.94,88,14589,204,0,0
TRN1538,95.34,96.14,4.85,97,10366,27,14,0
TRN1771,77.94,83.97,4.49,54,11625,295,10,1
TRN1735,83.49,103.15,4.18,55,6135,160,7,1
TRN1507,83.2,113.24,5.96,78,14490,234,10,0
TRN5519,76.64,103.91,6.0,52,7250,191,4,0
TRN3219,85.8,91.11,4.52,80,12769,220,11,0
TRN2664,91.92,103.69,5.38,68,3653,136,14,0
TRN1514,98.83,102.88,4.11,76,1635,200,5,0
TRN5590,103.94,99.27,2.56,54,2018,64,2,1
TRN5392,72.55,101.54,6.95,61,12831,281,8,1
TRN2742,71.65,104.65,7.14,88,5600,256,1,1
TRN5832,98.0,90.99,3.69,95,11917,52,1,0
TRN1030,90.53,76.55,4.71,61,6838,124,5,0
TRN2891,92.27,106.2,4.85,75,14107,229,12,0
TRN3950,67.0,94.62,3.4,64,4819,102,11,1
TRN5126,67.41,83.22,1.78,65,14074,154,8,0
TRN1104,91.06,96.14,3.95,83,8899,208,11,0
TRN3519,77.78,93.48,5.28,88,14523,57,13,1
TRN5498,78.66,110.67,2.9,95,3542,23,5,0
TRN4532,80.47,88.38,4.51,67,14031,110,8,0
TRN3352,101.37,74.94,4.25,78,2831,318,7,0
TRN1788,80.04,101.67,3.45,79,9896,364,14,0
TRN5819,89.92,82.39,4.21,92,11987,202,6,1
TRN5662,100.06,108.15,6.35,100,8751,264,6,0
TRN3092,93.39,89.03,5.63,64,14170,113,6,0
TRN3039,72.42,94.87,5.45,53,6984,74,6,0
TRN4186,59.65,92.67,2.05,76,10094,271,13,1
TRN5747,80.78,89.97,6.12,62,7943,71,10,0
TRN4069,61.42,90.26,2.93,91,7602,76,7,0
TRN1670,81.36,89.42,2.1,80,6113,254,12,0
TRN2957,96.3,94.48,3.26,97,6515,297,2,0
TRN5514,73.3,96.09,2.93,84,1745,261,7,0
TRN3711,64.02,95.46,2.88,96,10698,6,5,0
TRN4928,92.4,115.19,5.89,83,11343,69,12,0
TRN5057,103.24,104.1,5.93,67,2544,87,5,0
TRN1784,73.65,107.95,3.71,92,3585,301,2,1
TRN4056,114.08,102.37,2.35,56,8958,105,6,1
TRN3007,75.56,97.51,4.06,81,13310,318,5,0
TRN2882,91.07,80.05,3.33,53,2223,33,14,1
TRN3055,92.92,108.54,1.4,86,6886,315,9,1
TRN2801,72.9,104.4,3.62,73,9788,94,1,0
TRN5722,76.71,92.02,4.65,96,14076,207,10,0
TRN3413,88.22,95.64,5.92,58,13140,158,14,1
TRN3272,69.4,87.98,3.86,73,14342,251,12,0
TRN1583,70.97,99.46,3.18,68,9332,315,4,1
TRN5646,80.43,80.24,1.74,77,11448,61,8,1
TRN2874,77.66,77.93,6.31,95,3770,118,13,1
TRN5662,63.48,102.9,3.09,99,7045,307,0,0
TRN4602,77.45,95.02,1.54,94,8231,170,10,0
TRN5689,84.42,87.99,3.87,80,13581,278,4,0
TRN4757,63.26,105.41,2.49,99,6627,23,9,0
TRN5507,95.01,91.99,6.34,79,1769,189,5,0
TRN4159,40.37,110.7,5.32,57,1893,311,10,0
TRN5549,103.3,89.34,5.72,51,1675,123,7,0
TRN4678,68.24,81.32,4.45,56,9212,200,8,0
TRN2161,89.93,75.87,5.13,70,14014,172,12,0
TRN3890,72.6,92.61,2.56,50,13496,44,8,1
TRN2995,104.98,91.69,4.02,75,12184,6,2,0
TRN2728,85.97,110.18,3.82,52,11729,201,2,1
TRN5115,89.65,99.7,4.42,73,14317,106,6,0
TRN4651,71.84,98.64,2.71,86,1068,230,14,0
TRN2833,92.44,81.24,4.12,70,12536,155,14,1
TRN3721,87.45,95.94,4.24,85,3266,13,3,0
TRN2576,72.91,97.65,4.24,79,2862,318,13,0
TRN5475,102.1,88.37,3.8,87,3566,246,3,0
TRN2733,91.32,90.17,2.56,71,7842,129,0,0
TRN3079,76.76,93.13,4.78,82,4141,47,5,0
TRN2226,66.67,89.15,5.89,80,2888,221,2,0
TRN4666,93.07,93.31,5.03,62,5629,232,13,0
TRN4891,115.55,93.63,3.42,89,7300,110,10,1
TRN1360,70.69,94.33,1.07,62,4308,345,4,1
TRN4731,82.83,90.14,3.41,63,12585,224,9,1
TRN2132,89.94,98.24,2.29,66,13586,116,2,0
TRN4867,93.26,83.91,3.39,91,10580,80,10,0
TRN2688,85.61,95.35,3.14,65,8802,9,8,0
TRN1897,74.79,98.53,4.01,60,13214,109,2,0
TRN4854,70.5,88.27,3.9,55,10231,104,1,0
TRN1353,63.6,98.01,6.79,78,6978,256,7,0
TRN4088,99.44,89.5,2.93,60,2423,265,11,0
TRN1610,79.67,93.44,4.43,90,13298,141,0,0
TRN3519,84.81,83.17,6.59,76,13376,215,6,0
TRN2161,86.57,95.95,5.98,100,11754,152,7,0
TRN4086,69.97,106.05,6.53,84,9080,214,6,0
TRN2292,97.87,106.03,3.43,90,12116,169,11,0
TRN5354,99.21,99.47,2.95,83,3260,256,4,1
TRN2752,65.82,97.61,4.68,67,13518,276,4,0
TRN4376,69.82,82.81,1.81,92,1006,40,11,1
TRN3933,54.41,87.2,3.31,82,10371,118,4,0
TRN2419,80.92,100.85,6.57,57,12423,279,4,1
TRN2849,100.61,100.89,4.1,98,11155,260,7,0
TRN2427,84.05,91.51,3.27,99,1822,225,2,0
TRN2387,58.1,90.86,5.18,82,14662,319,5,1
TRN4219,92.36,87.09,6.27,73,3989,215,2,0
TRN5246,80.14,90.89,2.17,96,5320,151,8,0
TRN1774,92.19,95.36,3.19,51,5279,195,1,1
TRN1942,81.83,89.07,2.08,51,11748,103,9,0
TRN5871,72.51,86.77,4.08,82,10335,275,5,0
TRN4955,106.07,94.89,4.44,66,13183,83,3,1
TRN3182,78.23,85.46,3.46,85,3799,147,13,0
TRN1665,71.21,95.93,7.31,69,2856,88,9,1
TRN1983,77.16,84.95,5.38,81,4259,259,5,0
TRN2510,93.46,90.83,4.08,83,1704,309,4,0
TRN2760,91.99,99.23,1.64,83,14886,66,10,0
TRN3467,79.78,82.52,4.32,72,1946,24,3,0
TRN3420,98.9,89.16,5.64,64,7201,53,8,0
TRN1351,99.2,92.15,5.05,54,9797,67,7,0
TRN1200,68.03,106.73,5.57,88,3263,313,8,0
TRN2192,85.64,94.77,5.52,51,11740,225,5,1
TRN4128,76.25,107.82,3.02,76,10687,183,5,0
TRN2075,68.34,88.04,2.73,100,3901,256,12,1
TRN1596,104.89,87.33,4.16,50,7786,176,2,0
TRN3558,90.52,103.32,4.9,87,8976,299,6,0
TRN1165,100.37,96.55,6.26,98,3581,170,7,1
TRN2297,82.32,97.55,4.71,72,9933,273,12,1
TRN5031,84.31,103.72,1.93,93,4672,279,10,0
TRN3960,94.05,97.07,5.52,87,8194,198,3,0
TRN5646,80.74,104.03,1.7,67,3624,343,4,0
TRN5304,86.89,83.36,5.43,92,13032,353,9,0
TRN1877,99.65,83.36,4.35,64,4555,346,6,1
TRN3795,80.31,87.29,5.67,51,7018,244,13,0
TRN4190,73.0,108.47,5.38,97,3623,58,12,0
TRN4674,102.0,97.56,3.58,90,8420,294,13,0
TRN1053,83.9,84.61,5.55,72,12127,289,5,1
TRN4076,72.45,101.62,2.34,84,11901,342,2,0
TRN3010,76.9,107.4,6.36,85,6972,176,7,0
TRN5989,99.07,88.4,4.4,59,7137,187,7,0
TRN3153,84.54,87.22,3.27,86,2449,197,6,0
TRN2662,89.1,96.06,3.82,63,1026,87,5,0
TRN5549,80.27,93.67,5.23,54,12757,60,14,1
TRN4313,81.21,80.75,3.88,67,13038,210,2,0
TRN1655,86.32,89.22,5.85,78,7118,121,9,1
TRN1865,98.66,95.77,3.12,79,11520,188,14,0
TRN1989,72.58,93.13,3.88,85,14685,261,7,1
TRN1492,80.0,85.85,4.17,76,5404,261,5,0
TRN3677,88.64,82.8,4.26,72,8575,56,4,0
TRN1163,90.3,101.75,5.27,85,2921,249,14,0
TRN1936,109.02,102.27,2.39,69,14915,133,5,0
TRN3606,78.46,83.45,4.15,79,12851,265,3,1
TRN5320,103.47,90.2,3.17,80,6102,213,11,1
TRN3157,100.94,71.37,6.27,73,14301,175,6,1
TRN3461,111.71,102.88,4.75,93,12337,174,9,0
TRN4513,100.48,84.03,2.0,100,14576,231,11,0
TRN2350,100.79,86.8,5.94,55,7067,161,5,1
TRN1183,93.45,96.47,3.5,71,7956,125,5,0
TRN4722,74.43,102.16,1.18,84,13475,304,1,0
TRN1757,61.55,85.35,2.17,57,2238,111,2,0
TRN2138,95.62,94.25,4.16,84,8308,363,14,0
TRN4943,106.79,98.58,5.22,97,10853,232,7,0
TRN1446,70.75,103.1,6.97,65,4557,148,2,1
TRN5256,69.23,78.61,4.04,92,6449,27,10,0
TRN1709,79.97,75.09,7.71,67,6145,347,10,0
TRN1463,104.44,89.65,5.73,75,9584,262,9,0
TRN5495,75.77,100.04,3.97,52,6212,302,13,1
TRN3996,80.24,109.44,3.09,85,11540,133,13,1
TRN3176,97.68,95.73,4.09,62,6181,80,1,0
TRN3317,68.52,88.1,3.05,97,11123,301,11,1
TRN3238,75.54,89.63,1.72,79,8114,127,13,0
TRN5915,93.09,85.88,5.24,89,3986,348,5,0
TRN4959,60.28,92.17,3.21,52,5809,248,1,1
TRN3432,93.21,98.17,3.91,59,4771,55,0,0
TRN1408,88.89,75.68,4.92,61,14251,164,0,0
TRN3532,110.13,94.22,4.78,91,8531,238,10,1
TRN2793,74.53,83.28,2.82,72,2890,28,4,0
TRN3228,76.83,76.59,5.99,83,9753,129,1,1
TRN1013,73.89,95.32,4.44,86,6936,68,13,0
TRN2438,85.56,93.15,4.31,52,7555,345,14,0
TRN4051,83.94,93.49,6.34,53,1327,274,6,0
TRN4875,86.18,91.09,3.0,57,12758,65,5,1
TRN3369,116.15,96.82,4.88,93,7976,282,3,1
TRN4225,84.71,88.59,6.32,73,9130,162,10,0
TRN4846,85.94,114.31,4.77,91,6565,309,12,1
TRN3780,96.19,114.19,3.69,65,7073,222,1,0
TRN2784,90.68,107.17,3.86,74,9992,291,7,1
TRN2453,96.01,110.91,3.95,64,5549,338,9,1
TRN4563,94.79,104.85,5.53,61,11391,129,7,1
TRN4208,73.16,114.92,2.02,97,13663,118,1,1
TRN5947,69.91,96.93,5.57,75,13952,223,8,1
TRN1987,58.42,91.86,2.48,69,1104,232,5,0
TRN5739,79.66,90.36,4.5,59,9145,289,2,1
TRN3791,76.46,93.86,3.62,91,12970,322,10,0
TRN3653,81.13,91.19,5.62,59,1106,342,7,0
TRN3233,77.75,111.48,3.3,90,9074,220,11,0
TRN4477,101.98,103.21,3.73,61,10896,247,14,1
TRN3943,89.25,92.64,-0.24,76,1138,151,13,0
TRN3560,81.74,93.96,4.22,70,7553,52,11,0
TRN2087,96.04,94.1,5.63,76,12172,290,12,0
TRN3042,90.85,89.85,1.32,98,2149,35,4,0
TRN3164,92.41,85.13,5.23,55,2283,101,1,0
TRN3782,79.12,104.73,4.73,60,5159,190,3,0
TRN2036,99.39,99.81,4.99,91,8691,10,6,0
TRN3466,82.33,102.26,3.21,99,9941,167,10,0
TRN3594,78.88,86.39,1.66,56,9262,52,7,0
TRN2588,109.29,94.97,1.96,93,10451,307,14,0
TRN5769,93.43,82.52,4.32,58,14938,88,11,0
TRN1403,83.11,81.96,2.89,80,9212,279,0,1
TRN5706,91.17,98.44,3.35,63,1548,273,11,1
TRN4987,94.45,89.23,3.77,57,6230,311,12,0
TRN1785,83.43,85.1,2.05,51,7433,224,0,0
TRN4294,89.67,104.72,4.62,78,12763,84,7,0
TRN2834,78.2,103.2,4.79,59,14115,283,11,1
TRN2799,85.41,103.06,3.42,75,3371,138,8,0
TRN3347,94.42,87.2,2.84,65,9113,163,10,0
TRN3528,100.79,88.61,1.92,78,3175,239,3,0
TRN5338,103.9,94.67,3.77,93,7254,250,11,0
TRN3539,87.78,101.03,3.24,73,11119,107,0,0
TRN5258,86.11,87.5,4.24,69,13126,43,7,0
TRN5866,95.13,103.9,3.72,88,5289,3,11,0
TRN4713,88.03,87.91,4.02,71,7506,116,6,0
TRN3670,118.68,93.76,3.06,89,10771,99,3,0
TRN5962,77.36,84.05,2.48,65,6849,218,1,0
TRN3171,104.57,107.98,1.4,62,9545,269,3,1
TRN5449,91.91,87.18,5.02,91,8462,300,2,1
TRN4103,94.71,90.09,4.92,79,8265,239,0,0
TRN3893,75.75,98.36,6.83,62,5121,162,10,0
TRN1213,78.5,103.36,4.45,66,1880,42,0,0
TRN2944,94.43,101.8,4.6,97,9211,136,1,0
TRN3898,77.5,99.22,4.51,52,13065,262,14,1
TRN1533,91.04,78.79,6.4,87,14583,243,6,0
TRN3751,90.39,92.62,3.85,100,3884,94,3,0
TRN1792,94.84,96.18,4.3,58,7158,130,0,1
TRN3377,92.71,90.9,4.39,97,2075,121,1,0
TRN2553,77.84,99.48,4.61,78,9807,119,9,0
TRN1202,75.59,90.39,4.06,50,5975,326,2,0
TRN1593,62.8,94.98,4.76,65,2333,162,4,0
TRN3814,80.69,91.87,2.08,86,7230,174,5,0
TRN5742,68.39,94.47,3.95,94,6298,79,13,0
TRN3073,99.54,92.81,2.76,55,13438,50,12,1
TRN4305,59.26,93.05,2.71,73,1269,38,8,0
TRN1068,74.48,86.69,4.95,79,6442,39,12,0
TRN4761,88.6,107.7,5.03,86,5236,301,2,0
TRN1787,87.55,93.42,4.68,80,14841,220,3,0
TRN3938,66.14,103.0,4.85,90,2076,80,10,0
TRN3094,85.07,105.87,8.15,95,1343,312,13,1
TRN1136,88.68,87.34,3.6,78,7492,256,4,0
TRN4704,69.46,85.11,4.4,57,12119,59,14,0
TRN1424,93.32,95.29,5.72,93,3519,115,0,0
TRN5844,83.93,99.49,5.5,52,1574,168,9,0
TRN2097,88.14,95.99,2.91,60,9695,26,13,0
TRN1472,74.83,95.23,5.61,97,14199,128,5,0
TRN1300,80.58,91.29,6.35,88,7228,16,1,1
TRN3342,83.19,95.13,3.34,58,9205,291,9,0
TRN4954,96.08,97.53,4.14,76,14702,275,4,1
TRN2632,91.41,92.69,3.34,90,8849,231,5,0
TRN1661,76.46,93.02,0.83,94,3416,364,11,0
TRN5484,105.32,102.42,4.1,80,11167,285,9,1
TRN1236,90.96,93.53,2.14,54,1998,102,7,0
TRN1409,80.12,98.66,4.58,51,4428,70,3,0
TRN3435,82.89,96.61,4.21,92,9515,90,12,0
TRN5202,92.08,90.4,2.81,100,7084,14,8,0
TRN4829,80.28,99.57,5.5,53,11863,76,10,0
TRN3227,78.6,93.5,6.28,83,14376,243,4,0
TRN1917,71.0,90.93,3.26,75,8880,277,10,1
TRN4320,79.45,97.13,2.19,70,10633,204,0,0
TRN2911,90.61,91.69,4.75,78,9557,78,7,0
TRN5599,76.79,91.02,1.23,53,2400,223,11,1
TRN3046,81.0,102.38,0.06,65,6156,285,12,0
TRN2890,71.01,106.24,3.68,78,14573,4,0,1
TRN1233,76.62,97.02,3.66,98,8641,226,1,0
TRN1651,103.21,98.47,2.25,66,11589,275,10,0
TRN5207,79.09,84.37,5.57,65,6731,188,4,1
TRN3798,89.93,93.35,2.49,58,6296,250,13,0
TRN5601,108.53,101.05,3.74,91,6696,115,11,0
TRN5593,67.33,87.67,4.4,77,7385,163,1,0
TRN3855,87.68,102.0,6.3,99,14733,144,1,0
TRN3616,62.86,91.47,0.24,73,11762,93,8,0
TRN3883,78.18,88.29,3.46,76,7435,96,10,0
TRN2359,92.01,88.05,3.78,55,2498,213,1,1
TRN1532,85.08,100.84,3.09,77,9816,164,4,0
TRN5980,104.45,102.6,4.02,70,8013,233,12,0
TRN3212,73.7,107.1,4.97,57,6309,191,9,1
TRN4807,76.71,105.38,5.36,59,2813,170,10,0
TRN3984,94.79,100.95,3.83,77,1582,127,10,0
TRN4943,87.93,88.59,4.74,55,14833,155,3,0
TRN4486,77.61,100.7,2.55,67,11966,188,11,0
TRN1200,74.04,101.11,3.84,54,6563,183,4,0
TRN1146,73.99,102.94,4.92,97,6951,157,0,0
TRN4883,102.11,102.87,2.96,57,7652,25,7,0
TRN1944,60.47,99.09,1.6,57,11274,204,3,0
TRN2408,91.03,93.94,4.29,92,14610,232,0,0
TRN2450,83.82,84.87,2.55,60,1330,272,9,1
TRN4029,84.14,82.85,5.04,94,14268,246,13,0
TRN4713,60.8,99.75,3.39,77,5266,61,12,0
TRN2335,92.46,109.1,3.96,50,5735,214,11,1
TRN1668,72.77,96.32,4.92,55,2280,157,4,0
TRN4638,58.11,101.4,5.11,91,12956,116,9,0
TRN3114,85.58,85.3,3.0,98,9386,321,9,0
TRN1573,92.11,81.4,3.7,84,6264,140,1,0
TRN4711,77.82,107.81,2.28,68,11561,253,12,1
TRN1718,108.05,118.11,4.12,96,9408,123,5,0
TRN5113,88.76,99.57,5.65,52,4244,187,9,0
TRN4104,90.01,92.29,2.29,52,12843,28,12,1
TRN5621,96.91,95.93,3.25,81,11067,120,6,1
TRN3823,102.01,88.85,5.5,73,9406,338,7,0
TRN2288,105.37,109.79,3.8,93,3699,186,7,1
TRN4310,90.83,94.53,1.04,64,7162,267,1,0
TRN4369,92.07,101.45,0.57,99,9978,230,9,0
TRN4441,78.73,104.95,2.44,83,1849,61,9,0
TRN3106,92.77,91.51,2.09,67,2299,67,7,0
TRN4862,87.92,100.47,3.63,81,5824,338,0,0
TRN3361,79.0,102.11,3.99,66,1389,207,2,0
TRN5801,110.21,107.41,1.06,72,1054,189,12,1
TRN4608,82.76,97.85,2.4,65,11770,192,13,1
TRN4376,106.35,119.4,4.58,50,12008,240,3,0
TRN5083,73.34,90.47,2.41,72,3321,263,4,0
TRN1873,88.24,82.45,5.15,61,3541,47,7,1
TRN5684,80.75,89.25,0.97,89,7234,349,1,0
TRN2972,85.79,90.51,4.32,96,13791,275,9,0
TRN4414,97.75,91.23,4.67,74,1199,255,14,0
TRN2488,82.14,100.91,4.2,95,14999,89,13,0
TRN1581,71.82,80.56,2.38,59,2830,250,4,1
TRN3935,87.8,96.3,3.14,88,8678,206,4,0
TRN4939,60.92,88.89,2.8,63,10635,318,11,0
TRN3649,92.75,93.34,2.39,79,2727,153,14,0
TRN2419,91.83,91.03,3.67,76,3127,357,10,1
TRN5866,96.72,106.5,4.38,68,14033,89,6,1
TRN3216,102.41,82.87,5.75,78,12971,98,4,1
TRN5863,85.12,93.51,3.02,89,3525,10,2,0
TRN1075,91.78,102.36,5.5,79,14500,291,12,1
TRN1034,83.25,94.41,3.27,71,12260,41,8,0
TRN1666,98.47,87.4,5.56,60,3745,21,8,0
TRN4640,68.25,105.01,4.17,71,2352,5,7,0
TRN3943,110.44,89.62,1.21,74,14168,50,7,0
TRN2950,81.4,96.69,6.87,61,9557,333,9,0
TRN3583,93.06,89.69,4.72,93,11660,21,14,1
TRN4885,94.86,100.6,5.84,70,3355,50,7,0
TRN5076,82.95,95.35,8.21,89,3191,163,9,0
TRN4062,85.06,98.11,3.41,89,5790,77,10,0
TRN4528,84.54,106.45,1.22,70,3830,302,7,1
TRN1681,79.82,95.05,4.81,57,13181,306,14,1
TRN5971,83.33,93.78,3.48,74,9077,104,10,0
TRN5240,85.77,94.01,4.51,87,8490,38,9,0
TRN3192,85.33,102.4,3.73,57,11696,269,13,0
TRN4060,90.42,101.5,2.49,52,8776,19,14,0
TRN3626,110.99,96.03,3.37,67,6539,105,13,0
TRN3972,87.51,101.82,3.47,81,9715,39,2,0
TRN4296,107.27,81.52,5.24,69,7511,329,10,1
TRN4962,77.58,99.14,4.86,74,3362,73,12,0
TRN1086,99.95,91.74,6.05,66,7558,50,5,0
TRN1160,85.56,93.75,6.87,70,3697,137,11,1
TRN4239,85.83,96.56,4.88,82,6602,221,10,0
TRN3322,99.24,95.92,5.58,100,13438,174,3,0
TRN2137,79.74,101.97,4.32,85,8878,224,4,0
TRN3678,104.96,97.3,4.77,88,4329,228,0,0
TRN3888,89.06,98.72,2.15,89,2994,139,9,0
TRN1746,112.31,98.96,1.79,84,10149,8,9,0
TRN5447,103.82,101.68,4.77,91,8060,75,10,1
TRN5392,75.83,92.63,4.35,84,1405,23,7,0
TRN1523,87.64,97.19,5.38,97,7501,85,14,0
TRN2903,89.54,108.68,7.79,72,10725,254,14,1
TRN1418,93.99,102.14,4.52,65,11779,321,3,1
TRN5448,95.69,94.21,4.3,85,2510,229,4,0
TRN1522,76.2,92.06,2.49,64,5740,293,3,0
TRN2825,86.41,91.65,3.55,94,10350,12,3,0
TRN3457,90.05,84.63,2.45,77,12196,342,2,1
TRN1811,94.98,95.92,3.84,63,5159,223,14,0
TRN3097,80.7,97.71,3.19,100,9343,259,5,1
TRN3312,93.19,90.43,2.7,95,12023,31,4,1
TRN2160,95.41,103.1,5.63,92,13770,81,9,0
TRN4133,88.07,84.8,4.73,91,10872,337,11,1
TRN5878,93.4,95.6,4.43,78,1042,280,11,1
TRN3593,96.36,88.54,5.57,71,13866,208,9,0
TRN4189,86.4,96.44,4.53,76,2972,142,12,0
TRN3087,85.99,91.78,1.09,82,6823,353,14,0
TRN2546,65.31,98.64,4.63,78,13447,360,1,0
TRN3549,86.89,103.21,3.83,79,5276,84,5,0
TRN2223,100.49,97.38,4.51,85,10333,147,5,0
TRN2705,76.28,103.81,3.78,64,9341,86,7,0
TRN3155,81.05,101.67,4.34,74,3236,333,13,0
TRN1232,69.9,119.34,2.65,99,6485,320,3,0
TRN1485,97.07,98.61,2.85,97,6101,316,0,0
TRN5902,89.29,87.71,6.52,88,3794,63,4,0
TRN1890,86.12,77.45,3.18,73,12077,10,13,0
TRN1530,79.01,82.17,4.97,88,12553,298,1,0
TRN2475,95.62,100.49,2.89,100,12368,244,9,0
TRN4684,98.43,98.6,5.45,55,14446,336,1,0
TRN1680,59.7,86.01,2.42,63,3041,315,1,0
TRN4656,91.36,91.42,2.65,60,2608,162,0,0
TRN3638,88.35,95.15,1.94,67,10798,275,9,0
TRN4847,99.48,86.42,5.94,79,13237,323,8,0
TRN4564,82.28,87.39,4.8,79,13866,282,9,1
TRN2021,90.16,104.91,2.81,87,14954,203,2,0
TRN2830,118.85,98.59,4.6,91,13365,16,8,0
TRN4456,89.69,101.82,1.52,60,9292,187,2,0
TRN4920,75.51,89.68,2.18,78,1909,242,3,0
TRN2805,81.35,99.58,4.49,57,14988,171,8,0
TRN1973,106.36,90.2,1.72,89,3183,187,3,0
TRN3541,64.41,104.83,4.19,71,12888,333,11,0
TRN3504,69.53,88.9,4.72,55,14943,87,7,0
TRN3843,85.57,81.04,5.25,59,9648,72,13,1
TRN3634,84.7,93.15,3.16,86,1507,114,9,0
TRN2624,66.73,93.34,5.54,64,11428,227,10,1
TRN3786,84.44,98.64,3.39,88,2549,291,12,1
TRN4698,80.53,85.94,5.89,75,7595,248,13,0
TRN2411,88.77,95.16,4.79,71,1973,12,14,0
TRN3142,82.73,100.02,4.56,95,5753,75,9,0
TRN3819,87.46,88.61,3.47,72,13033,105,13,0
TRN4599,89.5,98.53,4.31,80,11088,305,14,0
TRN2717,86.05,76.6,4.03,52,1263,40,13,0
TRN1628,81.4,100.06,4.74,92,5348,232,6,0
TRN5962,105.78,96.46,5.14,95,8273,228,3,0
TRN2275,90.39,83.07,5.91,74,7190,81,1,0
TRN1293,68.09,89.57,2.95,50,1109,125,7,0
TRN3635,88.49,80.44,7.17,95,10318,278,2,0
TRN4942,78.27,95.12,5.89,63,2550,179,2,0
TRN2747,76.64,105.18,1.32,85,10873,301,7,1
TRN2260,74.59,89.62,3.24,59,9568,245,13,0
TRN1591,93.94,93.16,3.37,99,8843,265,10,0
TRN1757,77.5,102.57,3.92,56,6005,188,12,0
TRN4973,102.06,92.38,6.58,73,7587,342,3,1
TRN4462,70.13,96.21,6.7,54,7652,276,6,1
TRN2265,88.21,83.1,6.15,65,8834,65,2,0
TRN4064,95.73,96.97,3.39,99,9705,140,1,0
TRN5770,84.1,93.03,2.51,66,7917,30,5,0
TRN3256,93.08,82.84,3.34,52,8770,124,4,1
TRN3961,83.23,108.57,4.46,79,4139,105,10,0
TRN1667,99.11,81.48,4.9,85,9473,241,12,0
TRN5393,69.34,89.3,3.79,95,12618,80,1,0
TRN3655,69.03,98.07,6.12,63,4575,69,10,0
TRN5078,79.18,93.77,6.12,88,14338,104,2,0
TRN5175,90.73,95.78,3.1,96,13993,257,7,0
TRN1277,84.48,118.6,4.96,59,9331,116,11,0
TRN3626,86.81,95.96,5.62,86,1160,116,0,0
TRN3375,103.3,86.24,5.61,90,4019,160,10,0
TRN1436,84.44,108.57,3.42,77,9593,238,14,0
TRN5637,101.54,79.94,2.44,93,3133,157,3,0
TRN5782,81.24,104.45,2.79,92,2235,125,13,0
TRN3319,77.13,86.37,6.17,92,5109,198,5,0
TRN4374,94.63,106.95,4.11,50,3456,217,0,1
TRN3480,92.06,98.54,4.02,75,1497,334,7,0
TRN5385,91.56,91.63,2.1,81,7635,10,0,1
TRN1958,77.64,100.81,3.92,74,3564,199,6,0
TRN5963,93.62,91.03,2.74,70,5617,338,12,0
TRN1621,97.88,96.23,4.03,74,9210,28,0,0
TRN2807,99.92,90.0,2.5,73,10939,319,0,0
TRN3178,98.61,106.07,2.79,66,11484,212,9,0
TRN4204,93.11,73.36,4.81,53,1971,79,9,1
TRN2325,83.12,91.61,2.97,99,12553,54,5,1
TRN4486,80.02,85.68,6.34,99,14298,34,9,0
TRN5145,85.83,87.96,5.69,89,5029,143,5,1
TRN2842,103.36,78.83,4.91,88,7110,5,14,1
TRN2849,79.25,93.73,3.96,90,14786,290,4,1
TRN4511,70.28,111.52,7.01,100,12764,250,14,0
TRN4924,76.61,81.76,4.94,63,2344,13,8,1
TRN3633,112.27,88.91,3.67,54,6417,212,3,0
TRN1179,85.04,94.16,3.99,82,9821,156,3,0
TRN4605,96.04,98.6,2.42,54,13363,218,4,0
TRN1040,87.8,94.05,6.6,71,1894,111,4,1
TRN4632,71.05,99.37,4.41,80,13815,21,1,1
TRN4207,85.37,99.8,1.67,50,5314,264,11,1
TRN2302,120.46,89.26,5.73,75,14591,15,4,0
TRN1245,91.2,85.62,5.07,87,9912,116,14,0
TRN5866,73.56,101.36,4.96,84,7295,24,14,0
TRN2892,81.34,91.73,7.33,76,5741,27,13,0
TRN1433,101.5,104.22,4.43,97,3228,119,0,0
TRN1551,77.82,85.79,2.62,95,5880,341,11,1
TRN2765,87.74,93.86,6.85,62,3648,270,12,0
TRN4821,78.86,106.73,4.48,95,13817,160,3,0
TRN3341,65.41,98.9,1.86,76,7889,44,13,0
TRN2443,92.75,106.98,4.33,66,7920,137,2,0
TRN3883,71.59,100.12,2.73,50,12848,193,6,1
TRN1260,67.5,89.01,3.24,53,1423,353,8,0
TRN4133,90.93,90.13,5.34,54,13806,130,9,1
TRN3069,102.53,90.45,3.33,65,10022,72,7,1
TRN5998,89.97,104.93,6.11,71,4540,216,6,1
TRN4336,60.54,95.31,3.5,54,13139,134,1,0
TRN3589,77.24,85.1,1.86,85,13062,22,10,0
TRN1077,96.66,80.4,3.46,95,10505,289,13,0
TRN5495,80.73,93.14,4.55,90,2937,355,1,0
TRN3454,83.1,108.04,5.88,64,9540,240,7,1
TRN3701,81.28,84.86,2.49,53,1465,211,3,0
TRN3013,82.67,98.3,1.75,95,12267,343,13,1
TRN3874,110.02,92.84,2.8,65,8914,181,13,1
TRN5206,81.41,97.72,2.66,61,3891,188,11,1
TRN4262,78.64,103.53,5.99,68,3911,87,11,0
TRN2037,92.16,98.58,4.38,92,7284,264,2,0
TRN5784,100.3,93.71,1.28,69,5384,335,3,0
TRN4587,72.28,90.43,7.29,91,12399,282,1,1
TRN1816,103.99,96.89,3.02,81,5128,360,0,0
TRN5001,98.72,92.11,6.02,72,13949,100,0,0
TRN3582,83.32,93.93,3.6,87,5668,82,11,0
TRN5556,76.29,104.49,2.71,54,5901,98,11,0
TRN5169,84.18,88.65,1.96,82,3342,201,6,0
TRN4620,80.97,92.85,3.82,59,10125,315,11,1
TRN5359,91.0,82.57,4.32,70,7266,254,4,1
TRN2962,92.83,81.33,4.99,77,3281,275,9,0
TRN5844,89.98,94.74,3.53,75,10063,311,4,0
TRN3994,83.93,78.31,1.07,94,5422,12,6,0
TRN3125,92.6,91.92,2.47,88,1966,273,1,0
TRN4721,93.22,93.82,3.49,89,9120,109,12,0
TRN5377,91.7,90.0,2.84,60,10568,100,2,0
TRN2197,76.5,80.62,4.16,73,3687,96,8,0
TRN5943,110.62,100.17,3.69,91,5377,207,12,0
TRN1790,53.17,97.49,3.87,100,6243,86,13,0
TRN1493,80.21,86.39,3.65,60,9306,105,10,0
TRN2897,90.75,81.13,4.62,72,2600,74,5,0
TRN5893,92.77,91.01,3.29,87,6171,126,11,0
TRN5967,91.88,87.22,5.18,92,10576,97,11,1
TRN1269,86.88,111.78,3.51,72,9574,139,14,0
TRN2566,78.5,85.66,2.61,85,1593,136,14,0
TRN5670,75.66,91.84,4.05,65,12329,43,8,0
TRN3906,84.37,98.17,1.22,69,4058,220,2,0
TRN3404,96.31,90.48,4.58,97,11425,117,6,0
TRN1491,91.85,95.29,4.24,60,4129,204,9,1
TRN3572,84.04,99.59,5.55,95,11398,20,1,0
TRN3017,67.86,91.79,6.29,76,5222,176,1,0
TRN5596,86.95,99.63,1.31,95,13585,88,13,0
TRN1602,96.35,97.25,2.77,81,14455,101,7,0
TRN2392,91.57,91.8,6.32,78,14433,288,8,1
TRN3328,74.54,104.16,1.41,56,7892,97,0,0
TRN4125,80.99,84.38,2.53,87,7519,256,5,0
TRN2753,74.51,100.03,2.07,62,11216,312,6,1
TRN1761,92.07,94.41,5.61,100,6004,152,5,0
TRN5701,104.65,101.13,3.65,86,9463,43,6,0
TRN5917,80.93,91.14,4.62,77,10394,241,5,1
TRN3623,84.43,102.86,7.26,66,3657,321,2,1
TRN3168,99.07,87.49,4.37,98,7682,56,11,1
TRN4405,111.41,92.17,4.77,92,9037,212,7,0
TRN5098,72.4,79.69,5.04,59,10704,166,11,0
TRN5939,78.24,105.03,3.65,59,11092,262,6,1
TRN2939,73.43,90.91,1.35,100,13878,43,11,0
TRN2088,80.24,106.24,6.28,99,9469,219,12,0
TRN4298,77.35,92.52,5.03,78,7533,91,0,0
TRN1162,62.1,97.57,4.7,64,11277,267,8,1
TRN4660,99.13,94.85,3.77,77,8006,163,0,0
TRN5566,71.51,92.2,5.33,61,14056,242,8,0
TRN2722,68.61,109.53,5.35,92,13234,264,4,0
TRN1267,59.06,97.63,2.14,98,9246,107,9,0
TRN1784,66.16,91.21,1.57,84,13901,167,9,0
TRN1845,71.73,93.17,6.75,52,10596,38,13,0
TRN2495,72.19,103.34,4.45,73,14371,319,12,0
TRN4999,93.7,98.97,4.57,86,3389,323,4,0
TRN2499,96.55,96.47,3.62,51,7383,352,6,1
TRN3542,88.85,90.71,5.1,61,7128,97,9,1
TRN2897,76.08,85.4,2.28,98,6911,122,2,0
TRN4228,93.62,98.27,6.07,78,9823,22,3,0
TRN1125,69.2,103.75,3.46,66,13902,86,9,0
TRN2537,96.36,91.91,3.45,88,4366,174,11,1
TRN4462,82.0,95.13,3.46,71,11819,277,12,0
TRN2075,107.14,88.92,1.93,55,13187,2,14,1
TRN5363,118.79,87.99,2.68,95,7074,282,0,1
TRN4416,63.94,103.92,5.28,74,11734,188,10,0
TRN1691,79.62,92.91,5.23,67,13686,350,14,1
TRN5365,83.56,95.99,4.02,71,4259,27,3,0
TRN4718,84.85,108.39,4.29,67,2281,13,7,0
TRN1373,72.42,98.71,5.22,75,3367,108,6,0
TRN1559,95.29,90.32,7.13,100,4038,110,8,0
TRN3057,87.34,80.92,0.05,68,5089,250,7,0
TRN5249,84.73,101.42,6.03,75,1673,36,6,1
TRN5044,81.64,89.75,1.46,80,5020,244,12,0
TRN1946,99.33,109.29,2.76,98,10400,91,14,0
TRN2132,84.13,94.26,3.9,53,2081,328,3,1
TRN2535,75.07,95.27,1.79,99,8509,26,1,0
TRN3100,94.32,68.54,0.49,74,10961,15,6,0
TRN5332,79.75,88.51,3.27,70,14356,49,5,0
TRN5585,69.47,96.19,2.1,66,2669,182,11,1
TRN5898,75.17,107.85,6.01,94,7333,189,0,0
TRN5536,106.83,91.23,5.39,54,3068,188,3,1
TRN2114,90.15,87.59,3.26,97,11380,284,13,0
TRN2957,94.93,113.32,5.22,90,6288,40,5,0
TRN1589,79.83,94.95,3.76,77,6279,275,6,1
TRN4207,93.34,89.42,4.97,72,7734,200,8,1
TRN3804,102.16,100.22,3.16,71,9404,143,10,0
TRN5128,92.16,101.75,4.83,83,3135,153,11,0
TRN3518,92.92,95.47,4.05,92,12225,303,5,1
TRN1779,91.51,100.01,3.59,69,8583,345,14,1
TRN3693,98.81,87.16,3.2,82,13044,243,4,0
TRN3843,104.82,96.0,1.75,59,6267,173,3,1
TRN4442,82.67,107.99,3.66,73,13120,5,3,0
TRN3575,98.98,103.26,1.79,82,10639,324,11,0
TRN1885,66.11,93.59,-0.23,80,10007,60,7,0
TRN5967,76.3,98.83,3.68,64,13466,30,6,1
TRN2834,92.78,95.09,2.92,79,12383,77,5,0
TRN1030,76.06,101.99,5.54,94,1946,148,14,0
TRN4155,89.55,87.65,4.52,92,5071,97,4,1
TRN1080,112.19,93.55,4.16,94,7544,200,9,0
TRN1479,94.29,80.57,2.25,93,2394,322,8,1
TRN3358,88.15,98.26,3.28,58,11870,127,13,1
TRN2073,92.98,97.53,5.92,88,10283,143,11,0
TRN4037,102.88,102.48,2.49,60,8388,92,2,1
TRN2821,72.34,102.15,-0.21,54,8848,217,3,0
TRN3488,83.82,89.47,3.59,62,3269,103,7,1
TRN5560,88.99,104.6,3.54,76,14293,81,13,0
TRN2552,70.68,96.87,6.68,86,6311,233,6,1
TRN1273,81.03,105.49,3.9,76,11067,76,2,0
TRN3070,91.8,86.31,3.68,69,10799,201,5,0
TRN1601,73.75,81.81,5.1,60,4731,98,2,0
TRN5821,96.77,88.66,4.69,94,3822,127,12,0
TRN4372,96.76,103.45,2.44,99,13298,109,14,0
TRN1394,97.61,115.91,6.29,81,7714,51,9,0
TRN5461,96.16,87.06,4.77,68,2703,138,7,0
TRN2684,89.65,96.34,6.84,76,12555,107,0,0
TRN4191,120.68,77.87,1.92,78,11185,116,0,1
TRN1606,99.1,96.2,5.32,92,13918,286,6,1
TRN5761,85.02,85.27,4.09,63,3569,330,0,0
TRN1399,67.81,97.25,1.56,79,10333,28,9,1
TRN3273,104.53,92.74,4.78,66,10572,14,8,0
TRN5294,91.72,76.77,5.66,84,8927,123,11,1
TRN5686,77.57,105.16,4.19,61,14452,73,3,1
TRN1312,104.0,99.78,3.56,99,1101,243,13,0
TRN4572,79.11,88.71,2.94,65,13880,362,11,0
TRN3046,93.0,96.03,3.22,55,3611,85,9,0
TRN2227,73.0,98.77,2.79,80,9943,359,13,0
TRN3812,85.43,87.76,5.51,54,12719,106,2,1
TRN1179,74.95,119.86,4.76,97,11269,100,11,1
TRN4948,88.56,103.49,5.1,89,13142,290,6,0
TRN4473,80.74,92.56,3.37,53,8156,118,0,1
TRN3355,67.42,88.06,4.69,70,7439,327,6,0
TRN1059,81.32,94.11,5.87,75,10723,260,5,0
TRN1763,89.33,98.74,2.5,72,12719,129,0,0
TRN3105,65.47,100.15,3.24,82,10373,94,3,0
TRN5517,90.54,90.16,2.36,88,13100,270,4,0
TRN3375,100.13,98.03,7.15,80,1044,91,0,1
TRN4963,75.07,97.17,5.92,93,9526,87,11,0
TRN3882,105.35,87.27,5.26,58,8753,288,14,0
TRN2680,88.19,86.99,3.5,89,6614,62,7,1
TRN4033,85.2,78.41,5.28,83,7467,207,12,0
TRN5378,75.27,90.5,4.06,58,12268,158,3,0
TRN5721,97.28,97.14,3.62,72,6423,161,11,1
TRN1420,85.21,103.58,5.97,64,14565,347,0,0
TRN3769,96.76,95.38,3.82,60,12031,78,7,1
TRN5102,56.14,100.58,5.39,81,6423,55,12,0
TRN1893,77.69,83.62,2.4,62,2358,316,10,1
TRN1056,90.49,100.62,6.64,87,2042,214,6,0
TRN2798,80.02,96.84,5.32,80,8707,239,6,0
TRN2006,82.36,93.89,1.96,89,13406,353,6,1
TRN2327,80.21,90.33,3.27,67,1925,84,11,0
TRN5793,77.79,84.86,4.29,76,8239,295,5,1
TRN5041,90.7,90.66,3.69,90,2401,223,7,0
TRN1153,103.6,86.24,4.01,87,7623,27,13,0
TRN4138,88.12,91.48,5.7,98,10409,61,8,0
TRN3331,90.43,91.72,4.99,57,10593,256,11,1
TRN3189,69.04,105.71,2.94,63,13150,163,1,0
TRN2829,85.11,106.02,4.2,86,8233,349,1,1
TRN1486,84.16,103.53,5.65,85,1467,315,0,1
TRN4587,100.31,108.51,3.32,70,8873,96,12,0
TRN1225,104.91,91.38,5.54,69,6424,283,9,1
TRN2404,93.3,94.17,4.22,94,13934,131,6,0
TRN4390,71.83,90.05,4.84,55,9725,109,1,0
TRN5832,94.14,114.92,3.62,84,3927,263,2,0
TRN3435,86.58,93.02,4.83,65,9296,94,2,0
TRN2871,85.62,109.52,4.61,79,9093,252,4,1
TRN1139,81.94,97.71,7.53,84,10387,318,10,0
TRN1765,71.35,103.48,3.78,53,8137,1,4,0
TRN1140,114.53,92.8,4.77,86,5824,55,6,1
TRN1229,82.97,97.36,5.47,87,13195,289,12,1
TRN3270,80.0,94.8,5.86,82,2355,277,0,0
TRN5809,86.66,98.71,1.69,65,1053,291,4,0
TRN1473,74.46,94.42,4.04,73,13954,231,0,0
TRN2318,74.68,102.53,3.08,76,6210,74,7,0
TRN4764,84.91,100.36,1.79,73,1359,214,2,1
TRN5261,101.38,99.17,1.29,64,9492,53,12,1
TRN3424,61.74,105.1,4.82,98,2881,134,2,0
TRN5672,89.99,106.51,4.02,97,12542,274,0,0
TRN4037,83.34,98.49,4.36,68,4436,102,14,1
TRN5952,77.82,96.76,4.99,79,5358,294,11,0
TRN1529,102.73,98.57,3.87,95,14894,75,7,0
TRN2866,79.12,91.09,4.59,61,2415,343,9,0
TRN2574,64.55,100.33,3.38,74,13620,83,10,0
TRN3056,63.68,94.77,0.6,97,3103,202,12,0
TRN2577,84.51,101.09,2.53,83,2662,160,3,1
TRN5943,96.57,83.36,5.18,74,13462,11,1,1
TRN3256,65.66,91.3,3.37,85,2732,359,12,0
TRN4852,79.9,95.44,5.03,99,10125,216,13,0
TRN1588,91.33,88.53,4.2,80,14492,218,7,1
TRN3291,75.9,101.06,3.13,59,1557,283,12,0
TRN2722,85.04,87.41,5.5,96,8968,44,8,0
TRN5977,88.73,98.09,3.53,98,6846,316,1,0
TRN4408,99.23,92.06,3.17,65,12808,12,13,0
TRN2024,96.01,93.73,4.61,53,3971,251,14,1
TRN2507,90.59,102.16,6.97,96,7971,360,6,1
TRN3791,80.56,73.9,2.46,53,3001,295,2,0
TRN2857,53.05,94.45,4.07,85,9123,95,3,0
TRN3864,87.76,89.62,5.66,81,9813,13,1,0
TRN2744,83.27,90.16,2.35,89,4203,334,10,0
TRN1833,85.8,87.43,4.95,70,1076,49,14,0
TRN1451,95.76,90.99,4.99,62,7148,308,9,1
TRN5187,84.65,90.81,3.75,92,1578,143,0,0
TRN4778,96.86,90.01,5.57,74,11817,66,9,0
TRN2862,87.43,101.03,3.43,70,13954,42,3,0
TRN4867,91.24,88.78,3.71,52,9757,137,10,1
TRN1552,78.77,100.6,3.94,99,9268,268,4,0
TRN2705,77.46,108.84,2.17,78,12428,123,9,0
TRN3426,93.5,99.85,3.29,78,1192,266,2,0
TRN5855,56.28,103.84,4.09,67,3658,177,13,0
TRN1403,78.44,91.14,3.78,66,2724,349,8,0
TRN1841,84.26,89.4,5.62,63,1270,247,2,1
TRN1993,75.42,98.68,2.33,64,3828,211,10,0
TRN5320,88.32,83.51,4.72,60,9960,128,2,0
TRN5268,90.83,88.29,3.59,51,2629,181,1,0
TRN3682,86.61,88.16,3.57,88,10757,171,13,0
TRN2335,88.0,94.48,5.54,67,1098,279,6,0
TRN3866,94.38,114.78,4.14,92,10580,207,4,0
TRN4306,95.63,91.07,7.0,100,6763,153,2,1
TRN4098,102.49,103.02,2.69,54,4268,5,0,1
TRN2264,86.27,99.54,2.44,63,11636,111,0,0
TRN4038,70.95,95.81,1.81,76,11552,199,14,1
TRN3772,85.22,90.3,4.18,71,5899,224,2,0
TRN2808,56.73,99.81,3.23,82,12858,357,2,1
TRN4611,79.39,93.34,4.62,97,3833,160,3,0
TRN2038,84.69,100.22,3.06,99,10541,227,13,0
TRN1130,91.71,91.46,5.84,95,6018,135,11,0
TRN2238,92.97,98.02,3.4,98,12971,133,6,0
TRN3605,87.06,108.65,3.0,79,13150,222,4,0
TRN2914,86.55,107.81,5.45,75,8756,310,6,0
TRN4304,116.85,97.4,3.04,76,8816,157,14,1
TRN2704,89.87,93.01,4.45,79,9064,257,10,0
TRN3328,81.28,100.32,5.37,50,1604,88,12,0
TRN4359,80.59,92.87,4.17,66,4225,307,11,0
TRN5650,89.18,98.21,5.21,86,1626,133,5,0
TRN2615,83.94,104.05,2.43,72,7986,255,3,0
TRN4356,100.77,107.7,4.32,66,10413,237,1,0
TRN4818,78.19,104.97,3.14,87,14855,78,8,0
TRN5476,72.91,100.46,4.12,85,13485,297,3,1
TRN4871,97.33,88.86,1.78,74,5294,162,11,0
TRN3916,83.58,89.05,4.38,62,1679,145,11,0
TRN4176,100.4,99.23,2.56,90,10941,256,0,0
TRN2401,99.83,94.43,5.55,83,10662,243,7,0
TRN3094,68.23,73.71,3.94,65,3757,117,1,1
TRN4382,91.61,86.91,5.65,98,7307,320,14,0
TRN3628,99.07,90.75,2.88,60,9768,297,6,0
TRN5150,88.09,98.46,3.99,81,13764,358,2,1
TRN3547,86.67,89.83,5.22,66,10107,325,8,0
TRN3603,86.15,87.56,3.34,84,4977,355,13,1
TRN3829,87.01,104.67,4.2,52,3825,160,9,0
TRN5423,96.59,96.76,5.79,64,8126,339,7,1
TRN5568,93.66,98.53,4.78,83,13348,117,3,0
TRN4509,89.13,87.64,4.86,53,3703,171,11,0
TRN2904,85.74,96.59,3.59,60,11402,156,11,1
TRN2423,87.31,96.17,4.19,90,8360,178,9,0
TRN5107,60.3,107.4,3.11,76,3222,337,14,0
TRN4012,84.51,93.57,2.42,61,13778,165,9,1
TRN1186,62.63,98.41,4.89,80,13166,256,8,1
TRN2741,67.6,99.07,3.27,52,13945,150,4,0
TRN5091,91.58,107.2,3.31,59,1799,334,4,1
TRN5680,103.43,82.42,3.66,100,3647,284,8,1
TRN1585,91.46,98.72,2.2,92,6317,272,1,0
TRN3050,77.96,110.55,3.7,67,1360,86,10,0
TRN4217,86.85,92.24,5.34,68,3283,90,5,0
TRN2494,86.27,87.11,2.12,90,3231,274,2,0
TRN3432,99.47,93.97,3.16,93,2633,50,9,0
TRN4322,86.37,98.67,3.46,82,5331,280,5,0
TRN1551,88.03,88.58,5.52,61,6867,277,5,1
TRN5034,76.26,70.0,4.57,67,3491,274,11,0
TRN2992,79.41,83.99,0.55,73,9412,220,4,0
TRN2508,75.72,89.95,3.54,55,13645,259,9,1
TRN3135,96.2,93.14,5.56,91,6154,156,5,0
TRN3275,97.13,91.8,3.58,56,7424,218,13,0
TRN2831,97.04,86.06,5.11,89,3621,204,0,0
TRN4079,109.41,96.26,5.55,71,5000,285,10,0
TRN1654,77.24,89.73,2.19,77,3604,258,5,0
TRN1075,83.23,94.79,6.68,50,9502,287,10,1
TRN1479,105.77,77.86,3.81,68,14620,356,10,1
TRN5293,89.5,85.05,5.93,60,8999,146,14,0
TRN3437,91.59,80.32,4.13,97,6090,230,6,0
TRN1471,84.28,80.85,2.67,83,12258,221,14,1
TRN4384,91.2,79.25,3.41,95,2585,72,11,0
TRN3648,61.89,107.29,6.9,83,9623,132,0,0
TRN4069,88.12,95.28,4.78,82,12186,120,1,0
TRN2378,102.74,80.0,4.63,91,4294,301,7,0
TRN1286,82.17,97.34,5.51,57,5935,344,0,0
TRN1615,97.31,88.02,6.5,57,9045,2,4,0
TRN2500,77.98,94.7,5.0,81,1105,240,4,0
TRN1212,98.79,94.62,3.39,88,3700,256,5,0
TRN1195,98.6,105.48,3.28,74,2348,320,14,0
TRN5295,82.37,88.94,4.2,56,12233,121,9,1
TRN5661,58.49,92.79,3.97,95,1080,271,7,0
TRN2651,81.03,97.17,1.94,82,13699,360,12,0
TRN4591,89.34,85.3,7.6,52,3591,183,10,0
TRN3967,77.13,95.85,4.92,58,5178,3,5,0
TRN2612,92.93,101.33,4.48,53,1590,308,8,1
TRN5602,86.6,82.11,4.82,95,2754,222,7,0
TRN5985,96.22,89.79,4.46,67,14253,177,3,0
TRN2058,77.98,88.71,4.45,77,11830,219,0,1
TRN5328,79.01,95.22,5.82,99,12468,73,4,0
TRN5706,82.15,111.08,4.84,75,2953,319,4,0
TRN5566,86.8,90.35,4.55,74,13612,236,8,0
TRN3741,78.26,104.45,3.47,82,4588,269,0,1
TRN5564,81.0,80.35,3.85,60,8263,294,4,0
TRN2145,67.11,94.52,6.48,54,9707,1,13,0
TRN3148,82.77,90.71,4.51,54,7263,210,12,0
TRN1322,91.3,96.11,3.88,67,10612,47,10,0
TRN4484,91.96,89.77,2.51,72,10880,96,4,0
TRN5109,109.88,87.7,2.96,72,11606,197,0,0
TRN2575,105.33,96.03,1.14,60,12997,311,5,1
TRN3885,78.03,70.06,5.17,63,4101,132,5,0
TRN2331,90.16,89.0,6.18,66,13512,38,11,0
TRN2905,79.68,82.14,3.03,63,9884,292,5,0
TRN2541,110.83,93.87,5.08,86,11233,180,11,1
TRN3888,76.51,94.81,4.85,58,7941,364,1,0
TRN4900,84.76,99.72,5.04,90,12803,292,13,1
TRN5022,78.96,112.58,1.48,56,9260,186,2,1
TRN3295,90.27,101.29,4.6,79,2917,164,4,1
TRN5105,67.25,84.2,2.34,92,13270,77,14,0
TRN4989,82.4,93.3,2.95,80,1290,21,11,0
TRN3435,87.37,96.17,2.24,95,1701,187,13,1
TRN4218,83.07,106.26,4.46,70,13077,58,11,1
TRN5000,73.03,89.57,4.34,74,10769,237,6,0
TRN5036,75.54,90.96,3.21,91,11458,22,12,0
TRN5904,67.61,89.5,2.35,74,1202,69,3,0
TRN4093,77.01,103.01,3.99,63,3004,190,1,0
TRN4778,95.61,100.84,4.99,58,10424,112,9,0
TRN4682,75.23,92.6,5.66,71,8733,93,8,0
TRN3700,85.94,103.43,2.11,79,10174,97,7,0
TRN2762,86.72,101.23,3.19,78,4641,225,1,0
TRN3057,91.18,98.78,2.53,69,2667,133,0,0
TRN1537,101.47,85.77,4.57,76,2574,78,12,0
TRN1398,79.26,97.8,3.34,54,8022,72,9,0
TRN3201,72.08,87.26,2.22,82,2989,210,13,0
TRN2278,96.56,85.99,4.25,85,7071,134,14,0
TRN1842,83.18,89.02,2.99,84,13501,25,10,1
TRN4934,94.9,92.53,4.57,52,5960,96,4,0
TRN5862,84.65,103.79,4.49,58,8904,351,7,1
TRN4289,86.29,92.52,2.39,93,12903,120,13,1
TRN2540,82.92,93.2,3.77,55,1630,346,0,1
TRN4677,90.96,97.68,6.18,71,3867,4,2,0
TRN1380,72.25,97.38,4.03,82,5176,91,10,0
TRN2413,78.13,87.83,1.25,86,10037,116,12,1
TRN2506,95.8,104.16,5.15,74,7262,186,12,0
TRN5530,91.8,85.76,3.83,88,9330,40,3,0
TRN2580,95.45,99.31,4.03,76,5865,134,2,0
TRN4937,87.81,98.0,3.27,55,2800,120,6,0
TRN3954,91.54,100.16,4.62,73,6379,173,7,0
TRN3673,98.45,98.12,1.35,89,11041,210,12,0
TRN4636,65.55,93.44,3.77,73,13034,301,2,0
TRN1649,89.12,89.01,3.25,65,4703,165,10,0
TRN2102,88.85,97.82,6.22,76,9467,174,1,0
TRN2524,94.7,100.99,6.84,77,10103,273,7,0
TRN1488,95.6,116.81,2.44,56,10330,240,5,0
TRN2576,77.13,85.05,3.62,51,4881,45,5,1
TRN5708,79.57,94.38,4.86,89,8510,269,7,0
TRN5572,88.45,108.21,8.33,77,10711,223,13,1
TRN2599,72.11,78.06,5.95,66,8520,300,0,0
TRN1131,68.2,95.95,2.9,67,11343,41,3,0
TRN2455,99.92,85.82,3.94,92,11946,206,4,0
TRN5934,104.91,98.52,2.63,83,8412,200,11,0
TRN1665,77.48,91.73,3.9,71,2130,150,7,0
TRN3126,98.74,98.0,5.65,66,11595,66,12,0
TRN1648,79.63,76.21,3.11,84,7204,309,9,1
TRN5240,90.92,87.12,6.33,63,3747,70,3,1
TRN1493,83.06,105.39,3.6,79,2489,27,11,0
TRN5706,96.49,83.13,3.57,63,8852,323,7,1
TRN1386,83.45,88.44,7.18,80,9004,168,1,0
TRN4423,87.08,100.97,4.54,91,1371,77,9,0
TRN2736,84.1,92.91,4.02,58,4363,134,11,1
TRN3135,79.06,90.2,2.55,75,3607,298,3,0
TRN3116,77.72,110.4,2.98,80,13120,267,9,1
TRN3239,88.01,94.06,5.57,67,10311,133,1,0
TRN1316,84.3,92.2,4.52,50,8163,133,3,0
TRN2346,71.61,84.39,2.73,90,9680,75,2,0
TRN2578,78.34,90.28,3.85,64,5078,161,14,1
TRN1676,83.05,92.02,2.83,97,8495,120,10,1
TRN3077,84.83,96.08,1.97,63,8596,282,10,0
TRN3930,96.88,88.99,6.91,82,7397,24,14,1
TRN3895,82.94,91.55,4.29,100,5236,40,4,0
TRN2816,103.81,84.37,4.98,60,4387,106,13,1
TRN3419,58.24,95.03,5.01,65,6937,208,7,0
TRN1929,87.93,97.22,2.02,87,7301,298,12,1
TRN4754,87.38,80.78,4.41,57,9435,199,0,0
TRN4174,83.93,98.45,5.49,68,4516,37,3,0
TRN4853,57.8,97.53,5.13,97,5877,213,0,0
TRN3875,79.37,108.33,6.78,77,8780,332,9,0
TRN4334,66.85,98.29,4.55,70,9401,15,1,0
TRN3507,80.67,78.98,6.67,62,5267,186,0,0
TRN5750,91.91,93.73,1.52,96,13764,125,4,1
TRN1886,88.36,89.88,1.47,63,14101,326,14,1
TRN5432,83.96,91.64,2.3,57,12307,301,13,0
TRN2743,99.01,109.89,7.36,70,6407,120,8,1
TRN5361,79.94,97.73,5.27,99,7508,58,8,0
TRN4087,99.21,84.01,7.54,85,8935,122,5,0
TRN5177,90.54,100.05,2.94,76,2323,190,13,0
TRN2256,93.05,90.49,2.15,92,13605,213,5,0
TRN1092,82.93,96.44,2.74,81,13053,112,6,0
TRN2240,93.12,93.14,3.89,86,12340,30,5,0
TRN5568,79.38,101.13,3.07,99,6924,249,13,0
TRN4542,90.64,105.34,2.95,79,4214,75,3,0
TRN3555,86.69,91.13,3.71,60,10628,347,7,1
TRN2933,106.74,88.73,2.05,99,13080,346,8,1
TRN1615,74.57,101.58,4.14,51,1147,346,13,0
TRN3420,93.27,84.25,1.95,63,2160,354,4,1
TRN4497,88.39,90.44,6.74,87,7845,26,9,0
TRN3080,105.17,94.01,4.34,100,10130,92,6,1
TRN1475,72.38,115.58,4.65,99,2948,167,14,0
TRN5402,93.2,96.27,3.6,96,14940,37,5,0
TRN4107,92.3,96.36,8.4,83,3473,106,7,1
TRN1447,67.34,83.33,5.21,85,14473,332,3,1
TRN3300,89.49,89.81,3.76,59,7465,309,10,1
TRN5977,74.1,97.1,3.26,77,4011,131,13,0
TRN5422,81.58,105.53,2.08,77,11975,71,9,0
TRN1278,104.85,89.2,3.64,80,14921,10,11,1
TRN5900,74.26,85.68,5.3,87,9419,47,9,0
TRN1261,79.07,95.35,3.66,50,8325,342,9,0
TRN2017,97.8,83.65,2.99,97,10099,201,3,0
TRN4956,93.79,105.66,2.01,87,6230,66,13,0
TRN1415,88.12,108.18,6.26,93,4141,132,13,0
TRN1838,70.7,99.79,3.51,70,6157,48,13,0
TRN3622,77.53,91.13,5.25,62,11510,275,2,0
TRN5843,50.43,87.68,4.8,98,11451,208,14,0
TRN5871,80.3,88.5,2.77,57,12860,45,6,1
TRN5459,94.9,87.33,2.57,88,7462,278,6,1
TRN4834,100.23,99.32,2.63,65,14505,22,10,1
TRN5777,72.76,96.74,4.62,86,12756,165,12,0
TRN5538,87.87,92.69,6.49,63,10963,145,9,1
TRN4924,93.63,76.68,5.31,53,1210,52,2,0
TRN3203,92.41,92.76,1.53,96,13437,85,5,0
TRN2634,94.15,94.9,3.07,95,3217,205,12,0
TRN3231,92.04,88.03,4.1,76,8941,308,3,0
TRN1575,75.67,91.59,4.87,54,7976,50,6,0
TRN1230,82.67,90.46,2.85,77,1114,138,1,1
TRN1839,56.46,102.31,4.3,96,3552,14,4,1
TRN3318,94.59,95.53,2.1,81,4634,236,9,0
TRN3034,75.3,91.71,2.78,52,7829,240,8,0
TRN4181,81.16,97.8,7.48,67,3365,174,1,1
TRN1911,88.59,84.51,4.51,92,3641,23,2,0
TRN5030,81.72,81.78,4.11,100,13431,128,7,0
TRN5645,112.19,85.84,3.95,54,1329,358,5,1
TRN1464,76.84,79.22,4.87,86,4096,27,7,0
TRN5732,70.53,95.85,4.57,76,5425,208,1,0
TRN2881,89.76,98.06,3.84,66,7360,251,2,1
TRN5764,90.45,110.09,2.68,93,9101,64,3,0
TRN1949,83.44,96.61,5.78,82,4469,259,3,0
TRN3595,91.86,102.78,6.01,86,11027,154,10,0
TRN3001,77.29,97.83,3.75,74,2806,236,6,0
TRN4542,73.63,100.21,5.33,79,8439,188,1,0
TRN3672,100.62,102.81,6.81,54,10366,230,9,1
TRN3503,85.95,96.37,6.22,52,2087,198,13,0
TRN1383,70.87,80.71,5.09,86,5289,51,12,0
TRN1899,94.36,107.49,5.03,87,5618,100,10,0
TRN2158,93.91,100.96,5.06,77,13482,23,9,0
TRN2945,101.47,104.19,3.03,66,3216,255,0,1
TRN4072,87.12,92.96,4.53,67,10344,276,12,0
TRN4968,71.64,102.81,2.39,73,12131,60,11,0
TRN3809,87.38,98.75,4.46,55,6548,43,11,1
TRN2908,87.73,78.81,3.74,88,8382,48,11,0
TRN3917,77.81,94.72,3.72,63,12402,295,9,0
TRN2884,71.86,94.78,4.14,72,9475,360,5,1
TRN1612,68.89,86.86,1.92,100,13803,185,7,0
TRN2798,81.36,105.92,-1.17,66,3413,216,13,0
TRN3762,86.7,82.56,2.96,64,11392,190,5,0
TRN4668,83.1,100.76,2.5,65,4214,325,7,1
TRN4443,97.09,95.0,4.9,58,14344,40,10,0
TRN1186,76.03,110.04,2.52,74,10812,325,4,0
TRN3744,76.32,95.5,4.0,90,4869,310,10,0
TRN2065,72.36,98.48,2.16,67,13796,90,10,0
TRN3522,77.53,99.47,4.23,72,14326,25,5,0
TRN4527,84.79,92.39,7.26,54,1583,288,13,1
TRN4552,67.13,93.12,3.28,57,3266,328,9,0
TRN4352,80.76,86.86,2.94,62,11169,89,7,0
TRN4214,82.13,91.98,4.74,80,6200,151,8,0
TRN2779,65.31,106.41,6.07,52,6786,302,5,1
TRN4436,94.77,99.38,3.4,100,11856,52,5,0
TRN4367,92.11,102.4,2.51,70,14609,118,8,1
TRN2615,77.36,83.6,3.22,62,11048,43,4,0
TRN5950,103.94,96.55,2.82,100,9860,242,3,0
TRN4834,63.09,89.71,6.59,60,12837,202,14,1
TRN2569,76.83,104.74,3.88,95,2534,269,1,1
TRN4093,99.11,96.71,5.58,55,1873,359,0,0
TRN3036,82.82,105.93,4.61,89,9350,74,11,0
TRN2987,75.27,87.49,1.72,55,4902,360,8,1
TRN1933,114.02,97.39,3.73,81,9725,200,8,0
TRN5825,85.32,90.84,3.52,76,3526,250,14,1
TRN4059,86.31,100.19,3.87,57,7803,4,3,0
TRN2480,95.08,96.14,3.6,60,11169,217,11,0
TRN4351,81.32,90.09,5.2,92,13613,200,11,0
TRN4332,85.5,102.06,5.06,63,7180,215,12,0
TRN4206,73.21,94.87,2.31,96,12830,346,10,1
TRN2149,81.17,108.59,4.32,60,13128,43,8,0
TRN5842,70.69,105.71,4.83,92,3368,58,2,0
TRN5198,79.91,86.85,2.43,90,10140,185,6,0
TRN5881,75.26,94.13,3.25,80,11865,36,5,1
TRN4088,93.44,96.41,3.79,64,2108,89,4,0
TRN5434,79.24,107.11,3.85,71,11224,273,2,0
TRN3672,85.05,80.95,4.35,50,13400,356,14,1
TRN1625,90.02,94.67,5.77,80,10290,219,13,0
TRN1038,70.17,100.75,4.98,63,8402,189,14,0
TRN5152,110.24,86.79,5.94,96,12493,68,6,1
TRN1447,108.34,85.4,4.01,94,1096,230,10,0
TRN4292,83.54,88.22,3.96,65,1378,263,13,0
TRN1517,87.6,93.72,5.95,88,14174,79,4,0
TRN2877,84.63,96.05,4.03,80,6186,227,7,0
TRN3895,101.69,99.96,0.5,88,14478,316,5,0
TRN3820,70.46,92.19,5.92,60,2664,326,13,1
TRN3112,80.47,101.22,5.72,89,11224,40,2,0
TRN1892,75.73,99.95,3.58,89,5530,44,14,1
TRN5313,76.34,101.08,2.77,90,12988,52,9,0
TRN3722,84.02,80.81,4.45,57,6616,318,11,1
TRN2296,96.53,78.36,5.65,68,10047,249,6,1
TRN3534,59.32,101.11,3.38,74,14452,107,8,0
TRN5912,100.93,106.84,3.49,86,12523,178,7,0
TRN3939,67.55,89.71,3.5,51,3734,203,5,0
TRN5690,89.84,99.37,2.15,98,4920,268,3,1
TRN4246,81.12,92.92,5.38,56,9078,193,14,1
TRN3369,86.89,85.41,2.7,53,4905,316,5,1
TRN1012,75.88,91.37,3.65,51,13694,42,0,1
TRN4389,92.09,85.33,4.9,100,1444,9,11,0
TRN1765,94.01,85.61,3.41,90,2625,78,0,0
TRN4120,84.92,101.23,2.89,85,6203,244,8,0
TRN3718,88.06,84.96,6.14,82,7609,284,5,0
TRN4551,97.25,91.2,4.13,58,5923,102,10,1
TRN1389,78.85,103.5,5.93,67,11366,42,8,0
TRN1647,95.11,94.91,5.13,84,4811,45,7,1
TRN3884,85.26,88.32,4.38,85,11511,158,8,0
TRN5602,74.68,103.55,4.66,53,4177,5,4,0
TRN5716,90.94,102.55,5.18,64,5422,204,6,1
TRN5044,93.07,93.9,4.67,93,14597,135,10,0
TRN5295,87.9,102.23,4.03,60,2672,134,5,0
TRN4661,70.8,93.38,3.81,84,12890,162,4,1
TRN5188,85.37,87.44,3.05,96,12403,226,0,0
TRN1684,89.35,102.1,5.53,76,8352,5,3,0
TRN1062,80.87,92.56,3.26,82,6448,32,1,0
TRN3712,83.69,101.64,2.75,72,8876,273,0,0
TRN3839,98.97,89.02,4.81,54,3054,65,7,0
TRN2835,98.59,95.44,3.74,77,8587,14,12,0
TRN2871,92.22,102.38,2.35,82,5112,46,10,0
TRN1598,70.78,95.58,2.12,87,10788,278,12,1
TRN4879,93.38,89.75,4.27,67,13738,346,1,0
TRN2157,87.27,99.45,2.28,68,14256,78,7,0
TRN5852,86.56,89.64,5.06,68,12436,57,14,0
TRN3749,82.06,97.03,6.86,78,3958,213,2,0
TRN5645,97.28,92.0,5.48,69,4967,40,7,0
TRN4057,105.68,92.05,3.12,59,3899,99,0,0
TRN4504,97.08,96.78,3.58,61,9007,60,14,1
TRN2593,60.06,92.51,3.86,81,12846,305,5,1
TRN2780,97.69,92.32,5.04,51,14493,102,2,0
TRN3606,96.76,93.95,3.92,82,5554,266,4,0
TRN4518,107.67,96.48,4.48,95,14638,11,10,1
TRN1038,79.81,112.6,1.62,77,4208,260,1,1
TRN4145,53.96,87.95,4.09,93,1995,54,12,1
TRN4468,90.37,109.72,4.42,63,13885,105,5,1
TRN3478,72.66,91.73,4.73,89,13223,53,2,0
TRN4091,87.76,103.27,4.29,72,9888,303,13,0
TRN3563,116.61,88.25,2.71,61,13936,159,4,0
TRN5401,95.03,100.04,4.1,77,12967,203,9,0
TRN2661,62.78,91.05,3.39,98,4589,292,4,0
TRN5470,83.49,83.68,3.19,80,14214,158,13,0
TRN3529,76.6,99.48,-0.6,94,5072,346,3,0
TRN2226,80.07,91.53,1.17,71,5385,54,3,0
TRN2676,89.88,96.34,5.83,82,9789,284,8,0
TRN5773,88.32,81.21,3.21,63,8392,273,14,1
TRN3119,80.22,101.13,2.0,77,10026,65,2,0
TRN3638,90.47,89.72,4.16,54,12862,323,2,0
TRN1395,73.78,94.08,2.73,68,11972,86,6,0
TRN3062,85.14,98.14,3.07,52,2999,161,4,0
TRN3319,94.26,99.33,4.76,58,5218,141,6,1
TRN4165,84.61,91.12,5.84,63,8103,88,9,1
TRN4783,61.7,103.74,7.61,55,9170,38,13,0
TRN4252,74.19,90.03,4.67,59,4681,330,13,1
TRN4281,110.52,98.84,1.63,74,9991,240,5,0
TRN1495,77.75,90.47,4.53,69,3740,180,14,0
TRN4257,75.78,89.72,2.02,89,7153,328,0,0
TRN1405,74.25,79.5,7.19,82,11982,132,8,0
TRN1222,91.69,93.24,3.92,76,13164,247,11,0
TRN5150,100.63,111.72,4.89,69,13355,148,8,1
TRN4871,85.1,109.45,2.8,98,7458,148,10,0
TRN2761,82.52,97.14,4.81,80,3834,47,11,0
TRN1269,81.0,107.18,4.15,52,5935,201,4,0
TRN4705,99.91,101.71,4.49,56,12082,128,7,0
TRN4567,76.46,84.61,3.67,50,14432,17,4,1
TRN2257,90.44,93.51,4.46,76,3306,115,3,0
TRN1271,78.93,109.21,2.47,65,2526,326,12,1
TRN5830,77.42,103.6,5.89,91,2913,86,0,0
TRN3287,66.45,89.23,2.9,63,14888,273,4,0
TRN3804,77.37,97.73,5.99,94,7080,166,6,0
TRN1053,105.03,90.3,4.94,89,6546,115,10,0
TRN1905,71.99,74.54,0.22,72,1899,86,6,0
TRN5107,88.72,90.16,0.85,86,4403,160,1,0
TRN1881,96.13,96.39,2.8,94,13215,116,9,0
TRN2717,89.16,104.39,3.74,99,13792,256,7,0
TRN1555,69.95,83.98,4.18,63,2664,86,4,1
TRN5479,93.41,93.81,3.37,89,6139,188,0,0
TRN2081,88.79,98.0,1.12,64,3443,275,12,0
TRN1161,96.57,102.78,3.81,93,8441,234,13,0
TRN2853,58.77,97.37,3.95,65,8876,92,10,0
TRN5628,63.88,102.37,4.45,85,4149,241,8,0
TRN4240,71.24,99.7,2.1,91,3616,326,12,1
TRN1941,88.69,102.52,5.41,59,3329,10,3,0
TRN2907,77.6,83.59,4.73,59,6104,27,11,0
TRN2640,88.97,94.71,4.28,66,13020,283,3,1
TRN1795,81.85,89.4,5.33,67,2125,49,7,1
TRN3657,77.32,107.6,4.15,66,4233,25,9,0
TRN3556,91.87,90.68,5.72,94,8243,195,13,1
TRN4488,76.99,83.15,4.21,88,1077,275,6,1
TRN1485,81.46,86.23,3.06,93,7893,88,0,0
TRN1634,77.25,82.87,4.15,63,9088,211,1,1
TRN3776,105.27,104.83,4.35,56,9167,80,6,0
TRN3958,88.13,99.34,2.6,73,12604,342,9,1
TRN3973,56.68,88.38,5.07,53,5516,357,13,1
TRN4105,85.88,110.01,3.46,59,13620,110,7,0
TRN1750,94.92,91.93,4.04,75,1100,60,9,0
TRN4685,60.09,99.1,4.0,83,12721,87,12,0
TRN1456,92.68,100.63,3.94,95,2293,226,9,0
TRN5460,90.67,85.03,7.33,71,12061,264,2,1
TRN5983,90.28,99.98,4.83,93,4399,270,3,0
TRN4790,64.56,98.04,4.79,89,6829,284,8,0
TRN1784,93.0,92.82,2.14,92,13923,318,11,1
TRN5258,95.24,85.26,4.76,53,12547,22,12,0
TRN4866,92.04,93.05,4.83,60,9015,40,4,0
TRN2839,62.42,93.22,6.58,97,4865,285,10,0
TRN2873,82.29,95.05,4.83,77,3748,235,9,0
TRN4172,104.42,99.68,2.81,75,7320,200,11,0
TRN5011,93.8,107.43,5.09,99,8243,170,10,0
TRN1848,65.68,92.71,4.67,98,7772,46,14,0
TRN3984,84.76,98.88,4.69,74,1744,170,3,0
TRN3434,91.08,94.42,2.96,81,11671,148,2,0
TRN1249,88.8,100.22,2.05,56,7525,162,7,0
TRN3538,73.91,98.63,3.68,76,12130,220,13,0
TRN1650,77.29,93.67,4.4,67,11622,284,2,0
TRN5847,76.75,91.42,4.12,85,12170,241,6,0
TRN5347,89.94,98.24,-0.85,89,14277,287,12,1
TRN5370,90.99,119.23,2.64,74,4082,105,8,0
TRN2548,79.87,90.74,1.96,71,11124,229,3,0
TRN2576,82.7,104.27,4.6,71,5563,253,14,1
TRN5596,87.14,108.43,3.04,78,3029,102,8,0
TRN3836,84.26,101.92,4.88,52,9038,54,8,0
TRN2245,73.81,104.05,6.9,56,6056,311,11,0
TRN5414,58.42,85.99,4.91,94,4094,38,6,0
TRN1387,81.19,80.55,4.11,67,12606,117,2,1
TRN3090,99.48,95.93,3.84,65,6096,115,7,0
TRN1709,85.22,97.94,4.25,73,11015,310,4,0
TRN5334,82.98,94.79,4.53,62,7128,66,10,0
TRN3387,87.02,86.87,5.47,86,14686,119,7,0
TRN3674,79.78,105.29,1.56,92,14159,322,6,1
TRN4978,70.62,86.04,4.3,56,9384,57,11,0
TRN5144,63.1,105.84,2.6,54,1538,103,10,0
TRN1620,94.79,90.66,6.54,75,7221,114,4,0
TRN5656,71.22,92.94,4.11,96,1760,87,5,0
TRN5483,67.93,101.75,2.18,57,4975,115,12,0
TRN2552,84.49,92.62,4.42,88,11755,149,12,0
TRN1480,76.94,94.57,4.66,99,10914,165,1,0
TRN2507,80.32,97.1,2.14,72,1659,154,13,0
TRN4451,95.07,92.05,1.96,69,2234,193,14,1
TRN5977,90.4,101.0,3.11,100,9954,102,7,0
TRN2672,76.24,89.52,3.31,83,6888,95,1,0
TRN5587,83.36,110.18,4.25,60,7051,245,9,0
TRN5935,72.51,90.43,4.43,50,5927,270,3,0
TRN2016,87.09,98.02,1.8,68,3384,353,0,0
TRN4059,69.11,92.13,4.76,69,6855,190,2,0
TRN5426,110.74,85.61,5.37,80,3213,52,1,0
TRN2577,97.84,102.56,2.95,82,12557,85,9,0
TRN1550,108.52,112.41,3.85,89,11245,165,10,0
TRN2210,86.34,96.73,2.21,72,7212,43,5,0
TRN2419,94.37,92.18,5.26,73,2625,311,9,0
TRN3531,86.32,90.25,3.53,80,5191,325,12,1
TRN5333,75.95,95.91,2.52,57,1997,104,13,1
TRN4929,88.62,75.67,5.05,98,8537,219,8,1
TRN4186,76.76,87.12,5.34,54,14722,233,0,0
TRN2144,57.51,107.43,6.34,73,3904,359,13,0
TRN4715,76.96,86.3,2.15,95,5456,187,7,0
TRN2745,76.53,88.38,4.06,84,13376,85,5,0
TRN5181,89.72,109.21,4.41,63,2799,62,0,0
TRN3130,58.43,95.2,3.84,61,13639,261,7,1
TRN4150,87.62,94.35,2.94,87,2715,346,10,1
TRN5350,83.36,87.9,5.27,81,6809,91,4,0
TRN5586,82.76,91.24,3.06,62,10927,69,14,0
TRN5653,66.07,95.87,2.65,79,4673,193,12,0
TRN5332,90.5,94.85,5.14,86,9174,201,12,0
TRN2645,87.4,87.92,1.19,90,14383,99,12,0
TRN4500,76.0,96.88,3.7,58,3165,103,13,1
TRN5170,103.31,96.47,2.26,61,12560,44,12,0
TRN2299,69.22,105.26,2.83,86,3176,327,14,0
TRN4403,83.95,87.63,4.67,96,14539,73,5,1
TRN2658,74.78,95.56,2.29,89,11587,81,9,0
TRN2246,111.73,105.51,5.52,74,10293,242,3,0
TRN3580,77.71,108.86,2.95,55,6344,159,2,0
TRN4951,68.53,103.0,3.33,85,2680,69,14,0
TRN2914,80.27,99.03,6.68,85,14825,139,5,1
TRN1754,83.58,86.77,3.2,52,13343,60,9,0
TRN4469,102.78,89.57,3.55,58,6484,214,12,1
TRN3010,78.48,96.52,5.61,66,4826,133,11,0
TRN1003,86.4,108.29,1.76,98,14077,187,6,0
TRN5572,100.71,93.75,4.74,92,9631,153,9,0
TRN1954,82.19,89.72,5.44,55,2142,301,8,0
TRN1251,97.5,88.98,6.51,85,5010,32,8,0
TRN4004,94.24,96.89,4.78,65,2754,215,3,0
TRN5627,71.38,104.25,6.41,82,2733,34,14,1
TRN4619,85.72,87.85,8.27,65,2951,183,8,1
TRN2719,79.88,91.64,4.38,93,14554,214,4,0
TRN1129,85.53,84.47,6.77,76,11564,131,11,1
TRN2154,82.85,83.96,4.05,70,5703,210,13,0
TRN1936,79.99,87.42,4.24,91,9600,263,0,0
TRN5197,86.13,96.58,4.74,94,7770,285,6,0
TRN1403,72.26,91.56,3.19,70,10877,53,6,0
TRN2600,92.55,97.52,2.78,71,3861,363,9,0
TRN3374,72.02,87.25,1.1,98,4993,75,3,0
TRN2242,73.39,103.5,3.19,87,8465,231,6,0
TRN5460,75.69,93.02,0.92,82,6826,27,12,1
TRN3946,87.4,105.14,4.46,99,12486,207,1,0
TRN3633,100.57,86.59,2.43,61,13751,38,10,1
TRN5133,102.9,96.16,2.55,56,2256,135,2,1
TRN4083,95.74,83.24,4.12,70,5844,210,11,1
TRN3448,86.36,78.9,2.64,84,7613,235,1,0
TRN1552,80.76,92.41,4.88,65,3585,115,13,0
TRN3840,84.61,87.57,3.98,66,5723,1,4,0
TRN1339,99.82,90.74,4.37,80,3938,364,13,1
TRN2558,101.21,95.46,3.7,58,12092,61,0,0
TRN2940,90.7,94.22,5.71,64,14049,343,8,1
TRN3310,80.22,79.52,4.64,85,1401,236,13,1
TRN2496,79.67,80.69,7.58,58,5047,98,0,1
TRN1601,76.02,96.85,2.52,77,13627,299,7,1
TRN4531,78.88,105.72,4.96,98,5040,350,3,0
TRN3811,89.45,92.83,5.3,76,14772,320,1,1
TRN4390,70.03,85.76,3.27,85,14464,238,3,0
TRN1377,94.49,94.54,1.6,58,1339,77,9,0
TRN5497,100.06,94.36,5.67,86,1483,50,11,0
TRN3566,79.71,94.24,5.15,74,9209,115,13,0
TRN1579,64.61,87.4,4.44,96,7927,79,12,0
TRN4021,105.61,85.08,4.15,100,12906,206,0,0
TRN1936,81.11,81.72,4.29,82,9304,313,11,1
TRN5375,101.47,96.49,2.77,88,9715,210,8,1
TRN3204,74.95,95.84,4.69,51,8751,87,10,0
TRN4671,102.89,89.43,2.86,92,1025,323,4,0
TRN1847,106.91,87.85,4.51,55,9013,58,1,1
TRN5186,73.31,99.58,3.87,73,11289,172,1,0
TRN3396,94.23,92.75,4.86,76,13966,147,11,0
TRN4254,86.09,93.96,4.72,75,2113,313,11,0
TRN2957,56.64,94.41,2.74,73,1366,279,14,1
TRN1991,65.57,114.63,5.2,61,8006,170,9,0
TRN4445,81.03,75.22,2.79,66,13975,229,10,0
TRN3858,65.93,87.23,1.89,50,14328,86,5,0
TRN2898,80.59,105.01,4.31,60,4399,224,7,1
TRN2036,96.78,95.4,1.45,73,3594,257,7,0
TRN5264,90.7,99.37,3.39,65,2591,257,6,0
TRN4207,102.21,83.6,5.3,77,6213,47,9,1
TRN1786,104.99,104.25,7.09,82,11455,276,9,1
TRN4890,77.65,99.2,4.24,68,13517,184,0,0
TRN3712,82.5,92.56,4.15,87,12651,166,2,0
TRN5297,96.48,93.38,4.97,82,12642,361,14,1
TRN3139,70.83,97.0,-0.22,80,3603,184,13,0
TRN4618,90.19,94.54,4.34,83,11829,63,12,1
TRN1581,80.57,89.6,3.74,92,4850,302,3,0
TRN1812,105.74,93.33,1.87,91,8909,287,4,1
TRN5176,83.09,105.01,4.1,81,11123,158,2,0
TRN2601,77.09,98.58,5.67,78,4763,28,6,0
TRN1791,98.22,105.49,4.34,55,4638,172,9,0
TRN5794,91.26,92.55,4.92,76,2861,310,6,0
TRN2087,99.59,89.14,5.86,67,9534,336,12,0
TRN2542,62.47,97.37,1.65,63,10080,109,3,0
TRN1875,96.17,79.22,3.86,67,8952,289,5,1
TRN5508,90.34,82.35,2.74,89,11719,210,3,1
TRN4355,79.24,97.94,4.08,69,9696,329,5,1
TRN3341,90.83,97.96,5.82,66,13782,323,13,1
TRN5650,77.11,94.46,7.68,65,10787,154,2,0
TRN2735,100.27,97.67,2.98,90,14168,324,6,1
TRN1672,106.16,90.28,4.36,89,11862,232,10,0
TRN3856,71.16,94.56,7.77,84,7884,91,13,0
TRN5473,88.15,92.47,7.65,69,7717,308,13,0
TRN2685,81.29,89.53,3.46,50,3213,133,13,1
TRN5419,88.84,85.51,4.64,58,4098,201,5,0
TRN3640,81.41,101.76,1.98,83,13535,234,9,0
TRN1262,97.9,96.38,2.71,97,2349,336,10,0
TRN2055,84.13,94.85,5.11,65,9918,348,2,0
TRN4748,75.22,99.35,0.24,85,14992,25,4,0
TRN5005,98.64,99.5,4.14,56,12240,359,5,0
TRN2325,77.32,82.67,2.99,80,8288,318,7,0
TRN3438,73.14,103.45,0.52,75,5455,314,8,0
TRN1828,58.92,89.83,3.89,68,7286,311,14,1
TRN2518,96.65,94.07,5.02,78,10168,54,12,0
TRN3966,89.52,77.98,5.2,86,10664,222,5,1
TRN4136,78.53,94.0,4.52,76,1342,47,7,0
TRN2287,74.58,109.3,3.66,59,11025,16,14,0
TRN5426,87.56,92.49,6.99,68,11089,7,9,0
TRN5744,110.26,98.59,4.49,61,5702,215,13,1
TRN3343,86.55,101.83,4.3,67,4724,106,13,0
TRN5924,83.92,110.73,5.38,100,10285,291,9,0
TRN5665,78.49,89.66,1.08,55,5316,256,5,0
TRN3379,100.07,93.05,6.82,68,14275,331,0,1
TRN4493,92.65,94.85,3.81,98,9444,169,10,1
TRN1298,81.68,99.05,4.16,73,1423,9,14,0
TRN1568,101.68,88.1,2.88,68,14413,325,1,1
TRN2767,87.91,89.25,2.75,96,7697,146,6,0
TRN2473,81.09,95.4,3.01,63,9000,208,9,0
TRN3946,80.64,88.14,5.79,87,5153,295,3,0
TRN5128,90.55,96.32,5.06,86,13175,257,6,0
TRN3491,86.77,98.8,4.58,94,2152,285,12,0
TRN1674,87.94,104.79,1.35,61,13675,282,5,0
TRN5101,82.98,96.13,7.52,84,3331,265,11,0
TRN3790,88.69,100.98,5.83,70,9330,78,0,0
TRN2652,78.51,97.73,0.12,64,11090,111,13,1
TRN5169,75.61,85.33,4.83,69,4729,336,12,0
TRN5298,82.6,96.98,3.19,83,10735,59,14,1
TRN1981,61.1,88.01,1.03,86,2974,113,9,0
TRN3071,79.26,97.56,1.46,91,4204,31,10,0
TRN4698,97.74,92.7,3.43,56,14757,7,12,0
TRN3450,100.55,102.12,5.63,96,5603,272,0,0
TRN3926,104.14,101.84,5.91,89,1589,176,3,1
TRN4819,105.41,97.13,5.2,73,6303,351,0,1
TRN5154,73.84,84.65,2.54,80,1848,160,9,0
TRN1923,100.0,76.89,4.91,58,4391,184,14,1
TRN3805,69.38,90.94,4.48,72,14157,347,3,1
TRN4207,85.61,110.51,5.08,97,12692,83,10,0
TRN3956,95.71,89.6,2.18,97,11239,193,1,0
TRN1887,77.92,77.55,6.12,78,10393,265,13,0
TRN4436,66.2,76.64,5.29,64,12092,267,2,1
TRN2354,81.16,97.93,4.43,57,8097,253,12,1
TRN1843,89.97,93.36,4.82,54,2575,288,7,1
TRN1073,87.19,97.47,3.58,72,14321,81,4,0
TRN1762,82.95,92.39,2.46,100,2978,34,10,0
TRN2824,55.34,89.66,1.67,61,3028,3,2,0
TRN3470,68.01,80.98,5.56,84,9602,92,2,0
TRN5072,103.49,94.11,5.17,85,10989,229,5,0
TRN1258,74.6,91.35,4.37,54,5935,297,11,0
TRN4088,87.99,82.62,7.42,61,14465,93,13,1
TRN5927,55.15,89.63,4.61,69,7002,59,9,0
TRN1747,83.74,99.67,2.65,54,11352,153,2,1
TRN5456,100.88,79.79,3.16,68,10090,4,9,1
TRN1158,73.12,97.94,3.57,57,3197,69,0,1
TRN1949,78.11,93.73,2.09,93,5478,161,11,1
TRN2231,73.76,93.85,5.64,54,14664,348,7,0
TRN5368,105.35,96.47,2.76,71,4842,106,4,0
TRN3417,81.36,87.21,5.62,50,8236,192,6,1
TRN3184,105.14,86.85,6.0,81,12227,3,11,1
TRN5815,86.8,96.78,5.26,54,6161,188,1,0
TRN3488,88.57,99.15,1.33,75,7442,297,9,0
TRN2745,101.16,95.57,4.8,65,7123,296,1,1
TRN4714,79.55,98.26,4.25,63,3032,82,13,1
TRN2084,90.25,97.52,2.63,70,6070,304,6,0
TRN5753,70.92,99.3,3.23,100,14215,269,5,0
TRN1246,79.86,87.52,5.39,78,11531,325,8,1
TRN2753,74.78,82.85,4.86,85,8792,330,11,0
TRN5607,84.24,101.94,6.06,94,4291,186,3,0
TRN4936,101.42,93.14,3.99,50,7776,62,9,1
TRN5461,94.16,90.15,3.52,52,9613,156,0,0
TRN3733,74.79,93.72,4.74,97,10952,240,8,0
TRN5994,88.39,98.34,4.21,82,8961,51,9,0
TRN2804,96.9,89.75,5.18,88,1389,225,1,0
TRN1496,89.27,95.14,4.21,79,13867,134,11,0
TRN1756,90.35,102.28,4.13,98,1122,100,14,0
TRN5141,68.5,93.01,2.16,84,8114,314,14,0
TRN2785,88.93,94.34,2.9,74,12450,88,14,0
TRN4915,78.31,101.49,1.19,59,2747,114,8,0
TRN2878,91.16,88.76,4.77,93,10584,296,2,0
TRN4385,94.71,103.07,4.71,76,14435,194,9,0
TRN5383,97.69,95.02,4.01,60,6359,139,12,0
TRN4721,73.43,99.58,0.87,68,13061,200,3,0
TRN2297,82.61,93.33,5.15,98,8105,40,10,0
TRN5026,82.54,98.38,3.84,75,5646,153,3,0
TRN2783,89.53,86.44,5.42,94,10289,241,0,0
TRN4729,78.19,95.97,2.06,52,6585,208,1,0
TRN1981,89.29,112.09,2.77,52,10125,121,1,0
TRN3631,82.55,84.25,3.01,98,9713,2,3,1
TRN4275,76.6,96.24,3.54,66,6922,49,9,0
TRN3516,91.78,88.74,5.54,100,4242,336,8,0
TRN5268,111.35,96.44,6.45,100,13242,270,2,1
TRN1407,85.74,110.41,5.1,79,12783,294,6,0
TRN1238,96.87,89.56,3.32,65,13933,230,13,1
TRN4444,74.16,94.88,4.72,65,7312,340,9,0
TRN4498,83.07,91.16,3.97,81,2639,175,1,0
TRN3581,78.06,93.29,8.26,86,3973,76,9,1
TRN2458,81.22,94.06,3.91,86,4320,219,12,0
TRN1621,103.43,105.29,4.3,75,8847,103,4,0
TRN1923,117.37,95.2,6.33,52,8125,206,13,1
TRN1535,75.86,98.46,2.72,76,10865,218,1,0
TRN4348,101.47,102.83,3.15,61,2404,310,0,1
TRN4106,99.63,94.24,2.27,71,9878,254,3,0
TRN5647,103.5,97.64,0.56,55,4539,75,14,0
TRN1006,86.1,95.88,6.57,78,9871,105,5,1
TRN2624,79.74,93.71,5.22,81,9554,242,14,0
TRN5883,97.93,93.63,4.2,83,14072,156,13,1
TRN4095,64.83,102.0,3.94,54,6127,164,12,0
TRN3035,87.67,100.23,1.42,69,11064,364,1,0
TRN5173,84.67,98.83,4.11,76,1500,5,6,0
TRN4349,82.6,87.01,5.52,76,9405,191,3,0
TRN4741,122.74,96.46,1.89,77,11304,194,3,0
TRN2920,89.7,91.18,2.72,81,11850,276,13,1
TRN5267,82.19,102.71,3.85,57,3198,271,0,1
TRN2917,127.25,97.19,4.04,99,1664,308,9,1
TRN5158,85.04,103.96,1.39,75,2335,211,2,0
TRN4018,102.54,104.07,3.56,85,12241,35,0,0
TRN5521,77.96,102.18,2.02,90,4918,57,9,0
TRN1258,64.62,88.09,4.48,61,6451,319,13,0
TRN2222,77.56,99.66,1.47,95,9155,31,9,0
TRN5520,86.49,106.63,4.4,87,11900,156,8,0
TRN3513,81.21,102.55,5.65,76,9080,155,9,0
TRN3381,97.38,105.5,3.05,55,6217,186,13,1
TRN3892,71.08,86.39,4.14,80,6235,224,2,0
TRN5113,74.25,101.56,3.67,50,10090,21,5,1
TRN5911,93.06,108.68,4.2,69,3988,270,4,1
TRN2882,68.56,93.4,2.81,72,13149,211,9,0
TRN1199,86.74,81.96,3.93,55,1020,202,6,0
TRN2932,83.91,82.79,4.36,94,9720,276,7,1
TRN5187,75.32,87.29,6.43,74,10924,295,8,0
TRN4010,86.39,95.47,3.02,82,10262,188,14,0
TRN5071,75.19,103.4,5.19,96,5273,350,11,1
TRN4084,85.68,93.29,3.04,95,9489,301,4,0
TRN1102,77.84,102.94,3.09,51,13249,81,7,0
TRN3689,81.88,94.74,2.27,63,5830,246,11,0
TRN2992,71.3,81.18,1.23,100,2005,99,11,0
TRN2350,59.87,89.55,4.14,84,13289,341,13,0
TRN1779,91.71,98.63,2.36,50,5719,352,2,1
TRN1229,89.0,88.94,6.24,55,6501,191,9,1
TRN2709,96.11,78.3,6.62,60,14258,132,5,1
TRN4360,109.08,105.97,4.93,63,2559,223,1,1
TRN1457,78.1,92.34,3.89,98,7183,14,6,0
TRN3823,76.5,99.96,4.88,90,5116,283,6,0
TRN1597,95.3,89.46,4.09,65,4679,83,1,0
TRN1306,98.31,94.55,3.39,83,1269,214,3,0
TRN5293,94.0,91.85,6.11,72,9622,187,4,1
TRN1126,84.52,84.29,4.05,73,10305,280,13,1
TRN3827,88.38,99.07,3.56,63,8085,122,1,0
TRN4271,103.5,90.75,4.06,60,8765,333,13,1
TRN1838,101.23,84.6,4.81,90,12026,69,5,1
TRN4054,97.19,90.88,4.03,94,14949,234,6,0
TRN2419,92.59,94.48,3.06,82,13866,331,1,0
TRN5276,94.61,91.54,2.59,52,6888,74,14,0
TRN3801,93.44,93.15,5.77,68,5573,9,14,0
TRN5528,89.29,86.69,5.81,89,5775,313,14,0
TRN1543,83.57,89.05,3.41,77,7927,203,7,0
TRN3287,75.13,96.38,4.38,63,2226,303,11,0
TRN5063,96.72,106.89,1.83,68,10062,150,5,0
TRN2120,102.21,90.7,2.77,86,14301,189,8,1
TRN1975,100.93,93.88,5.2,57,3867,154,10,1
TRN2229,73.21,81.44,2.66,56,6683,165,5,1
TRN5316,97.88,88.22,4.52,57,5860,2,12,0
TRN2361,70.77,88.83,7.88,64,10090,362,11,1
TRN4065,76.39,98.95,3.99,65,1982,27,0,0
TRN4908,94.66,95.42,3.94,60,12553,260,14,1
TRN5178,88.18,97.21,1.37,81,13857,296,4,0
TRN3000,98.35,94.29,5.28,78,4051,278,8,0
TRN3917,77.1,97.77,6.38,61,11047,195,6,0
TRN3101,85.29,95.18,3.26,93,8976,23,0,0
TRN4628,83.92,101.33,8.43,51,10080,159,3,1
TRN1927,72.32,109.6,4.9,90,9969,202,10,0
TRN2074,88.56,83.55,5.07,67,11335,215,6,1
TRN5296,91.27,92.52,4.6,93,9427,30,14,0
TRN1035,106.96,93.4,5.94,89,5991,73,8,1
TRN1988,93.89,85.6,4.37,51,14723,16,4,0
TRN5388,104.74,88.73,3.3,80,14040,322,5,1
TRN1168,71.38,88.25,3.47,72,1488,239,4,0
TRN5039,76.05,99.48,3.5,70,3033,151,1,0
TRN3805,85.73,96.77,2.43,74,5227,132,4,0
TRN2842,118.71,99.76,2.62,68,2227,275,12,1
TRN5930,93.11,100.59,1.86,97,10797,295,4,1
TRN1664,64.59,88.29,4.53,96,2481,143,2,0
TRN5681,96.02,100.58,5.38,72,14857,249,13,0
TRN3436,86.07,90.98,3.51,61,3008,21,10,0
TRN1012,67.64,93.69,6.68,86,12451,144,10,0
TRN2940,80.42,101.37,3.22,80,5238,102,5,0
TRN3091,88.86,92.51,4.85,62,1823,201,13,0
TRN5755,48.03,90.58,5.53,94,6854,13,7,0
TRN1778,87.26,95.03,4.42,88,8622,31,2,0
TRN1926,82.07,82.58,2.03,51,2692,98,11,0
TRN1805,88.5,99.33,1.37,82,7137,133,2,0
TRN1161,92.32,88.03,3.79,70,14730,40,14,0
TRN2868,104.88,87.41,2.87,90,11150,354,12,0
TRN5605,83.37,92.93,5.36,76,3963,340,0,1
TRN4591,87.54,104.72,3.56,70,7449,55,2,0
TRN4723,66.81,86.35,7.55,96,1841,144,1,0
TRN5000,82.82,74.84,8.0,59,9617,68,5,0
TRN3363,84.91,103.97,3.39,98,2690,119,8,0
TRN2371,87.16,94.62,3.6,85,8541,78,5,0
TRN3313,75.94,90.71,2.77,83,10741,222,14,0
TRN3950,65.79,91.79,4.57,97,12708,260,12,1
TRN5573,83.97,97.4,3.65,60,4077,6,2,0
TRN4045,106.55,96.01,4.08,94,4202,44,13,0
TRN5041,80.05,94.74,3.21,73,10242,349,10,0
TRN4589,79.51,90.83,3.92,73,7031,158,3,0
TRN4054,95.04,84.13,3.24,95,13484,106,9,1
TRN2516,74.32,88.33,2.04,56,6266,166,7,0
TRN4817,83.19,97.12,4.62,90,7437,168,2,0
TRN1184,86.73,121.06,4.97,73,10974,346,6,0
TRN5678,71.99,108.06,6.54,68,1552,240,1,0
TRN2061,77.19,105.93,4.37,56,10676,108,2,0
TRN5780,84.21,105.27,2.88,65,10007,326,7,1
TRN4613,80.28,90.37,4.02,64,10346,75,12,1
TRN4726,108.12,91.41,5.13,79,9231,140,1,1
TRN5061,80.8,99.26,5.3,51,5727,179,7,0
TRN5101,104.99,94.33,3.0,91,3132,276,13,1
TRN3595,73.23,85.51,3.21,88,4586,259,3,0
TRN5626,79.28,87.4,4.59,52,3636,228,2,1
TRN3794,86.4,81.49,0.57,92,10842,139,5,0
TRN1864,68.17,84.9,2.02,81,1989,228,6,0
TRN4545,81.62,97.05,7.17,51,12494,164,3,0
TRN5615,88.98,85.17,3.55,97,5085,316,7,1
TRN2349,70.2,94.37,2.03,57,3790,215,9,0
TRN2294,92.27,85.25,4.06,80,1234,52,10,0
TRN2582,85.38,101.21,2.36,51,13812,256,6,1
TRN5741,106.38,93.36,8.03,90,14471,70,11,1
TRN2289,86.11,101.55,3.97,93,12374,266,12,0
TRN5678,100.14,78.36,2.89,57,3702,362,13,1
TRN1916,92.19,98.13,5.05,53,7346,277,8,1
TRN5851,71.56,96.17,3.79,84,9151,357,4,0
TRN1870,91.84,104.09,4.12,59,10041,314,3,0
TRN5775,77.2,112.84,7.33,72,13065,156,5,0
TRN3987,78.78,101.77,-0.08,79,2992,215,7,0
TRN4495,84.24,96.53,5.0,67,10143,342,14,1
TRN1330,94.68,96.98,3.58,64,12101,235,8,0
TRN2726,95.05,108.3,4.68,86,12077,175,13,0
TRN5839,86.26,106.05,5.88,82,9912,56,12,0
TRN1510,81.68,90.19,3.37,64,2313,67,3,0
TRN1140,90.74,95.2,0.46,66,11112,180,0,1
TRN5064,79.63,80.76,3.95,97,5018,47,6,0
TRN4616,77.24,94.17,2.91,95,6384,59,10,0
TRN1094,95.87,74.03,6.9,64,5684,72,10,0
TRN2111,85.35,97.96,3.17,79,7353,18,6,0
TRN3086,80.32,92.57,3.58,70,4715,276,14,0
TRN5207,96.5,95.22,5.47,63,6787,309,5,1
TRN4750,89.23,98.17,4.03,76,13309,144,0,0
TRN1685,85.38,104.76,3.64,65,14910,130,12,0
TRN2708,80.42,85.72,3.26,74,8751,249,10,0
TRN3007,103.55,90.24,3.42,94,3004,60,6,0
TRN1638,84.08,85.89,4.38,53,2385,235,0,0
TRN3620,77.91,94.98,3.95,63,6783,354,6,1
TRN4426,72.73,73.88,2.8,84,14849,128,1,0
TRN3392,61.67,96.34,3.75,68,8777,213,8,0
TRN4125,89.87,97.21,2.69,72,10674,333,8,1
TRN1504,85.85,102.21,3.31,86,7180,245,11,0
TRN2576,110.19,92.21,4.61,98,13226,353,4,0
TRN2100,113.22,89.53,5.36,89,8285,16,6,1
TRN4400,86.03,102.37,5.41,76,6582,46,6,0
TRN2063,80.9,92.67,6.0,69,1686,342,0,1
TRN1573,88.97,89.71,3.82,72,3314,341,6,1
TRN4438,108.75,94.2,4.34,75,8225,79,3,0
TRN4894,75.75,106.45,4.22,90,8728,196,5,0
TRN4164,97.52,99.23,6.97,55,9466,311,2,1
TRN3063,98.75,86.99,2.99,99,8425,59,11,0
TRN4663,85.67,90.32,4.72,82,3523,117,13,0
TRN4095,92.54,99.87,6.36,74,1300,340,0,0
TRN2800,84.02,110.78,3.77,69,7766,217,4,0
TRN3325,87.28,96.88,6.1,77,9778,316,10,0
TRN3505,75.5,94.42,4.73,73,7515,240,8,0
TRN1616,89.53,93.21,3.43,97,5474,122,3,0
TRN1349,100.7,103.18,4.44,53,8272,52,13,0
TRN2143,104.82,109.43,3.74,85,1186,227,10,0
TRN1573,79.33,65.66,4.61,58,8821,262,3,0
TRN1444,95.64,87.68,5.1,81,3437,203,8,0
TRN3371,95.45,96.23,2.89,54,13292,140,4,0
TRN3107,60.01,94.36,6.9,90,10781,35,7,0
TRN1918,82.78,91.7,3.25,93,6767,57,10,0
TRN4542,86.9,88.53,4.35,55,12899,79,7,0
TRN1601,82.54,99.97,6.28,90,4456,202,1,0
TRN3597,90.75,91.34,4.61,53,13296,330,5,1
TRN5580,84.84,83.54,2.39,84,11748,271,2,1
TRN5467,70.77,84.76,5.0,54,7777,119,3,0
TRN5481,88.31,79.16,4.54,99,2330,23,1,1
TRN2584,81.61,94.85,0.45,75,4750,245,1,0
TRN4071,89.72,91.37,4.68,72,9514,194,5,0
TRN1896,71.07,79.93,3.42,100,11791,237,10,0
TRN1306,62.53,100.51,6.6,64,12651,287,1,1
TRN1700,47.14,99.29,4.95,97,9239,166,9,0
TRN5185,87.55,86.3,3.58,96,14980,337,14,1
TRN1102,92.85,84.48,3.41,99,14301,227,2,0
TRN4931,67.65,99.27,1.3,54,12121,130,2,0
TRN1584,77.79,100.02,5.02,83,4324,179,1,0
TRN5367,66.48,78.85,2.73,53,13862,284,0,1
TRN2583,84.43,95.98,0.95,56,10437,263,7,1
TRN5700,100.28,98.42,3.11,62,9932,307,11,1
TRN5257,76.51,90.57,3.91,96,6175,323,5,0
TRN2844,105.47,111.0,2.89,68,5306,221,9,0
TRN1313,104.97,101.9,2.71,100,9626,340,6,1
TRN1593,91.08,102.0,3.69,85,7699,228,2,0
TRN5512,90.64,102.87,5.17,86,3441,234,3,0
TRN4128,90.44,98.26,4.42,82,11953,245,9,0
TRN5145,90.35,108.92,5.15,58,1708,48,7,0
TRN5068,94.25,101.47,4.39,91,8057,333,13,0
TRN1192,81.0,81.16,4.18,76,4959,65,10,0
TRN5451,87.24,101.7,3.8,77,4760,217,9,0
TRN5459,99.08,85.59,1.37,54,3953,299,5,0
TRN4238,77.3,93.47,6.3,50,6932,210,2,1
TRN3471,97.69,103.98,4.02,99,1352,315,3,0
TRN4430,96.36,87.48,4.91,73,1628,222,7,0
TRN2736,76.74,95.24,4.44,55,14752,337,6,0
TRN4411,68.97,87.39,6.04,88,4258,51,8,0
TRN2641,58.07,97.04,4.58,87,5055,124,1,0
TRN2859,100.67,83.54,5.94,51,14668,215,13,1
TRN1201,97.37,78.58,7.53,55,7152,133,12,0
TRN4793,109.33,104.59,4.6,95,8984,249,10,0
TRN4050,83.32,92.08,4.49,74,1399,20,2,0
TRN3110,76.67,91.65,2.86,68,1688,239,2,0
TRN5093,94.39,104.56,4.34,81,13588,193,13,0
TRN2856,100.42,94.43,4.7,62,6761,32,9,1
TRN5998,79.46,105.59,2.11,77,7302,155,9,0
TRN1154,85.25,100.53,5.84,83,11662,252,10,0
TRN5900,79.56,92.85,7.37,81,12018,299,10,1
TRN2558,89.49,96.9,5.42,100,8633,124,13,0
TRN4296,75.69,87.32,1.99,95,6297,128,0,0
TRN2064,85.14,89.65,4.34,61,12921,99,9,0
TRN3398,101.55,100.01,3.13,77,1705,41,12,0
TRN3062,79.04,96.64,4.89,60,9005,122,7,1
TRN5856,76.71,100.78,4.18,77,4075,290,12,0
TRN4602,94.56,95.58,2.28,61,13824,234,2,1
TRN5636,88.08,80.62,5.58,86,9724,119,10,0
TRN4195,80.24,89.61,2.71,83,10764,59,8,1
TRN2313,89.29,81.15,4.54,66,7541,297,2,1
TRN4995,82.51,91.96,5.15,83,5152,291,11,0
TRN5548,78.79,90.85,1.26,86,13785,236,7,0
TRN2703,87.05,96.81,1.47,90,10377,346,1,1
TRN5229,106.48,100.84,3.32,58,10382,59,8,1
TRN2001,97.48,94.17,3.51,99,10619,234,14,0
TRN4080,92.91,99.03,1.83,59,13550,364,2,1
TRN4832,87.32,106.01,4.46,72,6345,351,13,0
TRN4027,97.18,104.79,3.81,95,3539,200,14,0
TRN3361,79.72,97.47,3.84,100,9916,338,13,0
TRN4220,90.13,94.03,4.21,69,12045,251,6,0
TRN1961,92.27,111.51,3.92,61,9896,339,14,0
TRN4957,87.67,101.87,2.97,92,8556,258,7,0
TRN1040,62.07,108.82,3.85,54,3076,190,6,0
TRN4281,72.11,99.84,4.02,67,5750,295,7,1
TRN3531,88.25,93.12,3.78,57,5679,217,1,0
TRN3845,91.3,97.95,3.16,86,11369,259,11,1
TRN4263,89.17,99.75,4.91,79,10823,160,9,1
TRN3569,86.41,100.35,3.79,66,7263,258,5,0
TRN1865,89.8,94.31,3.55,66,4828,68,0,0
TRN3390,82.23,92.1,5.1,80,11088,208,9,0
TRN1419,78.94,94.87,4.65,66,8404,69,10,0
TRN1611,78.03,99.79,4.24,83,7775,40,1,0
TRN2647,97.46,92.76,2.72,100,9912,88,12,0
TRN4991,74.93,87.03,5.97,77,10583,191,13,1
TRN1153,89.56,101.23,5.9,61,2722,128,5,0
TRN2323,92.41,111.25,3.7,73,5995,1,14,0
TRN4763,99.24,104.36,6.18,65,6548,52,8,0
TRN3076,86.15,105.83,2.37,92,7782,49,2,0
TRN3472,73.24,88.46,4.51,77,8076,90,10,0
TRN2312,89.4,84.07,4.06,65,2830,148,12,1
TRN2075,85.66,83.92,6.29,99,9710,325,8,0
TRN4184,102.53,105.17,2.67,78,10632,21,14,1
TRN4505,79.66,84.77,4.04,85,7115,85,0,1
TRN4472,91.95,101.24,3.37,67,14109,190,8,0
TRN1597,105.25,99.76,3.51,76,7078,326,13,1
TRN4632,92.43,90.06,3.92,54,10457,201,2,0
TRN5637,103.13,101.56,1.34,59,10812,315,2,1
TRN5802,69.63,97.85,5.63,85,9271,243,10,0
TRN2665,83.84,93.77,5.36,67,12244,331,9,0
TRN1383,77.03,92.79,3.9,100,5933,336,3,1
TRN2305,79.17,95.25,4.37,67,6753,88,13,0
TRN3501,93.4,94.81,4.01,80,8735,146,13,0
TRN4734,71.65,97.47,2.84,92,9928,58,7,0
TRN4633,84.42,106.48,5.3,50,4201,87,2,0
TRN1226,86.67,86.2,6.02,71,13845,119,3,1
TRN2000,87.65,96.19,4.29,86,9396,76,6,0
TRN5162,71.06,101.06,3.73,93,9382,302,10,0
TRN2081,82.11,87.25,5.2,68,12821,320,3,0
TRN5570,67.27,90.45,6.36,80,12686,231,0,1
TRN2301,83.93,90.8,4.31,99,2507,143,1,0
TRN4241,98.83,98.46,6.39,79,6547,19,13,0
TRN5208,90.82,77.57,2.44,86,2914,76,8,0
TRN2046,81.17,99.47,4.3,54,8416,332,6,1
TRN1306,91.99,94.09,2.92,67,13466,353,8,0
TRN1113,97.67,96.26,4.53,98,10788,234,9,0
TRN5275,75.16,90.87,2.21,73,3407,132,4,0
TRN5030,94.79,89.27,3.88,89,14899,10,13,0
TRN5320,82.2,83.01,5.25,84,2875,175,7,0
TRN3124,77.05,96.42,1.86,65,12342,264,14,1
TRN1580,82.26,91.05,5.39,100,10143,319,8,1
TRN3345,93.97,92.23,1.62,95,6534,21,11,0
TRN5765,101.6,105.13,2.37,100,11738,330,6,0
TRN4400,75.99,96.37,3.12,69,4767,104,5,0
TRN3146,77.9,83.78,5.18,72,13778,340,5,0
TRN2729,92.9,97.2,5.9,95,9309,25,13,0
TRN5321,60.45,101.71,4.47,90,3946,45,11,0
TRN3852,86.96,92.95,1.94,63,1361,315,1,0
TRN2409,77.75,92.78,2.8,56,14107,51,14,1
TRN5223,93.06,88.73,6.87,92,12892,73,0,1
TRN3974,89.34,102.6,4.11,61,8319,152,13,0
TRN1543,99.2,90.25,6.22,100,10822,156,0,0
TRN4581,108.59,107.45,6.16,67,2083,361,14,1
TRN4664,82.24,99.27,4.31,87,10518,292,13,0
TRN1263,91.24,95.6,8.27,61,3473,153,14,1
TRN1547,119.16,96.45,4.84,80,8293,53,12,0
TRN5113,70.42,93.36,2.46,78,8452,307,1,0
TRN1911,117.13,90.23,5.51,93,9442,339,4,1
TRN2235,83.32,79.07,4.57,60,11066,364,9,1
TRN4774,70.61,111.53,3.39,67,12227,107,4,1
TRN3229,107.05,98.77,4.87,60,3986,84,6,1
TRN3022,77.28,85.68,4.97,91,4712,127,0,0
TRN3576,93.18,82.79,3.69,76,12778,8,11,0
TRN4604,77.48,81.97,4.12,68,3235,109,6,0
TRN3483,102.13,85.34,4.76,93,11009,2,10,0
TRN4109,81.84,103.26,3.7,60,12949,278,12,0
TRN5908,99.68,91.02,6.11,89,13555,71,4,0
TRN1435,78.57,95.32,1.78,99,12381,207,3,0
TRN2616,84.94,98.91,3.7,63,3917,85,4,1
TRN2984,86.79,85.31,2.37,65,11674,204,12,0
TRN3430,82.06,89.27,2.53,81,6783,316,6,0
TRN1479,92.23,98.33,5.19,64,1792,209,0,0
TRN2473,78.41,86.59,5.75,97,12384,321,10,0
TRN4359,96.3,100.03,3.99,86,5633,177,7,0
TRN2695,78.83,98.51,3.22,52,13298,66,8,1
TRN4958,91.63,104.47,3.09,95,14055,21,3,0
TRN2983,68.7,100.23,4.78,60,13941,30,8,0
TRN1340,84.25,90.25,4.98,75,11315,251,12,0
TRN3568,74.28,101.01,2.78,92,12216,12,12,1
TRN1173,75.06,92.05,1.89,50,14631,139,14,1
TRN4175,107.11,93.03,4.65,68,7561,332,5,1
TRN2472,71.19,86.64,3.1,92,1338,264,2,0
TRN1074,103.9,78.18,2.23,99,9055,326,4,0
TRN3462,94.22,89.88,2.17,60,4093,2,0,0
TRN4103,64.51,88.2,4.24,71,5253,217,2,0
TRN1483,91.26,100.38,4.83,82,4488,101,10,0
TRN4456,91.57,89.22,2.15,68,3671,359,13,0
TRN3741,102.4,80.06,1.1,55,11688,42,12,1
TRN3299,83.59,99.59,4.45,70,12596,261,4,0
TRN2706,54.29,87.81,5.16,98,2373,346,6,0
TRN3019,65.88,94.76,6.21,55,7365,235,5,1
TRN5659,83.75,92.75,3.7,93,7828,92,1,0
TRN1466,91.04,99.41,5.28,53,13744,307,13,1
TRN5750,89.37,95.29,3.78,77,11880,92,4,0
TRN1955,84.53,102.51,1.83,69,4714,206,4,0
TRN3853,85.4,93.15,4.81,60,13458,50,14,1
TRN1263,93.31,88.53,4.26,62,7353,287,3,1
TRN1799,86.11,103.06,4.3,93,4927,347,6,1
TRN1873,76.23,93.16,2.97,73,6487,89,2,0
TRN3341,87.79,76.77,3.58,81,2091,65,8,0
TRN1169,96.06,92.65,6.81,100,9769,242,10,0
TRN4377,76.07,96.16,1.62,71,8436,1,4,0
TRN4628,87.98,103.16,3.67,58,1446,285,1,1
TRN2339,93.63,103.7,3.79,63,11852,102,8,0
TRN2922,75.74,99.32,2.82,89,6593,96,3,0
TRN3002,66.0,109.76,4.88,77,7866,237,10,0
TRN5493,101.66,84.65,2.31,52,11213,152,12,1
TRN3952,89.92,103.97,1.35,68,1536,325,11,1
TRN4893,78.86,103.74,2.77,95,8917,202,10,0
TRN2560,96.26,94.31,5.54,95,5618,334,12,1
TRN4340,65.3,96.67,3.54,53,1007,230,2,0
TRN4283,81.15,93.91,3.0,64,10380,38,1,0
TRN3580,110.94,91.85,4.14,58,5513,156,5,1
TRN2619,71.16,99.87,1.74,74,3395,307,1,1
TRN3355,85.05,95.82,5.85,56,2620,353,14,1
TRN1184,71.21,79.08,4.09,59,11374,42,1,1
TRN2539,85.12,75.84,2.99,85,5106,27,4,0
TRN1134,80.43,86.97,5.19,87,2307,291,3,1
TRN5865,78.48,104.01,4.04,83,12478,149,0,0
TRN4416,83.88,107.69,1.84,79,8009,51,9,0
TRN2293,70.86,91.68,5.29,68,5084,141,10,0
TRN2405,70.51,96.58,3.51,74,3345,150,9,0
TRN2357,86.03,85.9,3.01,65,8832,158,11,0
TRN5526,88.36,95.35,3.45,54,2769,339,3,0
TRN5684,67.18,93.05,4.11,63,13558,206,4,1
TRN2059,83.39,94.94,4.16,97,5357,257,14,1
TRN4384,81.97,91.65,1.98,89,4361,41,8,0
TRN5481,93.18,107.1,4.2,51,12078,307,13,1
TRN4993,105.94,99.87,4.39,76,14383,329,6,1
TRN4058,66.55,103.44,5.79,79,4664,329,2,1
TRN2730,84.24,105.18,3.79,96,8245,261,2,0
TRN2646,93.61,109.83,3.06,78,2811,105,2,0
TRN2867,73.17,91.25,4.76,61,7207,43,8,0
TRN5262,71.88,97.02,2.0,55,1433,157,7,0
TRN1082,89.39,100.24,3.42,84,10932,101,8,0
TRN1683,67.9,86.89,6.01,73,7237,318,5,1
TRN2892,104.79,89.33,3.61,68,14204,231,1,0
TRN5188,100.8,97.87,3.76,62,2849,96,0,0
TRN4044,72.64,102.27,3.3,74,12154,333,7,1
TRN5665,97.88,118.04,3.18,53,8211,76,6,0
TRN4362,105.22,80.73,3.87,85,7387,160,3,1
TRN3517,96.61,97.99,1.71,76,8835,74,5,0
TRN1870,83.42,105.96,4.7,63,5986,172,10,0
TRN4582,74.51,106.16,4.71,69,7192,280,10,0
TRN4884,108.77,105.22,3.35,90,6104,351,4,1
TRN4548,83.75,98.59,3.9,83,6299,71,1,0
TRN1666,80.4,103.69,5.35,54,10959,355,0,1
TRN3599,63.6,95.91,1.59,76,12214,82,0,1
TRN2538,88.89,96.69,3.87,78,4967,68,12,1
TRN3598,105.27,93.19,2.11,82,10583,218,14,1
TRN2890,80.48,98.74,6.75,91,5038,193,3,0
TRN3066,68.07,84.06,1.6,57,1026,131,6,0
TRN5447,88.67,100.84,5.1,90,8583,8,1,0
TRN4073,102.79,110.15,3.02,74,12113,340,8,1
TRN5752,95.75,112.51,4.72,66,4257,85,4,0
TRN3764,83.69,100.21,4.14,73,1816,275,14,0
TRN3574,90.45,93.3,3.28,66,14112,81,2,0
TRN1824,67.48,77.37,3.73,95,12138,187,7,0
TRN2474,77.93,94.27,4.67,99,7351,109,1,1
TRN4292,77.75,88.34,5.48,90,8944,98,6,0
TRN2614,66.45,96.36,4.72,87,4220,360,12,0
TRN5715,88.78,95.12,7.09,76,5899,234,10,0
TRN5260,82.94,88.02,5.55,96,4475,267,3,0
TRN1195,84.46,79.88,1.96,51,13445,252,1,1
TRN3633,65.76,108.35,2.32,69,11283,308,13,1
TRN2079,81.93,96.48,3.2,89,12823,306,8,0
TRN4132,89.32,106.86,1.48,91,7924,207,1,0
TRN2024,93.5,88.34,4.56,71,7431,296,12,0
TRN3467,82.33,87.87,3.58,61,4423,76,14,0
TRN4023,84.87,99.94,7.3,84,12670,244,11,0
TRN2468,80.62,94.46,2.43,63,5297,182,6,1
TRN3408,98.61,101.26,3.67,95,6408,177,12,0
TRN5926,104.36,89.36,4.89,99,6244,321,14,1
TRN5826,85.88,85.17,2.65,60,2292,268,14,1
TRN1379,87.52,93.38,0.58,67,10437,2,7,0
TRN1242,88.1,107.07,1.45,69,11340,71,3,0
TRN2090,76.3,90.78,4.26,58,2268,364,9,0
TRN5050,106.87,104.23,1.04,74,11567,95,11,0
TRN2726,85.78,80.01,3.32,92,11592,322,3,1
TRN5691,96.85,105.81,1.83,63,12425,317,4,1
TRN3489,82.98,92.08,4.96,58,14685,307,14,1
TRN5501,65.95,103.37,6.07,57,11395,337,11,1
TRN2747,93.46,98.3,2.28,68,10280,57,11,0
TRN5812,104.76,97.87,2.74,78,9404,166,7,1
TRN4996,104.66,101.3,3.17,70,1694,92,5,0
TRN2946,94.27,87.47,4.21,85,8524,297,10,0
TRN4708,70.92,101.88,4.85,65,8128,342,0,0
TRN5881,75.93,95.74,2.64,84,8920,29,9,0
TRN3745,83.01,95.17,4.23,53,9240,125,2,0
TRN3312,99.5,88.24,1.53,71,6463,100,2,0
TRN3479,98.44,94.53,3.91,55,9532,46,0,0
TRN4796,102.15,95.92,3.13,89,6336,146,14,1
TRN5504,101.99,96.87,3.59,57,4140,80,7,0
TRN4121,103.23,84.85,0.64,99,7737,129,3,0
TRN1910,78.4,76.85,2.41,61,13100,355,2,1
TRN3172,86.87,82.29,5.33,75,7859,109,5,0
TRN3544,85.46,90.32,4.45,81,2365,293,14,1
TRN1999,98.5,88.93,6.8,59,14429,200,13,1
TRN2103,110.39,75.55,5.3,75,10483,7,13,1
TRN5608,129.33,97.54,4.89,64,10730,292,11,1
TRN1243,68.87,89.56,5.22,77,9353,58,13,0
TRN5010,83.43,97.46,3.0,73,7685,80,10,0
TRN4990,98.93,110.74,2.21,63,4245,92,13,1
TRN3022,78.2,96.98,5.12,80,8184,116,12,0
TRN4351,83.96,91.41,4.04,66,6684,62,2,0
TRN2742,95.74,95.35,2.51,69,11703,198,11,1
TRN5216,94.84,92.81,2.95,69,4006,80,12,0
TRN3556,85.72,96.93,4.57,62,4392,14,7,1
TRN2290,89.34,93.81,5.19,62,7058,63,7,0
TRN1508,96.51,88.26,6.07,99,11912,40,0,0
TRN4054,87.27,105.14,6.72,82,3998,361,13,0
TRN3940,82.31,84.55,2.51,52,13567,137,4,0
TRN2248,102.67,87.69,4.37,94,10000,211,11,0
TRN2497,93.18,108.49,2.32,79,7137,47,12,0
TRN5747,97.41,97.42,3.94,93,9152,85,7,0
TRN1860,97.92,96.32,3.93,70,9783,105,11,0
TRN3147,80.7,81.92,0.08,99,3175,29,13,0
TRN2422,79.95,95.19,2.53,83,1822,335,3,0
TRN5483,89.87,99.26,6.02,75,13425,180,5,1
TRN4802,81.97,92.27,2.1,52,3302,13,9,1
TRN1941,87.73,88.04,2.0,89,14805,350,0,0
TRN4386,58.59,103.1,2.29,94,9804,219,13,1
TRN1535,90.51,98.99,4.06,63,13212,36,0,1
TRN4832,97.44,93.22,6.84,94,1325,302,4,1
TRN1877,70.27,101.76,3.45,57,12319,284,3,0
TRN3979,91.29,81.23,3.0,59,3808,206,7,1
TRN1231,76.71,85.93,5.09,78,13794,45,11,0
TRN1605,109.14,98.09,2.23,83,10065,84,6,1
TRN4475,85.16,96.38,3.8,64,4329,288,12,0
TRN2542,96.89,99.81,3.23,56,8144,211,7,1
TRN4727,92.28,94.64,5.42,59,6776,148,2,1
TRN1004,71.77,93.79,4.27,77,12072,11,9,0
TRN1764,75.12,88.17,4.94,91,2520,29,14,0
TRN1489,101.52,96.61,4.41,54,1286,99,10,0
TRN4022,86.07,85.76,4.88,65,3768,113,8,1
TRN3025,97.16,89.37,3.09,98,1070,169,13,0
TRN5495,86.9,107.27,4.22,85,6408,45,8,0
TRN4584,98.12,87.57,4.02,96,8999,364,1,1
TRN2851,72.43,104.37,3.41,72,14460,338,14,1
TRN2408,85.2,93.98,6.18,98,1231,78,9,0
TRN1981,91.73,98.44,3.21,90,2529,311,11,0
TRN1550,93.09,97.7,3.59,86,13214,219,0,1
TRN2676,79.65,105.04,4.15,93,9300,326,1,1
TRN5565,77.58,107.66,6.8,56,8412,76,14,1
TRN5327,61.62,104.28,2.12,83,3021,272,6,0
TRN2050,78.84,98.07,5.8,77,5525,310,12,0
TRN1725,83.61,98.59,7.0,76,9320,44,3,0
TRN5879,76.74,87.93,3.07,62,1989,199,1,1
TRN5267,99.96,95.91,4.42,85,13991,206,8,0
TRN1462,78.92,90.74,4.07,71,3691,320,5,0
TRN5392,80.83,98.77,3.6,77,1698,14,9,0
TRN2052,83.28,99.45,4.17,89,7032,112,1,0
TRN5127,96.98,85.4,2.26,60,14307,227,1,0
TRN2072,91.69,88.42,4.05,65,12119,103,13,0
TRN4881,82.76,85.06,3.1,53,13640,61,7,0
TRN5635,79.31,86.35,3.58,60,5342,120,1,0
TRN3121,90.81,99.52,1.11,80,4586,164,5,0
TRN3132,80.04,96.54,3.91,63,12623,122,4,0
TRN1197,70.83,83.8,5.09,58,7006,249,11,0
TRN4557,75.35,93.95,4.78,53,4686,153,12,1
TRN4196,67.71,100.94,2.86,72,7285,286,5,0
TRN3269,99.22,101.5,2.11,64,12393,191,14,1
TRN4445,83.85,101.01,2.05,52,10062,153,12,1
TRN5599,81.97,96.42,5.12,85,5193,142,8,0
TRN1204,71.76,100.75,4.19,64,3599,193,4,0
TRN2776,83.89,97.85,3.33,87,8993,75,0,0
TRN3399,85.79,101.81,2.77,79,9980,29,7,0
TRN5080,71.2,91.24,2.33,83,10879,135,7,0
TRN2901,78.31,94.51,4.89,86,1456,131,12,0
TRN3238,89.09,106.45,3.69,98,7727,265,10,1
TRN5878,91.84,105.01,3.28,95,10716,95,5,0
TRN4238,101.91,111.66,3.13,72,8414,303,8,0
TRN4411,74.93,94.82,2.42,75,6194,244,0,0
TRN2295,95.26,85.74,2.31,97,8119,99,2,1
TRN1830,91.35,95.17,4.12,93,11104,273,0,0
TRN3834,65.48,91.84,0.3,93,5819,233,8,0
TRN2764,81.41,102.55,5.63,74,3480,124,4,0
TRN5262,72.85,83.5,5.44,60,14676,86,3,1
TRN2592,104.17,94.83,5.51,95,12888,228,8,0
TRN3000,59.87,79.52,5.99,86,3393,88,12,0
TRN1506,89.11,89.02,1.85,71,2856,166,10,0
TRN3315,90.92,81.36,2.62,79,9726,106,9,1
TRN4666,79.77,88.55,2.8,75,6212,122,12,0
TRN2175,95.12,89.84,2.24,77,4899,290,2,1
TRN1933,69.64,103.09,3.41,77,3117,284,1,0
TRN1910,92.82,113.54,3.78,72,11337,339,8,0
TRN5043,80.41,101.54,2.84,52,8607,143,10,1
TRN1581,70.77,92.28,4.66,91,11694,248,5,0
TRN2048,85.87,69.08,3.73,66,13993,54,0,0
TRN2975,83.0,93.46,3.22,69,13414,310,1,0
TRN5943,86.31,104.05,3.32,87,8359,237,6,0
TRN4837,101.17,108.82,5.18,85,2855,202,0,1
TRN1761,102.01,85.55,3.6,68,2525,185,12,0
TRN5159,106.55,84.79,7.48,100,13721,183,1,0
TRN3391,76.76,110.02,4.85,91,4550,220,14,0
TRN4488,106.28,91.6,5.49,90,13330,286,8,1
TRN5084,86.92,93.98,4.15,59,3235,236,3,0
TRN5677,102.38,96.81,4.61,57,14404,288,11,1
TRN3771,115.49,100.79,3.68,98,9959,103,12,0
TRN2854,82.48,112.37,4.61,91,13897,9,14,0
TRN1505,78.15,105.76,5.5,55,5278,119,9,1
TRN2833,66.02,80.93,3.4,87,14340,56,9,0
TRN3806,80.55,83.51,3.71,90,14982,175,0,0
TRN5198,97.38,90.76,3.17,61,14299,12,7,0
TRN4699,90.89,94.69,6.02,86,8547,313,3,1
TRN1980,82.67,112.22,3.55,82,9193,23,7,0
TRN4716,85.94,103.84,4.7,95,5467,22,11,1
TRN5697,91.43,86.16,4.79,77,2886,193,11,0
TRN4724,72.5,90.35,4.82,71,3404,80,5,0
TRN3998,78.11,76.7,4.28,87,4080,241,1,0
TRN4126,100.31,107.13,5.97,74,2222,20,1,0
TRN3939,81.49,97.95,3.77,69,11779,326,5,0
TRN5759,92.22,100.25,4.02,67,14575,317,4,0
TRN4505,80.15,105.12,3.2,78,1144,328,10,0
TRN3805,79.51,97.75,1.18,80,4038,22,13,1
TRN1027,78.0,86.75,2.65,81,6798,57,2,0
TRN2371,83.94,101.31,2.02,61,10620,141,5,0
TRN5098,98.49,100.68,4.97,76,10524,74,8,0
TRN5040,68.43,95.26,1.82,93,13309,6,12,1
TRN3038,80.57,112.26,3.9,52,8096,241,0,0
TRN3652,67.85,109.62,4.31,82,2965,197,13,0
TRN3012,73.89,88.25,1.81,50,11805,315,9,0
TRN4777,84.98,88.76,1.44,95,1228,131,10,0
TRN1140,77.54,84.41,3.64,65,3931,355,8,1
TRN2799,73.75,92.49,3.53,61,7846,139,0,0
TRN5142,67.53,94.12,3.83,74,12426,286,7,1
TRN1122,97.61,96.15,3.24,69,9777,220,6,0
TRN4053,79.66,108.33,3.83,69,2477,244,8,0
TRN1075,99.38,90.95,4.8,81,9458,235,9,0
TRN5459,89.15,93.32,1.39,54,14125,142,3,0
TRN1103,90.34,100.74,4.43,93,12086,73,8,0
TRN2795,88.0,96.92,5.05,61,2268,307,3,0
TRN5893,94.94,87.13,5.93,82,14708,351,9,1
TRN4828,68.87,76.98,4.45,61,8894,282,14,1
TRN1113,98.5,90.77,3.62,58,4229,299,13,1
TRN3759,91.49,70.68,4.6,57,4557,248,5,1
TRN1636,96.21,99.5,4.7,66,8988,319,12,0
TRN1574,106.45,89.5,3.33,86,14779,166,9,0
TRN5509,89.52,89.59,4.43,91,13539,194,3,0
TRN5019,96.99,80.97,1.63,95,8214,86,11,1
TRN5055,71.41,81.36,5.4,89,5085,301,11,1
TRN2162,98.18,91.56,2.32,65,2068,169,11,0
TRN4539,67.06,90.85,4.75,64,4509,320,14,1
TRN4653,105.35,90.13,2.7,78,6017,248,10,0
TRN1464,92.35,94.63,0.81,59,3704,207,14,1
TRN1712,67.71,98.71,1.63,58,6706,50,6,1
TRN4447,94.91,88.3,4.59,63,6894,296,2,1
TRN2381,85.76,102.18,6.08,87,12087,246,1,0
TRN1618,87.75,109.69,6.06,95,13937,14,12,1
TRN1897,66.75,89.43,4.73,85,3285,21,14,0
TRN4408,85.9,94.53,4.43,75,10199,74,7,0
TRN3814,69.14,94.39,2.45,90,14839,364,12,1
TRN1323,87.35,95.06,5.21,88,10400,55,10,1
TRN3350,78.21,91.11,1.39,93,13191,72,13,0
TRN3809,85.16,87.54,3.96,60,8419,146,0,0
TRN1142,72.35,109.54,3.45,66,4096,295,13,1
TRN5835,87.05,97.52,6.27,68,11771,280,3,1
TRN2384,95.1,97.09,4.03,91,12960,331,0,0
TRN4455,86.6,105.86,3.83,99,5578,346,1,0
TRN3627,73.32,91.81,3.43,86,5277,342,5,1
TRN1509,88.67,98.11,4.31,55,11047,128,10,0
TRN5674,85.1,100.49,6.15,53,4622,4,10,1
TRN5742,81.55,102.96,3.88,52,6257,24,6,0
TRN4138,65.4,91.04,2.72,70,9388,57,3,0
TRN4272,78.86,96.85,3.99,90,8241,154,9,0
TRN3841,86.85,110.18,5.26,64,3089,246,4,0
TRN2087,79.21,93.03,3.4,100,10929,14,6,0
TRN2026,85.4,96.21,3.73,50,12139,160,10,0
TRN5481,83.02,101.07,2.66,78,5689,217,5,0
TRN4812,119.0,89.01,4.19,87,8977,139,13,0
TRN3383,73.81,91.71,5.85,61,3162,166,6,1
TRN5916,74.37,108.3,6.69,51,3128,320,6,1
TRN1959,68.26,90.49,3.18,100,14662,49,7,0
TRN3822,91.13,92.2,2.92,75,1805,160,8,0
TRN1751,102.02,94.06,5.4,69,13322,77,1,0
TRN2675,76.61,91.98,3.86,61,1921,182,12,0
TRN5243,85.29,92.53,1.88,51,4045,68,10,0
TRN3515,91.84,100.0,2.71,81,8296,63,7,0
TRN4594,80.69,93.45,4.63,77,5313,12,3,0
TRN4819,95.64,89.15,7.04,99,4040,209,5,0
TRN2038,85.01,98.92,1.5,51,8023,78,5,0
TRN5294,63.54,95.39,4.45,72,13834,73,9,0
TRN3413,84.88,101.67,3.43,85,4130,232,3,0
TRN1141,83.16,93.15,3.28,65,4135,159,10,0
TRN5448,104.37,103.98,4.66,50,13424,226,12,1
TRN3952,87.44,90.52,5.34,68,12631,271,8,0
TRN5845,95.59,78.51,2.23,97,13616,285,13,0
TRN5570,94.62,87.79,5.17,89,12551,285,3,0
TRN1616,106.76,98.79,4.22,76,12949,136,12,1
TRN4056,74.1,95.67,4.15,75,8729,7,9,0
TRN2171,79.39,84.16,2.72,57,4557,325,3,1
TRN1928,106.62,97.14,4.74,67,9567,187,13,0
TRN5217,101.95,107.41,1.23,51,11825,267,6,1
TRN3968,90.99,101.01,4.94,74,6041,256,8,0
TRN3567,79.93,103.14,5.4,91,4497,246,7,0
TRN5757,65.64,117.26,4.62,96,13205,62,1,1
TRN4073,95.26,100.92,3.47,86,2147,2,5,0
TRN2033,90.78,106.44,2.03,57,7574,344,14,0
TRN2807,86.38,92.52,4.28,70,4854,136,10,0
TRN4894,77.09,93.32,2.01,69,1651,46,4,0
TRN3994,77.56,89.37,6.81,76,3665,151,2,0
TRN5133,92.88,96.51,2.33,61,6456,325,11,1
TRN1058,97.84,79.91,4.0,67,11689,281,1,1
TRN4200,99.44,94.11,2.77,75,5848,51,6,0
TRN3568,85.98,86.93,4.09,86,9142,175,8,0
TRN1391,75.66,90.58,4.64,68,11239,255,13,0
TRN1110,106.47,97.44,2.5,66,14922,169,4,0
TRN2547,65.93,74.95,4.12,94,12678,256,6,1
TRN1102,89.23,79.68,4.96,75,10581,323,6,1
TRN1405,73.33,85.13,0.68,55,14603,363,14,1
TRN2186,101.46,99.25,3.43,65,3249,161,0,0
TRN2324,89.03,103.39,1.14,100,1508,267,7,1
TRN1052,55.07,96.46,3.02,92,14108,314,1,0
TRN5286,90.53,104.89,5.51,60,5057,14,4,0
TRN1261,79.38,91.83,6.12,87,1231,220,8,0
TRN3122,84.26,81.05,5.49,84,3652,77,0,1
TRN1563,69.89,93.47,4.64,53,3948,284,4,1
TRN4945,88.62,91.03,4.84,91,4510,146,5,0
TRN4297,85.71,91.31,5.58,67,11149,60,8,0
TRN4083,87.07,96.8,3.78,91,2026,119,6,0
TRN1515,89.15,90.2,3.28,66,5447,361,8,1
TRN5693,75.45,88.91,3.62,54,12495,355,1,0
TRN2910,85.81,98.23,3.29,71,12154,297,6,1
TRN1286,82.7,89.17,4.11,62,7734,68,2,1
TRN2349,91.23,97.24,3.52,96,5880,197,14,0
TRN3806,78.28,93.44,2.78,72,8320,25,14,0
TRN2302,96.3,101.64,4.9,64,13211,206,8,0
TRN3913,88.69,101.45,3.52,60,10689,161,8,0
TRN5874,81.05,104.86,5.0,70,2222,362,9,0
TRN3182,88.16,83.82,4.8,58,7976,230,12,1
TRN4157,89.52,85.46,5.46,58,5703,28,11,0
TRN3740,73.47,101.23,2.64,92,4127,69,12,0
TRN3568,91.19,75.64,4.21,93,2773,316,2,0
TRN1226,85.14,98.56,5.45,82,14296,187,2,0
TRN3720,62.66,92.38,5.33,50,11072,254,0,0
TRN5094,86.48,78.59,3.17,70,9242,98,3,0
TRN4314,80.86,84.34,2.79,67,1866,95,0,0
TRN1058,83.1,109.21,3.42,98,2757,310,10,0
TRN1127,77.08,104.54,3.01,86,4620,135,12,0
TRN5854,75.52,91.52,2.15,92,1108,148,11,0
TRN5343,90.11,94.94,5.56,81,11423,138,2,0
TRN1985,112.82,88.53,2.63,56,9750,164,3,0
TRN2734,55.3,87.53,5.21,72,13968,80,0,0
TRN1475,69.55,99.36,4.08,92,13695,30,1,0
TRN1354,85.52,100.85,3.64,87,4060,16,4,0
TRN3754,73.78,100.96,4.76,60,12975,282,2,1
TRN1866,72.96,96.95,3.02,86,4794,118,3,0
TRN1437,78.73,88.12,2.48,73,4632,58,5,0
TRN2726,90.09,99.48,5.27,90,2296,78,5,0
TRN5871,97.23,91.27,5.2,89,7893,2,0,0
TRN4578,84.69,98.55,7.13,60,13745,211,5,0
TRN4661,68.72,95.88,2.48,67,1043,45,4,0
TRN4751,87.11,90.79,5.35,74,9685,198,8,0
TRN1947,93.05,99.98,3.78,55,14430,305,11,1
TRN4869,87.63,84.11,3.97,79,5954,216,12,0
TRN4827,61.65,90.15,3.3,50,14526,252,7,1
TRN4084,64.76,92.05,2.72,58,3101,213,13,0
TRN1533,88.9,89.4,4.77,89,11414,279,3,0
TRN3317,85.43,89.53,3.25,55,13227,180,7,1
TRN1085,63.7,96.7,2.62,50,3661,78,9,0
TRN4045,86.77,101.83,3.51,70,6138,163,5,0
TRN5218,88.83,89.43,4.32,68,9112,301,5,0
TRN5275,60.88,101.01,2.36,51,12868,78,2,1
TRN2522,99.14,80.44,3.5,54,2172,216,9,0
TRN4340,79.74,93.58,4.01,88,12186,221,7,0
TRN5988,86.07,103.38,3.69,50,9497,177,2,0
TRN4941,97.86,84.62,2.71,74,6314,72,9,0
TRN4763,85.11,84.58,1.87,50,14721,97,4,1
TRN1615,75.51,97.53,2.7,54,2790,351,6,0
TRN5161,88.18,97.3,4.66,97,7654,321,4,0
TRN3620,84.89,90.93,3.25,86,1067,288,5,0
TRN5859,76.06,96.08,5.53,79,10799,77,0,0
TRN2178,90.14,82.9,3.75,92,8744,126,8,0
TRN1761,93.08,94.7,5.41,84,2270,214,1,0
TRN1238,64.63,88.25,4.6,87,3653,73,3,0
TRN3516,78.85,88.46,4.95,68,4381,108,8,0
TRN5073,93.2,82.49,4.58,87,10069,131,14,1
TRN5432,85.67,95.58,5.73,81,9535,303,11,1
TRN4505,75.58,87.74,6.62,78,12345,331,11,0
TRN4209,76.36,91.26,6.62,70,9481,343,4,0
TRN5074,82.17,104.82,3.43,95,2466,284,8,0
TRN2671,94.49,96.09,4.46,92,3635,66,9,0
TRN5564,82.94,92.34,2.74,67,3272,47,1,0
TRN5161,56.57,81.63,4.27,65,9122,317,10,1
TRN2933,115.86,110.39,6.31,71,8459,279,14,1
TRN4307,66.69,91.5,3.55,89,12294,259,6,0
TRN4478,73.07,105.58,2.55,73,13937,63,3,0
TRN1537,93.73,73.94,4.87,63,14990,359,2,1
TRN4727,98.6,104.17,5.1,80,3407,202,6,0
TRN5631,72.75,100.73,3.75,99,9585,265,0,0
TRN2296,92.89,104.31,4.29,80,11025,282,3,0
TRN3406,78.43,95.74,4.69,65,14721,18,7,0
TRN1437,82.72,89.23,4.67,70,9589,338,9,0
TRN4417,75.73,101.54,2.78,56,2655,104,1,0
TRN3283,82.6,86.35,2.6,60,3825,231,12,1
TRN3139,70.53,95.72,3.28,96,10824,14,5,0
TRN3087,83.51,93.03,2.97,79,2633,8,12,0
TRN4256,82.76,101.5,3.45,90,4214,257,2,0
TRN1257,96.54,93.95,1.08,64,7181,273,7,1
TRN4968,97.99,107.48,3.83,91,10749,64,8,1
TRN2306,84.13,90.38,3.21,96,12706,153,4,0
TRN3994,85.02,103.68,4.0,98,14708,272,7,1
TRN1234,88.05,102.37,2.14,70,1031,217,1,0
TRN4631,86.27,91.84,5.82,53,7623,276,9,0
TRN3622,76.54,83.73,4.91,58,12914,66,4,1
TRN3216,82.7,110.73,4.57,96,4488,288,13,1
TRN2987,99.07,102.82,4.27,68,13334,2,6,0
TRN5863,82.34,91.73,5.59,71,4981,111,1,0
TRN5979,94.4,99.23,3.34,91,11005,220,4,0
TRN4414,96.58,84.44,4.53,73,4211,322,7,0
TRN3271,81.45,117.35,4.54,73,13342,176,13,0
TRN5253,91.03,103.52,1.9,90,14222,161,7,0
TRN4100,92.72,87.1,2.38,98,2833,269,1,0
TRN5378,74.29,104.14,2.95,89,8345,222,6,0
TRN1753,99.82,107.46,3.81,83,2191,304,4,0
TRN4955,60.32,106.52,1.48,98,14981,276,14,1
TRN4287,98.06,108.13,1.64,76,10414,133,3,0
TRN1334,100.26,95.03,6.86,82,3157,176,4,0
TRN2242,71.43,90.54,4.89,63,3114,242,4,1
TRN1826,83.42,86.85,3.91,93,9806,112,0,0
TRN1923,89.46,106.55,2.45,66,3864,267,10,1
TRN2453,94.03,98.34,3.88,51,10332,222,9,0
TRN1110,83.05,91.1,5.46,80,11777,81,12,1
TRN2236,83.93,105.52,5.09,92,11221,12,13,1
TRN3143,82.85,97.99,4.0,96,10707,333,0,1
TRN3816,92.83,99.03,2.76,51,9396,46,9,0
TRN2004,89.02,92.64,4.5,67,3555,239,11,0
TRN4618,85.24,105.03,2.94,72,7518,282,4,1
TRN1577,78.65,93.9,5.52,82,7245,155,7,0
TRN3600,65.43,81.21,3.56,90,12581,130,3,0
TRN2238,82.48,95.7,0.14,87,3696,14,2,0
TRN4778,75.42,86.56,4.78,76,4014,123,9,0
TRN3484,97.44,106.66,2.01,71,14223,271,7,0
TRN3360,78.91,109.08,4.91,56,12440,305,7,1
TRN2273,71.87,101.12,4.45,87,5795,83,6,0
TRN2868,103.16,86.78,6.12,67,8766,108,14,1
TRN2590,96.22,91.13,4.37,83,4449,120,8,0
TRN2168,77.18,102.27,4.64,54,4149,30,9,0
TRN4059,108.78,94.84,6.75,89,11829,204,4,0
TRN2713,91.91,85.3,2.78,96,9181,318,14,0
TRN3885,85.11,89.5,7.22,64,5044,142,9,0
TRN4445,79.23,98.27,3.33,59,10695,145,0,1
TRN4779,100.38,86.94,6.53,84,1130,329,0,0
TRN2423,78.85,101.17,4.49,83,5634,333,8,0
TRN5989,78.8,92.9,4.05,54,2732,59,1,0
TRN4505,98.46,95.67,6.02,55,9886,194,9,0
TRN3690,70.7,92.67,2.54,90,5462,95,6,0
TRN3686,85.35,91.89,3.63,79,4355,42,2,0
TRN5744,89.05,106.47,2.69,55,4240,24,11,0
TRN4926,75.46,106.43,2.61,63,10804,159,6,1
TRN5252,82.55,101.78,6.59,70,1565,88,9,1
TRN2063,83.9,98.12,4.03,63,1384,148,4,0
TRN5631,74.37,89.58,4.1,73,9021,50,3,0
TRN1697,98.46,92.67,1.84,100,10262,91,4,0
TRN2126,71.3,90.02,2.23,68,13607,290,3,0
TRN1333,72.79,85.79,5.31,59,9315,264,7,0
TRN1728,68.09,87.44,4.33,74,4201,98,11,0
TRN5862,66.98,91.88,3.92,97,4777,124,13,0
TRN1092,89.59,93.53,2.87,89,3103,156,14,0
TRN4546,83.45,88.5,5.88,94,6492,183,3,0
TRN3523,87.98,88.56,5.72,74,10792,100,7,0
TRN1042,71.84,100.04,2.0,92,2435,31,10,0
TRN3061,72.21,101.36,4.88,50,2067,53,9,0
TRN3632,75.85,83.52,3.3,95,5378,124,2,0
TRN1767,75.69,93.04,5.33,59,10787,272,1,0
TRN3951,104.84,109.71,4.1,75,4921,127,9,1
TRN1398,75.07,90.5,2.21,63,1300,168,10,0
TRN3238,77.88,101.74,3.35,56,11225,115,14,0
TRN5991,92.37,91.76,2.67,64,8740,39,7,1
TRN3738,97.48,95.5,3.25,94,14066,13,6,0
TRN3733,95.14,93.0,3.38,56,5078,313,12,1
TRN4968,80.76,82.15,4.87,58,8116,227,10,0
TRN5600,98.49,77.05,3.98,71,7414,302,9,0
TRN3062,100.31,102.98,5.32,94,13846,128,1,1
TRN4135,80.37,75.23,4.81,59,10697,217,12,1
TRN5961,88.24,83.27,4.08,85,3044,28,10,0
TRN3031,81.08,80.98,3.3,51,8253,72,7,1
TRN5761,71.13,86.07,4.15,99,2234,349,8,0
TRN3337,73.37,100.36,3.24,84,9648,75,10,0
TRN5804,71.99,98.45,1.81,93,4686,327,12,0
TRN1783,73.63,95.71,5.17,95,7482,232,13,0
TRN2822,100.73,90.14,3.26,76,12185,1,13,1
TRN5762,69.99,95.77,4.91,59,4320,342,6,0
TRN2843,79.25,91.41,3.43,62,10769,282,10,0
TRN4431,69.77,97.42,4.07,63,3178,38,12,0
TRN5662,71.5,96.82,2.97,91,2690,20,4,0
TRN5951,69.08,85.85,2.08,83,11959,356,0,1
TRN4665,89.88,106.62,2.79,94,7860,46,5,0
TRN3394,83.31,107.71,4.72,86,9584,136,1,0
TRN3334,100.42,95.33,2.87,73,1620,176,5,0
TRN2225,81.57,93.97,5.7,56,14779,301,12,1
TRN2118,73.26,97.23,3.13,76,13856,13,7,0
TRN3727,71.95,97.09,5.19,95,1013,56,1,0
TRN1097,62.84,84.06,5.03,79,14329,160,1,1
TRN5610,97.58,75.72,7.79,50,9127,250,11,1
TRN1750,95.3,90.54,6.44,82,5010,229,9,0
TRN2573,87.72,92.12,4.74,81,6277,352,8,0
TRN1402,74.4,103.65,4.43,94,11294,108,3,0
TRN2482,70.09,86.8,7.15,57,7094,89,5,1
TRN2616,82.01,87.33,5.62,100,2018,148,12,0
TRN4665,68.33,103.3,3.93,82,14705,14,3,0
TRN1018,98.59,81.32,3.13,62,3101,217,4,1
TRN3383,78.78,91.62,5.78,58,11750,137,13,0
TRN2976,71.41,105.31,2.31,64,5871,330,14,0
TRN2953,91.87,92.1,3.31,62,8354,289,5,1
TRN3518,80.4,81.85,3.85,74,7361,345,10,0
TRN5574,104.31,79.17,3.48,88,13247,50,5,0
TRN5322,92.38,106.27,3.91,59,1648,102,5,0
TRN2201,72.68,95.24,3.39,81,3350,322,10,0
TRN3666,67.27,90.66,5.36,72,13337,208,4,0
TRN1013,93.65,98.54,5.96,69,7385,289,13,0
TRN4974,58.05,104.64,4.4,84,14251,75,1,0
TRN4815,89.97,94.25,5.79,53,13882,357,12,0
TRN4667,84.35,98.74,2.38,81,11130,159,14,0
TRN2206,71.43,104.33,5.22,84,8276,287,2,0
TRN1596,89.08,84.52,4.14,80,2123,97,6,0
TRN2561,81.62,92.41,4.65,87,11145,89,13,0
TRN3679,90.01,95.84,2.85,63,13512,317,0,1
TRN5458,82.39,86.84,3.7,72,9219,29,10,0
TRN2754,75.18,89.94,4.27,90,14842,279,3,1
TRN1842,78.62,98.63,2.29,79,14314,150,1,1
TRN2505,78.15,95.99,5.02,68,11493,228,14,1
TRN3932,74.07,95.96,5.78,99,14289,255,8,0
TRN4882,78.93,92.69,7.38,91,11956,35,4,0
TRN3094,83.21,109.68,4.37,96,14222,154,3,0
TRN2340,80.21,100.6,5.05,70,6390,28,3,0
TRN5743,91.22,94.49,5.5,56,2844,233,8,0
TRN1443,88.51,109.19,4.86,64,5306,182,10,0
TRN3210,112.76,102.74,1.22,82,3102,226,1,0
TRN3438,81.5,93.1,4.72,53,2533,102,12,1
TRN3966,106.13,92.6,2.88,50,13915,340,12,0
TRN3972,95.86,94.06,4.03,97,3285,357,10,1
TRN5646,83.7,101.07,3.16,55,12046,327,3,1
TRN4617,80.6,77.66,5.71,93,5132,229,2,0
TRN2802,61.79,90.86,6.44,82,12814,65,0,0
TRN2869,83.04,85.35,4.23,81,14317,51,1,0
TRN5920,97.53,88.88,4.06,56,5225,163,0,0
TRN2435,95.71,91.21,4.3,65,8430,136,10,0
TRN4176,82.06,87.92,3.32,88,7998,360,12,1
TRN1234,70.34,92.05,4.4,91,11437,103,3,0
TRN4150,100.5,87.52,4.57,71,9769,44,7,0
TRN1151,83.33,88.06,2.66,94,9979,353,11,0
TRN3307,70.38,82.49,5.49,66,4507,8,5,0
TRN1562,101.38,88.59,4.38,69,6262,180,10,0
TRN4358,90.05,89.79,5.15,92,6145,253,3,0
TRN3158,100.47,91.32,2.49,92,11037,188,4,0
TRN5938,73.98,87.06,5.97,53,5377,216,1,0
TRN2472,96.32,108.18,6.09,50,1725,100,14,1
TRN2848,86.92,99.19,5.05,59,2494,66,6,0
TRN3423,75.88,95.06,4.74,60,6636,340,3,1
TRN2646,92.3,95.28,3.16,58,6019,150,12,1
TRN3202,78.79,97.5,2.26,66,9134,249,7,0
TRN5370,98.72,103.36,5.2,74,7368,301,0,0
TRN4473,97.0,105.11,3.38,52,6449,184,1,0
TRN4923,85.93,108.46,5.55,88,11680,17,2,0
TRN3194,97.91,97.33,4.55,83,6850,19,11,0
TRN1517,98.96,104.49,4.12,98,8967,249,12,0
TRN4496,88.95,94.02,5.43,68,14840,216,11,0
TRN4203,98.64,96.34,5.31,56,13891,248,1,0
TRN4260,81.86,80.37,3.75,54,14575,270,13,1
TRN3518,72.04,104.5,3.5,78,4998,194,1,0
TRN3381,102.94,115.03,3.38,66,3575,38,2,0
TRN1008,92.05,122.84,4.07,65,8332,221,3,0
TRN2138,71.7,78.09,3.83,93,6394,302,9,1
TRN4407,70.87,109.15,5.66,75,1444,247,1,0
TRN5573,90.76,103.53,3.33,57,7817,11,11,0
TRN4484,71.03,93.55,3.93,60,12873,256,2,0
TRN5081,102.08,83.75,5.39,89,1949,8,7,1
TRN4669,70.07,98.17,5.38,68,9550,333,7,0
TRN4183,100.12,85.52,5.02,61,6632,72,1,0
TRN5036,93.95,103.57,3.92,73,4920,159,11,0
TRN1237,97.96,89.76,4.46,99,5651,219,1,0
TRN2753,72.12,85.58,5.66,70,9678,284,10,1
TRN2383,82.47,100.01,5.62,70,1234,317,1,0
TRN4230,73.93,87.86,4.27,83,4385,257,0,0
TRN3632,83.17,90.85,2.09,75,2098,213,8,0
TRN4938,70.42,105.89,4.42,82,12826,287,6,1
TRN4036,91.29,101.38,4.39,65,9581,201,1,0
TRN1677,80.65,99.51,1.99,83,7591,349,10,0
TRN4434,100.92,98.96,4.28,93,9753,269,8,1
TRN5689,94.18,101.28,5.22,73,12900,351,4,0
TRN3724,82.59,85.98,0.74,65,10351,218,14,0
TRN3784,75.0,113.76,3.95,50,10999,67,0,1
TRN5161,68.41,92.06,4.56,79,2660,253,5,0
TRN1622,80.97,104.08,6.32,80,13649,296,1,1
TRN1237,97.49,84.82,2.0,58,2606,42,3,0
TRN2250,69.95,84.94,3.91,87,3203,75,8,1
TRN1230,87.0,97.79,1.41,61,2380,165,3,1
TRN2291,81.49,88.38,3.98,70,1102,344,5,1
TRN5049,103.43,103.22,7.02,97,13583,307,5,1
TRN1621,88.88,103.1,3.84,57,14233,326,12,1
TRN5503,78.57,97.29,3.56,77,11391,363,6,1
TRN5016,80.52,89.34,5.64,56,4430,248,5,0
TRN3958,79.69,93.65,1.47,54,14706,175,4,0
TRN2913,70.84,81.94,1.82,84,12593,252,7,1
TRN5591,81.46,101.55,3.01,88,3155,348,11,0
TRN2976,68.6,94.38,5.95,70,13546,88,12,0
TRN4733,92.13,91.43,5.49,67,13324,340,13,1
TRN5421,87.96,86.29,4.82,69,1266,351,7,1
TRN3074,72.11,109.1,3.12,77,11280,62,2,0
TRN1952,74.96,101.57,2.16,97,5497,142,2,0
TRN5214,75.71,90.68,2.78,77,4007,307,5,0
TRN4909,93.89,101.6,4.28,50,6721,73,7,1
TRN2841,98.23,92.16,2.57,58,5748,197,10,1
TRN4370,88.18,82.54,4.4,63,13818,208,2,0
TRN4623,78.22,100.59,5.42,73,10889,316,7,0
TRN5881,87.71,99.05,1.92,75,4742,321,3,0
TRN4867,108.57,94.34,3.71,88,13531,312,11,1
TRN3939,98.43,98.54,3.98,82,9809,74,10,0
TRN5316,97.4,86.64,1.92,79,3208,173,7,0
TRN2387,82.19,91.65,2.47,86,11833,285,10,0
TRN4459,74.32,94.33,1.93,80,9416,1,0,0
TRN2659,90.54,97.34,3.31,53,10637,334,13,1
TRN4055,62.39,110.99,5.61,78,13213,123,1,0
TRN1901,88.2,100.33,2.8,71,8659,195,8,0
TRN2270,103.22,97.03,3.24,55,14778,274,4,1
TRN5776,82.75,89.21,1.31,88,6556,3,6,0
TRN3580,83.81,92.95,1.84,65,10652,100,6,1
TRN2551,99.25,92.34,2.42,81,4418,81,11,0
TRN4761,74.53,97.05,5.9,85,10284,312,11,1
TRN5066,83.65,85.14,4.82,77,2890,99,5,0
TRN4296,40.54,93.15,3.5,98,8462,206,7,0
TRN5744,97.05,93.85,4.11,71,13721,67,11,0
TRN5802,64.45,101.2,-0.71,65,9875,330,13,0
TRN2197,96.34,94.74,4.58,51,13029,61,8,0
TRN5056,95.79,105.69,4.45,98,1198,258,0,0
TRN5694,77.26,84.75,4.7,67,11905,283,12,0
TRN3805,82.8,103.83,5.05,66,3787,67,12,0
TRN4893,85.04,94.11,2.44,63,11419,128,2,0
TRN5665,80.45,108.02,3.01,78,7966,226,9,0
TRN2618,83.98,94.18,5.36,54,13653,209,5,1
TRN3336,72.55,106.24,3.41,56,13166,208,0,0
TRN1675,92.29,91.49,2.39,62,2779,202,6,0
TRN5002,80.93,101.49,2.44,83,2484,96,8,0
TRN3221,74.5,107.98,4.06,85,5601,56,10,0
TRN2982,73.89,93.78,5.46,67,5411,358,2,0
TRN4768,78.43,105.77,4.82,66,5104,43,6,0
TRN5363,67.01,102.09,3.34,57,10653,197,14,0
TRN2869,72.76,114.25,4.65,56,6246,272,9,0
TRN4909,85.08,97.79,4.08,84,13108,134,4,0
TRN3187,73.64,101.97,4.93,89,7692,98,9,0
TRN1436,69.99,107.46,2.88,50,6907,18,14,1
TRN1952,93.55,102.6,5.71,52,14651,325,4,1
TRN2544,67.24,105.78,5.18,57,3275,47,7,0
TRN1244,103.18,104.18,5.11,69,14330,235,14,0
TRN5889,83.13,95.06,8.21,74,1717,39,4,0
TRN2648,73.48,97.32,6.19,54,12841,362,13,1
TRN2357,76.52,110.24,3.45,53,3945,41,12,0
TRN1029,96.86,101.46,5.3,97,12187,319,6,1
TRN1125,84.79,83.06,3.63,99,8127,224,7,0
TRN1252,66.77,85.4,2.19,51,12883,284,3,0
TRN2434,59.6,104.71,2.79,90,7362,13,9,0
TRN4721,91.4,96.81,3.75,60,11756,169,11,0
TRN2873,87.1,91.41,2.03,70,3350,341,3,0
TRN3029,83.53,97.93,4.53,62,2248,180,9,1
TRN1090,87.87,99.63,1.51,97,2996,185,8,0
TRN3955,98.18,98.48,4.13,69,10727,295,4,0
TRN4562,99.22,94.73,3.69,61,11931,215,2,0
TRN2919,92.67,84.95,2.7,67,7764,190,4,0
TRN2552,59.41,97.65,2.78,69,5863,177,1,0
TRN4324,84.84,97.01,5.04,75,2315,130,7,0
TRN1114,69.88,79.59,3.21,76,5935,333,4,0
TRN2501,95.69,90.83,5.53,84,3749,149,2,0
TRN4986,73.56,98.7,2.84,54,6106,100,11,1
TRN4409,73.01,83.26,3.48,67,1255,98,14,1
TRN2418,95.88,83.88,3.07,93,7338,133,7,0
TRN2116,79.45,94.13,4.66,83,3872,76,8,0
TRN1234,72.41,99.55,2.69,99,8932,14,3,0
TRN2160,73.8,74.0,3.9,98,4741,18,2,0
TRN2717,90.33,106.03,3.86,81,13565,77,6,0
TRN4192,77.06,88.24,3.61,88,8439,23,10,0
TRN1139,90.13,101.79,0.3,94,5640,224,8,0
TRN3372,82.27,103.64,4.64,56,9263,200,9,0
TRN2768,75.25,95.02,3.83,60,5190,359,5,0
TRN1535,86.77,102.44,3.19,52,14846,332,5,0
TRN5916,71.37,98.58,4.04,76,3073,324,9,1
TRN1946,89.43,98.21,4.42,86,7034,151,5,0
TRN1768,86.52,91.14,1.26,92,11836,7,9,0
TRN1857,77.77,91.24,2.24,94,11687,330,14,1
TRN4299,77.09,83.37,5.25,61,2877,218,13,1
TRN1243,77.26,81.58,5.51,100,3487,250,3,0
TRN3189,83.17,87.51,2.34,71,8582,111,3,0
TRN3463,91.81,86.64,4.27,83,1409,97,8,0
TRN5239,78.87,102.85,5.18,93,2651,175,12,0
TRN3292,88.22,94.72,2.77,60,6467,272,12,0
TRN4508,78.17,100.71,3.49,93,9402,305,5,0
TRN4630,89.8,94.54,2.29,59,8554,62,11,0
TRN5890,89.04,91.64,3.96,56,11311,285,7,1
TRN4518,92.12,85.71,4.82,62,4978,135,14,0
TRN1252,74.55,90.92,8.35,56,5395,77,12,0
TRN3578,79.75,94.13,1.65,57,1464,292,7,0
TRN3206,91.02,90.94,4.39,95,6122,152,11,0
TRN5563,80.57,87.44,2.58,71,1724,271,5,1
TRN2115,99.4,92.98,3.78,85,12013,12,13,0
TRN2942,105.39,90.67,6.59,82,12405,223,4,1
TRN2374,87.44,93.37,1.34,84,7025,114,1,0
TRN1771,106.37,95.7,2.99,89,1346,66,10,0
TRN1484,93.7,89.34,4.35,60,5735,35,12,0
TRN3867,82.0,104.17,5.17,95,1672,347,9,0
TRN3751,87.13,77.68,3.52,78,10600,362,2,1
TRN2031,100.1,96.78,2.62,86,4098,101,5,0
TRN4576,99.85,89.88,2.05,85,4372,248,9,0
TRN4920,67.31,93.19,3.48,67,9572,207,0,0
TRN4787,94.94,94.42,3.82,53,11929,233,2,1
TRN3158,78.13,87.74,2.9,50,9011,159,13,0
TRN5351,76.0,109.14,4.09,92,6696,356,1,0
TRN4021,85.07,107.53,3.76,82,13869,102,9,0
TRN1821,80.9,99.03,4.78,85,7544,146,3,0
TRN1435,89.08,92.98,3.88,91,2816,64,14,1
TRN1846,103.5,93.14,4.66,66,13315,355,1,1
TRN4753,67.29,99.76,5.4,84,7064,190,0,1
TRN5138,75.84,86.93,3.1,98,4764,322,4,0
TRN4660,92.49,94.05,4.94,78,10170,161,7,0
TRN2788,92.06,94.02,5.68,52,11587,90,10,0
TRN1346,79.23,96.46,3.15,84,13575,254,14,0
TRN5719,88.83,83.38,2.39,66,8882,200,10,0
TRN1931,92.54,88.09,0.9,88,1170,18,4,0
TRN4740,96.29,88.56,2.52,58,11714,307,0,1
TRN4683,71.39,102.13,0.95,50,9490,21,11,0
TRN3222,67.27,99.33,2.39,61,10132,137,1,0
TRN5643,94.1,104.68,5.88,56,12972,129,2,0
TRN5489,69.11,84.54,6.53,63,7627,292,11,0
TRN2135,99.05,86.67,5.42,91,12595,33,4,0
TRN3634,59.27,109.79,5.02,82,1192,223,0,0
TRN3152,100.91,107.56,2.35,59,13745,252,3,1
TRN4733,52.67,95.91,3.67,59,12627,148,6,1
TRN5065,93.71,110.21,3.49,94,8728,298,11,1
TRN5596,101.0,96.65,2.96,66,6381,149,4,0
TRN2235,76.27,109.0,6.21,58,11343,165,13,1
TRN2041,97.98,98.71,2.74,94,7445,19,0,0
TRN4124,83.25,93.42,2.88,67,8349,103,3,0
TRN1198,102.84,95.93,3.03,82,10298,202,6,1
TRN3264,97.02,89.62,2.67,61,5943,316,13,1
TRN1915,93.25,97.39,4.41,55,11103,176,1,1
TRN1063,82.6,96.13,2.86,60,4883,25,12,0
TRN4111,92.26,97.23,2.21,79,1341,186,2,0
TRN3525,79.82,94.82,3.32,51,7463,44,1,0
TRN1039,80.73,81.7,3.83,60,6941,264,13,0
TRN2860,91.11,103.82,7.01,79,1390,114,2,0
TRN1970,77.17,105.34,3.42,80,10928,147,10,0
TRN5883,89.3,99.07,2.83,55,5074,38,8,0
TRN2748,88.87,101.79,-0.08,97,5531,151,14,0
TRN4273,67.89,85.75,3.48,76,7340,333,9,0
TRN5613,87.86,97.43,3.41,86,9751,169,12,0
TRN5809,90.81,83.06,4.72,51,5305,155,1,0
TRN5311,81.76,91.06,3.84,96,10628,241,4,0
TRN5131,74.53,101.91,2.98,96,10680,247,9,0
TRN3020,87.13,100.71,1.67,62,7549,299,9,1
TRN1537,89.95,97.99,5.24,71,7861,321,3,0
TRN4955,82.35,93.86,4.81,93,9640,91,8,0
TRN2144,64.53,97.02,2.47,72,14110,264,13,0
TRN2164,77.13,98.15,3.92,72,4987,176,2,0
TRN5964,106.89,100.26,3.71,62,6310,247,1,0
TRN2258,77.16,92.9,2.93,53,2167,183,11,1
TRN3770,96.69,93.04,3.16,58,11550,126,6,1
TRN5055,95.14,107.52,5.74,90,13832,36,0,1
TRN2453,94.58,92.37,3.44,58,2095,360,4,1
TRN5030,97.74,97.38,3.52,67,12753,334,10,0
TRN5900,104.35,107.37,2.67,57,12869,217,6,0
TRN3032,81.83,120.44,4.58,71,5261,326,11,0
TRN1480,78.52,98.17,6.28,70,12830,13,5,0
TRN5818,90.24,94.35,3.04,89,4557,168,14,0
TRN4384,98.48,99.93,3.19,85,14971,229,5,1
TRN2046,102.32,110.08,6.1,89,5973,192,12,0
TRN1431,87.62,86.53,3.99,66,2565,149,8,0
TRN5339,60.21,101.76,6.04,75,7992,296,11,1
TRN4174,91.9,95.23,4.1,88,4831,320,11,1
TRN4958,72.4,87.98,4.67,76,9832,183,2,0
TRN1009,87.78,83.26,3.68,55,4835,228,2,0
TRN2856,77.37,89.83,4.63,77,7071,33,11,0
TRN3756,61.94,93.59,3.53,87,4344,307,3,1
TRN1981,88.57,101.14,2.56,85,14575,213,12,0
TRN4834,77.41,104.44,3.97,69,1548,356,7,0
TRN2929,103.7,115.42,3.1,82,7106,118,9,0
TRN3401,77.58,106.42,3.89,68,1563,295,11,0
TRN3627,106.17,97.03,6.09,52,7996,243,4,1
TRN3651,79.46,101.54,4.77,54,1215,53,4,0
TRN2735,83.56,91.05,2.48,67,14226,155,11,0
TRN3764,65.59,86.74,4.27,82,14618,76,1,0
TRN2545,80.93,100.42,4.49,94,3610,307,6,0
TRN1061,72.4,95.52,4.29,88,1374,36,2,0
TRN4242,110.27,97.31,2.97,83,2768,227,13,1
TRN2705,80.86,98.44,4.7,77,8309,344,11,0
TRN3544,64.03,102.46,3.27,60,2855,113,3,0
TRN5701,80.95,100.58,4.23,77,12676,306,14,0
TRN3323,86.98,93.33,2.29,79,14428,159,6,0
TRN1119,80.47,83.94,5.34,85,1014,25,5,1
TRN3824,83.84,105.56,2.99,65,2634,226,2,0
TRN5125,91.31,89.75,0.54,73,9891,258,2,0
TRN5850,101.74,92.14,3.42,100,10575,186,6,1
TRN2288,90.39,74.33,3.25,99,4333,341,14,1
TRN5475,75.58,88.37,3.45,68,3177,212,6,0
TRN4537,65.48,79.84,4.6,79,2480,303,9,0
TRN4676,80.26,95.39,2.96,75,14713,82,0,0
TRN1947,105.05,92.72,0.4,63,6180,257,3,1
TRN5932,84.81,91.91,5.48,90,3033,130,7,0
TRN3635,68.61,104.35,3.49,74,4635,126,6,0
TRN1126,69.18,95.86,4.54,95,4879,211,14,0
TRN4437,87.65,88.14,2.61,83,13268,34,14,1
TRN3864,102.33,94.14,0.96,58,4950,338,6,1
TRN5983,92.26,91.59,6.31,57,13784,268,0,1
TRN4811,75.12,88.45,3.59,96,13871,228,4,1
TRN4870,68.34,105.39,2.98,59,7519,303,2,0
TRN3352,74.3,92.37,5.59,88,9561,47,6,0
TRN5255,89.27,91.63,3.96,91,2204,76,14,0
TRN5080,89.6,101.48,4.42,66,10180,229,9,0
TRN2959,92.26,95.91,5.4,64,5857,105,9,0
TRN1555,73.41,87.28,1.97,76,11659,357,14,0
TRN5506,77.67,84.31,1.5,58,9031,116,2,0
TRN5817,71.35,79.64,6.95,67,14071,363,4,0
TRN4857,88.56,96.09,4.54,67,2233,199,3,0
TRN5256,76.04,86.09,2.55,81,3089,21,11,0
TRN1890,76.52,94.67,3.85,94,13339,267,0,0
TRN2607,79.95,102.29,2.64,72,1369,181,7,0
TRN4854,81.43,93.34,6.42,94,6974,271,14,1
TRN2461,70.51,94.09,5.06,65,3317,21,1,0
TRN5988,85.53,87.67,3.94,55,6794,227,1,0
TRN5850,76.37,97.13,3.41,62,10175,144,0,1
TRN3861,89.98,96.37,3.33,66,2146,241,9,0
TRN5036,93.0,86.51,3.97,95,14997,167,1,0
TRN5369,80.36,108.21,5.38,64,2667,17,10,0
TRN1035,75.52,101.22,3.33,84,9410,364,13,0
TRN5862,111.23,104.43,1.33,60,14898,336,4,1
TRN3028,81.59,97.7,5.04,100,12196,138,6,0
TRN3276,83.53,96.32,5.14,93,6803,47,0,1
TRN3457,85.93,99.82,5.79,70,7591,65,8,0
TRN3704,61.87,96.87,4.27,61,5378,48,2,0
TRN5781,103.19,96.84,2.9,74,1017,282,2,0
TRN3867,92.14,98.24,4.34,58,9693,18,6,0
TRN2111,76.84,92.94,6.23,70,11992,95,5,0
TRN1687,90.63,106.06,3.73,54,14976,138,8,1
TRN1121,58.84,94.86,4.14,78,14754,97,8,0
TRN3237,87.41,95.15,5.17,83,10541,165,1,0
TRN5522,79.97,92.26,3.46,96,3529,211,11,0
TRN5601,71.78,103.73,5.29,58,14256,73,1,0
TRN5135,80.96,90.96,3.14,78,6540,139,9,0
TRN4629,79.66,95.82,4.69,80,10504,150,13,0
TRN4118,92.52,98.35,3.29,89,9546,300,14,0
TRN2073,73.78,90.07,3.43,75,6292,263,9,0
TRN5871,88.16,107.59,4.18,82,14754,322,13,0
TRN2072,79.69,99.89,4.02,98,11309,321,9,1
TRN4914,90.13,93.39,0.9,59,10061,32,8,1
TRN5643,78.71,92.83,1.49,92,4472,8,2,0
TRN3814,69.6,99.72,4.4,91,3117,58,11,0
TRN3592,53.55,111.23,3.68,100,6134,138,5,0
TRN5261,83.06,85.02,2.02,82,1290,146,8,0
TRN3985,100.87,108.71,5.59,55,4228,162,6,0
TRN1577,74.99,80.32,3.82,77,8922,216,6,0
TRN1173,86.65,94.25,7.79,94,11823,205,11,1
TRN1279,53.17,102.7,1.48,86,4019,79,10,0
TRN2041,102.6,116.96,6.16,74,8669,116,6,1
TRN5669,95.75,93.14,5.88,77,12848,162,7,0
TRN4205,94.65,92.68,2.4,67,9647,94,9,0
TRN2598,115.87,97.05,5.26,66,3553,302,13,1
TRN2376,102.13,98.07,4.47,66,6572,166,10,0
TRN1137,79.27,93.33,5.43,75,12490,108,12,0
TRN5731,107.18,91.61,5.86,52,14586,280,7,1
TRN1465,59.37,102.12,2.84,76,1548,51,0,0
TRN2325,104.39,110.53,1.11,50,12003,147,4,1
TRN1594,86.37,98.36,2.3,63,2339,257,10,1
TRN2835,90.88,87.33,3.09,61,12711,89,8,0
TRN1940,85.55,83.1,4.81,73,9654,312,7,1
TRN1420,95.65,94.85,6.24,91,4285,34,10,0
TRN1094,94.86,101.82,6.41,58,3203,11,6,0
TRN2048,79.23,103.26,1.67,87,5474,11,9,0
TRN5939,95.26,95.84,3.25,82,4891,261,9,0
TRN4747,85.1,99.73,2.35,100,14886,282,4,0
TRN1716,81.79,106.54,3.59,73,14068,330,7,0
TRN5589,72.24,88.65,1.0,71,6488,315,11,1
TRN3770,82.07,83.82,2.03,68,13622,261,8,0
TRN4823,84.76,85.4,4.08,51,9032,255,3,1
TRN2576,84.3,95.97,4.18,85,8825,205,1,0
TRN2903,59.57,92.54,3.34,81,14854,221,13,1
TRN5575,62.22,88.73,4.24,95,5547,318,5,1
TRN4525,87.65,92.31,2.5,62,2390,225,8,0
TRN5046,97.76,90.95,2.93,69,3875,68,3,0
TRN3362,87.99,75.11,7.04,50,9514,108,14,0
TRN2209,98.39,102.89,1.45,58,2757,34,14,1
TRN3345,97.45,89.56,3.09,94,2233,164,9,0
TRN5874,115.64,86.04,4.88,84,4138,61,4,0
TRN1735,69.75,99.77,3.3,97,9855,49,2,0
TRN3260,84.87,90.98,5.35,76,2022,49,0,0
TRN3975,62.06,112.9,3.61,64,3566,190,4,0
TRN3383,81.17,94.49,1.92,56,4073,161,1,0
TRN2251,73.04,97.39,2.39,74,3135,224,8,1
TRN3921,87.1,84.83,3.2,63,9051,286,11,0
